Robot.robotStartMode_INFO [0.05269036] Sun Mar 08 21:15:05 UTC 2026: ***** TELEOP_MODE *****
Robot.robotStartMode_INFO [0.055791843] <BuildInfo Host="TRC492-DS2024" User="User" Timestamp="2026-03-08 13:00:07" Branch="dev" />
FrcTeleOp.driverControllerButtonEvent_INFO [0.507244109] ##### button=X, pressed=true
FrcTeleOp.driverControllerButtonEvent_INFO [0.511565575] >>>>> Reset field forward heading (heading=7.4218739370468585)
FrcTeleOp.driverControllerButtonEvent_INFO [0.660734859] ##### button=X, pressed=false
FrcTeleOp.driverControllerButtonEvent_INFO [1.527167695] ##### button=A, pressed=true
FrcTeleOp.driverControllerButtonEvent_INFO [1.631857471] ##### button=A, pressed=false
FrcTeleOp.driverControllerButtonEvent_INFO [2.81283005] ##### button=A, pressed=true
FrcTeleOp.driverControllerButtonEvent_INFO [2.9173357] ##### button=A, pressed=false
FrcTeleOp.driverControllerButtonEvent_INFO [13.020670269] ##### button=A, pressed=true
FrcTeleOp.operatorControllerButtonEvent_INFO [13.022735769] ##### button=Y, pressed=true
FrcTeleOp.shoot_INFO [13.027435465] >>>>> Start Auto Shoot.
TaskAutoShoot.autoShoot_INFO [13.031194382] autoShoot(owner=null, event=null, taskParams=(autoStop=false, noPassback=false))
Shooter.setupGoalTrackingMode_INFO [13.035117618] GoalTracking(trackingMode=Passback, goalPose=(x=-60.000000,y=48.000000,angle=0.000000), noPassback=false).
Shooter.LeftShooter.enableGoalTracking_INFO [13.040110368] Enable GoalTracking (trackingParams=(trackFlywheel=true,trackTiltPos=true,trackPanPos=true)).
Shooter.LeftPrimaryMotor.cancel_INFO [13.043761636] Cancel: stopping motor.
Shooter.LeftTiltMotor.cancel_INFO [13.047228127] Cancel: stopping motor.
Shooter.RightShooter.enableGoalTracking_INFO [13.050091108] Enable GoalTracking (trackingParams=(trackFlywheel=true,trackTiltPos=true,trackPanPos=true)).
Shooter.RightPrimaryMotor.cancel_INFO [13.05326829] Cancel: stopping motor.
Shooter.RightTiltMotor.cancel_INFO [13.056184701] Cancel: stopping motor.
TaskAutoShoot.autoTask_INFO [13.134411624] <Event name="StateInfo" time="13.134112875" tag="vvvvv" TaskAutoShoot.state="START" />
TaskAutoShoot.runTaskState_INFO [13.140765477] ***** Wait for left Shooter ready.
TaskAutoShoot.runTaskState_INFO [13.147325328] ***** Wait for right Shooter ready.
TaskAutoShoot.runTaskState_INFO [13.149949739] ***** Wait for Turret ready.
TaskAutoShoot.autoTask_INFO [13.156108266] <Event name="StateInfo" time="13.155842928" tag="^^^^^" TaskAutoShoot.state="START" />
FrcTeleOp.driverControllerButtonEvent_INFO [13.167542342] ##### button=A, pressed=false
Shooter.TurretMotor.pidCtrlTask_INFO [13.245769792] controlMode: Position,onTarget=true(41.30951796998335/42.2445729622377), stalled=false, expired=false, event=(TaskAutoShoot.turretReady=SIGNALED)
TaskAutoShoot.autoTask_INFO [13.290484896] <Event name="StateInfo" time="13.290086363" tag="vvvvv" TaskAutoShoot.state="SHOOT" />
TaskAutoShoot.autoTask_INFO [13.2938856] <Event name="StateInfo" time="13.2935972" tag="^^^^^" TaskAutoShoot.state="SHOOT" />
TaskAutoShoot.autoTask_INFO [13.364390122] <Event name="StateInfo" time="13.364168355" tag="vvvvv" TaskAutoShoot.state="SHOOT" />
TaskAutoShoot.autoTask_INFO [13.365795015] <Event name="StateInfo" time="13.365569544" tag="^^^^^" TaskAutoShoot.state="SHOOT" />
TaskAutoShoot.autoTask_INFO [13.467431984] <Event name="StateInfo" time="13.467200246" tag="vvvvv" TaskAutoShoot.state="SHOOT" />
TaskAutoShoot.autoTask_INFO [13.468760594] <Event name="StateInfo" time="13.468539111" tag="^^^^^" TaskAutoShoot.state="SHOOT" />
TaskAutoShoot.autoTask_INFO [13.535919876] <Event name="StateInfo" time="13.535363623" tag="vvvvv" TaskAutoShoot.state="SHOOT" />
TaskAutoShoot.autoTask_INFO [13.537396264] <Event name="StateInfo" time="13.537188036" tag="^^^^^" TaskAutoShoot.state="SHOOT" />
TaskAutoShoot.autoTask_INFO [13.624759399] <Event name="StateInfo" time="13.624535445" tag="vvvvv" TaskAutoShoot.state="SHOOT" />
TaskAutoShoot.autoTask_INFO [13.625943132] <Event name="StateInfo" time="13.625740302" tag="^^^^^" TaskAutoShoot.state="SHOOT" />
TaskAutoShoot.autoTask_INFO [13.689557942] <Event name="StateInfo" time="13.689358922" tag="vvvvv" TaskAutoShoot.state="SHOOT" />
TaskAutoShoot.autoTask_INFO [13.693454531] <Event name="StateInfo" time="13.692994975" tag="^^^^^" TaskAutoShoot.state="SHOOT" />
TaskAutoShoot.autoTask_INFO [13.764379266] <Event name="StateInfo" time="13.764179489" tag="vvvvv" TaskAutoShoot.state="SHOOT" />
TaskAutoShoot.autoTask_INFO [13.772816685] <Event name="StateInfo" time="13.772609554" tag="^^^^^" TaskAutoShoot.state="SHOOT" />
TaskAutoShoot.autoTask_INFO [13.846777879] <Event name="StateInfo" time="13.846557937" tag="vvvvv" TaskAutoShoot.state="SHOOT" />
TaskAutoShoot.autoTask_INFO [13.847307529] <Event name="StateInfo" time="13.847136593" tag="^^^^^" TaskAutoShoot.state="SHOOT" />
TaskAutoShoot.autoTask_INFO [13.927270158] <Event name="StateInfo" time="13.927043893" tag="vvvvv" TaskAutoShoot.state="SHOOT" />
TaskAutoShoot.autoTask_INFO [13.92904316] <Event name="StateInfo" time="13.928523837" tag="^^^^^" TaskAutoShoot.state="SHOOT" />
TaskAutoShoot.autoTask_INFO [14.009492045] <Event name="StateInfo" time="14.00913469" tag="vvvvv" TaskAutoShoot.state="SHOOT" />
TaskAutoShoot.autoTask_INFO [14.018517296] <Event name="StateInfo" time="14.016732119" tag="^^^^^" TaskAutoShoot.state="SHOOT" />
FrcTeleOp.operatorControllerButtonEvent_INFO [14.02311347] ##### button=Y, pressed=false
FrcTeleOp.shoot_INFO [14.024718417] >>>>> Stop Auto Shoot.
TaskAutoShoot.cancel_INFO [14.026319803] Canceling auto task operation.
TaskAutoShoot.stopSubsystems_INFO [14.029876476] Stopping subsystems.
Shooter.LeftTransferMotor.cancel_INFO [14.031131554] Cancel: stopping motor.
Shooter.RightTransferMotor.cancel_INFO [14.032304226] Cancel: stopping motor.
Shooter.FeederMotor.cancel_INFO [14.033599522] Cancel: stopping motor.
Shooter.LeftShooter.disableGoalTracking_INFO [14.034883845] Disable Goal Tracking.
Shooter.LeftShooter.stopGoalTracking_INFO [14.037346771] Stop GoalTracking.
Shooter.LeftTiltMotor.cancel_INFO [14.043478421] Cancel: stopping motor.
Shooter.LeftPrimaryMotor.cancel_INFO [14.045151689] Cancel: stopping motor.
Shooter.RightShooter.disableGoalTracking_INFO [14.046629381] Disable Goal Tracking.
Shooter.RightShooter.stopGoalTracking_INFO [14.048801672] Stop GoalTracking.
Shooter.RightTiltMotor.cancel_INFO [14.052239711] Cancel: stopping motor.
Shooter.RightPrimaryMotor.cancel_INFO [14.053922097] Cancel: stopping motor.
Shooter.LeftShooter.cancel_INFO [14.0553479] owner=null
Shooter.LeftPrimaryMotor.cancel_INFO [14.056851279] Cancel: stopping motor.
Shooter.LeftTiltMotor.cancel_INFO [14.064541084] Cancel: stopping motor.
Shooter.RightShooter.cancel_INFO [14.065805833] owner=null
Shooter.RightPrimaryMotor.cancel_INFO [14.066994106] Cancel: stopping motor.
Shooter.RightTiltMotor.cancel_INFO [14.068318576] Cancel: stopping motor.
Shooter.LeftTransferMotor.cancel_INFO [14.069710195] Cancel: stopping motor.
Shooter.RightTransferMotor.cancel_INFO [14.07292664] Cancel: stopping motor.
Shooter.FeederMotor.cancel_INFO [14.074195061] Cancel: stopping motor.
FrcTeleOp.operatorControllerButtonEvent_INFO [14.214967403] ##### button=Y, pressed=true
FrcTeleOp.shoot_INFO [14.230419363] >>>>> Start Auto Shoot.
TaskAutoShoot.autoShoot_INFO [14.232655029] autoShoot(owner=null, event=null, taskParams=(autoStop=false, noPassback=false))
Shooter.setupGoalTrackingMode_INFO [14.23608859] GoalTracking(trackingMode=Passback, goalPose=(x=-60.000000,y=48.000000,angle=0.000000), noPassback=false).
Shooter.LeftShooter.enableGoalTracking_INFO [14.239647453] Enable GoalTracking (trackingParams=(trackFlywheel=true,trackTiltPos=true,trackPanPos=true)).
Shooter.LeftPrimaryMotor.cancel_INFO [14.242061901] Cancel: stopping motor.
Shooter.LeftTiltMotor.cancel_INFO [14.244123005] Cancel: stopping motor.
Shooter.RightShooter.enableGoalTracking_INFO [14.247864056] Enable GoalTracking (trackingParams=(trackFlywheel=true,trackTiltPos=true,trackPanPos=true)).
Shooter.RightPrimaryMotor.cancel_INFO [14.252482088] Cancel: stopping motor.
Shooter.RightTiltMotor.cancel_INFO [14.254714692] Cancel: stopping motor.
TaskAutoShoot.autoTask_INFO [14.334436292] <Event name="StateInfo" time="14.334121855" tag="vvvvv" TaskAutoShoot.state="START" />
TaskAutoShoot.runTaskState_INFO [14.335902097] ***** Wait for left Shooter ready.
TaskAutoShoot.runTaskState_INFO [14.337311753] ***** Wait for right Shooter ready.
TaskAutoShoot.runTaskState_INFO [14.339016214] ***** Wait for Turret ready.
TaskAutoShoot.autoTask_INFO [14.340608254] <Event name="StateInfo" time="14.340371778" tag="^^^^^" TaskAutoShoot.state="START" />
Shooter.TurretMotor.pidCtrlTask_INFO [14.372579569] controlMode: Position,onTarget=true(47.095864792620944/47.0410760551862), stalled=false, expired=false, event=(TaskAutoShoot.turretReady=SIGNALED)
TaskAutoShoot.autoTask_INFO [14.427959288] <Event name="StateInfo" time="14.427750631" tag="vvvvv" TaskAutoShoot.state="SHOOT" />
TaskAutoShoot.autoTask_INFO [14.430563722] <Event name="StateInfo" time="14.430336477" tag="^^^^^" TaskAutoShoot.state="SHOOT" />
Shooter.LeftShooter.goalTrackingTask_INFO [14.492127739] Shooter.LeftShooter is Ready: rpm1=5701.613582/5783.772136, rpm2=3580.429688/0.000000, tilt=31.297159/31.319084, pan=null/null
Shooter.RightShooter.goalTrackingTask_INFO [14.519754792] Shooter.RightShooter is Ready: rpm1=5843.022837/5808.030583, rpm2=3596.132813/0.000000, tilt=31.336686/31.319084, pan=null/null
TaskAutoShoot.autoTask_INFO [14.527887912] <Event name="StateInfo" time="14.525355737" tag="vvvvv" TaskAutoShoot.state="SHOOT" />
TaskAutoShoot.runTaskState_INFO [14.530556106] ***** Start left shooter shooting.
Shooter.shoot_INFO [14.533911437] shoot(owner=null, event=(TaskAutoShoot.leftShooterDone=CLEARED), shooter=leftShooter, autoStop=false)
Shooter.LeftTransferMotor.cancel_INFO [14.535585557] Cancel: stopping motor.
TaskAutoShoot.runTaskState_INFO [14.539094461] ***** Start right shooter shooting.
Shooter.shoot_INFO [14.544030514] shoot(owner=null, event=(TaskAutoShoot.rightShooterDone=CLEARED), shooter=rightShooter, autoStop=false)
Shooter.RightTransferMotor.cancel_INFO [14.545895187] Cancel: stopping motor.
TaskAutoShoot.autoTask_INFO [14.548739542] <Event name="StateInfo" time="14.548503551" tag="^^^^^" TaskAutoShoot.state="SHOOT" />
FrcTeleOp.driverControllerButtonEvent_INFO [18.844354645] ##### button=A, pressed=true
Shooter.setupGoalTrackingMode_INFO [18.84774621] GoalTracking(trackingMode=Passback, goalPose=(x=-60.000000,y=48.000000,angle=0.000000), noPassback=false).
FrcTeleOp.driverControllerButtonEvent_INFO [18.927799949] ##### button=A, pressed=false
FrcTeleOp.driverControllerButtonEvent_INFO [19.381370767] ##### button=A, pressed=true
FrcTeleOp.driverControllerButtonEvent_INFO [19.448059097] ##### button=A, pressed=false
FrcTeleOp.operatorControllerButtonEvent_INFO [22.250715298] ##### button=Y, pressed=false
FrcTeleOp.shoot_INFO [22.257377664] >>>>> Stop Auto Shoot.
TaskAutoShoot.cancel_INFO [22.269421256] Canceling auto task operation.
TaskAutoShoot.stopSubsystems_INFO [22.274386293] Stopping subsystems.
Shooter.LeftTransferMotor.cancel_INFO [22.277078814] Cancel: stopping motor.
Shooter.RightTransferMotor.cancel_INFO [22.279016186] Cancel: stopping motor.
Shooter.FeederMotor.cancel_INFO [22.28057785] Cancel: stopping motor.
Shooter.LeftShooter.disableGoalTracking_INFO [22.285323278] Disable Goal Tracking.
Shooter.LeftShooter.stopGoalTracking_INFO [22.288263424] Stop GoalTracking.
Shooter.LeftTiltMotor.cancel_INFO [22.290655718] Cancel: stopping motor.
Shooter.LeftPrimaryMotor.cancel_INFO [22.292711547] Cancel: stopping motor.
Shooter.RightShooter.disableGoalTracking_INFO [22.297774889] Disable Goal Tracking.
Shooter.RightShooter.stopGoalTracking_INFO [22.300646526] Stop GoalTracking.
Shooter.RightTiltMotor.cancel_INFO [22.302489336] Cancel: stopping motor.
Shooter.RightPrimaryMotor.cancel_INFO [22.304384392] Cancel: stopping motor.
Shooter.LeftShooter.cancel_INFO [22.309314537] owner=null
Shooter.LeftPrimaryMotor.cancel_INFO [22.311372198] Cancel: stopping motor.
Shooter.LeftTiltMotor.cancel_INFO [22.314800081] Cancel: stopping motor.
Shooter.RightShooter.cancel_INFO [22.320491298] owner=null
Shooter.RightPrimaryMotor.cancel_INFO [22.32179154] Cancel: stopping motor.
Shooter.RightTiltMotor.cancel_INFO [22.323904714] Cancel: stopping motor.
Shooter.LeftTransferMotor.cancel_INFO [22.326113887] Cancel: stopping motor.
Shooter.RightTransferMotor.cancel_INFO [22.328934039] Cancel: stopping motor.
Shooter.FeederMotor.cancel_INFO [22.332191171] Cancel: stopping motor.
FrcTeleOp.operatorControllerButtonEvent_INFO [22.561079443] ##### button=Y, pressed=true
FrcTeleOp.shoot_INFO [22.562792168] >>>>> Start Auto Shoot.
TaskAutoShoot.autoShoot_INFO [22.564567896] autoShoot(owner=null, event=null, taskParams=(autoStop=false, noPassback=false))
Shooter.setupGoalTrackingMode_INFO [22.56624518] GoalTracking(trackingMode=Passback, goalPose=(x=-60.000000,y=48.000000,angle=0.000000), noPassback=false).
Shooter.LeftShooter.enableGoalTracking_INFO [22.568562629] Enable GoalTracking (trackingParams=(trackFlywheel=true,trackTiltPos=true,trackPanPos=true)).
Shooter.LeftPrimaryMotor.cancel_INFO [22.572409483] Cancel: stopping motor.
Shooter.LeftTiltMotor.cancel_INFO [22.575382283] Cancel: stopping motor.
Shooter.RightShooter.enableGoalTracking_INFO [22.577505856] Enable GoalTracking (trackingParams=(trackFlywheel=true,trackTiltPos=true,trackPanPos=true)).
Shooter.RightPrimaryMotor.cancel_INFO [22.589337235] Cancel: stopping motor.
Shooter.RightTiltMotor.cancel_INFO [22.593960212] Cancel: stopping motor.
TaskAutoShoot.autoTask_INFO [22.67982782] <Event name="StateInfo" time="22.67868596" tag="vvvvv" TaskAutoShoot.state="START" />
TaskAutoShoot.runTaskState_INFO [22.685509612] ***** Wait for left Shooter ready.
TaskAutoShoot.runTaskState_INFO [22.685929663] ***** Wait for right Shooter ready.
TaskAutoShoot.runTaskState_INFO [22.688515033] ***** Wait for Turret ready.
TaskAutoShoot.autoTask_INFO [22.692931165] <Event name="StateInfo" time="22.691014536" tag="^^^^^" TaskAutoShoot.state="START" />
TaskAutoShoot.autoTask_INFO [22.856409579] <Event name="StateInfo" time="22.85430429" tag="vvvvv" TaskAutoShoot.state="SHOOT" />
TaskAutoShoot.autoTask_INFO [22.858026212] <Event name="StateInfo" time="22.857799911" tag="^^^^^" TaskAutoShoot.state="SHOOT" />
TaskAutoShoot.autoTask_INFO [22.944953715] <Event name="StateInfo" time="22.944642691" tag="vvvvv" TaskAutoShoot.state="SHOOT" />
TaskAutoShoot.autoTask_INFO [22.949455626] <Event name="StateInfo" time="22.945296638" tag="^^^^^" TaskAutoShoot.state="SHOOT" />
TaskAutoShoot.autoTask_INFO [23.024118324] <Event name="StateInfo" time="23.023896596" tag="vvvvv" TaskAutoShoot.state="SHOOT" />
TaskAutoShoot.autoTask_INFO [23.025019081] <Event name="StateInfo" time="23.024468539" tag="^^^^^" TaskAutoShoot.state="SHOOT" />
Shooter.LeftShooter.goalTrackingTask_INFO [23.085512328] Shooter.LeftShooter is Ready: rpm1=5719.786659/5692.967813, rpm2=3568.007813/0.000000, tilt=31.020463/30.428340, pan=null/null
Shooter.RightShooter.goalTrackingTask_INFO [23.109304264] Shooter.RightShooter is Ready: rpm1=6047.091346/6031.286983, rpm2=3691.289063/0.000000, tilt=31.020463/30.428340, pan=null/null
TaskAutoShoot.autoTask_INFO [23.110076012] <Event name="StateInfo" time="23.109644859" tag="vvvvv" TaskAutoShoot.state="SHOOT" />
TaskAutoShoot.autoTask_INFO [23.110689544] <Event name="StateInfo" time="23.110500837" tag="^^^^^" TaskAutoShoot.state="SHOOT" />
TaskAutoShoot.autoTask_INFO [23.20154456] <Event name="StateInfo" time="23.201313952" tag="vvvvv" TaskAutoShoot.state="SHOOT" />
TaskAutoShoot.autoTask_INFO [23.204070325] <Event name="StateInfo" time="23.203816954" tag="^^^^^" TaskAutoShoot.state="SHOOT" />
TaskAutoShoot.autoTask_INFO [23.284188222] <Event name="StateInfo" time="23.283960547" tag="vvvvv" TaskAutoShoot.state="SHOOT" />
TaskAutoShoot.autoTask_INFO [23.291961063] <Event name="StateInfo" time="23.291735135" tag="^^^^^" TaskAutoShoot.state="SHOOT" />
TaskAutoShoot.autoTask_INFO [23.374860265] <Event name="StateInfo" time="23.374639684" tag="vvvvv" TaskAutoShoot.state="SHOOT" />
TaskAutoShoot.autoTask_INFO [23.378698371] <Event name="StateInfo" time="23.378431957" tag="^^^^^" TaskAutoShoot.state="SHOOT" />
TaskAutoShoot.autoTask_INFO [23.463732708] <Event name="StateInfo" time="23.463512378" tag="vvvvv" TaskAutoShoot.state="SHOOT" />
TaskAutoShoot.autoTask_INFO [23.465140861] <Event name="StateInfo" time="23.464052316" tag="^^^^^" TaskAutoShoot.state="SHOOT" />
Shooter.setupGoalTrackingMode_INFO [23.479278602] GoalTracking(trackingMode=Passback, goalPose=(x=-60.000000,y=48.000000,angle=0.000000), noPassback=false).
TaskAutoShoot.autoTask_INFO [23.548591069] <Event name="StateInfo" time="23.548236031" tag="vvvvv" TaskAutoShoot.state="SHOOT" />
TaskAutoShoot.autoTask_INFO [23.552530637] <Event name="StateInfo" time="23.550933928" tag="^^^^^" TaskAutoShoot.state="SHOOT" />
TaskAutoShoot.autoTask_INFO [23.61735647] <Event name="StateInfo" time="23.617141497" tag="vvvvv" TaskAutoShoot.state="SHOOT" />
TaskAutoShoot.autoTask_INFO [23.618305666] <Event name="StateInfo" time="23.617880617" tag="^^^^^" TaskAutoShoot.state="SHOOT" />
TaskAutoShoot.autoTask_INFO [23.685756769] <Event name="StateInfo" time="23.685529136" tag="vvvvv" TaskAutoShoot.state="SHOOT" />
TaskAutoShoot.autoTask_INFO [23.694856229] <Event name="StateInfo" time="23.691801938" tag="^^^^^" TaskAutoShoot.state="SHOOT" />
TaskAutoShoot.autoTask_INFO [23.758458877] <Event name="StateInfo" time="23.758250074" tag="vvvvv" TaskAutoShoot.state="SHOOT" />
TaskAutoShoot.autoTask_INFO [23.7638208] <Event name="StateInfo" time="23.762171201" tag="^^^^^" TaskAutoShoot.state="SHOOT" />
TaskAutoShoot.autoTask_INFO [23.841827071] <Event name="StateInfo" time="23.841596184" tag="vvvvv" TaskAutoShoot.state="SHOOT" />
TaskAutoShoot.autoTask_INFO [23.843663794] <Event name="StateInfo" time="23.843238269" tag="^^^^^" TaskAutoShoot.state="SHOOT" />
TaskAutoShoot.autoTask_INFO [23.921295457] <Event name="StateInfo" time="23.920867853" tag="vvvvv" TaskAutoShoot.state="SHOOT" />
TaskAutoShoot.autoTask_INFO [23.925496971] <Event name="StateInfo" time="23.92465791" tag="^^^^^" TaskAutoShoot.state="SHOOT" />
TaskAutoShoot.autoTask_INFO [23.996052971] <Event name="StateInfo" time="23.995846816" tag="vvvvv" TaskAutoShoot.state="SHOOT" />
TaskAutoShoot.autoTask_INFO [24.001333534] <Event name="StateInfo" time="23.999501104" tag="^^^^^" TaskAutoShoot.state="SHOOT" />
FrcTeleOp.operatorControllerButtonEvent_INFO [24.008176675] ##### button=Y, pressed=false
FrcTeleOp.shoot_INFO [24.010074032] >>>>> Stop Auto Shoot.
TaskAutoShoot.cancel_INFO [24.013130026] Canceling auto task operation.
TaskAutoShoot.stopSubsystems_INFO [24.015455594] Stopping subsystems.
Shooter.LeftTransferMotor.cancel_INFO [24.017476179] Cancel: stopping motor.
Shooter.RightTransferMotor.cancel_INFO [24.018611208] Cancel: stopping motor.
Shooter.FeederMotor.cancel_INFO [24.021050448] Cancel: stopping motor.
Shooter.LeftShooter.disableGoalTracking_INFO [24.025048126] Disable Goal Tracking.
Shooter.LeftShooter.stopGoalTracking_INFO [24.027328322] Stop GoalTracking.
Shooter.LeftTiltMotor.cancel_INFO [24.029224027] Cancel: stopping motor.
Shooter.LeftPrimaryMotor.cancel_INFO [24.030137227] Cancel: stopping motor.
Shooter.RightShooter.disableGoalTracking_INFO [24.033993596] Disable Goal Tracking.
Shooter.RightShooter.stopGoalTracking_INFO [24.035096659] Stop GoalTracking.
Shooter.RightTiltMotor.cancel_INFO [24.037771941] Cancel: stopping motor.
Shooter.RightPrimaryMotor.cancel_INFO [24.03861231] Cancel: stopping motor.
Shooter.LeftShooter.cancel_INFO [24.04189387] owner=null
Shooter.LeftPrimaryMotor.cancel_INFO [24.045083029] Cancel: stopping motor.
Shooter.LeftTiltMotor.cancel_INFO [24.047882474] Cancel: stopping motor.
Shooter.RightShooter.cancel_INFO [24.050103] owner=null
Shooter.RightPrimaryMotor.cancel_INFO [24.052058207] Cancel: stopping motor.
Shooter.RightTiltMotor.cancel_INFO [24.055075607] Cancel: stopping motor.
Shooter.LeftTransferMotor.cancel_INFO [24.057167827] Cancel: stopping motor.
Shooter.RightTransferMotor.cancel_INFO [24.058903221] Cancel: stopping motor.
Shooter.FeederMotor.cancel_INFO [24.063595023] Cancel: stopping motor.
FrcTeleOp.operatorControllerButtonEvent_INFO [25.2379129] ##### button=Y, pressed=true
FrcTeleOp.shoot_INFO [25.242511083] >>>>> Start Auto Shoot.
TaskAutoShoot.autoShoot_INFO [25.2465769] autoShoot(owner=null, event=null, taskParams=(autoStop=false, noPassback=false))
Shooter.setupGoalTrackingMode_INFO [25.248328591] GoalTracking(trackingMode=Passback, goalPose=(x=-60.000000,y=48.000000,angle=0.000000), noPassback=false).
Shooter.LeftShooter.enableGoalTracking_INFO [25.250116402] Enable GoalTracking (trackingParams=(trackFlywheel=true,trackTiltPos=true,trackPanPos=true)).
Shooter.LeftPrimaryMotor.cancel_INFO [25.253012489] Cancel: stopping motor.
Shooter.LeftTiltMotor.cancel_INFO [25.257047341] Cancel: stopping motor.
Shooter.RightShooter.enableGoalTracking_INFO [25.258847002] Enable GoalTracking (trackingParams=(trackFlywheel=true,trackTiltPos=true,trackPanPos=true)).
Shooter.RightPrimaryMotor.cancel_INFO [25.260942052] Cancel: stopping motor.
Shooter.RightTiltMotor.cancel_INFO [25.262433707] Cancel: stopping motor.
TaskAutoShoot.autoTask_INFO [25.362918192] <Event name="StateInfo" time="25.362376708" tag="vvvvv" TaskAutoShoot.state="START" />
TaskAutoShoot.runTaskState_INFO [25.364878342] ***** Wait for left Shooter ready.
TaskAutoShoot.runTaskState_INFO [25.36627726] ***** Wait for right Shooter ready.
TaskAutoShoot.runTaskState_INFO [25.370820636] ***** Wait for Turret ready.
TaskAutoShoot.autoTask_INFO [25.373072819] <Event name="StateInfo" time="25.372532588" tag="^^^^^" TaskAutoShoot.state="START" />
Shooter.TurretMotor.pidCtrlTask_INFO [25.402598812] controlMode: Position,onTarget=true(-168.7998263951829/-171.0), stalled=false, expired=false, event=(TaskAutoShoot.turretReady=SIGNALED)
TaskAutoShoot.autoTask_INFO [25.4555427] <Event name="StateInfo" time="25.455348349" tag="vvvvv" TaskAutoShoot.state="SHOOT" />
TaskAutoShoot.autoTask_INFO [25.456164125] <Event name="StateInfo" time="25.455880553" tag="^^^^^" TaskAutoShoot.state="SHOOT" />
TaskAutoShoot.autoTask_INFO [25.539801597] <Event name="StateInfo" time="25.538752815" tag="vvvvv" TaskAutoShoot.state="SHOOT" />
TaskAutoShoot.autoTask_INFO [25.545527612] <Event name="StateInfo" time="25.545126297" tag="^^^^^" TaskAutoShoot.state="SHOOT" />
TaskAutoShoot.autoTask_INFO [25.62753172] <Event name="StateInfo" time="25.627304876" tag="vvvvv" TaskAutoShoot.state="SHOOT" />
TaskAutoShoot.autoTask_INFO [25.628041898] <Event name="StateInfo" time="25.627855886" tag="^^^^^" TaskAutoShoot.state="SHOOT" />
TaskAutoShoot.autoTask_INFO [25.719957956] <Event name="StateInfo" time="25.71972966" tag="vvvvv" TaskAutoShoot.state="SHOOT" />
TaskAutoShoot.autoTask_INFO [25.72741998] <Event name="StateInfo" time="25.726503143" tag="^^^^^" TaskAutoShoot.state="SHOOT" />
TaskAutoShoot.autoTask_INFO [25.805730318] <Event name="StateInfo" time="25.80553293" tag="vvvvv" TaskAutoShoot.state="SHOOT" />
TaskAutoShoot.autoTask_INFO [25.812994089] <Event name="StateInfo" time="25.812562929" tag="^^^^^" TaskAutoShoot.state="SHOOT" />
Shooter.RightShooter.goalTrackingTask_INFO [25.887870093] Shooter.RightShooter is Ready: rpm1=5767.680288/5852.741157, rpm2=3528.164063/0.000000, tilt=36.949586/36.264546, pan=null/null
TaskAutoShoot.autoTask_INFO [25.890145695] <Event name="StateInfo" time="25.889941111" tag="vvvvv" TaskAutoShoot.state="SHOOT" />
TaskAutoShoot.runTaskState_INFO [25.896588682] ***** Start right shooter shooting.
Shooter.shoot_INFO [25.89944359] shoot(owner=null, event=(TaskAutoShoot.rightShooterDone=CLEARED), shooter=rightShooter, autoStop=false)
Shooter.RightTransferMotor.cancel_INFO [25.903339116] Cancel: stopping motor.
TaskAutoShoot.autoTask_INFO [25.906115085] <Event name="StateInfo" time="25.905905717" tag="^^^^^" TaskAutoShoot.state="SHOOT" />
TaskAutoShoot.autoTask_INFO [25.989831947] <Event name="StateInfo" time="25.98909205" tag="vvvvv" TaskAutoShoot.state="SHOOT" />
TaskAutoShoot.autoTask_INFO [25.991544139] <Event name="StateInfo" time="25.991263284" tag="^^^^^" TaskAutoShoot.state="SHOOT" />
Shooter.LeftShooter.goalTrackingTask_INFO [26.038869551] Shooter.LeftShooter is Ready: rpm1=6239.044471/6239.596693, rpm2=3829.453125/0.000000, tilt=36.593845/36.815378, pan=null/null
TaskAutoShoot.autoTask_INFO [26.062274732] <Event name="StateInfo" time="26.062068597" tag="vvvvv" TaskAutoShoot.state="SHOOT" />
TaskAutoShoot.runTaskState_INFO [26.064849888] ***** Start left shooter shooting.
Shooter.shoot_INFO [26.067555274] shoot(owner=null, event=(TaskAutoShoot.leftShooterDone=CLEARED), shooter=leftShooter, autoStop=false)
Shooter.LeftTransferMotor.cancel_INFO [26.071187457] Cancel: stopping motor.
TaskAutoShoot.autoTask_INFO [26.079516734] <Event name="StateInfo" time="26.079282265" tag="^^^^^" TaskAutoShoot.state="SHOOT" />
FrcTeleOp.operatorControllerButtonEvent_INFO [26.811831029] ##### button=Y, pressed=false
FrcTeleOp.shoot_INFO [26.813983391] >>>>> Stop Auto Shoot.
TaskAutoShoot.cancel_INFO [26.816747279] Canceling auto task operation.
TaskAutoShoot.stopSubsystems_INFO [26.817947893] Stopping subsystems.
Shooter.LeftTransferMotor.cancel_INFO [26.819445567] Cancel: stopping motor.
Shooter.RightTransferMotor.cancel_INFO [26.821935193] Cancel: stopping motor.
Shooter.FeederMotor.cancel_INFO [26.824340593] Cancel: stopping motor.
Shooter.LeftShooter.disableGoalTracking_INFO [26.825699016] Disable Goal Tracking.
Shooter.LeftShooter.stopGoalTracking_INFO [26.826752196] Stop GoalTracking.
Shooter.LeftTiltMotor.cancel_INFO [26.828032312] Cancel: stopping motor.
Shooter.LeftPrimaryMotor.cancel_INFO [26.829695215] Cancel: stopping motor.
Shooter.RightShooter.disableGoalTracking_INFO [26.831339261] Disable Goal Tracking.
Shooter.RightShooter.stopGoalTracking_INFO [26.832342812] Stop GoalTracking.
Shooter.RightTiltMotor.cancel_INFO [26.835088933] Cancel: stopping motor.
Shooter.RightPrimaryMotor.cancel_INFO [26.837337484] Cancel: stopping motor.
Shooter.LeftShooter.cancel_INFO [26.83997357] owner=null
Shooter.LeftPrimaryMotor.cancel_INFO [26.842182256] Cancel: stopping motor.
Shooter.LeftTiltMotor.cancel_INFO [26.845360643] Cancel: stopping motor.
Shooter.RightShooter.cancel_INFO [26.846660414] owner=null
Shooter.RightPrimaryMotor.cancel_INFO [26.847976384] Cancel: stopping motor.
Shooter.RightTiltMotor.cancel_INFO [26.850585715] Cancel: stopping motor.
Shooter.LeftTransferMotor.cancel_INFO [26.853246092] Cancel: stopping motor.
Shooter.RightTransferMotor.cancel_INFO [26.855711621] Cancel: stopping motor.
Shooter.FeederMotor.cancel_INFO [26.85714999] Cancel: stopping motor.
FrcTeleOp.driverControllerButtonEvent_INFO [29.227933268] ##### button=A, pressed=true
FrcTeleOp.driverControllerButtonEvent_INFO [29.329747156] ##### button=A, pressed=false
FrcTeleOp.operatorControllerButtonEvent_INFO [31.476534886] ##### button=B, pressed=true
FrcTeleOp.operatorControllerButtonEvent_INFO [31.482937444] >>>>> Enable GoalTracking.
Shooter.setupGoalTrackingMode_INFO [31.488697703] GoalTracking(trackingMode=AllianceHub, goalPose=(x=-158.838583,y=182.110000,angle=0.000000), noPassback=false).
Shooter.LeftShooter.enableGoalTracking_INFO [31.493594273] Enable GoalTracking (trackingParams=(trackFlywheel=true,trackTiltPos=false,trackPanPos=true)).
Shooter.LeftPrimaryMotor.cancel_INFO [31.496093529] Cancel: stopping motor.
Shooter.LeftTiltMotor.cancel_INFO [31.498371348] Cancel: stopping motor.
Shooter.RightShooter.enableGoalTracking_INFO [31.500580539] Enable GoalTracking (trackingParams=(trackFlywheel=true,trackTiltPos=false,trackPanPos=true)).
Shooter.RightPrimaryMotor.cancel_INFO [31.503063662] Cancel: stopping motor.
Shooter.RightTiltMotor.cancel_INFO [31.504844884] Cancel: stopping motor.
FrcTeleOp.operatorControllerButtonEvent_INFO [32.342230882] ##### button=B, pressed=false
FrcTeleOp.operatorControllerButtonEvent_INFO [32.639916022] ##### button=B, pressed=true
FrcTeleOp.operatorControllerButtonEvent_INFO [32.64085655] >>>>> Disable GoalTracking.
Shooter.LeftShooter.disableGoalTracking_INFO [32.641368701] Disable Goal Tracking.
Shooter.LeftShooter.stopGoalTracking_INFO [32.641940937] Stop GoalTracking.
Shooter.LeftTiltMotor.cancel_INFO [32.642387028] Cancel: stopping motor.
Shooter.LeftPrimaryMotor.cancel_INFO [32.642998973] Cancel: stopping motor.
Shooter.RightShooter.disableGoalTracking_INFO [32.6439734] Disable Goal Tracking.
Shooter.RightShooter.stopGoalTracking_INFO [32.644392175] Stop GoalTracking.
Shooter.RightTiltMotor.cancel_INFO [32.644819114] Cancel: stopping motor.
Shooter.RightPrimaryMotor.cancel_INFO [32.657071885] Cancel: stopping motor.
FrcTeleOp.operatorControllerButtonEvent_INFO [32.955708709] ##### button=B, pressed=false
FrcTeleOp.operatorControllerButtonEvent_INFO [33.314532353] ##### button=B, pressed=true
FrcTeleOp.operatorControllerButtonEvent_INFO [33.315190041] >>>>> Enable GoalTracking.
Shooter.setupGoalTrackingMode_INFO [33.315869324] GoalTracking(trackingMode=AllianceHub, goalPose=(x=-158.838583,y=182.110000,angle=0.000000), noPassback=false).
Shooter.LeftShooter.enableGoalTracking_INFO [33.31624689] Enable GoalTracking (trackingParams=(trackFlywheel=true,trackTiltPos=false,trackPanPos=true)).
Shooter.LeftPrimaryMotor.cancel_INFO [33.316888101] Cancel: stopping motor.
Shooter.LeftTiltMotor.cancel_INFO [33.317635844] Cancel: stopping motor.
Shooter.RightShooter.enableGoalTracking_INFO [33.318348485] Enable GoalTracking (trackingParams=(trackFlywheel=true,trackTiltPos=false,trackPanPos=true)).
Shooter.RightPrimaryMotor.cancel_INFO [33.320032128] Cancel: stopping motor.
Shooter.RightTiltMotor.cancel_INFO [33.320721353] Cancel: stopping motor.
FrcTeleOp.operatorControllerButtonEvent_INFO [33.985941951] ##### button=B, pressed=false
FrcTeleOp.operatorControllerButtonEvent_INFO [34.225895282] ##### button=Y, pressed=true
FrcTeleOp.shoot_INFO [34.227039651] >>>>> Start Auto Shoot.
TaskAutoShoot.autoShoot_INFO [34.228210075] autoShoot(owner=null, event=null, taskParams=(autoStop=false, noPassback=false))
Shooter.setupGoalTrackingMode_INFO [34.229589023] GoalTracking(trackingMode=AllianceHub, goalPose=(x=-158.838583,y=182.110000,angle=0.000000), noPassback=false).
Shooter.LeftShooter.enableGoalTracking_INFO [34.231376707] Enable GoalTracking (trackingParams=(trackFlywheel=true,trackTiltPos=true,trackPanPos=true)).
Shooter.LeftPrimaryMotor.cancel_INFO [34.232698376] Cancel: stopping motor.
Shooter.LeftTiltMotor.cancel_INFO [34.234417276] Cancel: stopping motor.
Shooter.RightShooter.enableGoalTracking_INFO [34.235727642] Enable GoalTracking (trackingParams=(trackFlywheel=true,trackTiltPos=true,trackPanPos=true)).
Shooter.RightPrimaryMotor.cancel_INFO [34.23759783] Cancel: stopping motor.
Shooter.RightTiltMotor.cancel_INFO [34.238745095] Cancel: stopping motor.
TaskAutoShoot.autoTask_INFO [34.321047053] <Event name="StateInfo" time="34.320737434" tag="vvvvv" TaskAutoShoot.state="START" />
TaskAutoShoot.runTaskState_INFO [34.322029126] ***** Wait for left Shooter ready.
TaskAutoShoot.runTaskState_INFO [34.322883773] ***** Wait for right Shooter ready.
TaskAutoShoot.runTaskState_INFO [34.324779346] ***** Wait for Turret ready.
TaskAutoShoot.autoTask_INFO [34.32629495] <Event name="StateInfo" time="34.32592536" tag="^^^^^" TaskAutoShoot.state="START" />
FrcTeleOp.driverControllerButtonEvent_INFO [34.336132211] ##### button=A, pressed=true
Shooter.TurretMotor.pidCtrlTask_INFO [34.37199934] controlMode: Position,onTarget=true(-4.0169188184002/-2.985834017845462), stalled=false, expired=false, event=(TaskAutoShoot.turretReady=SIGNALED)
TaskAutoShoot.autoTask_INFO [34.450320696] <Event name="StateInfo" time="34.449580707" tag="vvvvv" TaskAutoShoot.state="SHOOT" />
TaskAutoShoot.autoTask_INFO [34.455597078] <Event name="StateInfo" time="34.453977242" tag="^^^^^" TaskAutoShoot.state="SHOOT" />
FrcTeleOp.driverControllerButtonEvent_INFO [34.471705391] ##### button=A, pressed=false
Shooter.RightShooter.goalTrackingTask_INFO [34.555186626] Shooter.RightShooter is Ready: rpm1=4652.118389/4714.515030, rpm2=2891.718750/0.000000, tilt=23.628777/22.853019, pan=null/null
TaskAutoShoot.autoTask_INFO [34.55718998] <Event name="StateInfo" time="34.556983137" tag="vvvvv" TaskAutoShoot.state="SHOOT" />
TaskAutoShoot.runTaskState_INFO [34.558858356] ***** Start right shooter shooting.
Shooter.shoot_INFO [34.570461011] shoot(owner=null, event=(TaskAutoShoot.rightShooterDone=CLEARED), shooter=rightShooter, autoStop=false)
Shooter.RightTransferMotor.cancel_INFO [34.57405343] Cancel: stopping motor.
TaskAutoShoot.autoTask_INFO [34.577195305] <Event name="StateInfo" time="34.576985113" tag="^^^^^" TaskAutoShoot.state="SHOOT" />
Shooter.LeftShooter.goalTrackingTask_INFO [34.63807063] Shooter.LeftShooter is Ready: rpm1=4741.469351/4710.123182, rpm2=2957.695313/0.000000, tilt=22.838231/22.721570, pan=null/null
TaskAutoShoot.autoTask_INFO [34.657792355] <Event name="StateInfo" time="34.657390383" tag="vvvvv" TaskAutoShoot.state="SHOOT" />
TaskAutoShoot.runTaskState_INFO [34.661322366] ***** Start left shooter shooting.
Shooter.shoot_INFO [34.663028226] shoot(owner=null, event=(TaskAutoShoot.leftShooterDone=CLEARED), shooter=leftShooter, autoStop=false)
Shooter.LeftTransferMotor.cancel_INFO [34.665663853] Cancel: stopping motor.
TaskAutoShoot.autoTask_INFO [34.667309583] <Event name="StateInfo" time="34.667097303" tag="^^^^^" TaskAutoShoot.state="SHOOT" />
Shooter.setupGoalTrackingMode_INFO [40.814406035] GoalTracking(trackingMode=AllianceHub, goalPose=(x=-158.838583,y=182.110000,angle=0.000000), noPassback=false).
FrcTeleOp.operatorControllerButtonEvent_INFO [41.539886549] ##### button=Y, pressed=false
FrcTeleOp.shoot_INFO [41.542293676] >>>>> Stop Auto Shoot.
TaskAutoShoot.cancel_INFO [41.54702882] Canceling auto task operation.
TaskAutoShoot.stopSubsystems_INFO [41.548877706] Stopping subsystems.
Shooter.LeftTransferMotor.cancel_INFO [41.550542222] Cancel: stopping motor.
Shooter.RightTransferMotor.cancel_INFO [41.551661919] Cancel: stopping motor.
Shooter.FeederMotor.cancel_INFO [41.553092143] Cancel: stopping motor.
Shooter.LeftShooter.disableGoalTracking_INFO [41.554978938] Disable Goal Tracking.
Shooter.LeftShooter.stopGoalTracking_INFO [41.557036193] Stop GoalTracking.
Shooter.LeftTiltMotor.cancel_INFO [41.558412519] Cancel: stopping motor.
Shooter.LeftPrimaryMotor.cancel_INFO [41.559719314] Cancel: stopping motor.
Shooter.RightShooter.disableGoalTracking_INFO [41.562285697] Disable Goal Tracking.
Shooter.RightShooter.stopGoalTracking_INFO [41.564845592] Stop GoalTracking.
Shooter.RightTiltMotor.cancel_INFO [41.566477167] Cancel: stopping motor.
Shooter.RightPrimaryMotor.cancel_INFO [41.568705512] Cancel: stopping motor.
Shooter.LeftShooter.cancel_INFO [41.570039656] owner=null
Shooter.LeftPrimaryMotor.cancel_INFO [41.572414128] Cancel: stopping motor.
Shooter.LeftTiltMotor.cancel_INFO [41.575131992] Cancel: stopping motor.
Shooter.RightShooter.cancel_INFO [41.576654102] owner=null
Shooter.RightPrimaryMotor.cancel_INFO [41.578071515] Cancel: stopping motor.
Shooter.RightTiltMotor.cancel_INFO [41.581624509] Cancel: stopping motor.
Shooter.LeftTransferMotor.cancel_INFO [41.583859532] Cancel: stopping motor.
Shooter.RightTransferMotor.cancel_INFO [41.585552758] Cancel: stopping motor.
Shooter.FeederMotor.cancel_INFO [41.587161769] Cancel: stopping motor.
FrcTeleOp.driverControllerButtonEvent_INFO [42.044390667] ##### button=A, pressed=true
FrcTeleOp.driverControllerButtonEvent_INFO [42.094543329] ##### button=A, pressed=false
FrcTeleOp.operatorControllerButtonEvent_INFO [43.333254906] ##### button=Y, pressed=true
FrcTeleOp.shoot_INFO [43.341343379] >>>>> Start Auto Shoot.
TaskAutoShoot.autoShoot_INFO [43.347181038] autoShoot(owner=null, event=null, taskParams=(autoStop=false, noPassback=false))
Shooter.setupGoalTrackingMode_INFO [43.353046869] GoalTracking(trackingMode=AllianceHub, goalPose=(x=-158.838583,y=182.110000,angle=0.000000), noPassback=false).
Shooter.LeftShooter.enableGoalTracking_INFO [43.354863629] Enable GoalTracking (trackingParams=(trackFlywheel=true,trackTiltPos=true,trackPanPos=true)).
Shooter.LeftPrimaryMotor.cancel_INFO [43.357356355] Cancel: stopping motor.
Shooter.LeftTiltMotor.cancel_INFO [43.360128283] Cancel: stopping motor.
Shooter.RightShooter.enableGoalTracking_INFO [43.363732908] Enable GoalTracking (trackingParams=(trackFlywheel=true,trackTiltPos=true,trackPanPos=true)).
Shooter.RightPrimaryMotor.cancel_INFO [43.365224501] Cancel: stopping motor.
Shooter.RightTiltMotor.cancel_INFO [43.368146637] Cancel: stopping motor.
TaskAutoShoot.autoTask_INFO [43.439090209] <Event name="StateInfo" time="43.438802696" tag="vvvvv" TaskAutoShoot.state="START" />
TaskAutoShoot.runTaskState_INFO [43.442354267] ***** Wait for left Shooter ready.
TaskAutoShoot.runTaskState_INFO [43.444020165] ***** Wait for right Shooter ready.
TaskAutoShoot.runTaskState_INFO [43.447883593] ***** Wait for Turret ready.
TaskAutoShoot.autoTask_INFO [43.45065062] <Event name="StateInfo" time="43.449487109" tag="^^^^^" TaskAutoShoot.state="START" />
TaskAutoShoot.autoTask_INFO [43.601202535] <Event name="StateInfo" time="43.60099307" tag="vvvvv" TaskAutoShoot.state="SHOOT" />
TaskAutoShoot.autoTask_INFO [43.617312609] <Event name="StateInfo" time="43.617014074" tag="^^^^^" TaskAutoShoot.state="SHOOT" />
TaskAutoShoot.autoTask_INFO [43.687596178] <Event name="StateInfo" time="43.687112128" tag="vvvvv" TaskAutoShoot.state="SHOOT" />
TaskAutoShoot.autoTask_INFO [43.699427999] <Event name="StateInfo" time="43.698667473" tag="^^^^^" TaskAutoShoot.state="SHOOT" />
TaskAutoShoot.autoTask_INFO [43.769509403] <Event name="StateInfo" time="43.76927733" tag="vvvvv" TaskAutoShoot.state="SHOOT" />
TaskAutoShoot.autoTask_INFO [43.772063435] <Event name="StateInfo" time="43.771866402" tag="^^^^^" TaskAutoShoot.state="SHOOT" />
TaskAutoShoot.autoTask_INFO [43.835563935] <Event name="StateInfo" time="43.832590356" tag="vvvvv" TaskAutoShoot.state="SHOOT" />
TaskAutoShoot.autoTask_INFO [43.837640616] <Event name="StateInfo" time="43.837424083" tag="^^^^^" TaskAutoShoot.state="SHOOT" />
TaskAutoShoot.autoTask_INFO [43.910123421] <Event name="StateInfo" time="43.909828073" tag="vvvvv" TaskAutoShoot.state="SHOOT" />
TaskAutoShoot.autoTask_INFO [43.928463813] <Event name="StateInfo" time="43.92827163" tag="^^^^^" TaskAutoShoot.state="SHOOT" />
TaskAutoShoot.autoTask_INFO [43.99538627] <Event name="StateInfo" time="43.995175008" tag="vvvvv" TaskAutoShoot.state="SHOOT" />
TaskAutoShoot.autoTask_INFO [43.998584303] <Event name="StateInfo" time="43.99835345" tag="^^^^^" TaskAutoShoot.state="SHOOT" />
Shooter.LeftShooter.goalTrackingTask_INFO [44.048709293] Shooter.LeftShooter is Ready: rpm1=5569.858774/5618.193084, rpm2=3494.062500/0.000000, tilt=30.308962/29.727410, pan=null/null
TaskAutoShoot.autoTask_INFO [44.070413126] <Event name="StateInfo" time="44.069798029" tag="vvvvv" TaskAutoShoot.state="SHOOT" />
TaskAutoShoot.autoTask_INFO [44.071821079] <Event name="StateInfo" time="44.071307147" tag="^^^^^" TaskAutoShoot.state="SHOOT" />
TaskAutoShoot.autoTask_INFO [44.141531261] <Event name="StateInfo" time="44.141348356" tag="vvvvv" TaskAutoShoot.state="SHOOT" />
TaskAutoShoot.autoTask_INFO [44.142836665] <Event name="StateInfo" time="44.14264274" tag="^^^^^" TaskAutoShoot.state="SHOOT" />
TaskAutoShoot.autoTask_INFO [44.214125456] <Event name="StateInfo" time="44.212879233" tag="vvvvv" TaskAutoShoot.state="SHOOT" />
TaskAutoShoot.autoTask_INFO [44.21960819] <Event name="StateInfo" time="44.219392649" tag="^^^^^" TaskAutoShoot.state="SHOOT" />
Shooter.RightShooter.goalTrackingTask_INFO [44.286273796] Shooter.RightShooter is Ready: rpm1=5705.021034/5676.124063, rpm2=3528.632813/0.000000, tilt=25.012233/25.738266, pan=null/null
TaskAutoShoot.autoTask_INFO [44.288008576] <Event name="StateInfo" time="44.287810775" tag="vvvvv" TaskAutoShoot.state="SHOOT" />
TaskAutoShoot.autoTask_INFO [44.289835191] <Event name="StateInfo" time="44.289651752" tag="^^^^^" TaskAutoShoot.state="SHOOT" />
TaskAutoShoot.autoTask_INFO [44.377363649] <Event name="StateInfo" time="44.375006404" tag="vvvvv" TaskAutoShoot.state="SHOOT" />
TaskAutoShoot.autoTask_INFO [44.378443485] <Event name="StateInfo" time="44.378240409" tag="^^^^^" TaskAutoShoot.state="SHOOT" />
TaskAutoShoot.autoTask_INFO [44.448699344] <Event name="StateInfo" time="44.446758901" tag="vvvvv" TaskAutoShoot.state="SHOOT" />
TaskAutoShoot.autoTask_INFO [44.449200626] <Event name="StateInfo" time="44.449011877" tag="^^^^^" TaskAutoShoot.state="SHOOT" />
TaskAutoShoot.autoTask_INFO [44.516429028] <Event name="StateInfo" time="44.516228466" tag="vvvvv" TaskAutoShoot.state="SHOOT" />
TaskAutoShoot.autoTask_INFO [44.519713449] <Event name="StateInfo" time="44.519505881" tag="^^^^^" TaskAutoShoot.state="SHOOT" />
TaskAutoShoot.autoTask_INFO [44.599241339] <Event name="StateInfo" time="44.599042169" tag="vvvvv" TaskAutoShoot.state="SHOOT" />
TaskAutoShoot.autoTask_INFO [44.601925859] <Event name="StateInfo" time="44.601679457" tag="^^^^^" TaskAutoShoot.state="SHOOT" />
TaskAutoShoot.autoTask_INFO [44.683291454] <Event name="StateInfo" time="44.683075994" tag="vvvvv" TaskAutoShoot.state="SHOOT" />
TaskAutoShoot.autoTask_INFO [44.685202786] <Event name="StateInfo" time="44.684668724" tag="^^^^^" TaskAutoShoot.state="SHOOT" />
TaskAutoShoot.autoTask_INFO [44.766082449] <Event name="StateInfo" time="44.76554666" tag="vvvvv" TaskAutoShoot.state="SHOOT" />
TaskAutoShoot.autoTask_INFO [44.773348776] <Event name="StateInfo" time="44.766875554" tag="^^^^^" TaskAutoShoot.state="SHOOT" />
TaskAutoShoot.autoTask_INFO [44.849652804] <Event name="StateInfo" time="44.849144382" tag="vvvvv" TaskAutoShoot.state="SHOOT" />
TaskAutoShoot.autoTask_INFO [44.851452629] <Event name="StateInfo" time="44.851237662" tag="^^^^^" TaskAutoShoot.state="SHOOT" />
TaskAutoShoot.autoTask_INFO [44.919616724] <Event name="StateInfo" time="44.919413289" tag="vvvvv" TaskAutoShoot.state="SHOOT" />
TaskAutoShoot.autoTask_INFO [44.923641766] <Event name="StateInfo" time="44.923013896" tag="^^^^^" TaskAutoShoot.state="SHOOT" />
FrcTeleOp.operatorControllerButtonEvent_INFO [44.927364586] ##### button=Y, pressed=false
FrcTeleOp.shoot_INFO [44.929108551] >>>>> Stop Auto Shoot.
TaskAutoShoot.cancel_INFO [44.932103236] Canceling auto task operation.
TaskAutoShoot.stopSubsystems_INFO [44.934379295] Stopping subsystems.
Shooter.LeftTransferMotor.cancel_INFO [44.940601611] Cancel: stopping motor.
Shooter.RightTransferMotor.cancel_INFO [44.942641482] Cancel: stopping motor.
Shooter.FeederMotor.cancel_INFO [44.945654419] Cancel: stopping motor.
Shooter.LeftShooter.disableGoalTracking_INFO [44.948562944] Disable Goal Tracking.
Shooter.LeftShooter.stopGoalTracking_INFO [44.950449247] Stop GoalTracking.
Shooter.LeftTiltMotor.cancel_INFO [44.952415696] Cancel: stopping motor.
Shooter.LeftPrimaryMotor.cancel_INFO [44.9546301] Cancel: stopping motor.
Shooter.RightShooter.disableGoalTracking_INFO [44.95705338] Disable Goal Tracking.
Shooter.RightShooter.stopGoalTracking_INFO [44.958098158] Stop GoalTracking.
Shooter.RightTiltMotor.cancel_INFO [44.962243507] Cancel: stopping motor.
Shooter.RightPrimaryMotor.cancel_INFO [44.964570162] Cancel: stopping motor.
Shooter.LeftShooter.cancel_INFO [44.966874963] owner=null
Shooter.LeftPrimaryMotor.cancel_INFO [44.968825595] Cancel: stopping motor.
Shooter.LeftTiltMotor.cancel_INFO [44.970986216] Cancel: stopping motor.
Shooter.RightShooter.cancel_INFO [44.974499869] owner=null
Shooter.RightPrimaryMotor.cancel_INFO [44.975954687] Cancel: stopping motor.
Shooter.RightTiltMotor.cancel_INFO [44.981701046] Cancel: stopping motor.
Shooter.LeftTransferMotor.cancel_INFO [44.989256186] Cancel: stopping motor.
Shooter.RightTransferMotor.cancel_INFO [44.991324361] Cancel: stopping motor.
Shooter.FeederMotor.cancel_INFO [44.992689936] Cancel: stopping motor.
OV9782_LeftShooter.getRobotEstimatedInfo_ERR [45.106507697] [fpgaTime=149888624] PhotonVision.getAllUnreadResults threw an exception.
Index 1059 out of bounds for length 1059
FrcDashboard.task.run_FATAL [45.106618482] Caught unexpected exception:
java.lang.IndexOutOfBoundsException: Index 0 out of bounds for length 0
TrcDbgTrace.run_ERR [45.115683802] Stack Trace (depth=12):
java.base/jdk.internal.util.Preconditions.outOfBounds(Unknown Source)
java.base/jdk.internal.util.Preconditions.outOfBoundsCheckIndex(Unknown Source)
java.base/jdk.internal.util.Preconditions.checkIndex(Unknown Source)
java.base/java.util.Objects.checkIndex(Unknown Source)
java.base/java.util.ArrayList.get(Unknown Source)
frclib.vision.FrcPhotonVision$DetectedObject.<init>(FrcPhotonVision.java:101)
frclib.vision.FrcPhotonVision.getDetectedAprilTag(FrcPhotonVision.java:672)
teamcode.vision.Vision.updateStatus(Vision.java:429)
frclib.driverio.FrcDashboard.dashboardTask(FrcDashboard.java:212)
trclib.robotcore.TrcTaskMgr$TaskObject.standaloneTask(TrcTaskMgr.java:425)
trclib.robotcore.TrcPeriodicThread.run(TrcPeriodicThread.java:351)
java.base/java.lang.Thread.run(Unknown Source)
TrcDbgTrace.getRobotEstimatedInfo_ERR [45.115948164] Stack Trace (depth=18):
org.photonvision.common.dataflow.structures.Packet.decodeByte(Packet.java:297)
org.photonvision.common.dataflow.structures.Packet.decodeList(Packet.java:413)
org.photonvision.struct.PhotonTrackedTargetSerde.unpack(PhotonTrackedTargetSerde.java:131)
org.photonvision.struct.PhotonTrackedTargetSerde.unpack(PhotonTrackedTargetSerde.java:43)
org.photonvision.common.dataflow.structures.Packet.decodeList(Packet.java:419)
org.photonvision.struct.PhotonPipelineResultSerde.unpack(PhotonPipelineResultSerde.java:78)
org.photonvision.struct.PhotonPipelineResultSerde.unpack(PhotonPipelineResultSerde.java:43)
org.photonvision.common.networktables.PacketSubscriber.parse(PacketSubscriber.java:66)
org.photonvision.common.networktables.PacketSubscriber.getAllChanges(PacketSubscriber.java:110)
org.photonvision.PhotonCamera.getAllUnreadResults(PhotonCamera.java:262)
frclib.vision.FrcPhotonVision.getRobotEstimatedInfo(FrcPhotonVision.java:750)
frclib.drivebase.FrcSwerveDrive.visionUpdate(FrcSwerveDrive.java:169)
teamcode.Robot.relocalizeRobot(Robot.java:407)
teamcode.Robot.robotPeriodic(Robot.java:463)
frclib.robotcore.FrcRobot.startCompetition(FrcRobot.java:624)
edu.wpi.first.wpilibj.RobotBase.runRobot(RobotBase.java:436)
edu.wpi.first.wpilibj.RobotBase.startRobot(RobotBase.java:527)
teamcode.Main.main(Main.java:33)
FrcTeleOp.operatorControllerButtonEvent_INFO [45.152738923] ##### button=Y, pressed=true
FrcTeleOp.shoot_INFO [45.15416399] >>>>> Start Auto Shoot.
TaskAutoShoot.autoShoot_INFO [45.154907651] autoShoot(owner=null, event=null, taskParams=(autoStop=false, noPassback=false))
Shooter.setupGoalTrackingMode_INFO [45.159330844] GoalTracking(trackingMode=AllianceHub, goalPose=(x=-158.838583,y=182.110000,angle=0.000000), noPassback=false).
Shooter.LeftShooter.enableGoalTracking_INFO [45.159891216] Enable GoalTracking (trackingParams=(trackFlywheel=true,trackTiltPos=true,trackPanPos=true)).
Shooter.LeftPrimaryMotor.cancel_INFO [45.163407313] Cancel: stopping motor.
Shooter.LeftTiltMotor.cancel_INFO [45.17081411] Cancel: stopping motor.
Shooter.RightShooter.enableGoalTracking_INFO [45.17391252] Enable GoalTracking (trackingParams=(trackFlywheel=true,trackTiltPos=true,trackPanPos=true)).
Shooter.RightPrimaryMotor.cancel_INFO [45.175911339] Cancel: stopping motor.
Shooter.RightTiltMotor.cancel_INFO [45.179312123] Cancel: stopping motor.
TaskAutoShoot.autoTask_INFO [45.255349658] <Event name="StateInfo" time="45.254928398" tag="vvvvv" TaskAutoShoot.state="START" />
TaskAutoShoot.runTaskState_INFO [45.261854097] ***** Wait for left Shooter ready.
TaskAutoShoot.runTaskState_INFO [45.26623994] ***** Wait for right Shooter ready.
TaskAutoShoot.runTaskState_INFO [45.270435888] ***** Wait for Turret ready.
TaskAutoShoot.autoTask_INFO [45.274644295] <Event name="StateInfo" time="45.272578128" tag="^^^^^" TaskAutoShoot.state="START" />
Shooter.TurretMotor.pidCtrlTask_INFO [45.373572636] controlMode: Position,onTarget=true(27.256928290410173/25.59696464379527), stalled=false, expired=false, event=(TaskAutoShoot.turretReady=SIGNALED)
Shooter.LeftShooter.goalTrackingTask_INFO [45.413176975] Shooter.LeftShooter is Ready: rpm1=5160.775240/5139.927325, rpm2=3211.875000/0.000000, tilt=26.316647/25.760736, pan=null/null
Shooter.RightShooter.goalTrackingTask_INFO [45.439443764] Shooter.RightShooter is Ready: rpm1=5474.450120/5510.812503, rpm2=3397.500000/0.000000, tilt=26.316647/25.760736, pan=null/null
TaskAutoShoot.autoTask_INFO [45.445215355] <Event name="StateInfo" time="45.444854123" tag="vvvvv" TaskAutoShoot.state="SHOOT" />
TaskAutoShoot.runTaskState_INFO [45.446858811] ***** Start left shooter shooting.
Shooter.shoot_INFO [45.449714095] shoot(owner=null, event=(TaskAutoShoot.leftShooterDone=CLEARED), shooter=leftShooter, autoStop=false)
Shooter.LeftTransferMotor.cancel_INFO [45.454818695] Cancel: stopping motor.
TaskAutoShoot.runTaskState_INFO [45.46080687] ***** Start right shooter shooting.
Shooter.shoot_INFO [45.468207203] shoot(owner=null, event=(TaskAutoShoot.rightShooterDone=CLEARED), shooter=rightShooter, autoStop=false)
Shooter.RightTransferMotor.cancel_INFO [45.471511429] Cancel: stopping motor.
TaskAutoShoot.autoTask_INFO [45.476236401] <Event name="StateInfo" time="45.475351127" tag="^^^^^" TaskAutoShoot.state="SHOOT" />
TrcWatchdogMgr.checkForExpiration_WARN [46.830486553] ([1.7730045767405221E9]FrcDashboard.task:threshold=1.0,expiredTime=1.7730045759826312E9,expired=true,paused=false) expired.
TrcDbgTrace.checkForExpiration_INFO [46.833961555] Thread stack: 
FrcTeleOp.operatorControllerButtonEvent_INFO [50.345036811] ##### button=Y, pressed=false
FrcTeleOp.shoot_INFO [50.35224585] >>>>> Stop Auto Shoot.
TaskAutoShoot.cancel_INFO [50.357983108] Canceling auto task operation.
TaskAutoShoot.stopSubsystems_INFO [50.362424209] Stopping subsystems.
Shooter.LeftTransferMotor.cancel_INFO [50.365255048] Cancel: stopping motor.
Shooter.RightTransferMotor.cancel_INFO [50.368832073] Cancel: stopping motor.
Shooter.FeederMotor.cancel_INFO [50.37191659] Cancel: stopping motor.
Shooter.LeftShooter.disableGoalTracking_INFO [50.376507623] Disable Goal Tracking.
Shooter.LeftShooter.stopGoalTracking_INFO [50.377782944] Stop GoalTracking.
Shooter.LeftTiltMotor.cancel_INFO [50.3816659] Cancel: stopping motor.
Shooter.LeftPrimaryMotor.cancel_INFO [50.383779291] Cancel: stopping motor.
Shooter.RightShooter.disableGoalTracking_INFO [50.386443298] Disable Goal Tracking.
Shooter.RightShooter.stopGoalTracking_INFO [50.387284053] Stop GoalTracking.
Shooter.RightTiltMotor.cancel_INFO [50.389285731] Cancel: stopping motor.
Shooter.RightPrimaryMotor.cancel_INFO [50.390803178] Cancel: stopping motor.
Shooter.LeftShooter.cancel_INFO [50.393655912] owner=null
Shooter.LeftPrimaryMotor.cancel_INFO [50.3962615] Cancel: stopping motor.
Shooter.LeftTiltMotor.cancel_INFO [50.397670914] Cancel: stopping motor.
Shooter.RightShooter.cancel_INFO [50.39915626] owner=null
Shooter.RightPrimaryMotor.cancel_INFO [50.403311364] Cancel: stopping motor.
Shooter.RightTiltMotor.cancel_INFO [50.405765129] Cancel: stopping motor.
Shooter.LeftTransferMotor.cancel_INFO [50.407859881] Cancel: stopping motor.
Shooter.RightTransferMotor.cancel_INFO [50.410040115] Cancel: stopping motor.
Shooter.FeederMotor.cancel_INFO [50.412049909] Cancel: stopping motor.
FrcTeleOp.driverControllerButtonEvent_INFO [51.284829552] ##### button=A, pressed=true
FrcTeleOp.driverControllerButtonEvent_INFO [51.335674294] ##### button=A, pressed=false
FrcTeleOp.driverControllerButtonEvent_INFO [58.031179252] ##### button=A, pressed=true
FrcTeleOp.driverControllerButtonEvent_INFO [58.082082821] ##### button=A, pressed=false
FrcTeleOp.operatorControllerButtonEvent_INFO [58.083795835] ##### button=Y, pressed=true
FrcTeleOp.shoot_INFO [58.08450951] >>>>> Start Auto Shoot.
TaskAutoShoot.autoShoot_INFO [58.08576579] autoShoot(owner=null, event=null, taskParams=(autoStop=false, noPassback=false))
Shooter.setupGoalTrackingMode_INFO [58.086343578] GoalTracking(trackingMode=AllianceHub, goalPose=(x=-158.838583,y=182.110000,angle=0.000000), noPassback=false).
Shooter.LeftShooter.enableGoalTracking_INFO [58.087012874] Enable GoalTracking (trackingParams=(trackFlywheel=true,trackTiltPos=true,trackPanPos=true)).
Shooter.LeftPrimaryMotor.cancel_INFO [58.087881265] Cancel: stopping motor.
Shooter.LeftTiltMotor.cancel_INFO [58.0885065] Cancel: stopping motor.
Shooter.RightShooter.enableGoalTracking_INFO [58.089540868] Enable GoalTracking (trackingParams=(trackFlywheel=true,trackTiltPos=true,trackPanPos=true)).
Shooter.RightPrimaryMotor.cancel_INFO [58.090453994] Cancel: stopping motor.
Shooter.RightTiltMotor.cancel_INFO [58.091100108] Cancel: stopping motor.
TaskAutoShoot.autoTask_INFO [58.186187432] <Event name="StateInfo" time="58.185807759" tag="vvvvv" TaskAutoShoot.state="START" />
TaskAutoShoot.runTaskState_INFO [58.188062683] ***** Wait for left Shooter ready.
TaskAutoShoot.runTaskState_INFO [58.191811873] ***** Wait for right Shooter ready.
TaskAutoShoot.runTaskState_INFO [58.195485563] ***** Wait for Turret ready.
TaskAutoShoot.autoTask_INFO [58.198733028] <Event name="StateInfo" time="58.197599748" tag="^^^^^" TaskAutoShoot.state="START" />
TaskAutoShoot.autoTask_INFO [58.374665465] <Event name="StateInfo" time="58.374478463" tag="vvvvv" TaskAutoShoot.state="SHOOT" />
TaskAutoShoot.autoTask_INFO [58.376688344] <Event name="StateInfo" time="58.375084207" tag="^^^^^" TaskAutoShoot.state="SHOOT" />
TaskAutoShoot.autoTask_INFO [58.456719016] <Event name="StateInfo" time="58.456493425" tag="vvvvv" TaskAutoShoot.state="SHOOT" />
TaskAutoShoot.autoTask_INFO [58.46403059] <Event name="StateInfo" time="58.46302583" tag="^^^^^" TaskAutoShoot.state="SHOOT" />
TaskAutoShoot.autoTask_INFO [58.535144985] <Event name="StateInfo" time="58.534956746" tag="vvvvv" TaskAutoShoot.state="SHOOT" />
TaskAutoShoot.autoTask_INFO [58.536886531] <Event name="StateInfo" time="58.535772956" tag="^^^^^" TaskAutoShoot.state="SHOOT" />
TaskAutoShoot.autoTask_INFO [58.605959564] <Event name="StateInfo" time="58.605635924" tag="vvvvv" TaskAutoShoot.state="SHOOT" />
TaskAutoShoot.autoTask_INFO [58.606387613] <Event name="StateInfo" time="58.606233724" tag="^^^^^" TaskAutoShoot.state="SHOOT" />
TaskAutoShoot.autoTask_INFO [58.68393736] <Event name="StateInfo" time="58.683593565" tag="vvvvv" TaskAutoShoot.state="SHOOT" />
TaskAutoShoot.autoTask_INFO [58.685581091] <Event name="StateInfo" time="58.684208064" tag="^^^^^" TaskAutoShoot.state="SHOOT" />
TaskAutoShoot.autoTask_INFO [58.757988577] <Event name="StateInfo" time="58.757776295" tag="vvvvv" TaskAutoShoot.state="SHOOT" />
TaskAutoShoot.autoTask_INFO [58.759181795] <Event name="StateInfo" time="58.758289895" tag="^^^^^" TaskAutoShoot.state="SHOOT" />
TaskAutoShoot.autoTask_INFO [58.831971078] <Event name="StateInfo" time="58.831760199" tag="vvvvv" TaskAutoShoot.state="SHOOT" />
TaskAutoShoot.autoTask_INFO [58.832563862] <Event name="StateInfo" time="58.832268362" tag="^^^^^" TaskAutoShoot.state="SHOOT" />
TaskAutoShoot.autoTask_INFO [58.905824613] <Event name="StateInfo" time="58.905404698" tag="vvvvv" TaskAutoShoot.state="SHOOT" />
TaskAutoShoot.autoTask_INFO [58.915212305] <Event name="StateInfo" time="58.915003972" tag="^^^^^" TaskAutoShoot.state="SHOOT" />
FrcTeleOp.operatorControllerButtonEvent_INFO [58.922498978] ##### button=Y, pressed=false
FrcTeleOp.shoot_INFO [58.924521885] >>>>> Stop Auto Shoot.
TaskAutoShoot.cancel_INFO [58.927232419] Canceling auto task operation.
TaskAutoShoot.stopSubsystems_INFO [58.927771088] Stopping subsystems.
Shooter.LeftTransferMotor.cancel_INFO [58.928185755] Cancel: stopping motor.
Shooter.RightTransferMotor.cancel_INFO [58.932974632] Cancel: stopping motor.
Shooter.FeederMotor.cancel_INFO [58.933912783] Cancel: stopping motor.
Shooter.LeftShooter.disableGoalTracking_INFO [58.934522157] Disable Goal Tracking.
Shooter.LeftShooter.stopGoalTracking_INFO [58.936344673] Stop GoalTracking.
Shooter.LeftTiltMotor.cancel_INFO [58.936740147] Cancel: stopping motor.
Shooter.LeftPrimaryMotor.cancel_INFO [58.945928817] Cancel: stopping motor.
Shooter.RightShooter.disableGoalTracking_INFO [58.947054267] Disable Goal Tracking.
Shooter.RightShooter.stopGoalTracking_INFO [58.947414588] Stop GoalTracking.
Shooter.RightTiltMotor.cancel_INFO [58.949081304] Cancel: stopping motor.
Shooter.RightPrimaryMotor.cancel_INFO [58.949581109] Cancel: stopping motor.
Shooter.LeftShooter.cancel_INFO [58.952108978] owner=null
Shooter.LeftPrimaryMotor.cancel_INFO [58.954246372] Cancel: stopping motor.
Shooter.LeftTiltMotor.cancel_INFO [58.95636746] Cancel: stopping motor.
Shooter.RightShooter.cancel_INFO [58.960393278] owner=null
Shooter.RightPrimaryMotor.cancel_INFO [58.963359265] Cancel: stopping motor.
Shooter.RightTiltMotor.cancel_INFO [58.964760952] Cancel: stopping motor.
Shooter.LeftTransferMotor.cancel_INFO [58.965258207] Cancel: stopping motor.
Shooter.RightTransferMotor.cancel_INFO [58.968942029] Cancel: stopping motor.
Shooter.FeederMotor.cancel_INFO [58.971995446] Cancel: stopping motor.
FrcTeleOp.operatorControllerButtonEvent_INFO [59.072246351] ##### button=Y, pressed=true
FrcTeleOp.shoot_INFO [59.074163535] >>>>> Start Auto Shoot.
TaskAutoShoot.autoShoot_INFO [59.075896589] autoShoot(owner=null, event=null, taskParams=(autoStop=false, noPassback=false))
Shooter.setupGoalTrackingMode_INFO [59.091324918] GoalTracking(trackingMode=AllianceHub, goalPose=(x=-158.838583,y=182.110000,angle=0.000000), noPassback=false).
Shooter.LeftShooter.enableGoalTracking_INFO [59.09240765] Enable GoalTracking (trackingParams=(trackFlywheel=true,trackTiltPos=true,trackPanPos=true)).
Shooter.LeftPrimaryMotor.cancel_INFO [59.094189239] Cancel: stopping motor.
Shooter.LeftTiltMotor.cancel_INFO [59.095426603] Cancel: stopping motor.
Shooter.RightShooter.enableGoalTracking_INFO [59.096809112] Enable GoalTracking (trackingParams=(trackFlywheel=true,trackTiltPos=true,trackPanPos=true)).
Shooter.RightPrimaryMotor.cancel_INFO [59.098387633] Cancel: stopping motor.
Shooter.RightTiltMotor.cancel_INFO [59.10387729] Cancel: stopping motor.
TaskAutoShoot.autoTask_INFO [59.19455494] <Event name="StateInfo" time="59.194268708" tag="vvvvv" TaskAutoShoot.state="START" />
TaskAutoShoot.runTaskState_INFO [59.196199559] ***** Wait for left Shooter ready.
TaskAutoShoot.runTaskState_INFO [59.199053503] ***** Wait for right Shooter ready.
TaskAutoShoot.runTaskState_INFO [59.201389485] ***** Wait for Turret ready.
TaskAutoShoot.autoTask_INFO [59.203035156] <Event name="StateInfo" time="59.202720486" tag="^^^^^" TaskAutoShoot.state="START" />
Shooter.TurretMotor.pidCtrlTask_INFO [59.228952131] controlMode: Position,onTarget=true(58.39301443408523/58.206216127826394), stalled=false, expired=false, event=(TaskAutoShoot.turretReady=SIGNALED)
TaskAutoShoot.autoTask_INFO [59.276441986] <Event name="StateInfo" time="59.273395078" tag="vvvvv" TaskAutoShoot.state="SHOOT" />
TaskAutoShoot.autoTask_INFO [59.279008752] <Event name="StateInfo" time="59.277320082" tag="^^^^^" TaskAutoShoot.state="SHOOT" />
Shooter.LeftShooter.goalTrackingTask_INFO [59.331573541] Shooter.LeftShooter is Ready: rpm1=5288.743990/5341.032631, rpm2=3278.320313/0.000000, tilt=27.265315/27.335696, pan=null/null
TaskAutoShoot.autoTask_INFO [59.352137736] <Event name="StateInfo" time="59.351728742" tag="vvvvv" TaskAutoShoot.state="SHOOT" />
TaskAutoShoot.runTaskState_INFO [59.352723959] ***** Start left shooter shooting.
Shooter.shoot_INFO [59.353536784] shoot(owner=null, event=(TaskAutoShoot.leftShooterDone=CLEARED), shooter=leftShooter, autoStop=false)
Shooter.LeftTransferMotor.cancel_INFO [59.357707405] Cancel: stopping motor.
TaskAutoShoot.autoTask_INFO [59.36504951] <Event name="StateInfo" time="59.36484726" tag="^^^^^" TaskAutoShoot.state="SHOOT" />
Shooter.RightShooter.goalTrackingTask_INFO [59.437146744] Shooter.RightShooter is Ready: rpm1=5224.570313/5249.303647, rpm2=3208.359375/0.000000, tilt=27.304843/27.854232, pan=null/null
TaskAutoShoot.autoTask_INFO [59.441803706] <Event name="StateInfo" time="59.441433077" tag="vvvvv" TaskAutoShoot.state="SHOOT" />
TaskAutoShoot.runTaskState_INFO [59.444499986] ***** Start right shooter shooting.
Shooter.shoot_INFO [59.447481887] shoot(owner=null, event=(TaskAutoShoot.rightShooterDone=CLEARED), shooter=rightShooter, autoStop=false)
Shooter.RightTransferMotor.cancel_INFO [59.4496864] Cancel: stopping motor.
TaskAutoShoot.autoTask_INFO [59.451917009] <Event name="StateInfo" time="59.451712863" tag="^^^^^" TaskAutoShoot.state="SHOOT" />
FrcTeleOp.operatorControllerButtonEvent_INFO [60.713743561] ##### button=Y, pressed=false
FrcTeleOp.shoot_INFO [60.715544073] >>>>> Stop Auto Shoot.
TaskAutoShoot.cancel_INFO [60.717211464] Canceling auto task operation.
TaskAutoShoot.stopSubsystems_INFO [60.722900604] Stopping subsystems.
Shooter.LeftTransferMotor.cancel_INFO [60.724645762] Cancel: stopping motor.
Shooter.RightTransferMotor.cancel_INFO [60.726107549] Cancel: stopping motor.
Shooter.FeederMotor.cancel_INFO [60.727287995] Cancel: stopping motor.
Shooter.LeftShooter.disableGoalTracking_INFO [60.728587697] Disable Goal Tracking.
Shooter.LeftShooter.stopGoalTracking_INFO [60.729746389] Stop GoalTracking.
Shooter.LeftTiltMotor.cancel_INFO [60.731247472] Cancel: stopping motor.
Shooter.LeftPrimaryMotor.cancel_INFO [60.733159113] Cancel: stopping motor.
Shooter.RightShooter.disableGoalTracking_INFO [60.734700156] Disable Goal Tracking.
Shooter.RightShooter.stopGoalTracking_INFO [60.735785449] Stop GoalTracking.
Shooter.RightTiltMotor.cancel_INFO [60.737246006] Cancel: stopping motor.
Shooter.RightPrimaryMotor.cancel_INFO [60.739711951] Cancel: stopping motor.
Shooter.LeftShooter.cancel_INFO [60.742067856] owner=null
Shooter.LeftPrimaryMotor.cancel_INFO [60.746278072] Cancel: stopping motor.
Shooter.LeftTiltMotor.cancel_INFO [60.748008724] Cancel: stopping motor.
Shooter.RightShooter.cancel_INFO [60.749203598] owner=null
Shooter.RightPrimaryMotor.cancel_INFO [60.750633481] Cancel: stopping motor.
Shooter.RightTiltMotor.cancel_INFO [60.752529467] Cancel: stopping motor.
Shooter.LeftTransferMotor.cancel_INFO [60.754052902] Cancel: stopping motor.
Shooter.RightTransferMotor.cancel_INFO [60.75517835] Cancel: stopping motor.
Shooter.FeederMotor.cancel_INFO [60.756498352] Cancel: stopping motor.
FrcTeleOp.driverControllerButtonEvent_INFO [62.435564175] ##### button=A, pressed=true
FrcTeleOp.driverControllerButtonEvent_INFO [62.486354116] ##### button=A, pressed=false
FrcTeleOp.operatorControllerButtonEvent_INFO [65.299879772] ##### button=Y, pressed=true
FrcTeleOp.shoot_INFO [65.301523333] >>>>> Start Auto Shoot.
TaskAutoShoot.autoShoot_INFO [65.303271955] autoShoot(owner=null, event=null, taskParams=(autoStop=false, noPassback=false))
Shooter.setupGoalTrackingMode_INFO [65.304686236] GoalTracking(trackingMode=Passback, goalPose=(x=-60.000000,y=48.000000,angle=0.000000), noPassback=false).
Shooter.LeftShooter.enableGoalTracking_INFO [65.305889891] Enable GoalTracking (trackingParams=(trackFlywheel=true,trackTiltPos=true,trackPanPos=true)).
Shooter.LeftPrimaryMotor.cancel_INFO [65.307341575] Cancel: stopping motor.
Shooter.LeftTiltMotor.cancel_INFO [65.308468234] Cancel: stopping motor.
Shooter.RightShooter.enableGoalTracking_INFO [65.309732397] Enable GoalTracking (trackingParams=(trackFlywheel=true,trackTiltPos=true,trackPanPos=true)).
Shooter.RightPrimaryMotor.cancel_INFO [65.310691878] Cancel: stopping motor.
Shooter.RightTiltMotor.cancel_INFO [65.311693581] Cancel: stopping motor.
TaskAutoShoot.autoTask_INFO [65.404255446] <Event name="StateInfo" time="65.398752274" tag="vvvvv" TaskAutoShoot.state="START" />
TaskAutoShoot.runTaskState_INFO [65.404741504] ***** Wait for left Shooter ready.
TaskAutoShoot.runTaskState_INFO [65.405127345] ***** Wait for right Shooter ready.
TaskAutoShoot.runTaskState_INFO [65.405376073] ***** Wait for Turret ready.
TaskAutoShoot.autoTask_INFO [65.405801921] <Event name="StateInfo" time="65.405593123" tag="^^^^^" TaskAutoShoot.state="START" />
TaskAutoShoot.autoTask_INFO [65.554957562] <Event name="StateInfo" time="65.554625042" tag="vvvvv" TaskAutoShoot.state="SHOOT" />
TaskAutoShoot.autoTask_INFO [65.557255887] <Event name="StateInfo" time="65.555254583" tag="^^^^^" TaskAutoShoot.state="SHOOT" />
TaskAutoShoot.autoTask_INFO [65.614231016] <Event name="StateInfo" time="65.613843898" tag="vvvvv" TaskAutoShoot.state="SHOOT" />
TaskAutoShoot.autoTask_INFO [65.614678161] <Event name="StateInfo" time="65.614514811" tag="^^^^^" TaskAutoShoot.state="SHOOT" />
TaskAutoShoot.autoTask_INFO [65.692351795] <Event name="StateInfo" time="65.692149618" tag="vvvvv" TaskAutoShoot.state="SHOOT" />
TaskAutoShoot.autoTask_INFO [65.697629123] <Event name="StateInfo" time="65.693307461" tag="^^^^^" TaskAutoShoot.state="SHOOT" />
TaskAutoShoot.autoTask_INFO [65.761479398] <Event name="StateInfo" time="65.761283011" tag="vvvvv" TaskAutoShoot.state="SHOOT" />
TaskAutoShoot.autoTask_INFO [65.762918519] <Event name="StateInfo" time="65.76269944" tag="^^^^^" TaskAutoShoot.state="SHOOT" />
TaskAutoShoot.autoTask_INFO [65.829401206] <Event name="StateInfo" time="65.829110965" tag="vvvvv" TaskAutoShoot.state="SHOOT" />
TaskAutoShoot.autoTask_INFO [65.833760038] <Event name="StateInfo" time="65.83327143" tag="^^^^^" TaskAutoShoot.state="SHOOT" />
TaskAutoShoot.autoTask_INFO [65.898279056] <Event name="StateInfo" time="65.897954479" tag="vvvvv" TaskAutoShoot.state="SHOOT" />
TaskAutoShoot.autoTask_INFO [65.899909483] <Event name="StateInfo" time="65.899606208" tag="^^^^^" TaskAutoShoot.state="SHOOT" />
TaskAutoShoot.autoTask_INFO [65.985452017] <Event name="StateInfo" time="65.985245278" tag="vvvvv" TaskAutoShoot.state="SHOOT" />
TaskAutoShoot.autoTask_INFO [65.987831576] <Event name="StateInfo" time="65.987178074" tag="^^^^^" TaskAutoShoot.state="SHOOT" />
FrcTeleOp.operatorControllerButtonEvent_INFO [65.99163244] ##### button=Y, pressed=false
FrcTeleOp.shoot_INFO [65.993958545] >>>>> Stop Auto Shoot.
TaskAutoShoot.cancel_INFO [65.996106409] Canceling auto task operation.
TaskAutoShoot.stopSubsystems_INFO [66.001456775] Stopping subsystems.
Shooter.LeftTransferMotor.cancel_INFO [66.006219501] Cancel: stopping motor.
Shooter.RightTransferMotor.cancel_INFO [66.008511455] Cancel: stopping motor.
Shooter.FeederMotor.cancel_INFO [66.010605155] Cancel: stopping motor.
Shooter.LeftShooter.disableGoalTracking_INFO [66.01334626] Disable Goal Tracking.
Shooter.LeftShooter.stopGoalTracking_INFO [66.014777848] Stop GoalTracking.
Shooter.LeftTiltMotor.cancel_INFO [66.016763902] Cancel: stopping motor.
Shooter.LeftPrimaryMotor.cancel_INFO [66.019411718] Cancel: stopping motor.
Shooter.RightShooter.disableGoalTracking_INFO [66.021384036] Disable Goal Tracking.
Shooter.RightShooter.stopGoalTracking_INFO [66.022880952] Stop GoalTracking.
Shooter.RightTiltMotor.cancel_INFO [66.02457121] Cancel: stopping motor.
Shooter.RightPrimaryMotor.cancel_INFO [66.027119941] Cancel: stopping motor.
Shooter.LeftShooter.cancel_INFO [66.028896356] owner=null
Shooter.LeftPrimaryMotor.cancel_INFO [66.03067085] Cancel: stopping motor.
Shooter.LeftTiltMotor.cancel_INFO [66.033827784] Cancel: stopping motor.
Shooter.RightShooter.cancel_INFO [66.035111131] owner=null
Shooter.RightPrimaryMotor.cancel_INFO [66.036472416] Cancel: stopping motor.
Shooter.RightTiltMotor.cancel_INFO [66.037804077] Cancel: stopping motor.
Shooter.LeftTransferMotor.cancel_INFO [66.040354485] Cancel: stopping motor.
Shooter.RightTransferMotor.cancel_INFO [66.041835456] Cancel: stopping motor.
Shooter.FeederMotor.cancel_INFO [66.043328863] Cancel: stopping motor.
FrcTeleOp.operatorControllerButtonEvent_INFO [66.144255811] ##### button=Y, pressed=true
FrcTeleOp.shoot_INFO [66.146582881] >>>>> Start Auto Shoot.
TaskAutoShoot.autoShoot_INFO [66.148654935] autoShoot(owner=null, event=null, taskParams=(autoStop=false, noPassback=false))
Shooter.setupGoalTrackingMode_INFO [66.154586687] GoalTracking(trackingMode=Passback, goalPose=(x=-60.000000,y=48.000000,angle=0.000000), noPassback=false).
Shooter.LeftShooter.enableGoalTracking_INFO [66.155964093] Enable GoalTracking (trackingParams=(trackFlywheel=true,trackTiltPos=true,trackPanPos=true)).
Shooter.LeftPrimaryMotor.cancel_INFO [66.16469158] Cancel: stopping motor.
Shooter.LeftTiltMotor.cancel_INFO [66.166400528] Cancel: stopping motor.
Shooter.RightShooter.enableGoalTracking_INFO [66.168274088] Enable GoalTracking (trackingParams=(trackFlywheel=true,trackTiltPos=true,trackPanPos=true)).
Shooter.RightPrimaryMotor.cancel_INFO [66.170265011] Cancel: stopping motor.
Shooter.RightTiltMotor.cancel_INFO [66.175347994] Cancel: stopping motor.
TaskAutoShoot.autoTask_INFO [66.252377779] <Event name="StateInfo" time="66.252179567" tag="vvvvv" TaskAutoShoot.state="START" />
TaskAutoShoot.runTaskState_INFO [66.256024027] ***** Wait for left Shooter ready.
TaskAutoShoot.runTaskState_INFO [66.257144615] ***** Wait for right Shooter ready.
TaskAutoShoot.runTaskState_INFO [66.257611323] ***** Wait for Turret ready.
TaskAutoShoot.autoTask_INFO [66.259151795] <Event name="StateInfo" time="66.258952498" tag="^^^^^" TaskAutoShoot.state="START" />
FrcTeleOp.driverControllerButtonEvent_INFO [66.267486132] ##### button=RightBumper, pressed=true
FrcTeleOp.driverControllerButtonEvent_INFO [66.26864638] >>>>> Slow Drive
Shooter.TurretMotor.pidCtrlTask_INFO [66.297047085] controlMode: Position,onTarget=true(-48.6544955972565/-48.78485608865513), stalled=false, expired=false, event=(TaskAutoShoot.turretReady=SIGNALED)
TaskAutoShoot.autoTask_INFO [66.355550095] <Event name="StateInfo" time="66.355360682" tag="vvvvv" TaskAutoShoot.state="SHOOT" />
TaskAutoShoot.autoTask_INFO [66.359606945] <Event name="StateInfo" time="66.359394893" tag="^^^^^" TaskAutoShoot.state="SHOOT" />
TaskAutoShoot.autoTask_INFO [66.42764788] <Event name="StateInfo" time="66.4274404" tag="vvvvv" TaskAutoShoot.state="SHOOT" />
TaskAutoShoot.autoTask_INFO [66.430443177] <Event name="StateInfo" time="66.430178983" tag="^^^^^" TaskAutoShoot.state="SHOOT" />
TaskAutoShoot.autoTask_INFO [66.499435724] <Event name="StateInfo" time="66.499245926" tag="vvvvv" TaskAutoShoot.state="SHOOT" />
TaskAutoShoot.autoTask_INFO [66.501674871] <Event name="StateInfo" time="66.501354003" tag="^^^^^" TaskAutoShoot.state="SHOOT" />
TaskAutoShoot.autoTask_INFO [66.572032968] <Event name="StateInfo" time="66.571804898" tag="vvvvv" TaskAutoShoot.state="SHOOT" />
TaskAutoShoot.autoTask_INFO [66.579088476] <Event name="StateInfo" time="66.578868574" tag="^^^^^" TaskAutoShoot.state="SHOOT" />
Shooter.LeftShooter.goalTrackingTask_INFO [66.632942338] Shooter.LeftShooter is Ready: rpm1=5944.678486/5927.923188, rpm2=3701.015625/0.000000, tilt=33.115440/32.840245, pan=null/null
TaskAutoShoot.autoTask_INFO [66.661003732] <Event name="StateInfo" time="66.660658939" tag="vvvvv" TaskAutoShoot.state="SHOOT" />
TaskAutoShoot.runTaskState_INFO [66.662058158] ***** Start left shooter shooting.
Shooter.shoot_INFO [66.667793934] shoot(owner=null, event=(TaskAutoShoot.leftShooterDone=CLEARED), shooter=leftShooter, autoStop=false)
Shooter.LeftTransferMotor.cancel_INFO [66.668688462] Cancel: stopping motor.
TaskAutoShoot.autoTask_INFO [66.670370274] <Event name="StateInfo" time="66.669923223" tag="^^^^^" TaskAutoShoot.state="SHOOT" />
Shooter.RightShooter.goalTrackingTask_INFO [66.747794345] Shooter.RightShooter is Ready: rpm1=5719.975962/5713.725037, rpm2=3531.562500/0.000000, tilt=32.878274/32.487002, pan=null/null
TaskAutoShoot.autoTask_INFO [66.748717872] <Event name="StateInfo" time="66.748534765" tag="vvvvv" TaskAutoShoot.state="SHOOT" />
TaskAutoShoot.runTaskState_INFO [66.749964487] ***** Start right shooter shooting.
Shooter.shoot_INFO [66.751903906] shoot(owner=null, event=(TaskAutoShoot.rightShooterDone=CLEARED), shooter=rightShooter, autoStop=false)
Shooter.RightTransferMotor.cancel_INFO [66.753341276] Cancel: stopping motor.
TaskAutoShoot.autoTask_INFO [66.754439276] <Event name="StateInfo" time="66.754255022" tag="^^^^^" TaskAutoShoot.state="SHOOT" />
Shooter.setupGoalTrackingMode_INFO [67.634281881] GoalTracking(trackingMode=Passback, goalPose=(x=-60.000000,y=48.000000,angle=0.000000), noPassback=false).
FrcTeleOp.operatorControllerButtonEvent_INFO [68.873533199] ##### button=Y, pressed=false
FrcTeleOp.shoot_INFO [68.875182633] >>>>> Stop Auto Shoot.
TaskAutoShoot.cancel_INFO [68.886429839] Canceling auto task operation.
TaskAutoShoot.stopSubsystems_INFO [68.889828218] Stopping subsystems.
Shooter.LeftTransferMotor.cancel_INFO [68.890700171] Cancel: stopping motor.
Shooter.RightTransferMotor.cancel_INFO [68.892490915] Cancel: stopping motor.
Shooter.FeederMotor.cancel_INFO [68.895865712] Cancel: stopping motor.
Shooter.LeftShooter.disableGoalTracking_INFO [68.89799114] Disable Goal Tracking.
Shooter.LeftShooter.stopGoalTracking_INFO [68.89936343] Stop GoalTracking.
Shooter.LeftTiltMotor.cancel_INFO [68.902417266] Cancel: stopping motor.
Shooter.LeftPrimaryMotor.cancel_INFO [68.905407389] Cancel: stopping motor.
Shooter.RightShooter.disableGoalTracking_INFO [68.907001933] Disable Goal Tracking.
Shooter.RightShooter.stopGoalTracking_INFO [68.909037906] Stop GoalTracking.
Shooter.RightTiltMotor.cancel_INFO [68.90991425] Cancel: stopping motor.
Shooter.RightPrimaryMotor.cancel_INFO [68.913275958] Cancel: stopping motor.
Shooter.LeftShooter.cancel_INFO [68.914408703] owner=null
Shooter.LeftPrimaryMotor.cancel_INFO [68.917807968] Cancel: stopping motor.
Shooter.LeftTiltMotor.cancel_INFO [68.919364301] Cancel: stopping motor.
Shooter.RightShooter.cancel_INFO [68.922617771] owner=null
Shooter.RightPrimaryMotor.cancel_INFO [68.925716651] Cancel: stopping motor.
Shooter.RightTiltMotor.cancel_INFO [68.927163667] Cancel: stopping motor.
Shooter.LeftTransferMotor.cancel_INFO [68.928645778] Cancel: stopping motor.
Shooter.RightTransferMotor.cancel_INFO [68.930676406] Cancel: stopping motor.
Shooter.FeederMotor.cancel_INFO [68.93220918] Cancel: stopping motor.
FrcTeleOp.driverControllerButtonEvent_INFO [69.583282687] ##### button=RightBumper, pressed=false
FrcTeleOp.driverControllerButtonEvent_INFO [69.585014838] >>>>> Normal Drive
FrcTeleOp.driverControllerButtonEvent_INFO [70.652746095] ##### button=A, pressed=true
FrcTeleOp.driverControllerButtonEvent_INFO [70.70823743] ##### button=A, pressed=false
FrcTeleOp.operatorControllerButtonEvent_INFO [72.027976394] ##### button=Y, pressed=true
FrcTeleOp.shoot_INFO [72.029838545] >>>>> Start Auto Shoot.
TaskAutoShoot.autoShoot_INFO [72.031730797] autoShoot(owner=null, event=null, taskParams=(autoStop=false, noPassback=false))
Shooter.setupGoalTrackingMode_INFO [72.033737142] GoalTracking(trackingMode=Passback, goalPose=(x=-60.000000,y=48.000000,angle=0.000000), noPassback=false).
Shooter.LeftShooter.enableGoalTracking_INFO [72.034890898] Enable GoalTracking (trackingParams=(trackFlywheel=true,trackTiltPos=true,trackPanPos=true)).
Shooter.LeftPrimaryMotor.cancel_INFO [72.038650359] Cancel: stopping motor.
Shooter.LeftTiltMotor.cancel_INFO [72.039915178] Cancel: stopping motor.
Shooter.RightShooter.enableGoalTracking_INFO [72.041238854] Enable GoalTracking (trackingParams=(trackFlywheel=true,trackTiltPos=true,trackPanPos=true)).
Shooter.RightPrimaryMotor.cancel_INFO [72.043407134] Cancel: stopping motor.
Shooter.RightTiltMotor.cancel_INFO [72.044690063] Cancel: stopping motor.
TaskAutoShoot.autoTask_INFO [72.107229221] <Event name="StateInfo" time="72.106939695" tag="vvvvv" TaskAutoShoot.state="START" />
TaskAutoShoot.runTaskState_INFO [72.108381237] ***** Wait for left Shooter ready.
TaskAutoShoot.runTaskState_INFO [72.109073914] ***** Wait for right Shooter ready.
TaskAutoShoot.runTaskState_INFO [72.109388701] ***** Wait for Turret ready.
TaskAutoShoot.autoTask_INFO [72.109763154] <Event name="StateInfo" time="72.109572938" tag="^^^^^" TaskAutoShoot.state="START" />
Shooter.setupGoalTrackingMode_INFO [72.115004676] GoalTracking(trackingMode=Passback, goalPose=(x=-257.677165,y=48.000000,angle=0.000000), noPassback=false).
TaskAutoShoot.autoTask_INFO [72.258668981] <Event name="StateInfo" time="72.258466878" tag="vvvvv" TaskAutoShoot.state="SHOOT" />
TaskAutoShoot.autoTask_INFO [72.262635971] <Event name="StateInfo" time="72.262450979" tag="^^^^^" TaskAutoShoot.state="SHOOT" />
TaskAutoShoot.autoTask_INFO [72.328241924] <Event name="StateInfo" time="72.328054004" tag="vvvvv" TaskAutoShoot.state="SHOOT" />
TaskAutoShoot.autoTask_INFO [72.332253746] <Event name="StateInfo" time="72.330670311" tag="^^^^^" TaskAutoShoot.state="SHOOT" />
TaskAutoShoot.autoTask_INFO [72.40075511] <Event name="StateInfo" time="72.400543091" tag="vvvvv" TaskAutoShoot.state="SHOOT" />
TaskAutoShoot.autoTask_INFO [72.402233914] <Event name="StateInfo" time="72.402031202" tag="^^^^^" TaskAutoShoot.state="SHOOT" />
TaskAutoShoot.autoTask_INFO [72.482120625] <Event name="StateInfo" time="72.479085679" tag="vvvvv" TaskAutoShoot.state="SHOOT" />
TaskAutoShoot.autoTask_INFO [72.48801395] <Event name="StateInfo" time="72.482735934" tag="^^^^^" TaskAutoShoot.state="SHOOT" />
TaskAutoShoot.autoTask_INFO [72.561287019] <Event name="StateInfo" time="72.561076662" tag="vvvvv" TaskAutoShoot.state="SHOOT" />
TaskAutoShoot.autoTask_INFO [72.56917369] <Event name="StateInfo" time="72.568971201" tag="^^^^^" TaskAutoShoot.state="SHOOT" />
TaskAutoShoot.autoTask_INFO [72.649872426] <Event name="StateInfo" time="72.649590249" tag="vvvvv" TaskAutoShoot.state="SHOOT" />
TaskAutoShoot.autoTask_INFO [72.658679785] <Event name="StateInfo" time="72.658330033" tag="^^^^^" TaskAutoShoot.state="SHOOT" />
TaskAutoShoot.autoTask_INFO [72.730639201] <Event name="StateInfo" time="72.730419843" tag="vvvvv" TaskAutoShoot.state="SHOOT" />
TaskAutoShoot.autoTask_INFO [72.731563249] <Event name="StateInfo" time="72.731372126" tag="^^^^^" TaskAutoShoot.state="SHOOT" />
TaskAutoShoot.autoTask_INFO [72.801504369] <Event name="StateInfo" time="72.801314718" tag="vvvvv" TaskAutoShoot.state="SHOOT" />
TaskAutoShoot.autoTask_INFO [72.80499459] <Event name="StateInfo" time="72.804791294" tag="^^^^^" TaskAutoShoot.state="SHOOT" />
TaskAutoShoot.autoTask_INFO [72.871438305] <Event name="StateInfo" time="72.87112015" tag="vvvvv" TaskAutoShoot.state="SHOOT" />
TaskAutoShoot.autoTask_INFO [72.876273105] <Event name="StateInfo" time="72.876063763" tag="^^^^^" TaskAutoShoot.state="SHOOT" />
TaskAutoShoot.autoTask_INFO [72.952398099] <Event name="StateInfo" time="72.950654866" tag="vvvvv" TaskAutoShoot.state="SHOOT" />
TaskAutoShoot.autoTask_INFO [72.962125117] <Event name="StateInfo" time="72.95598376" tag="^^^^^" TaskAutoShoot.state="SHOOT" />
TaskAutoShoot.autoTask_INFO [73.024645446] <Event name="StateInfo" time="73.024426776" tag="vvvvv" TaskAutoShoot.state="SHOOT" />
TaskAutoShoot.autoTask_INFO [73.027201391] <Event name="StateInfo" time="73.02568028" tag="^^^^^" TaskAutoShoot.state="SHOOT" />
TaskAutoShoot.autoTask_INFO [73.095722204] <Event name="StateInfo" time="73.09527712" tag="vvvvv" TaskAutoShoot.state="SHOOT" />
TaskAutoShoot.autoTask_INFO [73.102517869] <Event name="StateInfo" time="73.102309789" tag="^^^^^" TaskAutoShoot.state="SHOOT" />
TaskAutoShoot.autoTask_INFO [73.170627281] <Event name="StateInfo" time="73.170014194" tag="vvvvv" TaskAutoShoot.state="SHOOT" />
TaskAutoShoot.autoTask_INFO [73.17227247] <Event name="StateInfo" time="73.171633945" tag="^^^^^" TaskAutoShoot.state="SHOOT" />
TaskAutoShoot.autoTask_INFO [73.249347631] <Event name="StateInfo" time="73.249017409" tag="vvvvv" TaskAutoShoot.state="SHOOT" />
TaskAutoShoot.autoTask_INFO [73.250747219] <Event name="StateInfo" time="73.250559589" tag="^^^^^" TaskAutoShoot.state="SHOOT" />
TaskAutoShoot.autoTask_INFO [73.33343781] <Event name="StateInfo" time="73.333082072" tag="vvvvv" TaskAutoShoot.state="SHOOT" />
TaskAutoShoot.autoTask_INFO [73.334532035] <Event name="StateInfo" time="73.334324306" tag="^^^^^" TaskAutoShoot.state="SHOOT" />
TaskAutoShoot.autoTask_INFO [73.409006422] <Event name="StateInfo" time="73.408802134" tag="vvvvv" TaskAutoShoot.state="SHOOT" />
TaskAutoShoot.autoTask_INFO [73.410082451] <Event name="StateInfo" time="73.409902864" tag="^^^^^" TaskAutoShoot.state="SHOOT" />
TaskAutoShoot.autoTask_INFO [73.48131507] <Event name="StateInfo" time="73.481104791" tag="vvvvv" TaskAutoShoot.state="SHOOT" />
TaskAutoShoot.autoTask_INFO [73.488010718] <Event name="StateInfo" time="73.487786601" tag="^^^^^" TaskAutoShoot.state="SHOOT" />
TaskAutoShoot.autoTask_INFO [73.55676285] <Event name="StateInfo" time="73.555237391" tag="vvvvv" TaskAutoShoot.state="SHOOT" />
TaskAutoShoot.autoTask_INFO [73.55777694] <Event name="StateInfo" time="73.557331393" tag="^^^^^" TaskAutoShoot.state="SHOOT" />
TaskAutoShoot.autoTask_INFO [73.632375857] <Event name="StateInfo" time="73.632143512" tag="vvvvv" TaskAutoShoot.state="SHOOT" />
TaskAutoShoot.autoTask_INFO [73.633601235] <Event name="StateInfo" time="73.633063409" tag="^^^^^" TaskAutoShoot.state="SHOOT" />
TaskAutoShoot.autoTask_INFO [73.708407771] <Event name="StateInfo" time="73.70755563" tag="vvvvv" TaskAutoShoot.state="SHOOT" />
TaskAutoShoot.autoTask_INFO [73.710701072] <Event name="StateInfo" time="73.709828575" tag="^^^^^" TaskAutoShoot.state="SHOOT" />
FrcTeleOp.operatorControllerButtonEvent_INFO [73.71556218] ##### button=Y, pressed=false
FrcTeleOp.shoot_INFO [73.719933836] >>>>> Stop Auto Shoot.
TaskAutoShoot.cancel_INFO [73.721778582] Canceling auto task operation.
TaskAutoShoot.stopSubsystems_INFO [73.723014233] Stopping subsystems.
Shooter.LeftTransferMotor.cancel_INFO [73.724728671] Cancel: stopping motor.
Shooter.RightTransferMotor.cancel_INFO [73.726369897] Cancel: stopping motor.
Shooter.FeederMotor.cancel_INFO [73.727885066] Cancel: stopping motor.
Shooter.LeftShooter.disableGoalTracking_INFO [73.729385151] Disable Goal Tracking.
Shooter.LeftShooter.stopGoalTracking_INFO [73.730891836] Stop GoalTracking.
Shooter.LeftTiltMotor.cancel_INFO [73.73320567] Cancel: stopping motor.
Shooter.LeftPrimaryMotor.cancel_INFO [73.735356725] Cancel: stopping motor.
Shooter.RightShooter.disableGoalTracking_INFO [73.739618601] Disable Goal Tracking.
Shooter.RightShooter.stopGoalTracking_INFO [73.741400901] Stop GoalTracking.
Shooter.RightTiltMotor.cancel_INFO [73.742737217] Cancel: stopping motor.
Shooter.RightPrimaryMotor.cancel_INFO [73.744174664] Cancel: stopping motor.
Shooter.LeftShooter.cancel_INFO [73.745990731] owner=null
Shooter.LeftPrimaryMotor.cancel_INFO [73.748903636] Cancel: stopping motor.
Shooter.LeftTiltMotor.cancel_INFO [73.750103816] Cancel: stopping motor.
Shooter.RightShooter.cancel_INFO [73.751128168] owner=null
Shooter.RightPrimaryMotor.cancel_INFO [73.752504188] Cancel: stopping motor.
Shooter.RightTiltMotor.cancel_INFO [73.754013084] Cancel: stopping motor.
Shooter.LeftTransferMotor.cancel_INFO [73.755500671] Cancel: stopping motor.
Shooter.RightTransferMotor.cancel_INFO [73.756375312] Cancel: stopping motor.
Shooter.FeederMotor.cancel_INFO [73.757656852] Cancel: stopping motor.
FrcTeleOp.operatorControllerButtonEvent_INFO [73.890887075] ##### button=Y, pressed=true
FrcTeleOp.shoot_INFO [73.894046082] >>>>> Start Auto Shoot.
TaskAutoShoot.autoShoot_INFO [73.895827312] autoShoot(owner=null, event=null, taskParams=(autoStop=false, noPassback=false))
Shooter.setupGoalTrackingMode_INFO [73.916593547] GoalTracking(trackingMode=Passback, goalPose=(x=-257.677165,y=48.000000,angle=0.000000), noPassback=false).
Shooter.LeftShooter.enableGoalTracking_INFO [73.917878951] Enable GoalTracking (trackingParams=(trackFlywheel=true,trackTiltPos=true,trackPanPos=true)).
Shooter.LeftPrimaryMotor.cancel_INFO [73.921212749] Cancel: stopping motor.
Shooter.LeftTiltMotor.cancel_INFO [73.925042533] Cancel: stopping motor.
Shooter.RightShooter.enableGoalTracking_INFO [73.927053364] Enable GoalTracking (trackingParams=(trackFlywheel=true,trackTiltPos=true,trackPanPos=true)).
Shooter.RightPrimaryMotor.cancel_INFO [73.928963122] Cancel: stopping motor.
Shooter.RightTiltMotor.cancel_INFO [73.93272425] Cancel: stopping motor.
TaskAutoShoot.autoTask_INFO [74.014077391] <Event name="StateInfo" time="74.013879742" tag="vvvvv" TaskAutoShoot.state="START" />
TaskAutoShoot.runTaskState_INFO [74.022090026] ***** Wait for left Shooter ready.
TaskAutoShoot.runTaskState_INFO [74.022681903] ***** Wait for right Shooter ready.
TaskAutoShoot.runTaskState_INFO [74.022923299] ***** Wait for Turret ready.
TaskAutoShoot.autoTask_INFO [74.023536536] <Event name="StateInfo" time="74.023376371" tag="^^^^^" TaskAutoShoot.state="START" />
Shooter.TurretMotor.pidCtrlTask_INFO [74.053147372] controlMode: Position,onTarget=true(-121.81479482394678/-121.33223985313067), stalled=false, expired=false, event=(TaskAutoShoot.turretReady=SIGNALED)
TaskAutoShoot.autoTask_INFO [74.097370756] <Event name="StateInfo" time="74.097016138" tag="vvvvv" TaskAutoShoot.state="SHOOT" />
TaskAutoShoot.autoTask_INFO [74.103430232] <Event name="StateInfo" time="74.101919105" tag="^^^^^" TaskAutoShoot.state="SHOOT" />
TaskAutoShoot.autoTask_INFO [74.180472089] <Event name="StateInfo" time="74.179157701" tag="vvvvv" TaskAutoShoot.state="SHOOT" />
TaskAutoShoot.autoTask_INFO [74.181947425] <Event name="StateInfo" time="74.181723528" tag="^^^^^" TaskAutoShoot.state="SHOOT" />
TaskAutoShoot.autoTask_INFO [74.24922949] <Event name="StateInfo" time="74.249027297" tag="vvvvv" TaskAutoShoot.state="SHOOT" />
TaskAutoShoot.autoTask_INFO [74.256069365] <Event name="StateInfo" time="74.255873917" tag="^^^^^" TaskAutoShoot.state="SHOOT" />
Shooter.setupGoalTrackingMode_INFO [74.261162186] GoalTracking(trackingMode=Passback, goalPose=(x=-60.000000,y=48.000000,angle=0.000000), noPassback=false).
TaskAutoShoot.autoTask_INFO [74.337169779] <Event name="StateInfo" time="74.336139937" tag="vvvvv" TaskAutoShoot.state="SHOOT" />
TaskAutoShoot.autoTask_INFO [74.339153912] <Event name="StateInfo" time="74.338253231" tag="^^^^^" TaskAutoShoot.state="SHOOT" />
TaskAutoShoot.autoTask_INFO [74.405311607] <Event name="StateInfo" time="74.405107699" tag="vvvvv" TaskAutoShoot.state="SHOOT" />
TaskAutoShoot.autoTask_INFO [74.407465268] <Event name="StateInfo" time="74.407286705" tag="^^^^^" TaskAutoShoot.state="SHOOT" />
TaskAutoShoot.autoTask_INFO [74.48092818] <Event name="StateInfo" time="74.478781708" tag="vvvvv" TaskAutoShoot.state="SHOOT" />
TaskAutoShoot.autoTask_INFO [74.486603559] <Event name="StateInfo" time="74.483491417" tag="^^^^^" TaskAutoShoot.state="SHOOT" />
TaskAutoShoot.autoTask_INFO [74.560545788] <Event name="StateInfo" time="74.558701176" tag="vvvvv" TaskAutoShoot.state="SHOOT" />
TaskAutoShoot.autoTask_INFO [74.562787298] <Event name="StateInfo" time="74.562594779" tag="^^^^^" TaskAutoShoot.state="SHOOT" />
TaskAutoShoot.autoTask_INFO [74.637142071] <Event name="StateInfo" time="74.636844517" tag="vvvvv" TaskAutoShoot.state="SHOOT" />
TaskAutoShoot.autoTask_INFO [74.647616516] <Event name="StateInfo" time="74.64302349" tag="^^^^^" TaskAutoShoot.state="SHOOT" />
Shooter.LeftShooter.goalTrackingTask_INFO [74.696229341] Shooter.LeftShooter is Ready: rpm1=5306.538462/5276.196910, rpm2=3248.203125/0.000000, tilt=27.423427/26.815141, pan=null/null
TaskAutoShoot.autoTask_INFO [74.720711847] <Event name="StateInfo" time="74.720348183" tag="vvvvv" TaskAutoShoot.state="SHOOT" />
TaskAutoShoot.runTaskState_INFO [74.721556382] ***** Start left shooter shooting.
Shooter.shoot_INFO [74.722736213] shoot(owner=null, event=(TaskAutoShoot.leftShooterDone=CLEARED), shooter=leftShooter, autoStop=false)
Shooter.LeftTransferMotor.cancel_INFO [74.729876605] Cancel: stopping motor.
TaskAutoShoot.autoTask_INFO [74.732545544] <Event name="StateInfo" time="74.732329851" tag="^^^^^" TaskAutoShoot.state="SHOOT" />
TaskAutoShoot.autoTask_INFO [74.79417868] <Event name="StateInfo" time="74.793979752" tag="vvvvv" TaskAutoShoot.state="SHOOT" />
TaskAutoShoot.autoTask_INFO [74.795478271] <Event name="StateInfo" time="74.795284905" tag="^^^^^" TaskAutoShoot.state="SHOOT" />
TaskAutoShoot.autoTask_INFO [74.866003324] <Event name="StateInfo" time="74.865819664" tag="vvvvv" TaskAutoShoot.state="SHOOT" />
TaskAutoShoot.autoTask_INFO [74.868282166] <Event name="StateInfo" time="74.86625544" tag="^^^^^" TaskAutoShoot.state="SHOOT" />
TaskAutoShoot.autoTask_INFO [74.939263928] <Event name="StateInfo" time="74.939074467" tag="vvvvv" TaskAutoShoot.state="SHOOT" />
TaskAutoShoot.autoTask_INFO [74.940166097] <Event name="StateInfo" time="74.939896393" tag="^^^^^" TaskAutoShoot.state="SHOOT" />
TaskAutoShoot.autoTask_INFO [75.008481099] <Event name="StateInfo" time="75.008170754" tag="vvvvv" TaskAutoShoot.state="SHOOT" />
TaskAutoShoot.autoTask_INFO [75.014134131] <Event name="StateInfo" time="75.013916416" tag="^^^^^" TaskAutoShoot.state="SHOOT" />
TaskAutoShoot.autoTask_INFO [75.088079399] <Event name="StateInfo" time="75.087868326" tag="vvvvv" TaskAutoShoot.state="SHOOT" />
TaskAutoShoot.autoTask_INFO [75.089442278] <Event name="StateInfo" time="75.089244507" tag="^^^^^" TaskAutoShoot.state="SHOOT" />
TaskAutoShoot.autoTask_INFO [75.165762901] <Event name="StateInfo" time="75.165569232" tag="vvvvv" TaskAutoShoot.state="SHOOT" />
TaskAutoShoot.autoTask_INFO [75.174739909] <Event name="StateInfo" time="75.173419586" tag="^^^^^" TaskAutoShoot.state="SHOOT" />
TaskAutoShoot.autoTask_INFO [75.246377617] <Event name="StateInfo" time="75.245871623" tag="vvvvv" TaskAutoShoot.state="SHOOT" />
TaskAutoShoot.autoTask_INFO [75.24728142] <Event name="StateInfo" time="75.247085677" tag="^^^^^" TaskAutoShoot.state="SHOOT" />
TaskAutoShoot.autoTask_INFO [75.318879015] <Event name="StateInfo" time="75.318581768" tag="vvvvv" TaskAutoShoot.state="SHOOT" />
TaskAutoShoot.autoTask_INFO [75.325632232] <Event name="StateInfo" time="75.320791893" tag="^^^^^" TaskAutoShoot.state="SHOOT" />
TaskAutoShoot.autoTask_INFO [75.388590302] <Event name="StateInfo" time="75.388410918" tag="vvvvv" TaskAutoShoot.state="SHOOT" />
TaskAutoShoot.autoTask_INFO [75.393433138] <Event name="StateInfo" time="75.393225323" tag="^^^^^" TaskAutoShoot.state="SHOOT" />
TaskAutoShoot.autoTask_INFO [75.461419243] <Event name="StateInfo" time="75.4612133" tag="vvvvv" TaskAutoShoot.state="SHOOT" />
TaskAutoShoot.autoTask_INFO [75.462442178] <Event name="StateInfo" time="75.461884174" tag="^^^^^" TaskAutoShoot.state="SHOOT" />
TaskAutoShoot.autoTask_INFO [75.535640227] <Event name="StateInfo" time="75.535432272" tag="vvvvv" TaskAutoShoot.state="SHOOT" />
TaskAutoShoot.autoTask_INFO [75.539081116] <Event name="StateInfo" time="75.53654805" tag="^^^^^" TaskAutoShoot.state="SHOOT" />
FrcTeleOp.operatorControllerButtonEvent_INFO [75.54388153] ##### button=Y, pressed=false
FrcTeleOp.shoot_INFO [75.54498334] >>>>> Stop Auto Shoot.
TaskAutoShoot.cancel_INFO [75.547985216] Canceling auto task operation.
TaskAutoShoot.stopSubsystems_INFO [75.551472377] Stopping subsystems.
Shooter.LeftTransferMotor.cancel_INFO [75.552435903] Cancel: stopping motor.
Shooter.RightTransferMotor.cancel_INFO [75.553106659] Cancel: stopping motor.
Shooter.FeederMotor.cancel_INFO [75.554435357] Cancel: stopping motor.
Shooter.LeftShooter.disableGoalTracking_INFO [75.555883404] Disable Goal Tracking.
Shooter.LeftShooter.stopGoalTracking_INFO [75.556589837] Stop GoalTracking.
Shooter.LeftTiltMotor.cancel_INFO [75.557449821] Cancel: stopping motor.
Shooter.LeftPrimaryMotor.cancel_INFO [75.561956528] Cancel: stopping motor.
Shooter.RightShooter.disableGoalTracking_INFO [75.563541144] Disable Goal Tracking.
Shooter.RightShooter.stopGoalTracking_INFO [75.564421614] Stop GoalTracking.
Shooter.RightTiltMotor.cancel_INFO [75.565108097] Cancel: stopping motor.
Shooter.RightPrimaryMotor.cancel_INFO [75.565890525] Cancel: stopping motor.
Shooter.LeftShooter.cancel_INFO [75.566911598] owner=null
Shooter.LeftPrimaryMotor.cancel_INFO [75.572459412] Cancel: stopping motor.
Shooter.LeftTiltMotor.cancel_INFO [75.574019422] Cancel: stopping motor.
Shooter.RightShooter.cancel_INFO [75.57483817] owner=null
Shooter.RightPrimaryMotor.cancel_INFO [75.576450188] Cancel: stopping motor.
Shooter.RightTiltMotor.cancel_INFO [75.578432293] Cancel: stopping motor.
Shooter.LeftTransferMotor.cancel_INFO [75.585999209] Cancel: stopping motor.
Shooter.RightTransferMotor.cancel_INFO [75.586834524] Cancel: stopping motor.
Shooter.FeederMotor.cancel_INFO [75.58764688] Cancel: stopping motor.
FrcTeleOp.operatorControllerButtonEvent_INFO [76.102766242] ##### button=Y, pressed=true
FrcTeleOp.shoot_INFO [76.103576027] >>>>> Start Auto Shoot.
TaskAutoShoot.autoShoot_INFO [76.104737487] autoShoot(owner=null, event=null, taskParams=(autoStop=false, noPassback=false))
Shooter.setupGoalTrackingMode_INFO [76.114591326] GoalTracking(trackingMode=Passback, goalPose=(x=-60.000000,y=48.000000,angle=0.000000), noPassback=false).
Shooter.LeftShooter.enableGoalTracking_INFO [76.116494577] Enable GoalTracking (trackingParams=(trackFlywheel=true,trackTiltPos=true,trackPanPos=true)).
Shooter.LeftPrimaryMotor.cancel_INFO [76.117072211] Cancel: stopping motor.
Shooter.LeftTiltMotor.cancel_INFO [76.119138336] Cancel: stopping motor.
Shooter.RightShooter.enableGoalTracking_INFO [76.122706167] Enable GoalTracking (trackingParams=(trackFlywheel=true,trackTiltPos=true,trackPanPos=true)).
Shooter.RightPrimaryMotor.cancel_INFO [76.125061273] Cancel: stopping motor.
Shooter.RightTiltMotor.cancel_INFO [76.126378326] Cancel: stopping motor.
Shooter.RightShooter.goalTrackingTask_INFO [76.189204207] Shooter.RightShooter is TimedOut: rpm1=4589.080529/6057.156679, rpm2=782.812500/0.000000, tilt=16.988184/32.723341, pan=null/null
TaskAutoShoot.autoTask_INFO [76.1908507] <Event name="StateInfo" time="76.190601485" tag="vvvvv" TaskAutoShoot.state="START" />
TaskAutoShoot.runTaskState_INFO [76.19245974] ***** Wait for left Shooter ready.
TaskAutoShoot.runTaskState_INFO [76.194908638] ***** Wait for right Shooter ready.
TaskAutoShoot.runTaskState_INFO [76.196203295] ***** Wait for Turret ready.
TaskAutoShoot.autoTask_INFO [76.198201385] <Event name="StateInfo" time="76.197207552" tag="^^^^^" TaskAutoShoot.state="START" />
Shooter.setupGoalTrackingMode_INFO [76.268601392] GoalTracking(trackingMode=Passback, goalPose=(x=-60.000000,y=48.000000,angle=0.000000), noPassback=false).
TaskAutoShoot.autoTask_INFO [76.334671741] <Event name="StateInfo" time="76.334200489" tag="vvvvv" TaskAutoShoot.state="SHOOT" />
TaskAutoShoot.autoTask_INFO [76.335605752] <Event name="StateInfo" time="76.335426663" tag="^^^^^" TaskAutoShoot.state="SHOOT" />
TaskAutoShoot.autoTask_INFO [76.40822613] <Event name="StateInfo" time="76.407763622" tag="vvvvv" TaskAutoShoot.state="SHOOT" />
TaskAutoShoot.autoTask_INFO [76.414285558] <Event name="StateInfo" time="76.408789851" tag="^^^^^" TaskAutoShoot.state="SHOOT" />
TaskAutoShoot.autoTask_INFO [76.48808059] <Event name="StateInfo" time="76.486757521" tag="vvvvv" TaskAutoShoot.state="SHOOT" />
TaskAutoShoot.autoTask_INFO [76.496552759] <Event name="StateInfo" time="76.496356871" tag="^^^^^" TaskAutoShoot.state="SHOOT" />
TaskAutoShoot.autoTask_INFO [76.564351136] <Event name="StateInfo" time="76.564150807" tag="vvvvv" TaskAutoShoot.state="SHOOT" />
TaskAutoShoot.autoTask_INFO [76.57089849] <Event name="StateInfo" time="76.569499768" tag="^^^^^" TaskAutoShoot.state="SHOOT" />
TaskAutoShoot.autoTask_INFO [76.644129521] <Event name="StateInfo" time="76.642663292" tag="vvvvv" TaskAutoShoot.state="SHOOT" />
TaskAutoShoot.autoTask_INFO [76.648935163] <Event name="StateInfo" time="76.647605005" tag="^^^^^" TaskAutoShoot.state="SHOOT" />
TaskAutoShoot.autoTask_INFO [76.71615238] <Event name="StateInfo" time="76.715948401" tag="vvvvv" TaskAutoShoot.state="SHOOT" />
TaskAutoShoot.autoTask_INFO [76.72034053] <Event name="StateInfo" time="76.717852316" tag="^^^^^" TaskAutoShoot.state="SHOOT" />
Shooter.LeftShooter.goalTrackingTask_INFO [76.774521749] Shooter.LeftShooter is Ready: rpm1=5803.079928/5843.197008, rpm2=3580.898438/0.000000, tilt=32.443468/31.928715, pan=null/null
TaskAutoShoot.autoTask_INFO [76.806659672] <Event name="StateInfo" time="76.806458176" tag="vvvvv" TaskAutoShoot.state="SHOOT" />
TaskAutoShoot.autoTask_INFO [76.808777938] <Event name="StateInfo" time="76.808227094" tag="^^^^^" TaskAutoShoot.state="SHOOT" />
TaskAutoShoot.autoTask_INFO [76.887048747] <Event name="StateInfo" time="76.886638515" tag="vvvvv" TaskAutoShoot.state="SHOOT" />
TaskAutoShoot.autoTask_INFO [76.887461124] <Event name="StateInfo" time="76.887265691" tag="^^^^^" TaskAutoShoot.state="SHOOT" />
Shooter.setupGoalTrackingMode_INFO [76.897472815] GoalTracking(trackingMode=Passback, goalPose=(x=-60.000000,y=48.000000,angle=0.000000), noPassback=false).
TaskAutoShoot.autoTask_INFO [76.970889894] <Event name="StateInfo" time="76.96994539" tag="vvvvv" TaskAutoShoot.state="SHOOT" />
TaskAutoShoot.autoTask_INFO [76.972153731] <Event name="StateInfo" time="76.971965248" tag="^^^^^" TaskAutoShoot.state="SHOOT" />
TaskAutoShoot.autoTask_INFO [77.040429023] <Event name="StateInfo" time="77.039134093" tag="vvvvv" TaskAutoShoot.state="SHOOT" />
TaskAutoShoot.autoTask_INFO [77.044955833] <Event name="StateInfo" time="77.044452154" tag="^^^^^" TaskAutoShoot.state="SHOOT" />
TaskAutoShoot.autoTask_INFO [77.105735869] <Event name="StateInfo" time="77.105533383" tag="vvvvv" TaskAutoShoot.state="SHOOT" />
TaskAutoShoot.autoTask_INFO [77.108672301] <Event name="StateInfo" time="77.105972537" tag="^^^^^" TaskAutoShoot.state="SHOOT" />
TaskAutoShoot.autoTask_INFO [77.184287559] <Event name="StateInfo" time="77.182713367" tag="vvvvv" TaskAutoShoot.state="SHOOT" />
TaskAutoShoot.autoTask_INFO [77.185561052] <Event name="StateInfo" time="77.185371867" tag="^^^^^" TaskAutoShoot.state="SHOOT" />
TaskAutoShoot.autoTask_INFO [77.258528966] <Event name="StateInfo" time="77.258357897" tag="vvvvv" TaskAutoShoot.state="SHOOT" />
TaskAutoShoot.autoTask_INFO [77.26464908] <Event name="StateInfo" time="77.2587521" tag="^^^^^" TaskAutoShoot.state="SHOOT" />
TaskAutoShoot.autoTask_INFO [77.336444813] <Event name="StateInfo" time="77.336163937" tag="vvvvv" TaskAutoShoot.state="SHOOT" />
TaskAutoShoot.autoTask_INFO [77.338913022] <Event name="StateInfo" time="77.337456829" tag="^^^^^" TaskAutoShoot.state="SHOOT" />
FrcTeleOp.driverControllerButtonEvent_INFO [77.341752538] ##### button=RightBumper, pressed=true
FrcTeleOp.driverControllerButtonEvent_INFO [77.344261948] >>>>> Slow Drive
TaskAutoShoot.autoTask_INFO [77.413209881] <Event name="StateInfo" time="77.413015557" tag="vvvvv" TaskAutoShoot.state="SHOOT" />
TaskAutoShoot.autoTask_INFO [77.41432271] <Event name="StateInfo" time="77.413759481" tag="^^^^^" TaskAutoShoot.state="SHOOT" />
TaskAutoShoot.autoTask_INFO [77.48529052] <Event name="StateInfo" time="77.485104254" tag="vvvvv" TaskAutoShoot.state="SHOOT" />
TaskAutoShoot.autoTask_INFO [77.487699727] <Event name="StateInfo" time="77.487523023" tag="^^^^^" TaskAutoShoot.state="SHOOT" />
Shooter.RightShooter.goalTrackingTask_INFO [77.556026596] Shooter.RightShooter is Ready: rpm1=6250.024038/6345.735813, rpm2=4485.117188/0.000000, tilt=40.586047/40.339900, pan=null/null
TaskAutoShoot.autoTask_INFO [77.556759189] <Event name="StateInfo" time="77.556259993" tag="vvvvv" TaskAutoShoot.state="SHOOT" />
TaskAutoShoot.autoTask_INFO [77.565086381] <Event name="StateInfo" time="77.564569479" tag="^^^^^" TaskAutoShoot.state="SHOOT" />
TaskAutoShoot.autoTask_INFO [77.629015658] <Event name="StateInfo" time="77.628730404" tag="vvvvv" TaskAutoShoot.state="SHOOT" />
TaskAutoShoot.autoTask_INFO [77.631371971] <Event name="StateInfo" time="77.630930463" tag="^^^^^" TaskAutoShoot.state="SHOOT" />
TaskAutoShoot.autoTask_INFO [77.69405985] <Event name="StateInfo" time="77.693866015" tag="vvvvv" TaskAutoShoot.state="SHOOT" />
TaskAutoShoot.autoTask_INFO [77.700792009] <Event name="StateInfo" time="77.694429572" tag="^^^^^" TaskAutoShoot.state="SHOOT" />
TaskAutoShoot.autoTask_INFO [77.78733989] <Event name="StateInfo" time="77.787062992" tag="vvvvv" TaskAutoShoot.state="SHOOT" />
TaskAutoShoot.autoTask_INFO [77.790765569] <Event name="StateInfo" time="77.789381339" tag="^^^^^" TaskAutoShoot.state="SHOOT" />
TaskAutoShoot.autoTask_INFO [77.879185279] <Event name="StateInfo" time="77.878990251" tag="vvvvv" TaskAutoShoot.state="SHOOT" />
TaskAutoShoot.autoTask_INFO [77.881164691] <Event name="StateInfo" time="77.880960868" tag="^^^^^" TaskAutoShoot.state="SHOOT" />
FrcTeleOp.operatorControllerButtonEvent_INFO [77.887909976] ##### button=Y, pressed=false
FrcTeleOp.shoot_INFO [77.889219169] >>>>> Stop Auto Shoot.
TaskAutoShoot.cancel_INFO [77.891249163] Canceling auto task operation.
TaskAutoShoot.stopSubsystems_INFO [77.892652898] Stopping subsystems.
Shooter.LeftTransferMotor.cancel_INFO [77.894063466] Cancel: stopping motor.
Shooter.RightTransferMotor.cancel_INFO [77.8952647] Cancel: stopping motor.
Shooter.FeederMotor.cancel_INFO [77.899225097] Cancel: stopping motor.
Shooter.LeftShooter.disableGoalTracking_INFO [77.900536243] Disable Goal Tracking.
Shooter.LeftShooter.stopGoalTracking_INFO [77.901917641] Stop GoalTracking.
Shooter.LeftTiltMotor.cancel_INFO [77.904300998] Cancel: stopping motor.
Shooter.LeftPrimaryMotor.cancel_INFO [77.920458643] Cancel: stopping motor.
Shooter.RightShooter.disableGoalTracking_INFO [77.924313751] Disable Goal Tracking.
Shooter.RightShooter.stopGoalTracking_INFO [77.925963149] Stop GoalTracking.
Shooter.RightTiltMotor.cancel_INFO [77.927759909] Cancel: stopping motor.
Shooter.RightPrimaryMotor.cancel_INFO [77.933604221] Cancel: stopping motor.
Shooter.LeftShooter.cancel_INFO [77.936193108] owner=null
Shooter.LeftPrimaryMotor.cancel_INFO [77.94116603] Cancel: stopping motor.
Shooter.LeftTiltMotor.cancel_INFO [77.944224676] Cancel: stopping motor.
Shooter.RightShooter.cancel_INFO [77.946969579] owner=null
Shooter.RightPrimaryMotor.cancel_INFO [77.94968735] Cancel: stopping motor.
Shooter.RightTiltMotor.cancel_INFO [77.955709853] Cancel: stopping motor.
Shooter.LeftTransferMotor.cancel_INFO [77.959525851] Cancel: stopping motor.
Shooter.RightTransferMotor.cancel_INFO [77.962882484] Cancel: stopping motor.
Shooter.FeederMotor.cancel_INFO [77.966413239] Cancel: stopping motor.
FrcTeleOp.operatorControllerButtonEvent_INFO [78.087241419] ##### button=Y, pressed=true
FrcTeleOp.shoot_INFO [78.102483787] >>>>> Start Auto Shoot.
TaskAutoShoot.autoShoot_INFO [78.105603681] autoShoot(owner=null, event=null, taskParams=(autoStop=false, noPassback=false))
Shooter.setupGoalTrackingMode_INFO [78.107249259] GoalTracking(trackingMode=Passback, goalPose=(x=-60.000000,y=48.000000,angle=0.000000), noPassback=false).
Shooter.LeftShooter.enableGoalTracking_INFO [78.123683273] Enable GoalTracking (trackingParams=(trackFlywheel=true,trackTiltPos=true,trackPanPos=true)).
Shooter.LeftPrimaryMotor.cancel_INFO [78.126808145] Cancel: stopping motor.
Shooter.LeftTiltMotor.cancel_INFO [78.12940996] Cancel: stopping motor.
Shooter.RightShooter.enableGoalTracking_INFO [78.131706137] Enable GoalTracking (trackingParams=(trackFlywheel=true,trackTiltPos=true,trackPanPos=true)).
Shooter.RightPrimaryMotor.cancel_INFO [78.133683633] Cancel: stopping motor.
Shooter.RightTiltMotor.cancel_INFO [78.134892575] Cancel: stopping motor.
TaskAutoShoot.autoTask_INFO [78.204518633] <Event name="StateInfo" time="78.20410607" tag="vvvvv" TaskAutoShoot.state="START" />
TaskAutoShoot.runTaskState_INFO [78.204819576] ***** Wait for left Shooter ready.
TaskAutoShoot.runTaskState_INFO [78.211242699] ***** Wait for right Shooter ready.
TaskAutoShoot.runTaskState_INFO [78.216312256] ***** Wait for Turret ready.
TaskAutoShoot.autoTask_INFO [78.217719002] <Event name="StateInfo" time="78.216696771" tag="^^^^^" TaskAutoShoot.state="START" />
Shooter.TurretMotor.pidCtrlTask_INFO [78.243695527] controlMode: Position,onTarget=true(20.09287248548827/19.998658171140153), stalled=false, expired=false, event=(TaskAutoShoot.turretReady=SIGNALED)
TaskAutoShoot.autoTask_INFO [78.281076936] <Event name="StateInfo" time="78.280519974" tag="vvvvv" TaskAutoShoot.state="SHOOT" />
TaskAutoShoot.autoTask_INFO [78.282134759] <Event name="StateInfo" time="78.281951043" tag="^^^^^" TaskAutoShoot.state="SHOOT" />
Shooter.LeftShooter.goalTrackingTask_INFO [78.337799672] Shooter.LeftShooter is Ready: rpm1=6360.009014/6392.258080, rpm2=3970.664063/0.000000, tilt=39.439772/39.409222, pan=null/null
Shooter.RightShooter.goalTrackingTask_INFO [78.365650048] Shooter.RightShooter is Ready: rpm1=6268.386418/6256.894775, rpm2=4600.078125/0.000000, tilt=39.755985/39.409222, pan=null/null
TaskAutoShoot.autoTask_INFO [78.366921309] <Event name="StateInfo" time="78.365842761" tag="vvvvv" TaskAutoShoot.state="SHOOT" />
TaskAutoShoot.runTaskState_INFO [78.370681978] ***** Start left shooter shooting.
Shooter.shoot_INFO [78.372509585] shoot(owner=null, event=(TaskAutoShoot.leftShooterDone=CLEARED), shooter=leftShooter, autoStop=false)
Shooter.LeftTransferMotor.cancel_INFO [78.376336396] Cancel: stopping motor.
TaskAutoShoot.runTaskState_INFO [78.379426685] ***** Start right shooter shooting.
Shooter.shoot_INFO [78.381463773] shoot(owner=null, event=(TaskAutoShoot.rightShooterDone=CLEARED), shooter=rightShooter, autoStop=false)
Shooter.RightTransferMotor.cancel_INFO [78.382065095] Cancel: stopping motor.
TaskAutoShoot.autoTask_INFO [78.388883696] <Event name="StateInfo" time="78.38823472" tag="^^^^^" TaskAutoShoot.state="SHOOT" />
Shooter.setupGoalTrackingMode_INFO [78.395457691] GoalTracking(trackingMode=Passback, goalPose=(x=-60.000000,y=48.000000,angle=0.000000), noPassback=false).
FrcTeleOp.operatorControllerButtonEvent_INFO [81.975943396] ##### button=Y, pressed=false
FrcTeleOp.shoot_INFO [81.979774385] >>>>> Stop Auto Shoot.
TaskAutoShoot.cancel_INFO [81.980872839] Canceling auto task operation.
TaskAutoShoot.stopSubsystems_INFO [81.981356709] Stopping subsystems.
Shooter.LeftTransferMotor.cancel_INFO [81.982003189] Cancel: stopping motor.
Shooter.RightTransferMotor.cancel_INFO [81.982897609] Cancel: stopping motor.
Shooter.FeederMotor.cancel_INFO [81.986132767] Cancel: stopping motor.
Shooter.LeftShooter.disableGoalTracking_INFO [81.986621006] Disable Goal Tracking.
Shooter.LeftShooter.stopGoalTracking_INFO [81.987246261] Stop GoalTracking.
Shooter.LeftTiltMotor.cancel_INFO [81.987798254] Cancel: stopping motor.
Shooter.LeftPrimaryMotor.cancel_INFO [81.988224524] Cancel: stopping motor.
Shooter.RightShooter.disableGoalTracking_INFO [81.989149431] Disable Goal Tracking.
Shooter.RightShooter.stopGoalTracking_INFO [81.989891772] Stop GoalTracking.
Shooter.RightTiltMotor.cancel_INFO [81.990773315] Cancel: stopping motor.
Shooter.RightPrimaryMotor.cancel_INFO [81.991384177] Cancel: stopping motor.
Shooter.LeftShooter.cancel_INFO [81.993325002] owner=null
Shooter.LeftPrimaryMotor.cancel_INFO [81.996471762] Cancel: stopping motor.
Shooter.LeftTiltMotor.cancel_INFO [81.997764185] Cancel: stopping motor.
Shooter.RightShooter.cancel_INFO [81.99921633] owner=null
Shooter.RightPrimaryMotor.cancel_INFO [81.999653784] Cancel: stopping motor.
Shooter.RightTiltMotor.cancel_INFO [82.000790521] Cancel: stopping motor.
Shooter.LeftTransferMotor.cancel_INFO [82.001252502] Cancel: stopping motor.
Shooter.RightTransferMotor.cancel_INFO [82.001836738] Cancel: stopping motor.
Shooter.FeederMotor.cancel_INFO [82.002446442] Cancel: stopping motor.
FrcTeleOp.operatorControllerButtonEvent_INFO [83.287041988] ##### button=Y, pressed=true
FrcTeleOp.shoot_INFO [83.288392953] >>>>> Start Auto Shoot.
TaskAutoShoot.autoShoot_INFO [83.289994014] autoShoot(owner=null, event=null, taskParams=(autoStop=false, noPassback=false))
Shooter.setupGoalTrackingMode_INFO [83.290818559] GoalTracking(trackingMode=Passback, goalPose=(x=-60.000000,y=48.000000,angle=0.000000), noPassback=false).
Shooter.LeftShooter.enableGoalTracking_INFO [83.291239637] Enable GoalTracking (trackingParams=(trackFlywheel=true,trackTiltPos=true,trackPanPos=true)).
Shooter.LeftPrimaryMotor.cancel_INFO [83.292021741] Cancel: stopping motor.
Shooter.LeftTiltMotor.cancel_INFO [83.292975529] Cancel: stopping motor.
Shooter.RightShooter.enableGoalTracking_INFO [83.293701573] Enable GoalTracking (trackingParams=(trackFlywheel=true,trackTiltPos=true,trackPanPos=true)).
Shooter.RightPrimaryMotor.cancel_INFO [83.294437865] Cancel: stopping motor.
Shooter.RightTiltMotor.cancel_INFO [83.294968544] Cancel: stopping motor.
TaskAutoShoot.autoTask_INFO [83.37038235] <Event name="StateInfo" time="83.369952673" tag="vvvvv" TaskAutoShoot.state="START" />
TaskAutoShoot.runTaskState_INFO [83.373755979] ***** Wait for left Shooter ready.
TaskAutoShoot.runTaskState_INFO [83.375466184] ***** Wait for right Shooter ready.
TaskAutoShoot.runTaskState_INFO [83.37764505] ***** Wait for Turret ready.
TaskAutoShoot.autoTask_INFO [83.380620394] <Event name="StateInfo" time="83.379225316" tag="^^^^^" TaskAutoShoot.state="START" />
FrcTeleOp.operatorControllerButtonEvent_INFO [83.384302071] ##### button=Y, pressed=false
FrcTeleOp.shoot_INFO [83.388080305] >>>>> Stop Auto Shoot.
TaskAutoShoot.cancel_INFO [83.389128981] Canceling auto task operation.
TaskAutoShoot.stopSubsystems_INFO [83.390404465] Stopping subsystems.
Shooter.LeftTransferMotor.cancel_INFO [83.391034682] Cancel: stopping motor.
Shooter.RightTransferMotor.cancel_INFO [83.391887298] Cancel: stopping motor.
Shooter.FeederMotor.cancel_INFO [83.392798325] Cancel: stopping motor.
Shooter.LeftShooter.disableGoalTracking_INFO [83.401093025] Disable Goal Tracking.
Shooter.LeftShooter.stopGoalTracking_INFO [83.401536111] Stop GoalTracking.
Shooter.LeftTiltMotor.cancel_INFO [83.403183859] Cancel: stopping motor.
Shooter.LeftPrimaryMotor.cancel_INFO [83.404929069] Cancel: stopping motor.
Shooter.RightShooter.disableGoalTracking_INFO [83.405900827] Disable Goal Tracking.
Shooter.RightShooter.stopGoalTracking_INFO [83.406206409] Stop GoalTracking.
Shooter.RightTiltMotor.cancel_INFO [83.411012195] Cancel: stopping motor.
Shooter.RightPrimaryMotor.cancel_INFO [83.41207422] Cancel: stopping motor.
Shooter.LeftShooter.cancel_INFO [83.41336759] owner=null
Shooter.LeftPrimaryMotor.cancel_INFO [83.41442197] Cancel: stopping motor.
Shooter.LeftTiltMotor.cancel_INFO [83.41603396] Cancel: stopping motor.
Shooter.RightShooter.cancel_INFO [83.422054187] owner=null
Shooter.RightPrimaryMotor.cancel_INFO [83.423648904] Cancel: stopping motor.
Shooter.RightTiltMotor.cancel_INFO [83.424858395] Cancel: stopping motor.
Shooter.LeftTransferMotor.cancel_INFO [83.426150306] Cancel: stopping motor.
Shooter.RightTransferMotor.cancel_INFO [83.427333137] Cancel: stopping motor.
Shooter.FeederMotor.cancel_INFO [83.435696345] Cancel: stopping motor.
FrcTeleOp.driverControllerButtonEvent_INFO [83.550556062] ##### button=A, pressed=true
FrcTeleOp.driverControllerButtonEvent_INFO [83.558255364] ##### button=RightBumper, pressed=false
FrcTeleOp.driverControllerButtonEvent_INFO [83.559504118] >>>>> Normal Drive
FrcTeleOp.driverControllerButtonEvent_INFO [83.650840472] ##### button=A, pressed=false
FrcTeleOp.operatorControllerButtonEvent_INFO [85.894401968] ##### button=Y, pressed=true
FrcTeleOp.shoot_INFO [85.895540475] >>>>> Start Auto Shoot.
TaskAutoShoot.autoShoot_INFO [85.896552926] autoShoot(owner=null, event=null, taskParams=(autoStop=false, noPassback=false))
Shooter.setupGoalTrackingMode_INFO [85.897710894] GoalTracking(trackingMode=AllianceHub, goalPose=(x=-158.838583,y=182.110000,angle=0.000000), noPassback=false).
Shooter.LeftShooter.enableGoalTracking_INFO [85.898332376] Enable GoalTracking (trackingParams=(trackFlywheel=true,trackTiltPos=true,trackPanPos=true)).
Shooter.LeftPrimaryMotor.cancel_INFO [85.899457949] Cancel: stopping motor.
Shooter.LeftTiltMotor.cancel_INFO [85.901066964] Cancel: stopping motor.
Shooter.RightShooter.enableGoalTracking_INFO [85.902185743] Enable GoalTracking (trackingParams=(trackFlywheel=true,trackTiltPos=true,trackPanPos=true)).
Shooter.RightPrimaryMotor.cancel_INFO [85.902962579] Cancel: stopping motor.
Shooter.RightTiltMotor.cancel_INFO [85.904170314] Cancel: stopping motor.
Shooter.LeftShooter.goalTrackingTask_INFO [85.953640802] Shooter.LeftShooter is TimedOut: rpm1=1277.037260/5758.544364, rpm2=859.687500/0.000000, tilt=16.988184/31.066911, pan=null/null
Shooter.RightShooter.goalTrackingTask_INFO [85.975410988] Shooter.RightShooter is TimedOut: rpm1=2027.244591/5394.887389, rpm2=1.054688/0.000000, tilt=16.988184/31.066911, pan=null/null
TaskAutoShoot.autoTask_INFO [85.977525413] <Event name="StateInfo" time="85.976958653" tag="vvvvv" TaskAutoShoot.state="START" />
TaskAutoShoot.runTaskState_INFO [85.978296092] ***** Wait for left Shooter ready.
TaskAutoShoot.runTaskState_INFO [85.980849559] ***** Wait for right Shooter ready.
TaskAutoShoot.runTaskState_INFO [85.982128883] ***** Wait for Turret ready.
TaskAutoShoot.autoTask_INFO [85.986999003] <Event name="StateInfo" time="85.983018049" tag="^^^^^" TaskAutoShoot.state="START" />
TaskAutoShoot.autoTask_INFO [86.060161363] <Event name="StateInfo" time="86.059989135" tag="vvvvv" TaskAutoShoot.state="SHOOT" />
TaskAutoShoot.autoTask_INFO [86.062162022] <Event name="StateInfo" time="86.060983068" tag="^^^^^" TaskAutoShoot.state="SHOOT" />
FrcTeleOp.operatorControllerButtonEvent_INFO [86.066699399] ##### button=Y, pressed=false
FrcTeleOp.shoot_INFO [86.068412356] >>>>> Stop Auto Shoot.
TaskAutoShoot.cancel_INFO [86.069571136] Canceling auto task operation.
TaskAutoShoot.stopSubsystems_INFO [86.07389225] Stopping subsystems.
Shooter.LeftTransferMotor.cancel_INFO [86.075139969] Cancel: stopping motor.
Shooter.RightTransferMotor.cancel_INFO [86.076090133] Cancel: stopping motor.
Shooter.FeederMotor.cancel_INFO [86.077537952] Cancel: stopping motor.
Shooter.LeftShooter.disableGoalTracking_INFO [86.078489155] Disable Goal Tracking.
Shooter.LeftShooter.stopGoalTracking_INFO [86.080019829] Stop GoalTracking.
Shooter.LeftTiltMotor.cancel_INFO [86.081135647] Cancel: stopping motor.
Shooter.LeftPrimaryMotor.cancel_INFO [86.085873454] Cancel: stopping motor.
Shooter.RightShooter.disableGoalTracking_INFO [86.088896321] Disable Goal Tracking.
Shooter.RightShooter.stopGoalTracking_INFO [86.089221387] Stop GoalTracking.
Shooter.RightTiltMotor.cancel_INFO [86.089541656] Cancel: stopping motor.
Shooter.RightPrimaryMotor.cancel_INFO [86.092184148] Cancel: stopping motor.
Shooter.LeftShooter.cancel_INFO [86.094830663] owner=null
Shooter.LeftPrimaryMotor.cancel_INFO [86.095344235] Cancel: stopping motor.
Shooter.LeftTiltMotor.cancel_INFO [86.095977745] Cancel: stopping motor.
Shooter.RightShooter.cancel_INFO [86.096298983] owner=null
Shooter.RightPrimaryMotor.cancel_INFO [86.100504863] Cancel: stopping motor.
Shooter.RightTiltMotor.cancel_INFO [86.101021934] Cancel: stopping motor.
Shooter.LeftTransferMotor.cancel_INFO [86.101405516] Cancel: stopping motor.
Shooter.RightTransferMotor.cancel_INFO [86.102373951] Cancel: stopping motor.
Shooter.FeederMotor.cancel_INFO [86.102729571] Cancel: stopping motor.
Shooter.TurretMotor.pidCtrlTask_INFO [86.283185156] controlMode: Position,onTarget=true(118.18546175707482/119.2911681510057), stalled=false, expired=false, event=(TaskAutoShoot.turretReady=CANCELED)
FrcTeleOp.operatorControllerButtonEvent_INFO [86.587929544] ##### button=Y, pressed=true
FrcTeleOp.shoot_INFO [86.593522299] >>>>> Start Auto Shoot.
TaskAutoShoot.autoShoot_INFO [86.597674089] autoShoot(owner=null, event=null, taskParams=(autoStop=false, noPassback=false))
Shooter.setupGoalTrackingMode_INFO [86.601070924] GoalTracking(trackingMode=AllianceHub, goalPose=(x=-158.838583,y=182.110000,angle=0.000000), noPassback=false).
Shooter.LeftShooter.enableGoalTracking_INFO [86.602534781] Enable GoalTracking (trackingParams=(trackFlywheel=true,trackTiltPos=true,trackPanPos=true)).
Shooter.LeftPrimaryMotor.cancel_INFO [86.604540867] Cancel: stopping motor.
Shooter.LeftTiltMotor.cancel_INFO [86.605657881] Cancel: stopping motor.
Shooter.RightShooter.enableGoalTracking_INFO [86.606634182] Enable GoalTracking (trackingParams=(trackFlywheel=true,trackTiltPos=true,trackPanPos=true)).
Shooter.RightPrimaryMotor.cancel_INFO [86.607576475] Cancel: stopping motor.
Shooter.RightTiltMotor.cancel_INFO [86.60990721] Cancel: stopping motor.
TaskAutoShoot.autoTask_INFO [86.677215269] <Event name="StateInfo" time="86.676939786" tag="vvvvv" TaskAutoShoot.state="START" />
TaskAutoShoot.runTaskState_INFO [86.68087126] ***** Wait for left Shooter ready.
TaskAutoShoot.runTaskState_INFO [86.681407912] ***** Wait for right Shooter ready.
TaskAutoShoot.runTaskState_INFO [86.68207286] ***** Wait for Turret ready.
TaskAutoShoot.autoTask_INFO [86.68268615] <Event name="StateInfo" time="86.682478088" tag="^^^^^" TaskAutoShoot.state="START" />
TaskAutoShoot.autoTask_INFO [86.828535634] <Event name="StateInfo" time="86.828365291" tag="vvvvv" TaskAutoShoot.state="SHOOT" />
TaskAutoShoot.autoTask_INFO [86.831675718] <Event name="StateInfo" time="86.828717838" tag="^^^^^" TaskAutoShoot.state="SHOOT" />
TaskAutoShoot.autoTask_INFO [86.901568431] <Event name="StateInfo" time="86.900515129" tag="vvvvv" TaskAutoShoot.state="SHOOT" />
TaskAutoShoot.autoTask_INFO [86.90443101] <Event name="StateInfo" time="86.904236876" tag="^^^^^" TaskAutoShoot.state="SHOOT" />
TaskAutoShoot.autoTask_INFO [86.968560604] <Event name="StateInfo" time="86.967714475" tag="vvvvv" TaskAutoShoot.state="SHOOT" />
TaskAutoShoot.autoTask_INFO [86.970045537] <Event name="StateInfo" time="86.969860592" tag="^^^^^" TaskAutoShoot.state="SHOOT" />
TaskAutoShoot.autoTask_INFO [87.046293095] <Event name="StateInfo" time="87.046017707" tag="vvvvv" TaskAutoShoot.state="SHOOT" />
TaskAutoShoot.autoTask_INFO [87.048482668] <Event name="StateInfo" time="87.048252063" tag="^^^^^" TaskAutoShoot.state="SHOOT" />
TaskAutoShoot.autoTask_INFO [87.11017778] <Event name="StateInfo" time="87.109872429" tag="vvvvv" TaskAutoShoot.state="SHOOT" />
TaskAutoShoot.autoTask_INFO [87.111812792] <Event name="StateInfo" time="87.111606565" tag="^^^^^" TaskAutoShoot.state="SHOOT" />
TaskAutoShoot.autoTask_INFO [87.184470652] <Event name="StateInfo" time="87.184270681" tag="vvvvv" TaskAutoShoot.state="SHOOT" />
TaskAutoShoot.autoTask_INFO [87.186134018] <Event name="StateInfo" time="87.185709497" tag="^^^^^" TaskAutoShoot.state="SHOOT" />
TaskAutoShoot.autoTask_INFO [87.257918769] <Event name="StateInfo" time="87.257723268" tag="vvvvv" TaskAutoShoot.state="SHOOT" />
TaskAutoShoot.autoTask_INFO [87.263151106] <Event name="StateInfo" time="87.262456694" tag="^^^^^" TaskAutoShoot.state="SHOOT" />
FrcTeleOp.driverControllerButtonEvent_INFO [87.267734753] ##### button=RightBumper, pressed=true
FrcTeleOp.driverControllerButtonEvent_INFO [87.269155059] >>>>> Slow Drive
Shooter.LeftShooter.goalTrackingTask_INFO [87.322178436] Shooter.LeftShooter is Ready: rpm1=5240.093149/5329.233658, rpm2=3276.562500/0.000000, tilt=26.632869/27.239992, pan=null/null
TaskAutoShoot.autoTask_INFO [87.344674211] <Event name="StateInfo" time="87.341709518" tag="vvvvv" TaskAutoShoot.state="SHOOT" />
TaskAutoShoot.autoTask_INFO [87.345305501] <Event name="StateInfo" time="87.344881019" tag="^^^^^" TaskAutoShoot.state="SHOOT" />
TaskAutoShoot.autoTask_INFO [87.409345092] <Event name="StateInfo" time="87.409161824" tag="vvvvv" TaskAutoShoot.state="SHOOT" />
TaskAutoShoot.autoTask_INFO [87.409813957] <Event name="StateInfo" time="87.409537879" tag="^^^^^" TaskAutoShoot.state="SHOOT" />
TaskAutoShoot.autoTask_INFO [87.484628824] <Event name="StateInfo" time="87.484273116" tag="vvvvv" TaskAutoShoot.state="SHOOT" />
TaskAutoShoot.autoTask_INFO [87.485949609] <Event name="StateInfo" time="87.485606759" tag="^^^^^" TaskAutoShoot.state="SHOOT" />
Shooter.setupGoalTrackingMode_INFO [87.49464108] GoalTracking(trackingMode=AllianceHub, goalPose=(x=-158.838583,y=182.110000,angle=0.000000), noPassback=false).
TaskAutoShoot.autoTask_INFO [87.556372364] <Event name="StateInfo" time="87.556207039" tag="vvvvv" TaskAutoShoot.state="SHOOT" />
TaskAutoShoot.autoTask_INFO [87.557603588] <Event name="StateInfo" time="87.557043596" tag="^^^^^" TaskAutoShoot.state="SHOOT" />
TaskAutoShoot.autoTask_INFO [87.627716467] <Event name="StateInfo" time="87.62665803" tag="vvvvv" TaskAutoShoot.state="SHOOT" />
TaskAutoShoot.autoTask_INFO [87.629380846] <Event name="StateInfo" time="87.629171314" tag="^^^^^" TaskAutoShoot.state="SHOOT" />
TaskAutoShoot.autoTask_INFO [87.698542014] <Event name="StateInfo" time="87.69563335" tag="vvvvv" TaskAutoShoot.state="SHOOT" />
TaskAutoShoot.autoTask_INFO [87.700042937] <Event name="StateInfo" time="87.699844028" tag="^^^^^" TaskAutoShoot.state="SHOOT" />
TaskAutoShoot.autoTask_INFO [87.77714511] <Event name="StateInfo" time="87.776946618" tag="vvvvv" TaskAutoShoot.state="SHOOT" />
TaskAutoShoot.autoTask_INFO [87.781799991] <Event name="StateInfo" time="87.778530402" tag="^^^^^" TaskAutoShoot.state="SHOOT" />
TaskAutoShoot.autoTask_INFO [87.860589532] <Event name="StateInfo" time="87.860393738" tag="vvvvv" TaskAutoShoot.state="SHOOT" />
TaskAutoShoot.autoTask_INFO [87.861195888] <Event name="StateInfo" time="87.861027241" tag="^^^^^" TaskAutoShoot.state="SHOOT" />
FrcTeleOp.operatorControllerButtonEvent_INFO [87.865022425] ##### button=Y, pressed=false
FrcTeleOp.shoot_INFO [87.865844092] >>>>> Stop Auto Shoot.
TaskAutoShoot.cancel_INFO [87.866686492] Canceling auto task operation.
TaskAutoShoot.stopSubsystems_INFO [87.867333165] Stopping subsystems.
Shooter.LeftTransferMotor.cancel_INFO [87.868172526] Cancel: stopping motor.
Shooter.RightTransferMotor.cancel_INFO [87.86881076] Cancel: stopping motor.
Shooter.FeederMotor.cancel_INFO [87.869559073] Cancel: stopping motor.
Shooter.LeftShooter.disableGoalTracking_INFO [87.871106582] Disable Goal Tracking.
Shooter.LeftShooter.stopGoalTracking_INFO [87.871693116] Stop GoalTracking.
Shooter.LeftTiltMotor.cancel_INFO [87.874655238] Cancel: stopping motor.
Shooter.LeftPrimaryMotor.cancel_INFO [87.875642612] Cancel: stopping motor.
Shooter.RightShooter.disableGoalTracking_INFO [87.878717831] Disable Goal Tracking.
Shooter.RightShooter.stopGoalTracking_INFO [87.879454024] Stop GoalTracking.
Shooter.RightTiltMotor.cancel_INFO [87.880362184] Cancel: stopping motor.
Shooter.RightPrimaryMotor.cancel_INFO [87.881608476] Cancel: stopping motor.
Shooter.LeftShooter.cancel_INFO [87.886347856] owner=null
Shooter.LeftPrimaryMotor.cancel_INFO [87.887981854] Cancel: stopping motor.
Shooter.LeftTiltMotor.cancel_INFO [87.889407064] Cancel: stopping motor.
Shooter.RightShooter.cancel_INFO [87.890730736] owner=null
Shooter.RightPrimaryMotor.cancel_INFO [87.892418829] Cancel: stopping motor.
Shooter.RightTiltMotor.cancel_INFO [87.896423921] Cancel: stopping motor.
Shooter.LeftTransferMotor.cancel_INFO [87.897408787] Cancel: stopping motor.
Shooter.RightTransferMotor.cancel_INFO [87.900504674] Cancel: stopping motor.
Shooter.FeederMotor.cancel_INFO [87.901205102] Cancel: stopping motor.
FrcTeleOp.operatorControllerButtonEvent_INFO [88.012373016] ##### button=Y, pressed=true
FrcTeleOp.shoot_INFO [88.012815856] >>>>> Start Auto Shoot.
TaskAutoShoot.autoShoot_INFO [88.021678338] autoShoot(owner=null, event=null, taskParams=(autoStop=false, noPassback=false))
Shooter.setupGoalTrackingMode_INFO [88.022444409] GoalTracking(trackingMode=AllianceHub, goalPose=(x=-158.838583,y=182.110000,angle=0.000000), noPassback=false).
Shooter.LeftShooter.enableGoalTracking_INFO [88.02272115] Enable GoalTracking (trackingParams=(trackFlywheel=true,trackTiltPos=true,trackPanPos=true)).
Shooter.LeftPrimaryMotor.cancel_INFO [88.023122208] Cancel: stopping motor.
Shooter.LeftTiltMotor.cancel_INFO [88.027600209] Cancel: stopping motor.
Shooter.RightShooter.enableGoalTracking_INFO [88.02806421] Enable GoalTracking (trackingParams=(trackFlywheel=true,trackTiltPos=true,trackPanPos=true)).
Shooter.RightPrimaryMotor.cancel_INFO [88.02962988] Cancel: stopping motor.
Shooter.RightTiltMotor.cancel_INFO [88.031601699] Cancel: stopping motor.
TaskAutoShoot.autoTask_INFO [88.106123212] <Event name="StateInfo" time="88.105811833" tag="vvvvv" TaskAutoShoot.state="START" />
TaskAutoShoot.runTaskState_INFO [88.106446] ***** Wait for left Shooter ready.
TaskAutoShoot.runTaskState_INFO [88.106662497] ***** Wait for right Shooter ready.
TaskAutoShoot.runTaskState_INFO [88.106863658] ***** Wait for Turret ready.
TaskAutoShoot.autoTask_INFO [88.107142981] <Event name="StateInfo" time="88.106977174" tag="^^^^^" TaskAutoShoot.state="START" />
Shooter.TurretMotor.pidCtrlTask_INFO [88.133356548] controlMode: Position,onTarget=true(-0.021585946993070593/-0.24461654651640888), stalled=false, expired=false, event=(TaskAutoShoot.turretReady=SIGNALED)
TaskAutoShoot.autoTask_INFO [88.168270535] <Event name="StateInfo" time="88.168071129" tag="vvvvv" TaskAutoShoot.state="SHOOT" />
TaskAutoShoot.autoTask_INFO [88.169327559] <Event name="StateInfo" time="88.169148344" tag="^^^^^" TaskAutoShoot.state="SHOOT" />
TaskAutoShoot.autoTask_INFO [88.23966206] <Event name="StateInfo" time="88.237384764" tag="vvvvv" TaskAutoShoot.state="SHOOT" />
TaskAutoShoot.autoTask_INFO [88.240532004] <Event name="StateInfo" time="88.239871254" tag="^^^^^" TaskAutoShoot.state="SHOOT" />
Shooter.LeftShooter.goalTrackingTask_INFO [88.299395109] Shooter.LeftShooter is Ready: rpm1=5134.651442/5211.762364, rpm2=3184.804688/0.000000, tilt=26.316647/26.310180, pan=null/null
TaskAutoShoot.autoTask_INFO [88.318350965] <Event name="StateInfo" time="88.31809651" tag="vvvvv" TaskAutoShoot.state="SHOOT" />
TaskAutoShoot.runTaskState_INFO [88.320483266] ***** Start left shooter shooting.
Shooter.shoot_INFO [88.321904987] shoot(owner=null, event=(TaskAutoShoot.leftShooterDone=CLEARED), shooter=leftShooter, autoStop=false)
Shooter.LeftTransferMotor.cancel_INFO [88.322610026] Cancel: stopping motor.
TaskAutoShoot.autoTask_INFO [88.323702049] <Event name="StateInfo" time="88.323508764" tag="^^^^^" TaskAutoShoot.state="SHOOT" />
TaskAutoShoot.autoTask_INFO [88.398768738] <Event name="StateInfo" time="88.398522842" tag="vvvvv" TaskAutoShoot.state="SHOOT" />
TaskAutoShoot.autoTask_INFO [88.403655835] <Event name="StateInfo" time="88.401308868" tag="^^^^^" TaskAutoShoot.state="SHOOT" />
TaskAutoShoot.autoTask_INFO [88.482245925] <Event name="StateInfo" time="88.482070372" tag="vvvvv" TaskAutoShoot.state="SHOOT" />
TaskAutoShoot.autoTask_INFO [88.485776683] <Event name="StateInfo" time="88.485593297" tag="^^^^^" TaskAutoShoot.state="SHOOT" />
FrcTeleOp.driverControllerButtonEvent_INFO [88.487848326] ##### button=A, pressed=true
Shooter.setupGoalTrackingMode_INFO [88.489753499] GoalTracking(trackingMode=AllianceHub, goalPose=(x=-158.838583,y=182.110000,angle=0.000000), noPassback=false).
Shooter.RightShooter.goalTrackingTask_INFO [88.556147917] Shooter.RightShooter is Ready: rpm1=5138.437500/5218.677119, rpm2=3752.929688/0.000000, tilt=26.277119/26.474048, pan=null/null
TaskAutoShoot.autoTask_INFO [88.560635086] <Event name="StateInfo" time="88.556348862" tag="vvvvv" TaskAutoShoot.state="SHOOT" />
TaskAutoShoot.runTaskState_INFO [88.562088861] ***** Start right shooter shooting.
Shooter.shoot_INFO [88.564626856] shoot(owner=null, event=(TaskAutoShoot.rightShooterDone=CLEARED), shooter=rightShooter, autoStop=false)
Shooter.RightTransferMotor.cancel_INFO [88.565698293] Cancel: stopping motor.
TaskAutoShoot.autoTask_INFO [88.56952261] <Event name="StateInfo" time="88.568484169" tag="^^^^^" TaskAutoShoot.state="SHOOT" />
FrcTeleOp.driverControllerButtonEvent_INFO [88.575007258] ##### button=A, pressed=false
Shooter.setupGoalTrackingMode_INFO [90.682703648] GoalTracking(trackingMode=AllianceHub, goalPose=(x=-158.838583,y=182.110000,angle=0.000000), noPassback=false).
FrcTeleOp.driverControllerButtonEvent_INFO [91.562695136] ##### button=RightBumper, pressed=false
FrcTeleOp.driverControllerButtonEvent_INFO [91.563985134] >>>>> Normal Drive
FrcTeleOp.operatorControllerButtonEvent_INFO [92.50194662] ##### button=Y, pressed=false
FrcTeleOp.shoot_INFO [92.502926505] >>>>> Stop Auto Shoot.
TaskAutoShoot.cancel_INFO [92.505854021] Canceling auto task operation.
TaskAutoShoot.stopSubsystems_INFO [92.506603651] Stopping subsystems.
Shooter.LeftTransferMotor.cancel_INFO [92.507310982] Cancel: stopping motor.
Shooter.RightTransferMotor.cancel_INFO [92.509960981] Cancel: stopping motor.
Shooter.FeederMotor.cancel_INFO [92.511490075] Cancel: stopping motor.
Shooter.LeftShooter.disableGoalTracking_INFO [92.512356156] Disable Goal Tracking.
Shooter.LeftShooter.stopGoalTracking_INFO [92.512831702] Stop GoalTracking.
Shooter.LeftTiltMotor.cancel_INFO [92.513895922] Cancel: stopping motor.
Shooter.LeftPrimaryMotor.cancel_INFO [92.514692614] Cancel: stopping motor.
Shooter.RightShooter.disableGoalTracking_INFO [92.515552926] Disable Goal Tracking.
Shooter.RightShooter.stopGoalTracking_INFO [92.516094362] Stop GoalTracking.
Shooter.RightTiltMotor.cancel_INFO [92.516939358] Cancel: stopping motor.
Shooter.RightPrimaryMotor.cancel_INFO [92.517889548] Cancel: stopping motor.
Shooter.LeftShooter.cancel_INFO [92.521883674] owner=null
Shooter.LeftPrimaryMotor.cancel_INFO [92.522980412] Cancel: stopping motor.
Shooter.LeftTiltMotor.cancel_INFO [92.524173064] Cancel: stopping motor.
Shooter.RightShooter.cancel_INFO [92.524998406] owner=null
Shooter.RightPrimaryMotor.cancel_INFO [92.527750096] Cancel: stopping motor.
Shooter.RightTiltMotor.cancel_INFO [92.528635112] Cancel: stopping motor.
Shooter.LeftTransferMotor.cancel_INFO [92.529651133] Cancel: stopping motor.
Shooter.RightTransferMotor.cancel_INFO [92.533185563] Cancel: stopping motor.
Shooter.FeederMotor.cancel_INFO [92.534381337] Cancel: stopping motor.
FrcTeleOp.driverControllerButtonEvent_INFO [92.989214742] ##### button=A, pressed=true
FrcTeleOp.driverControllerButtonEvent_INFO [93.090999524] ##### button=A, pressed=false
FrcTeleOp.operatorControllerButtonEvent_INFO [93.09201178] ##### button=B, pressed=true
FrcTeleOp.operatorControllerButtonEvent_INFO [93.092490263] >>>>> Enable GoalTracking.
Shooter.setupGoalTrackingMode_INFO [93.094975953] GoalTracking(trackingMode=AllianceHub, goalPose=(x=-158.838583,y=182.110000,angle=0.000000), noPassback=false).
Shooter.LeftShooter.enableGoalTracking_INFO [93.095800637] Enable GoalTracking (trackingParams=(trackFlywheel=true,trackTiltPos=false,trackPanPos=true)).
Shooter.LeftPrimaryMotor.cancel_INFO [93.096272869] Cancel: stopping motor.
Shooter.LeftTiltMotor.cancel_INFO [93.097176612] Cancel: stopping motor.
Shooter.RightShooter.enableGoalTracking_INFO [93.097781128] Enable GoalTracking (trackingParams=(trackFlywheel=true,trackTiltPos=false,trackPanPos=true)).
Shooter.RightPrimaryMotor.cancel_INFO [93.098359307] Cancel: stopping motor.
Shooter.RightTiltMotor.cancel_INFO [93.099333093] Cancel: stopping motor.
FrcTeleOp.operatorControllerButtonEvent_INFO [93.363113551] ##### button=B, pressed=false
FrcTeleOp.operatorControllerButtonEvent_INFO [94.805340488] ##### button=Y, pressed=true
FrcTeleOp.shoot_INFO [94.807231824] >>>>> Start Auto Shoot.
TaskAutoShoot.autoShoot_INFO [94.808709315] autoShoot(owner=null, event=null, taskParams=(autoStop=false, noPassback=false))
Shooter.setupGoalTrackingMode_INFO [94.810080133] GoalTracking(trackingMode=AllianceHub, goalPose=(x=-158.838583,y=182.110000,angle=0.000000), noPassback=false).
Shooter.LeftShooter.enableGoalTracking_INFO [94.812397492] Enable GoalTracking (trackingParams=(trackFlywheel=true,trackTiltPos=true,trackPanPos=true)).
Shooter.LeftPrimaryMotor.cancel_INFO [94.814195844] Cancel: stopping motor.
Shooter.LeftTiltMotor.cancel_INFO [94.817727927] Cancel: stopping motor.
Shooter.RightShooter.enableGoalTracking_INFO [94.822568346] Enable GoalTracking (trackingParams=(trackFlywheel=true,trackTiltPos=true,trackPanPos=true)).
Shooter.RightPrimaryMotor.cancel_INFO [94.823936948] Cancel: stopping motor.
Shooter.RightTiltMotor.cancel_INFO [94.825259208] Cancel: stopping motor.
TaskAutoShoot.autoTask_INFO [94.901136607] <Event name="StateInfo" time="94.900661543" tag="vvvvv" TaskAutoShoot.state="START" />
TaskAutoShoot.runTaskState_INFO [94.90173577] ***** Wait for left Shooter ready.
TaskAutoShoot.runTaskState_INFO [94.901957703] ***** Wait for right Shooter ready.
TaskAutoShoot.runTaskState_INFO [94.90227702] ***** Wait for Turret ready.
TaskAutoShoot.autoTask_INFO [94.902558813] <Event name="StateInfo" time="94.90238502" tag="^^^^^" TaskAutoShoot.state="START" />
TaskAutoShoot.autoTask_INFO [95.039151432] <Event name="StateInfo" time="95.037556637" tag="vvvvv" TaskAutoShoot.state="SHOOT" />
TaskAutoShoot.autoTask_INFO [95.042794466] <Event name="StateInfo" time="95.041723706" tag="^^^^^" TaskAutoShoot.state="SHOOT" />
TaskAutoShoot.autoTask_INFO [95.119498878] <Event name="StateInfo" time="95.117767488" tag="vvvvv" TaskAutoShoot.state="SHOOT" />
TaskAutoShoot.autoTask_INFO [95.120086043] <Event name="StateInfo" time="95.119906347" tag="^^^^^" TaskAutoShoot.state="SHOOT" />
Shooter.LeftShooter.goalTrackingTask_INFO [95.169709778] Shooter.LeftShooter is Ready: rpm1=5064.609375/4989.315583, rpm2=3162.187500/0.000000, tilt=24.142632/24.650687, pan=null/null
Shooter.RightShooter.goalTrackingTask_INFO [95.189209002] Shooter.RightShooter is Ready: rpm1=5255.426683/5253.334207, rpm2=4047.656250/0.000000, tilt=24.142632/24.650687, pan=null/null
TaskAutoShoot.autoTask_INFO [95.190047826] <Event name="StateInfo" time="95.189873258" tag="vvvvv" TaskAutoShoot.state="SHOOT" />
TaskAutoShoot.autoTask_INFO [95.191686167] <Event name="StateInfo" time="95.190911883" tag="^^^^^" TaskAutoShoot.state="SHOOT" />
TaskAutoShoot.autoTask_INFO [95.267626385] <Event name="StateInfo" time="95.267424575" tag="vvvvv" TaskAutoShoot.state="SHOOT" />
TaskAutoShoot.autoTask_INFO [95.268284155] <Event name="StateInfo" time="95.268117392" tag="^^^^^" TaskAutoShoot.state="SHOOT" />
TaskAutoShoot.autoTask_INFO [95.338928971] <Event name="StateInfo" time="95.338726937" tag="vvvvv" TaskAutoShoot.state="SHOOT" />
TaskAutoShoot.autoTask_INFO [95.344120933] <Event name="StateInfo" time="95.343913167" tag="^^^^^" TaskAutoShoot.state="SHOOT" />
FrcTeleOp.operatorControllerButtonEvent_INFO [95.348949061] ##### button=Y, pressed=false
FrcTeleOp.shoot_INFO [95.352314879] >>>>> Stop Auto Shoot.
TaskAutoShoot.cancel_INFO [95.35516025] Canceling auto task operation.
TaskAutoShoot.stopSubsystems_INFO [95.35644215] Stopping subsystems.
Shooter.LeftTransferMotor.cancel_INFO [95.359476235] Cancel: stopping motor.
Shooter.RightTransferMotor.cancel_INFO [95.363161414] Cancel: stopping motor.
Shooter.FeederMotor.cancel_INFO [95.366468584] Cancel: stopping motor.
Shooter.LeftShooter.disableGoalTracking_INFO [95.369196609] Disable Goal Tracking.
Shooter.LeftShooter.stopGoalTracking_INFO [95.37124431] Stop GoalTracking.
Shooter.LeftTiltMotor.cancel_INFO [95.375078312] Cancel: stopping motor.
Shooter.LeftPrimaryMotor.cancel_INFO [95.377629422] Cancel: stopping motor.
Shooter.RightShooter.disableGoalTracking_INFO [95.383016061] Disable Goal Tracking.
Shooter.RightShooter.stopGoalTracking_INFO [95.38576686] Stop GoalTracking.
Shooter.RightTiltMotor.cancel_INFO [95.388808816] Cancel: stopping motor.
Shooter.RightPrimaryMotor.cancel_INFO [95.392515494] Cancel: stopping motor.
Shooter.LeftShooter.cancel_INFO [95.397849231] owner=null
Shooter.LeftPrimaryMotor.cancel_INFO [95.400873704] Cancel: stopping motor.
Shooter.LeftTiltMotor.cancel_INFO [95.405281235] Cancel: stopping motor.
Shooter.RightShooter.cancel_INFO [95.407661001] owner=null
Shooter.RightPrimaryMotor.cancel_INFO [95.410739163] Cancel: stopping motor.
Shooter.RightTiltMotor.cancel_INFO [95.413978454] Cancel: stopping motor.
Shooter.LeftTransferMotor.cancel_INFO [95.417356879] Cancel: stopping motor.
Shooter.RightTransferMotor.cancel_INFO [95.421281959] Cancel: stopping motor.
Shooter.FeederMotor.cancel_INFO [95.424916771] Cancel: stopping motor.
FrcTeleOp.operatorControllerButtonEvent_INFO [95.515145365] ##### button=Y, pressed=true
FrcTeleOp.shoot_INFO [95.516526563] >>>>> Start Auto Shoot.
TaskAutoShoot.autoShoot_INFO [95.517813683] autoShoot(owner=null, event=null, taskParams=(autoStop=false, noPassback=false))
Shooter.setupGoalTrackingMode_INFO [95.518697783] GoalTracking(trackingMode=AllianceHub, goalPose=(x=-158.838583,y=182.110000,angle=0.000000), noPassback=false).
Shooter.LeftShooter.enableGoalTracking_INFO [95.519953445] Enable GoalTracking (trackingParams=(trackFlywheel=true,trackTiltPos=true,trackPanPos=true)).
Shooter.LeftPrimaryMotor.cancel_INFO [95.522146793] Cancel: stopping motor.
Shooter.LeftTiltMotor.cancel_INFO [95.526328491] Cancel: stopping motor.
Shooter.RightShooter.enableGoalTracking_INFO [95.527575792] Enable GoalTracking (trackingParams=(trackFlywheel=true,trackTiltPos=true,trackPanPos=true)).
Shooter.RightPrimaryMotor.cancel_INFO [95.529642667] Cancel: stopping motor.
Shooter.RightTiltMotor.cancel_INFO [95.531303183] Cancel: stopping motor.
TaskAutoShoot.autoTask_INFO [95.609909672] <Event name="StateInfo" time="95.609270316" tag="vvvvv" TaskAutoShoot.state="START" />
TaskAutoShoot.runTaskState_INFO [95.610565015] ***** Wait for left Shooter ready.
TaskAutoShoot.runTaskState_INFO [95.611714938] ***** Wait for right Shooter ready.
TaskAutoShoot.runTaskState_INFO [95.612694064] ***** Wait for Turret ready.
TaskAutoShoot.autoTask_INFO [95.613513772] <Event name="StateInfo" time="95.61304664" tag="^^^^^" TaskAutoShoot.state="START" />
TaskAutoShoot.autoTask_INFO [95.762006508] <Event name="StateInfo" time="95.760101379" tag="vvvvv" TaskAutoShoot.state="SHOOT" />
TaskAutoShoot.autoTask_INFO [95.76321845] <Event name="StateInfo" time="95.76304085" tag="^^^^^" TaskAutoShoot.state="SHOOT" />
TaskAutoShoot.autoTask_INFO [95.822927528] <Event name="StateInfo" time="95.822731898" tag="vvvvv" TaskAutoShoot.state="SHOOT" />
TaskAutoShoot.autoTask_INFO [95.824273985] <Event name="StateInfo" time="95.824086684" tag="^^^^^" TaskAutoShoot.state="SHOOT" />
TaskAutoShoot.autoTask_INFO [95.895020199] <Event name="StateInfo" time="95.894742759" tag="vvvvv" TaskAutoShoot.state="SHOOT" />
TaskAutoShoot.autoTask_INFO [95.901751101] <Event name="StateInfo" time="95.901572494" tag="^^^^^" TaskAutoShoot.state="SHOOT" />
TaskAutoShoot.autoTask_INFO [95.968563456] <Event name="StateInfo" time="95.967031404" tag="vvvvv" TaskAutoShoot.state="SHOOT" />
TaskAutoShoot.autoTask_INFO [95.971728839] <Event name="StateInfo" time="95.968756436" tag="^^^^^" TaskAutoShoot.state="SHOOT" />
TaskAutoShoot.autoTask_INFO [96.039869765] <Event name="StateInfo" time="96.039699612" tag="vvvvv" TaskAutoShoot.state="SHOOT" />
TaskAutoShoot.autoTask_INFO [96.047876873] <Event name="StateInfo" time="96.047670353" tag="^^^^^" TaskAutoShoot.state="SHOOT" />
TaskAutoShoot.autoTask_INFO [96.108272454] <Event name="StateInfo" time="96.108076418" tag="vvvvv" TaskAutoShoot.state="SHOOT" />
TaskAutoShoot.autoTask_INFO [96.109200816] <Event name="StateInfo" time="96.109021291" tag="^^^^^" TaskAutoShoot.state="SHOOT" />
FrcTeleOp.operatorControllerButtonEvent_INFO [96.121542405] ##### button=Y, pressed=false
FrcTeleOp.shoot_INFO [96.122270279] >>>>> Stop Auto Shoot.
TaskAutoShoot.cancel_INFO [96.125687302] Canceling auto task operation.
TaskAutoShoot.stopSubsystems_INFO [96.126366304] Stopping subsystems.
Shooter.LeftTransferMotor.cancel_INFO [96.127913439] Cancel: stopping motor.
Shooter.RightTransferMotor.cancel_INFO [96.128294118] Cancel: stopping motor.
Shooter.FeederMotor.cancel_INFO [96.128583267] Cancel: stopping motor.
Shooter.LeftShooter.disableGoalTracking_INFO [96.130390416] Disable Goal Tracking.
Shooter.LeftShooter.stopGoalTracking_INFO [96.131243097] Stop GoalTracking.
Shooter.LeftTiltMotor.cancel_INFO [96.131553712] Cancel: stopping motor.
Shooter.LeftPrimaryMotor.cancel_INFO [96.134084771] Cancel: stopping motor.
Shooter.RightShooter.disableGoalTracking_INFO [96.13635047] Disable Goal Tracking.
Shooter.RightShooter.stopGoalTracking_INFO [96.138035012] Stop GoalTracking.
Shooter.RightTiltMotor.cancel_INFO [96.140390552] Cancel: stopping motor.
Shooter.RightPrimaryMotor.cancel_INFO [96.142580556] Cancel: stopping motor.
Shooter.LeftShooter.cancel_INFO [96.144184456] owner=null
Shooter.LeftPrimaryMotor.cancel_INFO [96.1454693] Cancel: stopping motor.
Shooter.LeftTiltMotor.cancel_INFO [96.147914905] Cancel: stopping motor.
Shooter.RightShooter.cancel_INFO [96.148798659] owner=null
Shooter.RightPrimaryMotor.cancel_INFO [96.149221841] Cancel: stopping motor.
Shooter.RightTiltMotor.cancel_INFO [96.14962224] Cancel: stopping motor.
Shooter.LeftTransferMotor.cancel_INFO [96.151518367] Cancel: stopping motor.
Shooter.RightTransferMotor.cancel_INFO [96.151973448] Cancel: stopping motor.
Shooter.FeederMotor.cancel_INFO [96.154967307] Cancel: stopping motor.
FrcTeleOp.driverControllerButtonEvent_INFO [96.301368702] ##### button=LeftStickButton, pressed=true
FrcTeleOp.operatorControllerButtonEvent_INFO [96.406766808] ##### button=Y, pressed=true
FrcTeleOp.shoot_INFO [96.407546453] >>>>> Start Auto Shoot.
TaskAutoShoot.autoShoot_INFO [96.40844351] autoShoot(owner=null, event=null, taskParams=(autoStop=false, noPassback=false))
Shooter.setupGoalTrackingMode_INFO [96.417064684] GoalTracking(trackingMode=AllianceHub, goalPose=(x=-158.838583,y=182.110000,angle=0.000000), noPassback=false).
Shooter.LeftShooter.enableGoalTracking_INFO [96.417815841] Enable GoalTracking (trackingParams=(trackFlywheel=true,trackTiltPos=true,trackPanPos=true)).
Shooter.LeftPrimaryMotor.cancel_INFO [96.419184505] Cancel: stopping motor.
Shooter.LeftTiltMotor.cancel_INFO [96.420487895] Cancel: stopping motor.
Shooter.RightShooter.enableGoalTracking_INFO [96.421207075] Enable GoalTracking (trackingParams=(trackFlywheel=true,trackTiltPos=true,trackPanPos=true)).
Shooter.RightPrimaryMotor.cancel_INFO [96.421573364] Cancel: stopping motor.
Shooter.RightTiltMotor.cancel_INFO [96.422849677] Cancel: stopping motor.
TaskAutoShoot.autoTask_INFO [96.493020449] <Event name="StateInfo" time="96.492723128" tag="vvvvv" TaskAutoShoot.state="START" />
TaskAutoShoot.runTaskState_INFO [96.496859092] ***** Wait for left Shooter ready.
TaskAutoShoot.runTaskState_INFO [96.497967444] ***** Wait for right Shooter ready.
TaskAutoShoot.runTaskState_INFO [96.498283725] ***** Wait for Turret ready.
TaskAutoShoot.autoTask_INFO [96.502100651] <Event name="StateInfo" time="96.501355679" tag="^^^^^" TaskAutoShoot.state="START" />
FrcTeleOp.driverControllerButtonEvent_INFO [96.508171529] ##### button=LeftStickButton, pressed=false
Shooter.TurretMotor.pidCtrlTask_INFO [96.539393672] controlMode: Position,onTarget=true(145.05143256267291/146.1107444046122), stalled=false, expired=false, event=(TaskAutoShoot.turretReady=SIGNALED)
TaskAutoShoot.autoTask_INFO [96.576792944] <Event name="StateInfo" time="96.576585827" tag="vvvvv" TaskAutoShoot.state="SHOOT" />
TaskAutoShoot.autoTask_INFO [96.578060677] <Event name="StateInfo" time="96.577877855" tag="^^^^^" TaskAutoShoot.state="SHOOT" />
TaskAutoShoot.autoTask_INFO [96.652482971] <Event name="StateInfo" time="96.65229524" tag="vvvvv" TaskAutoShoot.state="SHOOT" />
TaskAutoShoot.autoTask_INFO [96.652802487] <Event name="StateInfo" time="96.652658238" tag="^^^^^" TaskAutoShoot.state="SHOOT" />
Shooter.LeftShooter.goalTrackingTask_INFO [96.719925291] Shooter.LeftShooter is Ready: rpm1=5525.372596/5507.400456, rpm2=3440.742188/0.000000, tilt=28.609263/28.735684, pan=null/null
TaskAutoShoot.autoTask_INFO [96.739880336] <Event name="StateInfo" time="96.739709853" tag="vvvvv" TaskAutoShoot.state="SHOOT" />
TaskAutoShoot.runTaskState_INFO [96.741372908] ***** Start left shooter shooting.
Shooter.shoot_INFO [96.741997503] shoot(owner=null, event=(TaskAutoShoot.leftShooterDone=CLEARED), shooter=leftShooter, autoStop=false)
Shooter.LeftTransferMotor.cancel_INFO [96.743608132] Cancel: stopping motor.
TaskAutoShoot.autoTask_INFO [96.746530134] <Event name="StateInfo" time="96.746316654" tag="^^^^^" TaskAutoShoot.state="SHOOT" />
TaskAutoShoot.autoTask_INFO [96.821373921] <Event name="StateInfo" time="96.821196866" tag="vvvvv" TaskAutoShoot.state="SHOOT" />
TaskAutoShoot.autoTask_INFO [96.823359653] <Event name="StateInfo" time="96.822658528" tag="^^^^^" TaskAutoShoot.state="SHOOT" />
Shooter.RightShooter.goalTrackingTask_INFO [96.888307372] Shooter.RightShooter is Ready: rpm1=5484.672476/5576.172644, rpm2=3905.039063/0.000000, tilt=28.451152/28.288815, pan=null/null
TaskAutoShoot.autoTask_INFO [96.888919201] <Event name="StateInfo" time="96.88874951" tag="vvvvv" TaskAutoShoot.state="SHOOT" />
TaskAutoShoot.runTaskState_INFO [96.889445376] ***** Start right shooter shooting.
Shooter.shoot_INFO [96.890543009] shoot(owner=null, event=(TaskAutoShoot.rightShooterDone=CLEARED), shooter=rightShooter, autoStop=false)
Shooter.RightTransferMotor.cancel_INFO [96.891646838] Cancel: stopping motor.
TaskAutoShoot.autoTask_INFO [96.892605987] <Event name="StateInfo" time="96.892299945" tag="^^^^^" TaskAutoShoot.state="SHOOT" />
FrcTeleOp.operatorControllerButtonEvent_INFO [98.744589203] ##### button=Y, pressed=false
FrcTeleOp.shoot_INFO [98.746106109] >>>>> Stop Auto Shoot.
TaskAutoShoot.cancel_INFO [98.756247773] Canceling auto task operation.
TaskAutoShoot.stopSubsystems_INFO [98.758397603] Stopping subsystems.
Shooter.LeftTransferMotor.cancel_INFO [98.75998914] Cancel: stopping motor.
Shooter.RightTransferMotor.cancel_INFO [98.761516839] Cancel: stopping motor.
Shooter.FeederMotor.cancel_INFO [98.770027376] Cancel: stopping motor.
Shooter.LeftShooter.disableGoalTracking_INFO [98.772186857] Disable Goal Tracking.
Shooter.LeftShooter.stopGoalTracking_INFO [98.772469733] Stop GoalTracking.
Shooter.LeftTiltMotor.cancel_INFO [98.779392981] Cancel: stopping motor.
Shooter.LeftPrimaryMotor.cancel_INFO [98.779935783] Cancel: stopping motor.
Shooter.RightShooter.disableGoalTracking_INFO [98.782645182] Disable Goal Tracking.
Shooter.RightShooter.stopGoalTracking_INFO [98.784355923] Stop GoalTracking.
Shooter.RightTiltMotor.cancel_INFO [98.784743608] Cancel: stopping motor.
Shooter.RightPrimaryMotor.cancel_INFO [98.785137012] Cancel: stopping motor.
Shooter.LeftShooter.cancel_INFO [98.790363555] owner=null
Shooter.LeftPrimaryMotor.cancel_INFO [98.790876562] Cancel: stopping motor.
Shooter.LeftTiltMotor.cancel_INFO [98.79154126] Cancel: stopping motor.
Shooter.RightShooter.cancel_INFO [98.791879145] owner=null
Shooter.RightPrimaryMotor.cancel_INFO [98.805414513] Cancel: stopping motor.
Shooter.RightTiltMotor.cancel_INFO [98.806816136] Cancel: stopping motor.
Shooter.LeftTransferMotor.cancel_INFO [98.807256869] Cancel: stopping motor.
Shooter.RightTransferMotor.cancel_INFO [98.809061484] Cancel: stopping motor.
Shooter.FeederMotor.cancel_INFO [98.809431414] Cancel: stopping motor.
FrcTeleOp.operatorControllerButtonEvent_INFO [98.907062643] ##### button=Y, pressed=true
FrcTeleOp.shoot_INFO [98.909287521] >>>>> Start Auto Shoot.
TaskAutoShoot.autoShoot_INFO [98.910659414] autoShoot(owner=null, event=null, taskParams=(autoStop=false, noPassback=false))
Shooter.setupGoalTrackingMode_INFO [98.912053775] GoalTracking(trackingMode=AllianceHub, goalPose=(x=-158.838583,y=182.110000,angle=0.000000), noPassback=false).
Shooter.LeftShooter.enableGoalTracking_INFO [98.913174356] Enable GoalTracking (trackingParams=(trackFlywheel=true,trackTiltPos=true,trackPanPos=true)).
Shooter.LeftPrimaryMotor.cancel_INFO [98.914703652] Cancel: stopping motor.
Shooter.LeftTiltMotor.cancel_INFO [98.915758796] Cancel: stopping motor.
Shooter.RightShooter.enableGoalTracking_INFO [98.917487535] Enable GoalTracking (trackingParams=(trackFlywheel=true,trackTiltPos=true,trackPanPos=true)).
Shooter.RightPrimaryMotor.cancel_INFO [98.918801511] Cancel: stopping motor.
Shooter.RightTiltMotor.cancel_INFO [98.920449075] Cancel: stopping motor.
TaskAutoShoot.autoTask_INFO [99.013495302] <Event name="StateInfo" time="99.013202294" tag="vvvvv" TaskAutoShoot.state="START" />
TaskAutoShoot.runTaskState_INFO [99.015398663] ***** Wait for left Shooter ready.
TaskAutoShoot.runTaskState_INFO [99.019397259] ***** Wait for right Shooter ready.
TaskAutoShoot.runTaskState_INFO [99.020925003] ***** Wait for Turret ready.
TaskAutoShoot.autoTask_INFO [99.022961227] <Event name="StateInfo" time="99.022407623" tag="^^^^^" TaskAutoShoot.state="START" />
Shooter.TurretMotor.pidCtrlTask_INFO [99.050255251] controlMode: Position,onTarget=true(-88.74615918851129/-86.5365160677461), stalled=false, expired=false, event=(TaskAutoShoot.turretReady=SIGNALED)
TaskAutoShoot.autoTask_INFO [99.098350818] <Event name="StateInfo" time="99.097057555" tag="vvvvv" TaskAutoShoot.state="SHOOT" />
TaskAutoShoot.autoTask_INFO [99.105003586] <Event name="StateInfo" time="99.098642909" tag="^^^^^" TaskAutoShoot.state="SHOOT" />
TaskAutoShoot.autoTask_INFO [99.175168699] <Event name="StateInfo" time="99.174601328" tag="vvvvv" TaskAutoShoot.state="SHOOT" />
TaskAutoShoot.autoTask_INFO [99.175524626] <Event name="StateInfo" time="99.1753636" tag="^^^^^" TaskAutoShoot.state="SHOOT" />
TaskAutoShoot.autoTask_INFO [99.255000267] <Event name="StateInfo" time="99.253377524" tag="vvvvv" TaskAutoShoot.state="SHOOT" />
TaskAutoShoot.autoTask_INFO [99.257445561] <Event name="StateInfo" time="99.257247487" tag="^^^^^" TaskAutoShoot.state="SHOOT" />
TaskAutoShoot.autoTask_INFO [99.320488003] <Event name="StateInfo" time="99.319091512" tag="vvvvv" TaskAutoShoot.state="SHOOT" />
TaskAutoShoot.autoTask_INFO [99.320816943] <Event name="StateInfo" time="99.320673936" tag="^^^^^" TaskAutoShoot.state="SHOOT" />
TaskAutoShoot.autoTask_INFO [99.393423898] <Event name="StateInfo" time="99.393225921" tag="vvvvv" TaskAutoShoot.state="SHOOT" />
TaskAutoShoot.autoTask_INFO [99.394133781] <Event name="StateInfo" time="99.393837492" tag="^^^^^" TaskAutoShoot.state="SHOOT" />
TaskAutoShoot.autoTask_INFO [99.468338997] <Event name="StateInfo" time="99.468134872" tag="vvvvv" TaskAutoShoot.state="SHOOT" />
TaskAutoShoot.autoTask_INFO [99.468689519] <Event name="StateInfo" time="99.468544418" tag="^^^^^" TaskAutoShoot.state="SHOOT" />
Shooter.RightShooter.goalTrackingTask_INFO [99.544917397] Shooter.RightShooter is Ready: rpm1=5301.427284/5287.057377, rpm2=3646.171875/0.000000, tilt=18.213535/17.439901, pan=null/null
TaskAutoShoot.autoTask_INFO [99.553842672] <Event name="StateInfo" time="99.552877044" tag="vvvvv" TaskAutoShoot.state="SHOOT" />
TaskAutoShoot.runTaskState_INFO [99.554473704] ***** Start right shooter shooting.
Shooter.shoot_INFO [99.555721154] shoot(owner=null, event=(TaskAutoShoot.rightShooterDone=CLEARED), shooter=rightShooter, autoStop=false)
Shooter.RightTransferMotor.cancel_INFO [99.557111511] Cancel: stopping motor.
TaskAutoShoot.autoTask_INFO [99.562949982] <Event name="StateInfo" time="99.562724731" tag="^^^^^" TaskAutoShoot.state="SHOOT" />
TaskAutoShoot.autoTask_INFO [99.641491592] <Event name="StateInfo" time="99.641311463" tag="vvvvv" TaskAutoShoot.state="SHOOT" />
TaskAutoShoot.autoTask_INFO [99.642235054] <Event name="StateInfo" time="99.642064449" tag="^^^^^" TaskAutoShoot.state="SHOOT" />
TaskAutoShoot.autoTask_INFO [99.708711289] <Event name="StateInfo" time="99.70849324" tag="vvvvv" TaskAutoShoot.state="SHOOT" />
TaskAutoShoot.autoTask_INFO [99.711607771] <Event name="StateInfo" time="99.708894352" tag="^^^^^" TaskAutoShoot.state="SHOOT" />
FrcTeleOp.operatorControllerButtonEvent_INFO [99.714361397] ##### button=Y, pressed=false
FrcTeleOp.shoot_INFO [99.71516371] >>>>> Stop Auto Shoot.
TaskAutoShoot.cancel_INFO [99.716371707] Canceling auto task operation.
TaskAutoShoot.stopSubsystems_INFO [99.716909154] Stopping subsystems.
Shooter.LeftTransferMotor.cancel_INFO [99.717423675] Cancel: stopping motor.
Shooter.RightTransferMotor.cancel_INFO [99.71919635] Cancel: stopping motor.
Shooter.FeederMotor.cancel_INFO [99.719582037] Cancel: stopping motor.
Shooter.LeftShooter.disableGoalTracking_INFO [99.719963616] Disable Goal Tracking.
Shooter.LeftShooter.stopGoalTracking_INFO [99.720263251] Stop GoalTracking.
Shooter.LeftTiltMotor.cancel_INFO [99.720516541] Cancel: stopping motor.
Shooter.LeftPrimaryMotor.cancel_INFO [99.720958552] Cancel: stopping motor.
Shooter.RightShooter.disableGoalTracking_INFO [99.724547265] Disable Goal Tracking.
Shooter.RightShooter.stopGoalTracking_INFO [99.725366997] Stop GoalTracking.
Shooter.RightTiltMotor.cancel_INFO [99.725990528] Cancel: stopping motor.
Shooter.RightPrimaryMotor.cancel_INFO [99.726675142] Cancel: stopping motor.
Shooter.LeftShooter.cancel_INFO [99.727408294] owner=null
Shooter.LeftPrimaryMotor.cancel_INFO [99.728650134] Cancel: stopping motor.
Shooter.LeftTiltMotor.cancel_INFO [99.729607935] Cancel: stopping motor.
Shooter.RightShooter.cancel_INFO [99.729957431] owner=null
Shooter.RightPrimaryMotor.cancel_INFO [99.730953874] Cancel: stopping motor.
Shooter.RightTiltMotor.cancel_INFO [99.734028165] Cancel: stopping motor.
Shooter.LeftTransferMotor.cancel_INFO [99.735443708] Cancel: stopping motor.
Shooter.RightTransferMotor.cancel_INFO [99.735851817] Cancel: stopping motor.
Shooter.FeederMotor.cancel_INFO [99.736743705] Cancel: stopping motor.
FrcTeleOp.operatorControllerButtonEvent_INFO [99.849474294] ##### button=Y, pressed=true
FrcTeleOp.shoot_INFO [99.859967625] >>>>> Start Auto Shoot.
TaskAutoShoot.autoShoot_INFO [99.863066438] autoShoot(owner=null, event=null, taskParams=(autoStop=false, noPassback=false))
Shooter.setupGoalTrackingMode_INFO [99.871857502] GoalTracking(trackingMode=AllianceHub, goalPose=(x=-158.838583,y=182.110000,angle=0.000000), noPassback=false).
Shooter.LeftShooter.enableGoalTracking_INFO [99.874224643] Enable GoalTracking (trackingParams=(trackFlywheel=true,trackTiltPos=true,trackPanPos=true)).
Shooter.LeftPrimaryMotor.cancel_INFO [99.876305452] Cancel: stopping motor.
Shooter.LeftTiltMotor.cancel_INFO [99.881998107] Cancel: stopping motor.
Shooter.RightShooter.enableGoalTracking_INFO [99.885867821] Enable GoalTracking (trackingParams=(trackFlywheel=true,trackTiltPos=true,trackPanPos=true)).
Shooter.RightPrimaryMotor.cancel_INFO [99.892197699] Cancel: stopping motor.
Shooter.RightTiltMotor.cancel_INFO [99.895189008] Cancel: stopping motor.
TaskAutoShoot.autoTask_INFO [99.981986944] <Event name="StateInfo" time="99.981711253" tag="vvvvv" TaskAutoShoot.state="START" />
TaskAutoShoot.runTaskState_INFO [99.987150403] ***** Wait for left Shooter ready.
TaskAutoShoot.runTaskState_INFO [99.988312557] ***** Wait for right Shooter ready.
TaskAutoShoot.runTaskState_INFO [99.989376193] ***** Wait for Turret ready.
TaskAutoShoot.autoTask_INFO [99.990645354] <Event name="StateInfo" time="99.989741556" tag="^^^^^" TaskAutoShoot.state="START" />
Shooter.TurretMotor.pidCtrlTask_INFO [100.022381381] controlMode: Position,onTarget=true(-66.9779400785074/-68.34845051429991), stalled=false, expired=false, event=(TaskAutoShoot.turretReady=SIGNALED)
TaskAutoShoot.autoTask_INFO [100.055984608] <Event name="StateInfo" time="100.055805713" tag="vvvvv" TaskAutoShoot.state="SHOOT" />
TaskAutoShoot.autoTask_INFO [100.056881839] <Event name="StateInfo" time="100.05669834" tag="^^^^^" TaskAutoShoot.state="SHOOT" />
TaskAutoShoot.autoTask_INFO [100.128203614] <Event name="StateInfo" time="100.127832581" tag="vvvvv" TaskAutoShoot.state="SHOOT" />
TaskAutoShoot.autoTask_INFO [100.129157067] <Event name="StateInfo" time="100.128962355" tag="^^^^^" TaskAutoShoot.state="SHOOT" />
TaskAutoShoot.autoTask_INFO [100.21587187] <Event name="StateInfo" time="100.21390891" tag="vvvvv" TaskAutoShoot.state="SHOOT" />
TaskAutoShoot.autoTask_INFO [100.217120493] <Event name="StateInfo" time="100.216655419" tag="^^^^^" TaskAutoShoot.state="SHOOT" />
TaskAutoShoot.autoTask_INFO [100.294149025] <Event name="StateInfo" time="100.293945395" tag="vvvvv" TaskAutoShoot.state="SHOOT" />
TaskAutoShoot.autoTask_INFO [100.295039264] <Event name="StateInfo" time="100.294860692" tag="^^^^^" TaskAutoShoot.state="SHOOT" />
TaskAutoShoot.autoTask_INFO [100.365039197] <Event name="StateInfo" time="100.364828607" tag="vvvvv" TaskAutoShoot.state="SHOOT" />
TaskAutoShoot.autoTask_INFO [100.36618171] <Event name="StateInfo" time="100.366006264" tag="^^^^^" TaskAutoShoot.state="SHOOT" />
TaskAutoShoot.autoTask_INFO [100.422975275] <Event name="StateInfo" time="100.422422534" tag="vvvvv" TaskAutoShoot.state="SHOOT" />
TaskAutoShoot.autoTask_INFO [100.424387975] <Event name="StateInfo" time="100.42421046" tag="^^^^^" TaskAutoShoot.state="SHOOT" />
Shooter.RightShooter.goalTrackingTask_INFO [100.492595069] Shooter.RightShooter is Ready: rpm1=5211.129808/5189.569265, rpm2=3606.210938/0.000000, tilt=30.308962/30.749499, pan=null/null
TaskAutoShoot.autoTask_INFO [100.494910536] <Event name="StateInfo" time="100.494612253" tag="vvvvv" TaskAutoShoot.state="SHOOT" />
TaskAutoShoot.runTaskState_INFO [100.496133059] ***** Start right shooter shooting.
Shooter.shoot_INFO [100.497689374] shoot(owner=null, event=(TaskAutoShoot.rightShooterDone=CLEARED), shooter=rightShooter, autoStop=false)
Shooter.RightTransferMotor.cancel_INFO [100.500615987] Cancel: stopping motor.
TaskAutoShoot.autoTask_INFO [100.502925103] <Event name="StateInfo" time="100.502575831" tag="^^^^^" TaskAutoShoot.state="SHOOT" />
TaskAutoShoot.autoTask_INFO [100.591068981] <Event name="StateInfo" time="100.590874978" tag="vvvvv" TaskAutoShoot.state="SHOOT" />
TaskAutoShoot.autoTask_INFO [100.596517238] <Event name="StateInfo" time="100.595183698" tag="^^^^^" TaskAutoShoot.state="SHOOT" />
TaskAutoShoot.autoTask_INFO [100.663287583] <Event name="StateInfo" time="100.662556417" tag="vvvvv" TaskAutoShoot.state="SHOOT" />
TaskAutoShoot.autoTask_INFO [100.663646347] <Event name="StateInfo" time="100.663490349" tag="^^^^^" TaskAutoShoot.state="SHOOT" />
TaskAutoShoot.autoTask_INFO [100.737079727] <Event name="StateInfo" time="100.736800056" tag="vvvvv" TaskAutoShoot.state="SHOOT" />
TaskAutoShoot.autoTask_INFO [100.738055256] <Event name="StateInfo" time="100.737871672" tag="^^^^^" TaskAutoShoot.state="SHOOT" />
TaskAutoShoot.autoTask_INFO [100.805463371] <Event name="StateInfo" time="100.803909819" tag="vvvvv" TaskAutoShoot.state="SHOOT" />
TaskAutoShoot.autoTask_INFO [100.805814164] <Event name="StateInfo" time="100.805653915" tag="^^^^^" TaskAutoShoot.state="SHOOT" />
FrcTeleOp.driverControllerButtonEvent_INFO [100.811209786] ##### button=RightBumper, pressed=true
FrcTeleOp.driverControllerButtonEvent_INFO [100.811906755] >>>>> Slow Drive
TaskAutoShoot.autoTask_INFO [100.882191516] <Event name="StateInfo" time="100.88199799" tag="vvvvv" TaskAutoShoot.state="SHOOT" />
TaskAutoShoot.autoTask_INFO [100.886690967] <Event name="StateInfo" time="100.886492489" tag="^^^^^" TaskAutoShoot.state="SHOOT" />
Shooter.LeftShooter.goalTrackingTask_INFO [100.937981155] Shooter.LeftShooter is Ready: rpm1=5349.699519/5344.806283, rpm2=3283.242188/0.000000, tilt=27.265315/27.366398, pan=null/null
TaskAutoShoot.autoTask_INFO [100.95452904] <Event name="StateInfo" time="100.954348906" tag="vvvvv" TaskAutoShoot.state="SHOOT" />
TaskAutoShoot.runTaskState_INFO [100.958204379] ***** Start left shooter shooting.
Shooter.shoot_INFO [100.968342508] shoot(owner=null, event=(TaskAutoShoot.leftShooterDone=CLEARED), shooter=leftShooter, autoStop=false)
Shooter.LeftTransferMotor.cancel_INFO [100.969341808] Cancel: stopping motor.
TaskAutoShoot.autoTask_INFO [100.973571764] <Event name="StateInfo" time="100.969756318" tag="^^^^^" TaskAutoShoot.state="SHOOT" />
FrcTeleOp.driverControllerButtonEvent_INFO [101.647222386] ##### button=RightBumper, pressed=false
FrcTeleOp.driverControllerButtonEvent_INFO [101.648305563] >>>>> Normal Drive
FrcTeleOp.operatorControllerButtonEvent_INFO [104.736542106] ##### button=Y, pressed=false
FrcTeleOp.shoot_INFO [104.737067036] >>>>> Stop Auto Shoot.
TaskAutoShoot.cancel_INFO [104.745366181] Canceling auto task operation.
TaskAutoShoot.stopSubsystems_INFO [104.74947652] Stopping subsystems.
Shooter.LeftTransferMotor.cancel_INFO [104.749869693] Cancel: stopping motor.
Shooter.RightTransferMotor.cancel_INFO [104.752504628] Cancel: stopping motor.
Shooter.FeederMotor.cancel_INFO [104.754585917] Cancel: stopping motor.
Shooter.LeftShooter.disableGoalTracking_INFO [104.755753476] Disable Goal Tracking.
Shooter.LeftShooter.stopGoalTracking_INFO [104.756084304] Stop GoalTracking.
Shooter.LeftTiltMotor.cancel_INFO [104.757664781] Cancel: stopping motor.
Shooter.LeftPrimaryMotor.cancel_INFO [104.758179368] Cancel: stopping motor.
Shooter.RightShooter.disableGoalTracking_INFO [104.761773382] Disable Goal Tracking.
Shooter.RightShooter.stopGoalTracking_INFO [104.765333058] Stop GoalTracking.
Shooter.RightTiltMotor.cancel_INFO [104.767578618] Cancel: stopping motor.
Shooter.RightPrimaryMotor.cancel_INFO [104.768792727] Cancel: stopping motor.
Shooter.LeftShooter.cancel_INFO [104.772012389] owner=null
Shooter.LeftPrimaryMotor.cancel_INFO [104.77508891] Cancel: stopping motor.
Shooter.LeftTiltMotor.cancel_INFO [104.776479062] Cancel: stopping motor.
Shooter.RightShooter.cancel_INFO [104.779859649] owner=null
Shooter.RightPrimaryMotor.cancel_INFO [104.781504228] Cancel: stopping motor.
Shooter.RightTiltMotor.cancel_INFO [104.784481031] Cancel: stopping motor.
Shooter.LeftTransferMotor.cancel_INFO [104.786750896] Cancel: stopping motor.
Shooter.RightTransferMotor.cancel_INFO [104.789055496] Cancel: stopping motor.
Shooter.FeederMotor.cancel_INFO [104.789683573] Cancel: stopping motor.
FrcTeleOp.driverControllerButtonEvent_INFO [106.208853542] ##### button=A, pressed=true
FrcTeleOp.driverControllerButtonEvent_INFO [106.261571107] ##### button=A, pressed=false
FrcTeleOp.operatorControllerButtonEvent_INFO [106.66990285] ##### button=Y, pressed=true
FrcTeleOp.shoot_INFO [106.670964019] >>>>> Start Auto Shoot.
TaskAutoShoot.autoShoot_INFO [106.671798467] autoShoot(owner=null, event=null, taskParams=(autoStop=false, noPassback=false))
Shooter.setupGoalTrackingMode_INFO [106.672492326] GoalTracking(trackingMode=AllianceHub, goalPose=(x=-158.838583,y=182.110000,angle=0.000000), noPassback=false).
Shooter.LeftShooter.enableGoalTracking_INFO [106.673997788] Enable GoalTracking (trackingParams=(trackFlywheel=true,trackTiltPos=true,trackPanPos=true)).
Shooter.LeftPrimaryMotor.cancel_INFO [106.675025412] Cancel: stopping motor.
Shooter.LeftTiltMotor.cancel_INFO [106.675800139] Cancel: stopping motor.
Shooter.RightShooter.enableGoalTracking_INFO [106.676699844] Enable GoalTracking (trackingParams=(trackFlywheel=true,trackTiltPos=true,trackPanPos=true)).
Shooter.RightPrimaryMotor.cancel_INFO [106.677339853] Cancel: stopping motor.
Shooter.RightTiltMotor.cancel_INFO [106.678099531] Cancel: stopping motor.
TaskAutoShoot.autoTask_INFO [106.755607585] <Event name="StateInfo" time="106.755372337" tag="vvvvv" TaskAutoShoot.state="START" />
TaskAutoShoot.runTaskState_INFO [106.756315615] ***** Wait for left Shooter ready.
TaskAutoShoot.runTaskState_INFO [106.756839492] ***** Wait for right Shooter ready.
TaskAutoShoot.runTaskState_INFO [106.757271369] ***** Wait for Turret ready.
TaskAutoShoot.autoTask_INFO [106.758890666] <Event name="StateInfo" time="106.757731899" tag="^^^^^" TaskAutoShoot.state="START" />
TaskAutoShoot.autoTask_INFO [106.902481067] <Event name="StateInfo" time="106.902281063" tag="vvvvv" TaskAutoShoot.state="SHOOT" />
TaskAutoShoot.autoTask_INFO [106.904493896] <Event name="StateInfo" time="106.904301492" tag="^^^^^" TaskAutoShoot.state="SHOOT" />
TaskAutoShoot.autoTask_INFO [106.971948429] <Event name="StateInfo" time="106.971676109" tag="vvvvv" TaskAutoShoot.state="SHOOT" />
TaskAutoShoot.autoTask_INFO [106.972889806] <Event name="StateInfo" time="106.972707558" tag="^^^^^" TaskAutoShoot.state="SHOOT" />
TaskAutoShoot.autoTask_INFO [107.038762491] <Event name="StateInfo" time="107.03550034" tag="vvvvv" TaskAutoShoot.state="SHOOT" />
TaskAutoShoot.autoTask_INFO [107.041597828] <Event name="StateInfo" time="107.041384447" tag="^^^^^" TaskAutoShoot.state="SHOOT" />
TaskAutoShoot.autoTask_INFO [107.115795136] <Event name="StateInfo" time="107.115612597" tag="vvvvv" TaskAutoShoot.state="SHOOT" />
TaskAutoShoot.autoTask_INFO [107.118398176] <Event name="StateInfo" time="107.118199068" tag="^^^^^" TaskAutoShoot.state="SHOOT" />
TaskAutoShoot.autoTask_INFO [107.191087392] <Event name="StateInfo" time="107.190909894" tag="vvvvv" TaskAutoShoot.state="SHOOT" />
TaskAutoShoot.autoTask_INFO [107.195791427] <Event name="StateInfo" time="107.191254779" tag="^^^^^" TaskAutoShoot.state="SHOOT" />
TaskAutoShoot.autoTask_INFO [107.253330057] <Event name="StateInfo" time="107.252845338" tag="vvvvv" TaskAutoShoot.state="SHOOT" />
TaskAutoShoot.autoTask_INFO [107.259546715] <Event name="StateInfo" time="107.259374308" tag="^^^^^" TaskAutoShoot.state="SHOOT" />
Shooter.LeftShooter.goalTrackingTask_INFO [107.30912479] Shooter.LeftShooter is Ready: rpm1=4609.903846/4601.457099, rpm2=2820.468750/0.000000, tilt=22.245321/22.009409, pan=null/null
TaskAutoShoot.autoTask_INFO [107.32679612] <Event name="StateInfo" time="107.326605414" tag="vvvvv" TaskAutoShoot.state="SHOOT" />
TaskAutoShoot.autoTask_INFO [107.327690057] <Event name="StateInfo" time="107.327429902" tag="^^^^^" TaskAutoShoot.state="SHOOT" />
Shooter.RightShooter.goalTrackingTask_INFO [107.387232464] Shooter.RightShooter is Ready: rpm1=4535.507813/4614.750023, rpm2=3404.062500/0.000000, tilt=22.008157/22.139114, pan=null/null
TaskAutoShoot.autoTask_INFO [107.388512628] <Event name="StateInfo" time="107.388332758" tag="vvvvv" TaskAutoShoot.state="SHOOT" />
TaskAutoShoot.autoTask_INFO [107.389524434] <Event name="StateInfo" time="107.388984383" tag="^^^^^" TaskAutoShoot.state="SHOOT" />
TaskAutoShoot.autoTask_INFO [107.447439762] <Event name="StateInfo" time="107.447247354" tag="vvvvv" TaskAutoShoot.state="SHOOT" />
TaskAutoShoot.autoTask_INFO [107.448206959] <Event name="StateInfo" time="107.448034524" tag="^^^^^" TaskAutoShoot.state="SHOOT" />
FrcTeleOp.operatorControllerButtonEvent_INFO [107.451720197] ##### button=Y, pressed=false
FrcTeleOp.shoot_INFO [107.452793032] >>>>> Stop Auto Shoot.
TaskAutoShoot.cancel_INFO [107.453705295] Canceling auto task operation.
TaskAutoShoot.stopSubsystems_INFO [107.454609947] Stopping subsystems.
Shooter.LeftTransferMotor.cancel_INFO [107.456065499] Cancel: stopping motor.
Shooter.RightTransferMotor.cancel_INFO [107.45798326] Cancel: stopping motor.
Shooter.FeederMotor.cancel_INFO [107.45927882] Cancel: stopping motor.
Shooter.LeftShooter.disableGoalTracking_INFO [107.461033404] Disable Goal Tracking.
Shooter.LeftShooter.stopGoalTracking_INFO [107.462673066] Stop GoalTracking.
Shooter.LeftTiltMotor.cancel_INFO [107.468624867] Cancel: stopping motor.
Shooter.LeftPrimaryMotor.cancel_INFO [107.470074098] Cancel: stopping motor.
Shooter.RightShooter.disableGoalTracking_INFO [107.476193341] Disable Goal Tracking.
Shooter.RightShooter.stopGoalTracking_INFO [107.478969175] Stop GoalTracking.
Shooter.RightTiltMotor.cancel_INFO [107.481235234] Cancel: stopping motor.
Shooter.RightPrimaryMotor.cancel_INFO [107.484096336] Cancel: stopping motor.
Shooter.LeftShooter.cancel_INFO [107.486489757] owner=null
Shooter.LeftPrimaryMotor.cancel_INFO [107.489036972] Cancel: stopping motor.
Shooter.LeftTiltMotor.cancel_INFO [107.491678156] Cancel: stopping motor.
Shooter.RightShooter.cancel_INFO [107.493385306] owner=null
Shooter.RightPrimaryMotor.cancel_INFO [107.494999109] Cancel: stopping motor.
Shooter.RightTiltMotor.cancel_INFO [107.496714553] Cancel: stopping motor.
Shooter.LeftTransferMotor.cancel_INFO [107.500304573] Cancel: stopping motor.
Shooter.RightTransferMotor.cancel_INFO [107.502414881] Cancel: stopping motor.
Shooter.FeederMotor.cancel_INFO [107.50565448] Cancel: stopping motor.
FrcTeleOp.operatorControllerButtonEvent_INFO [107.766671552] ##### button=Y, pressed=true
FrcTeleOp.shoot_INFO [107.76755568] >>>>> Start Auto Shoot.
TaskAutoShoot.autoShoot_INFO [107.768501462] autoShoot(owner=null, event=null, taskParams=(autoStop=false, noPassback=false))
Shooter.setupGoalTrackingMode_INFO [107.769083241] GoalTracking(trackingMode=AllianceHub, goalPose=(x=-158.838583,y=182.110000,angle=0.000000), noPassback=false).
Shooter.LeftShooter.enableGoalTracking_INFO [107.769579831] Enable GoalTracking (trackingParams=(trackFlywheel=true,trackTiltPos=true,trackPanPos=true)).
Shooter.LeftPrimaryMotor.cancel_INFO [107.77030524] Cancel: stopping motor.
Shooter.LeftTiltMotor.cancel_INFO [107.771042425] Cancel: stopping motor.
Shooter.RightShooter.enableGoalTracking_INFO [107.77166973] Enable GoalTracking (trackingParams=(trackFlywheel=true,trackTiltPos=true,trackPanPos=true)).
Shooter.RightPrimaryMotor.cancel_INFO [107.772011157] Cancel: stopping motor.
Shooter.RightTiltMotor.cancel_INFO [107.772817647] Cancel: stopping motor.
TaskAutoShoot.autoTask_INFO [107.849574751] <Event name="StateInfo" time="107.849018618" tag="vvvvv" TaskAutoShoot.state="START" />
TaskAutoShoot.runTaskState_INFO [107.851382445] ***** Wait for left Shooter ready.
TaskAutoShoot.runTaskState_INFO [107.852542838] ***** Wait for right Shooter ready.
TaskAutoShoot.runTaskState_INFO [107.854590361] ***** Wait for Turret ready.
TaskAutoShoot.autoTask_INFO [107.855344536] <Event name="StateInfo" time="107.855149254" tag="^^^^^" TaskAutoShoot.state="START" />
Shooter.TurretMotor.pidCtrlTask_INFO [107.88933702] controlMode: Position,onTarget=true(129.8962695441304/129.8733180969558), stalled=false, expired=false, event=(TaskAutoShoot.turretReady=SIGNALED)
TaskAutoShoot.autoTask_INFO [107.932378701] <Event name="StateInfo" time="107.932201911" tag="vvvvv" TaskAutoShoot.state="SHOOT" />
TaskAutoShoot.autoTask_INFO [107.93531794] <Event name="StateInfo" time="107.935126544" tag="^^^^^" TaskAutoShoot.state="SHOOT" />
Shooter.LeftShooter.goalTrackingTask_INFO [107.994204721] Shooter.LeftShooter is Ready: rpm1=4572.043269/4633.130378, rpm2=2844.140625/0.000000, tilt=22.245321/22.214954, pan=null/null
TaskAutoShoot.autoTask_INFO [108.018945819] <Event name="StateInfo" time="108.018649458" tag="vvvvv" TaskAutoShoot.state="SHOOT" />
TaskAutoShoot.runTaskState_INFO [108.0192125] ***** Start left shooter shooting.
Shooter.shoot_INFO [108.019554643] shoot(owner=null, event=(TaskAutoShoot.leftShooterDone=CLEARED), shooter=leftShooter, autoStop=false)
Shooter.LeftTransferMotor.cancel_INFO [108.019922937] Cancel: stopping motor.
TaskAutoShoot.autoTask_INFO [108.020659779] <Event name="StateInfo" time="108.020492981" tag="^^^^^" TaskAutoShoot.state="SHOOT" />
TaskAutoShoot.autoTask_INFO [108.100855026] <Event name="StateInfo" time="108.100295078" tag="vvvvv" TaskAutoShoot.state="SHOOT" />
TaskAutoShoot.autoTask_INFO [108.102164422] <Event name="StateInfo" time="108.10124095" tag="^^^^^" TaskAutoShoot.state="SHOOT" />
Shooter.RightShooter.goalTrackingTask_INFO [108.17873337] Shooter.RightShooter is Ready: rpm1=4555.952524/4635.914316, rpm2=3567.421875/0.000000, tilt=22.245321/22.564155, pan=null/null
TaskAutoShoot.autoTask_INFO [108.179129587] <Event name="StateInfo" time="108.178984461" tag="vvvvv" TaskAutoShoot.state="SHOOT" />
TaskAutoShoot.runTaskState_INFO [108.179318204] ***** Start right shooter shooting.
Shooter.shoot_INFO [108.179658898] shoot(owner=null, event=(TaskAutoShoot.rightShooterDone=CLEARED), shooter=rightShooter, autoStop=false)
Shooter.RightTransferMotor.cancel_INFO [108.180056045] Cancel: stopping motor.
TaskAutoShoot.autoTask_INFO [108.180677979] <Event name="StateInfo" time="108.180508784" tag="^^^^^" TaskAutoShoot.state="SHOOT" />
Shooter.setupGoalTrackingMode_INFO [110.965238944] GoalTracking(trackingMode=AllianceHub, goalPose=(x=-158.838583,y=182.110000,angle=0.000000), noPassback=false).
FrcTeleOp.driverControllerButtonEvent_INFO [111.051429328] ##### button=RightBumper, pressed=true
FrcTeleOp.driverControllerButtonEvent_INFO [111.053347958] >>>>> Slow Drive
FrcTeleOp.driverControllerButtonEvent_INFO [111.473753819] ##### button=RightBumper, pressed=false
FrcTeleOp.driverControllerButtonEvent_INFO [111.475314654] >>>>> Normal Drive
FrcTeleOp.operatorControllerButtonEvent_INFO [111.792485285] ##### button=Y, pressed=false
FrcTeleOp.shoot_INFO [111.793229582] >>>>> Stop Auto Shoot.
TaskAutoShoot.cancel_INFO [111.800511794] Canceling auto task operation.
TaskAutoShoot.stopSubsystems_INFO [111.803519573] Stopping subsystems.
Shooter.LeftTransferMotor.cancel_INFO [111.809122087] Cancel: stopping motor.
Shooter.RightTransferMotor.cancel_INFO [111.811184606] Cancel: stopping motor.
Shooter.FeederMotor.cancel_INFO [111.812501966] Cancel: stopping motor.
Shooter.LeftShooter.disableGoalTracking_INFO [111.814669736] Disable Goal Tracking.
Shooter.LeftShooter.stopGoalTracking_INFO [111.815442072] Stop GoalTracking.
Shooter.LeftTiltMotor.cancel_INFO [111.8178409] Cancel: stopping motor.
Shooter.LeftPrimaryMotor.cancel_INFO [111.819400641] Cancel: stopping motor.
Shooter.RightShooter.disableGoalTracking_INFO [111.820844544] Disable Goal Tracking.
Shooter.RightShooter.stopGoalTracking_INFO [111.821076372] Stop GoalTracking.
Shooter.RightTiltMotor.cancel_INFO [111.825340868] Cancel: stopping motor.
Shooter.RightPrimaryMotor.cancel_INFO [111.827540364] Cancel: stopping motor.
Shooter.LeftShooter.cancel_INFO [111.833908113] owner=null
Shooter.LeftPrimaryMotor.cancel_INFO [111.835502521] Cancel: stopping motor.
Shooter.LeftTiltMotor.cancel_INFO [111.837962618] Cancel: stopping motor.
Shooter.RightShooter.cancel_INFO [111.83879938] owner=null
Shooter.RightPrimaryMotor.cancel_INFO [111.840834576] Cancel: stopping motor.
Shooter.RightTiltMotor.cancel_INFO [111.842500566] Cancel: stopping motor.
Shooter.LeftTransferMotor.cancel_INFO [111.845617637] Cancel: stopping motor.
Shooter.RightTransferMotor.cancel_INFO [111.847255506] Cancel: stopping motor.
Shooter.FeederMotor.cancel_INFO [111.849623103] Cancel: stopping motor.
FrcTeleOp.operatorControllerButtonEvent_INFO [112.147605544] ##### button=Y, pressed=true
FrcTeleOp.shoot_INFO [112.148454967] >>>>> Start Auto Shoot.
TaskAutoShoot.autoShoot_INFO [112.149223096] autoShoot(owner=null, event=null, taskParams=(autoStop=false, noPassback=false))
Shooter.setupGoalTrackingMode_INFO [112.151870033] GoalTracking(trackingMode=AllianceHub, goalPose=(x=-158.838583,y=182.110000,angle=0.000000), noPassback=false).
Shooter.LeftShooter.enableGoalTracking_INFO [112.152422633] Enable GoalTracking (trackingParams=(trackFlywheel=true,trackTiltPos=true,trackPanPos=true)).
Shooter.LeftPrimaryMotor.cancel_INFO [112.153088342] Cancel: stopping motor.
Shooter.LeftTiltMotor.cancel_INFO [112.153876375] Cancel: stopping motor.
Shooter.RightShooter.enableGoalTracking_INFO [112.154620994] Enable GoalTracking (trackingParams=(trackFlywheel=true,trackTiltPos=true,trackPanPos=true)).
Shooter.RightPrimaryMotor.cancel_INFO [112.154989624] Cancel: stopping motor.
Shooter.RightTiltMotor.cancel_INFO [112.156012177] Cancel: stopping motor.
TaskAutoShoot.autoTask_INFO [112.21946671] <Event name="StateInfo" time="112.218174938" tag="vvvvv" TaskAutoShoot.state="START" />
TaskAutoShoot.runTaskState_INFO [112.219800407] ***** Wait for left Shooter ready.
TaskAutoShoot.runTaskState_INFO [112.220012539] ***** Wait for right Shooter ready.
TaskAutoShoot.runTaskState_INFO [112.22155987] ***** Wait for Turret ready.
TaskAutoShoot.autoTask_INFO [112.223064372] <Event name="StateInfo" time="112.222824661" tag="^^^^^" TaskAutoShoot.state="START" />
Shooter.TurretMotor.pidCtrlTask_INFO [112.251543581] controlMode: Position,onTarget=true(134.99391363121552/133.51281864079752), stalled=false, expired=false, event=(TaskAutoShoot.turretReady=SIGNALED)
TaskAutoShoot.autoTask_INFO [112.304025635] <Event name="StateInfo" time="112.303845219" tag="vvvvv" TaskAutoShoot.state="SHOOT" />
TaskAutoShoot.autoTask_INFO [112.308243949] <Event name="StateInfo" time="112.304209583" tag="^^^^^" TaskAutoShoot.state="SHOOT" />
TaskAutoShoot.autoTask_INFO [112.374720114] <Event name="StateInfo" time="112.372930591" tag="vvvvv" TaskAutoShoot.state="SHOOT" />
TaskAutoShoot.autoTask_INFO [112.375096721] <Event name="StateInfo" time="112.374923212" tag="^^^^^" TaskAutoShoot.state="SHOOT" />
Shooter.LeftShooter.goalTrackingTask_INFO [112.441151176] Shooter.LeftShooter is Ready: rpm1=5625.135216/5567.638062, rpm2=3467.343750/0.000000, tilt=29.953210/29.268368, pan=null/null
TaskAutoShoot.autoTask_INFO [112.465830024] <Event name="StateInfo" time="112.465645032" tag="vvvvv" TaskAutoShoot.state="SHOOT" />
TaskAutoShoot.runTaskState_INFO [112.469000115] ***** Start left shooter shooting.
Shooter.shoot_INFO [112.469941404] shoot(owner=null, event=(TaskAutoShoot.leftShooterDone=CLEARED), shooter=leftShooter, autoStop=false)
Shooter.LeftTransferMotor.cancel_INFO [112.471105879] Cancel: stopping motor.
TaskAutoShoot.autoTask_INFO [112.473076005] <Event name="StateInfo" time="112.472882087" tag="^^^^^" TaskAutoShoot.state="SHOOT" />
TaskAutoShoot.autoTask_INFO [112.548857206] <Event name="StateInfo" time="112.548660445" tag="vvvvv" TaskAutoShoot.state="SHOOT" />
TaskAutoShoot.autoTask_INFO [112.550043798] <Event name="StateInfo" time="112.549849539" tag="^^^^^" TaskAutoShoot.state="SHOOT" />
TaskAutoShoot.autoTask_INFO [112.630921732] <Event name="StateInfo" time="112.630637558" tag="vvvvv" TaskAutoShoot.state="SHOOT" />
TaskAutoShoot.autoTask_INFO [112.639021058] <Event name="StateInfo" time="112.63109531" tag="^^^^^" TaskAutoShoot.state="SHOOT" />
Shooter.RightShooter.goalTrackingTask_INFO [112.704378942] Shooter.RightShooter is Ready: rpm1=5576.105769/5658.241078, rpm2=3941.718750/0.000000, tilt=29.004542/29.259053, pan=null/null
TaskAutoShoot.autoTask_INFO [112.704942183] <Event name="StateInfo" time="112.70478372" tag="vvvvv" TaskAutoShoot.state="SHOOT" />
TaskAutoShoot.runTaskState_INFO [112.705158106] ***** Start right shooter shooting.
Shooter.shoot_INFO [112.705809817] shoot(owner=null, event=(TaskAutoShoot.rightShooterDone=CLEARED), shooter=rightShooter, autoStop=false)
Shooter.RightTransferMotor.cancel_INFO [112.70634136] Cancel: stopping motor.
TaskAutoShoot.autoTask_INFO [112.70792445] <Event name="StateInfo" time="112.707239537" tag="^^^^^" TaskAutoShoot.state="SHOOT" />
FrcTeleOp.operatorControllerButtonEvent_INFO [114.185882244] ##### button=Y, pressed=false
FrcTeleOp.shoot_INFO [114.187938874] >>>>> Stop Auto Shoot.
TaskAutoShoot.cancel_INFO [114.189021177] Canceling auto task operation.
TaskAutoShoot.stopSubsystems_INFO [114.189541257] Stopping subsystems.
Shooter.LeftTransferMotor.cancel_INFO [114.190457028] Cancel: stopping motor.
Shooter.RightTransferMotor.cancel_INFO [114.194686705] Cancel: stopping motor.
Shooter.FeederMotor.cancel_INFO [114.195657237] Cancel: stopping motor.
Shooter.LeftShooter.disableGoalTracking_INFO [114.196506246] Disable Goal Tracking.
Shooter.LeftShooter.stopGoalTracking_INFO [114.197620889] Stop GoalTracking.
Shooter.LeftTiltMotor.cancel_INFO [114.198214414] Cancel: stopping motor.
Shooter.LeftPrimaryMotor.cancel_INFO [114.199152618] Cancel: stopping motor.
Shooter.RightShooter.disableGoalTracking_INFO [114.200635042] Disable Goal Tracking.
Shooter.RightShooter.stopGoalTracking_INFO [114.201999082] Stop GoalTracking.
Shooter.RightTiltMotor.cancel_INFO [114.206423515] Cancel: stopping motor.
Shooter.RightPrimaryMotor.cancel_INFO [114.207387786] Cancel: stopping motor.
Shooter.LeftShooter.cancel_INFO [114.209203421] owner=null
Shooter.LeftPrimaryMotor.cancel_INFO [114.210175287] Cancel: stopping motor.
Shooter.LeftTiltMotor.cancel_INFO [114.211184051] Cancel: stopping motor.
Shooter.RightShooter.cancel_INFO [114.213055437] owner=null
Shooter.RightPrimaryMotor.cancel_INFO [114.216284217] Cancel: stopping motor.
Shooter.RightTiltMotor.cancel_INFO [114.21768185] Cancel: stopping motor.
Shooter.LeftTransferMotor.cancel_INFO [114.218744767] Cancel: stopping motor.
Shooter.RightTransferMotor.cancel_INFO [114.219966556] Cancel: stopping motor.
Shooter.FeederMotor.cancel_INFO [114.221685152] Cancel: stopping motor.
FrcTeleOp.operatorControllerButtonEvent_INFO [114.416283089] ##### button=Y, pressed=true
FrcTeleOp.shoot_INFO [114.417055448] >>>>> Start Auto Shoot.
TaskAutoShoot.autoShoot_INFO [114.417869295] autoShoot(owner=null, event=null, taskParams=(autoStop=false, noPassback=false))
Shooter.setupGoalTrackingMode_INFO [114.418523394] GoalTracking(trackingMode=AllianceHub, goalPose=(x=-158.838583,y=182.110000,angle=0.000000), noPassback=false).
Shooter.LeftShooter.enableGoalTracking_INFO [114.419687334] Enable GoalTracking (trackingParams=(trackFlywheel=true,trackTiltPos=true,trackPanPos=true)).
Shooter.LeftPrimaryMotor.cancel_INFO [114.421379983] Cancel: stopping motor.
Shooter.LeftTiltMotor.cancel_INFO [114.422164674] Cancel: stopping motor.
Shooter.RightShooter.enableGoalTracking_INFO [114.423205296] Enable GoalTracking (trackingParams=(trackFlywheel=true,trackTiltPos=true,trackPanPos=true)).
Shooter.RightPrimaryMotor.cancel_INFO [114.42426821] Cancel: stopping motor.
Shooter.RightTiltMotor.cancel_INFO [114.425042726] Cancel: stopping motor.
TaskAutoShoot.autoTask_INFO [114.495715544] <Event name="StateInfo" time="114.495453007" tag="vvvvv" TaskAutoShoot.state="START" />
TaskAutoShoot.runTaskState_INFO [114.500535921] ***** Wait for left Shooter ready.
TaskAutoShoot.runTaskState_INFO [114.502809236] ***** Wait for right Shooter ready.
TaskAutoShoot.runTaskState_INFO [114.504656919] ***** Wait for Turret ready.
TaskAutoShoot.autoTask_INFO [114.508399484] <Event name="StateInfo" time="114.508159334" tag="^^^^^" TaskAutoShoot.state="START" />
Shooter.TurretMotor.pidCtrlTask_INFO [114.543927529] controlMode: Position,onTarget=true(117.22104118858145/117.43361295810593), stalled=false, expired=false, event=(TaskAutoShoot.turretReady=SIGNALED)
TaskAutoShoot.autoTask_INFO [114.581390958] <Event name="StateInfo" time="114.579064365" tag="vvvvv" TaskAutoShoot.state="SHOOT" />
TaskAutoShoot.autoTask_INFO [114.581767508] <Event name="StateInfo" time="114.581599654" tag="^^^^^" TaskAutoShoot.state="SHOOT" />
TaskAutoShoot.autoTask_INFO [114.661457818] <Event name="StateInfo" time="114.658795842" tag="vvvvv" TaskAutoShoot.state="SHOOT" />
TaskAutoShoot.autoTask_INFO [114.672501059] <Event name="StateInfo" time="114.662064947" tag="^^^^^" TaskAutoShoot.state="SHOOT" />
TaskAutoShoot.autoTask_INFO [114.737505085] <Event name="StateInfo" time="114.7352033" tag="vvvvv" TaskAutoShoot.state="SHOOT" />
TaskAutoShoot.autoTask_INFO [114.738186007] <Event name="StateInfo" time="114.737999834" tag="^^^^^" TaskAutoShoot.state="SHOOT" />
TaskAutoShoot.autoTask_INFO [114.806482817] <Event name="StateInfo" time="114.804392149" tag="vvvvv" TaskAutoShoot.state="SHOOT" />
TaskAutoShoot.autoTask_INFO [114.807078548] <Event name="StateInfo" time="114.806899196" tag="^^^^^" TaskAutoShoot.state="SHOOT" />
TaskAutoShoot.autoTask_INFO [114.876799634] <Event name="StateInfo" time="114.876613237" tag="vvvvv" TaskAutoShoot.state="SHOOT" />
TaskAutoShoot.autoTask_INFO [114.880502211] <Event name="StateInfo" time="114.876971418" tag="^^^^^" TaskAutoShoot.state="SHOOT" />
TaskAutoShoot.autoTask_INFO [114.955930571] <Event name="StateInfo" time="114.955749121" tag="vvvvv" TaskAutoShoot.state="SHOOT" />
TaskAutoShoot.autoTask_INFO [114.957034229] <Event name="StateInfo" time="114.956573851" tag="^^^^^" TaskAutoShoot.state="SHOOT" />
TaskAutoShoot.autoTask_INFO [115.023945443] <Event name="StateInfo" time="115.022961646" tag="vvvvv" TaskAutoShoot.state="SHOOT" />
TaskAutoShoot.autoTask_INFO [115.027324881] <Event name="StateInfo" time="115.024138696" tag="^^^^^" TaskAutoShoot.state="SHOOT" />
TaskAutoShoot.autoTask_INFO [115.094380504] <Event name="StateInfo" time="115.094139161" tag="vvvvv" TaskAutoShoot.state="SHOOT" />
TaskAutoShoot.autoTask_INFO [115.09913906] <Event name="StateInfo" time="115.098933657" tag="^^^^^" TaskAutoShoot.state="SHOOT" />
FrcTeleOp.driverControllerButtonEvent_INFO [115.107664855] ##### button=A, pressed=true
TaskAutoShoot.autoTask_INFO [115.182247263] <Event name="StateInfo" time="115.182059523" tag="vvvvv" TaskAutoShoot.state="SHOOT" />
TaskAutoShoot.autoTask_INFO [115.183036609] <Event name="StateInfo" time="115.182455244" tag="^^^^^" TaskAutoShoot.state="SHOOT" />
FrcTeleOp.driverControllerButtonEvent_INFO [115.186079754] ##### button=A, pressed=false
TaskAutoShoot.autoTask_INFO [115.256021808] <Event name="StateInfo" time="115.255829268" tag="vvvvv" TaskAutoShoot.state="SHOOT" />
TaskAutoShoot.autoTask_INFO [115.258678389] <Event name="StateInfo" time="115.25755035" tag="^^^^^" TaskAutoShoot.state="SHOOT" />
Shooter.LeftShooter.goalTrackingTask_INFO [115.306633639] Shooter.LeftShooter is Ready: rpm1=6106.532452/6092.354793, rpm2=3807.890625/0.000000, tilt=35.052302/34.787539, pan=null/null
TaskAutoShoot.autoTask_INFO [115.328033126] <Event name="StateInfo" time="115.32783854" tag="vvvvv" TaskAutoShoot.state="SHOOT" />
TaskAutoShoot.runTaskState_INFO [115.330952844] ***** Start left shooter shooting.
Shooter.shoot_INFO [115.333751277] shoot(owner=null, event=(TaskAutoShoot.leftShooterDone=CLEARED), shooter=leftShooter, autoStop=false)
Shooter.LeftTransferMotor.cancel_INFO [115.33666546] Cancel: stopping motor.
TaskAutoShoot.autoTask_INFO [115.339292369] <Event name="StateInfo" time="115.338463501" tag="^^^^^" TaskAutoShoot.state="SHOOT" />
TaskAutoShoot.autoTask_INFO [115.416667632] <Event name="StateInfo" time="115.416419458" tag="vvvvv" TaskAutoShoot.state="SHOOT" />
TaskAutoShoot.autoTask_INFO [115.416992428] <Event name="StateInfo" time="115.416847306" tag="^^^^^" TaskAutoShoot.state="SHOOT" />
TaskAutoShoot.autoTask_INFO [115.474163958] <Event name="StateInfo" time="115.473985206" tag="vvvvv" TaskAutoShoot.state="SHOOT" />
TaskAutoShoot.autoTask_INFO [115.479795214] <Event name="StateInfo" time="115.479546103" tag="^^^^^" TaskAutoShoot.state="SHOOT" />
TaskAutoShoot.autoTask_INFO [115.561875146] <Event name="StateInfo" time="115.561681851" tag="vvvvv" TaskAutoShoot.state="SHOOT" />
TaskAutoShoot.autoTask_INFO [115.562377833] <Event name="StateInfo" time="115.562220451" tag="^^^^^" TaskAutoShoot.state="SHOOT" />
Shooter.RightShooter.goalTrackingTask_INFO [115.621996631] Shooter.RightShooter is Ready: rpm1=5465.174279/5513.802367, rpm2=3995.625000/0.000000, tilt=33.589775/33.612844, pan=null/null
TaskAutoShoot.autoTask_INFO [115.623002739] <Event name="StateInfo" time="115.622794786" tag="vvvvv" TaskAutoShoot.state="SHOOT" />
TaskAutoShoot.runTaskState_INFO [115.624037273] ***** Start right shooter shooting.
Shooter.shoot_INFO [115.624997755] shoot(owner=null, event=(TaskAutoShoot.rightShooterDone=CLEARED), shooter=rightShooter, autoStop=false)
Shooter.RightTransferMotor.cancel_INFO [115.625589694] Cancel: stopping motor.
TaskAutoShoot.autoTask_INFO [115.626528306] <Event name="StateInfo" time="115.626363318" tag="^^^^^" TaskAutoShoot.state="SHOOT" />
FrcTeleOp.driverControllerButtonEvent_INFO [115.701348779] ##### button=RightBumper, pressed=true
FrcTeleOp.driverControllerButtonEvent_INFO [115.703794049] >>>>> Slow Drive
FrcTeleOp.driverControllerButtonEvent_INFO [116.318218556] ##### button=RightBumper, pressed=false
FrcTeleOp.driverControllerButtonEvent_INFO [116.322708254] >>>>> Normal Drive
FrcTeleOp.operatorControllerButtonEvent_INFO [118.295808373] ##### button=Y, pressed=false
FrcTeleOp.shoot_INFO [118.297807995] >>>>> Stop Auto Shoot.
TaskAutoShoot.cancel_INFO [118.299164733] Canceling auto task operation.
TaskAutoShoot.stopSubsystems_INFO [118.300077128] Stopping subsystems.
Shooter.LeftTransferMotor.cancel_INFO [118.301404462] Cancel: stopping motor.
Shooter.RightTransferMotor.cancel_INFO [118.303073593] Cancel: stopping motor.
Shooter.FeederMotor.cancel_INFO [118.304599753] Cancel: stopping motor.
Shooter.LeftShooter.disableGoalTracking_INFO [118.305613379] Disable Goal Tracking.
Shooter.LeftShooter.stopGoalTracking_INFO [118.306642407] Stop GoalTracking.
Shooter.LeftTiltMotor.cancel_INFO [118.308270511] Cancel: stopping motor.
Shooter.LeftPrimaryMotor.cancel_INFO [118.310912334] Cancel: stopping motor.
Shooter.RightShooter.disableGoalTracking_INFO [118.3121948] Disable Goal Tracking.
Shooter.RightShooter.stopGoalTracking_INFO [118.313624992] Stop GoalTracking.
Shooter.RightTiltMotor.cancel_INFO [118.315301558] Cancel: stopping motor.
Shooter.RightPrimaryMotor.cancel_INFO [118.318612081] Cancel: stopping motor.
Shooter.LeftShooter.cancel_INFO [118.321567608] owner=null
Shooter.LeftPrimaryMotor.cancel_INFO [118.325598352] Cancel: stopping motor.
Shooter.LeftTiltMotor.cancel_INFO [118.326345299] Cancel: stopping motor.
Shooter.RightShooter.cancel_INFO [118.326684032] owner=null
Shooter.RightPrimaryMotor.cancel_INFO [118.329742393] Cancel: stopping motor.
Shooter.RightTiltMotor.cancel_INFO [118.330535159] Cancel: stopping motor.
Shooter.LeftTransferMotor.cancel_INFO [118.334657007] Cancel: stopping motor.
Shooter.RightTransferMotor.cancel_INFO [118.335862453] Cancel: stopping motor.
Shooter.FeederMotor.cancel_INFO [118.346209463] Cancel: stopping motor.
FrcTeleOp.driverControllerButtonEvent_INFO [118.639886426] ##### button=A, pressed=true
FrcTeleOp.driverControllerButtonEvent_INFO [118.741213124] ##### button=A, pressed=false
FrcTeleOp.operatorControllerButtonEvent_INFO [119.883639436] ##### button=Y, pressed=true
FrcTeleOp.shoot_INFO [119.886151105] >>>>> Start Auto Shoot.
TaskAutoShoot.autoShoot_INFO [119.887114463] autoShoot(owner=null, event=null, taskParams=(autoStop=false, noPassback=false))
Shooter.setupGoalTrackingMode_INFO [119.887962233] GoalTracking(trackingMode=AllianceHub, goalPose=(x=-158.838583,y=182.110000,angle=0.000000), noPassback=false).
Shooter.LeftShooter.enableGoalTracking_INFO [119.888765649] Enable GoalTracking (trackingParams=(trackFlywheel=true,trackTiltPos=true,trackPanPos=true)).
Shooter.LeftPrimaryMotor.cancel_INFO [119.889567265] Cancel: stopping motor.
Shooter.LeftTiltMotor.cancel_INFO [119.890892877] Cancel: stopping motor.
Shooter.RightShooter.enableGoalTracking_INFO [119.891818327] Enable GoalTracking (trackingParams=(trackFlywheel=true,trackTiltPos=true,trackPanPos=true)).
Shooter.RightPrimaryMotor.cancel_INFO [119.892907993] Cancel: stopping motor.
Shooter.RightTiltMotor.cancel_INFO [119.894087702] Cancel: stopping motor.
TaskAutoShoot.autoTask_INFO [119.960775356] <Event name="StateInfo" time="119.960513609" tag="vvvvv" TaskAutoShoot.state="START" />
TaskAutoShoot.runTaskState_INFO [119.962462272] ***** Wait for left Shooter ready.
TaskAutoShoot.runTaskState_INFO [119.96422735] ***** Wait for right Shooter ready.
TaskAutoShoot.runTaskState_INFO [119.968590737] ***** Wait for Turret ready.
TaskAutoShoot.autoTask_INFO [119.969621233] <Event name="StateInfo" time="119.969311778" tag="^^^^^" TaskAutoShoot.state="START" />
Shooter.LeftShooter.goalTrackingTask_INFO [120.08610898] Shooter.LeftShooter is Ready: rpm1=4083.452524/4171.933920, rpm2=2572.968750/0.000000, tilt=19.438882/19.367316, pan=null/null
TaskAutoShoot.autoTask_INFO [120.111725332] <Event name="StateInfo" time="120.111375428" tag="vvvvv" TaskAutoShoot.state="SHOOT" />
TaskAutoShoot.autoTask_INFO [120.118077703] <Event name="StateInfo" time="120.117872057" tag="^^^^^" TaskAutoShoot.state="SHOOT" />
TaskAutoShoot.autoTask_INFO [120.178416895] <Event name="StateInfo" time="120.178215547" tag="vvvvv" TaskAutoShoot.state="SHOOT" />
TaskAutoShoot.autoTask_INFO [120.179562079] <Event name="StateInfo" time="120.179365362" tag="^^^^^" TaskAutoShoot.state="SHOOT" />
TaskAutoShoot.autoTask_INFO [120.262350221] <Event name="StateInfo" time="120.261748649" tag="vvvvv" TaskAutoShoot.state="SHOOT" />
TaskAutoShoot.autoTask_INFO [120.264751437] <Event name="StateInfo" time="120.264318795" tag="^^^^^" TaskAutoShoot.state="SHOOT" />
TaskAutoShoot.autoTask_INFO [120.342886727] <Event name="StateInfo" time="120.341126595" tag="vvvvv" TaskAutoShoot.state="SHOOT" />
TaskAutoShoot.autoTask_INFO [120.344219115] <Event name="StateInfo" time="120.343296536" tag="^^^^^" TaskAutoShoot.state="SHOOT" />
TaskAutoShoot.autoTask_INFO [120.413655572] <Event name="StateInfo" time="120.412356803" tag="vvvvv" TaskAutoShoot.state="SHOOT" />
TaskAutoShoot.autoTask_INFO [120.415274524] <Event name="StateInfo" time="120.414463154" tag="^^^^^" TaskAutoShoot.state="SHOOT" />
TaskAutoShoot.autoTask_INFO [120.490437502] <Event name="StateInfo" time="120.49017272" tag="vvvvv" TaskAutoShoot.state="SHOOT" />
TaskAutoShoot.autoTask_INFO [120.500738701] <Event name="StateInfo" time="120.50054876" tag="^^^^^" TaskAutoShoot.state="SHOOT" />
TaskAutoShoot.autoTask_INFO [120.567895177] <Event name="StateInfo" time="120.567703468" tag="vvvvv" TaskAutoShoot.state="SHOOT" />
TaskAutoShoot.autoTask_INFO [120.569486167] <Event name="StateInfo" time="120.568863109" tag="^^^^^" TaskAutoShoot.state="SHOOT" />
TaskAutoShoot.autoTask_INFO [120.644754521] <Event name="StateInfo" time="120.644443988" tag="vvvvv" TaskAutoShoot.state="SHOOT" />
TaskAutoShoot.autoTask_INFO [120.645451582] <Event name="StateInfo" time="120.645280774" tag="^^^^^" TaskAutoShoot.state="SHOOT" />
Shooter.RightShooter.goalTrackingTask_INFO [120.718626612] Shooter.RightShooter is Ready: rpm1=4499.161659/4554.868998, rpm2=3396.210938/0.000000, tilt=24.419323/24.124092, pan=null/null
TaskAutoShoot.autoTask_INFO [120.720173121] <Event name="StateInfo" time="120.719630825" tag="vvvvv" TaskAutoShoot.state="SHOOT" />
TaskAutoShoot.autoTask_INFO [120.72079588] <Event name="StateInfo" time="120.720623581" tag="^^^^^" TaskAutoShoot.state="SHOOT" />
TaskAutoShoot.autoTask_INFO [120.794172572] <Event name="StateInfo" time="120.793966313" tag="vvvvv" TaskAutoShoot.state="SHOOT" />
TaskAutoShoot.autoTask_INFO [120.800041523] <Event name="StateInfo" time="120.799833821" tag="^^^^^" TaskAutoShoot.state="SHOOT" />
TaskAutoShoot.autoTask_INFO [120.872800099] <Event name="StateInfo" time="120.872604456" tag="vvvvv" TaskAutoShoot.state="SHOOT" />
TaskAutoShoot.autoTask_INFO [120.874514671] <Event name="StateInfo" time="120.873126266" tag="^^^^^" TaskAutoShoot.state="SHOOT" />
TaskAutoShoot.autoTask_INFO [120.936493119] <Event name="StateInfo" time="120.936068545" tag="vvvvv" TaskAutoShoot.state="SHOOT" />
TaskAutoShoot.autoTask_INFO [120.937170429] <Event name="StateInfo" time="120.937003435" tag="^^^^^" TaskAutoShoot.state="SHOOT" />
TaskAutoShoot.autoTask_INFO [121.025032474] <Event name="StateInfo" time="121.024849938" tag="vvvvv" TaskAutoShoot.state="SHOOT" />
TaskAutoShoot.autoTask_INFO [121.031541064] <Event name="StateInfo" time="121.031345713" tag="^^^^^" TaskAutoShoot.state="SHOOT" />
TaskAutoShoot.autoTask_INFO [121.09807776] <Event name="StateInfo" time="121.097885502" tag="vvvvv" TaskAutoShoot.state="SHOOT" />
TaskAutoShoot.autoTask_INFO [121.10304501] <Event name="StateInfo" time="121.098602783" tag="^^^^^" TaskAutoShoot.state="SHOOT" />
TaskAutoShoot.autoTask_INFO [121.168140733] <Event name="StateInfo" time="121.167136557" tag="vvvvv" TaskAutoShoot.state="SHOOT" />
TaskAutoShoot.autoTask_INFO [121.169369619] <Event name="StateInfo" time="121.169174981" tag="^^^^^" TaskAutoShoot.state="SHOOT" />
TaskAutoShoot.autoTask_INFO [121.248836825] <Event name="StateInfo" time="121.248573398" tag="vvvvv" TaskAutoShoot.state="SHOOT" />
TaskAutoShoot.autoTask_INFO [121.250579216] <Event name="StateInfo" time="121.250389561" tag="^^^^^" TaskAutoShoot.state="SHOOT" />
FrcTeleOp.operatorControllerButtonEvent_INFO [121.265358871] ##### button=Y, pressed=false
FrcTeleOp.shoot_INFO [121.266566133] >>>>> Stop Auto Shoot.
TaskAutoShoot.cancel_INFO [121.267873635] Canceling auto task operation.
TaskAutoShoot.stopSubsystems_INFO [121.269073044] Stopping subsystems.
Shooter.LeftTransferMotor.cancel_INFO [121.27004053] Cancel: stopping motor.
Shooter.RightTransferMotor.cancel_INFO [121.271787357] Cancel: stopping motor.
Shooter.FeederMotor.cancel_INFO [121.273231307] Cancel: stopping motor.
Shooter.LeftShooter.disableGoalTracking_INFO [121.275027377] Disable Goal Tracking.
Shooter.LeftShooter.stopGoalTracking_INFO [121.275670139] Stop GoalTracking.
Shooter.LeftTiltMotor.cancel_INFO [121.276771095] Cancel: stopping motor.
Shooter.LeftPrimaryMotor.cancel_INFO [121.280034454] Cancel: stopping motor.
Shooter.RightShooter.disableGoalTracking_INFO [121.284840474] Disable Goal Tracking.
Shooter.RightShooter.stopGoalTracking_INFO [121.286932003] Stop GoalTracking.
Shooter.RightTiltMotor.cancel_INFO [121.287974893] Cancel: stopping motor.
Shooter.RightPrimaryMotor.cancel_INFO [121.289347769] Cancel: stopping motor.
Shooter.LeftShooter.cancel_INFO [121.290954583] owner=null
Shooter.LeftPrimaryMotor.cancel_INFO [121.291870296] Cancel: stopping motor.
Shooter.LeftTiltMotor.cancel_INFO [121.30208087] Cancel: stopping motor.
Shooter.RightShooter.cancel_INFO [121.306807779] owner=null
Shooter.RightPrimaryMotor.cancel_INFO [121.308100444] Cancel: stopping motor.
Shooter.RightTiltMotor.cancel_INFO [121.30935752] Cancel: stopping motor.
Shooter.LeftTransferMotor.cancel_INFO [121.310638285] Cancel: stopping motor.
Shooter.RightTransferMotor.cancel_INFO [121.31188289] Cancel: stopping motor.
Shooter.FeederMotor.cancel_INFO [121.314004564] Cancel: stopping motor.
FrcTeleOp.operatorControllerButtonEvent_INFO [121.415152921] ##### button=Y, pressed=true
FrcTeleOp.shoot_INFO [121.416643174] >>>>> Start Auto Shoot.
TaskAutoShoot.autoShoot_INFO [121.422036449] autoShoot(owner=null, event=null, taskParams=(autoStop=false, noPassback=false))
Shooter.setupGoalTrackingMode_INFO [121.423502598] GoalTracking(trackingMode=AllianceHub, goalPose=(x=-158.838583,y=182.110000,angle=0.000000), noPassback=false).
Shooter.LeftShooter.enableGoalTracking_INFO [121.424498764] Enable GoalTracking (trackingParams=(trackFlywheel=true,trackTiltPos=true,trackPanPos=true)).
Shooter.LeftPrimaryMotor.cancel_INFO [121.425300352] Cancel: stopping motor.
Shooter.LeftTiltMotor.cancel_INFO [121.426337189] Cancel: stopping motor.
Shooter.RightShooter.enableGoalTracking_INFO [121.42730096] Enable GoalTracking (trackingParams=(trackFlywheel=true,trackTiltPos=true,trackPanPos=true)).
Shooter.RightPrimaryMotor.cancel_INFO [121.428125122] Cancel: stopping motor.
Shooter.RightTiltMotor.cancel_INFO [121.429333026] Cancel: stopping motor.
TaskAutoShoot.autoTask_INFO [121.500392964] <Event name="StateInfo" time="121.499930941" tag="vvvvv" TaskAutoShoot.state="START" />
TaskAutoShoot.runTaskState_INFO [121.501080054] ***** Wait for left Shooter ready.
TaskAutoShoot.runTaskState_INFO [121.501878931] ***** Wait for right Shooter ready.
TaskAutoShoot.runTaskState_INFO [121.502333952] ***** Wait for Turret ready.
TaskAutoShoot.autoTask_INFO [121.504552328] <Event name="StateInfo" time="121.504320015" tag="^^^^^" TaskAutoShoot.state="START" />
Shooter.LeftShooter.goalTrackingTask_INFO [121.560776704] Shooter.LeftShooter is Ready: rpm1=3374.323918/3354.259036, rpm2=2093.437500/0.000000, tilt=14.656069/14.915725, pan=null/null
Shooter.TurretMotor.pidCtrlTask_INFO [121.586916586] controlMode: Position,onTarget=true(14.444297664756135/15.064131027648957), stalled=false, expired=false, event=(TaskAutoShoot.turretReady=SIGNALED)
TaskAutoShoot.autoTask_INFO [121.588053586] <Event name="StateInfo" time="121.587797393" tag="vvvvv" TaskAutoShoot.state="SHOOT" />
TaskAutoShoot.runTaskState_INFO [121.588292695] ***** Start left shooter shooting.
Shooter.shoot_INFO [121.590928318] shoot(owner=null, event=(TaskAutoShoot.leftShooterDone=CLEARED), shooter=leftShooter, autoStop=false)
Shooter.LeftTransferMotor.cancel_INFO [121.591595497] Cancel: stopping motor.
TaskAutoShoot.autoTask_INFO [121.592103318] <Event name="StateInfo" time="121.591960853" tag="^^^^^" TaskAutoShoot.state="SHOOT" />
Shooter.RightShooter.goalTrackingTask_INFO [121.672022851] Shooter.RightShooter is Ready: rpm1=3994.480168/4071.697305, rpm2=2982.656250/0.000000, tilt=15.130397/16.120835, pan=null/null
TaskAutoShoot.autoTask_INFO [121.672374048] <Event name="StateInfo" time="121.672232178" tag="vvvvv" TaskAutoShoot.state="SHOOT" />
TaskAutoShoot.runTaskState_INFO [121.672901815] ***** Start right shooter shooting.
Shooter.shoot_INFO [121.674472605] shoot(owner=null, event=(TaskAutoShoot.rightShooterDone=CLEARED), shooter=rightShooter, autoStop=false)
Shooter.RightTransferMotor.cancel_INFO [121.675309301] Cancel: stopping motor.
TaskAutoShoot.autoTask_INFO [121.676787668] <Event name="StateInfo" time="121.676610454" tag="^^^^^" TaskAutoShoot.state="SHOOT" />
FrcTeleOp.operatorControllerButtonEvent_INFO [125.519105893] ##### button=Y, pressed=false
FrcTeleOp.shoot_INFO [125.519890434] >>>>> Stop Auto Shoot.
TaskAutoShoot.cancel_INFO [125.522782693] Canceling auto task operation.
TaskAutoShoot.stopSubsystems_INFO [125.525124878] Stopping subsystems.
Shooter.LeftTransferMotor.cancel_INFO [125.52542408] Cancel: stopping motor.
Shooter.RightTransferMotor.cancel_INFO [125.526544607] Cancel: stopping motor.
Shooter.FeederMotor.cancel_INFO [125.527367948] Cancel: stopping motor.
Shooter.LeftShooter.disableGoalTracking_INFO [125.527995135] Disable Goal Tracking.
Shooter.LeftShooter.stopGoalTracking_INFO [125.534364327] Stop GoalTracking.
Shooter.LeftTiltMotor.cancel_INFO [125.535771371] Cancel: stopping motor.
Shooter.LeftPrimaryMotor.cancel_INFO [125.536900005] Cancel: stopping motor.
Shooter.RightShooter.disableGoalTracking_INFO [125.538539205] Disable Goal Tracking.
Shooter.RightShooter.stopGoalTracking_INFO [125.540039058] Stop GoalTracking.
Shooter.RightTiltMotor.cancel_INFO [125.541728602] Cancel: stopping motor.
Shooter.RightPrimaryMotor.cancel_INFO [125.54312267] Cancel: stopping motor.
Shooter.LeftShooter.cancel_INFO [125.544895116] owner=null
Shooter.LeftPrimaryMotor.cancel_INFO [125.547608159] Cancel: stopping motor.
Shooter.LeftTiltMotor.cancel_INFO [125.549081658] Cancel: stopping motor.
Shooter.RightShooter.cancel_INFO [125.549752838] owner=null
Shooter.RightPrimaryMotor.cancel_INFO [125.550842921] Cancel: stopping motor.
Shooter.RightTiltMotor.cancel_INFO [125.552363937] Cancel: stopping motor.
Shooter.LeftTransferMotor.cancel_INFO [125.55358097] Cancel: stopping motor.
Shooter.RightTransferMotor.cancel_INFO [125.556016354] Cancel: stopping motor.
Shooter.FeederMotor.cancel_INFO [125.557299955] Cancel: stopping motor.
FrcTeleOp.operatorControllerButtonEvent_INFO [125.655299085] ##### button=Y, pressed=true
FrcTeleOp.shoot_INFO [125.655752445] >>>>> Start Auto Shoot.
TaskAutoShoot.autoShoot_INFO [125.65700956] autoShoot(owner=null, event=null, taskParams=(autoStop=false, noPassback=false))
Shooter.setupGoalTrackingMode_INFO [125.661397501] GoalTracking(trackingMode=AllianceHub, goalPose=(x=-158.838583,y=182.110000,angle=0.000000), noPassback=false).
Shooter.LeftShooter.enableGoalTracking_INFO [125.661823831] Enable GoalTracking (trackingParams=(trackFlywheel=true,trackTiltPos=true,trackPanPos=true)).
Shooter.LeftPrimaryMotor.cancel_INFO [125.66256887] Cancel: stopping motor.
Shooter.LeftTiltMotor.cancel_INFO [125.66322442] Cancel: stopping motor.
Shooter.RightShooter.enableGoalTracking_INFO [125.663852177] Enable GoalTracking (trackingParams=(trackFlywheel=true,trackTiltPos=true,trackPanPos=true)).
Shooter.RightPrimaryMotor.cancel_INFO [125.664329078] Cancel: stopping motor.
Shooter.RightTiltMotor.cancel_INFO [125.667022797] Cancel: stopping motor.
TaskAutoShoot.autoTask_INFO [125.758184121] <Event name="StateInfo" time="125.756699929" tag="vvvvv" TaskAutoShoot.state="START" />
TaskAutoShoot.runTaskState_INFO [125.760373785] ***** Wait for left Shooter ready.
TaskAutoShoot.runTaskState_INFO [125.761034338] ***** Wait for right Shooter ready.
TaskAutoShoot.runTaskState_INFO [125.761380665] ***** Wait for Turret ready.
TaskAutoShoot.autoTask_INFO [125.764745608] <Event name="StateInfo" time="125.761499661" tag="^^^^^" TaskAutoShoot.state="START" />
Shooter.TurretMotor.pidCtrlTask_INFO [125.810629889] controlMode: Position,onTarget=true(-36.94401891330574/-37.61330545363881), stalled=false, expired=false, event=(TaskAutoShoot.turretReady=SIGNALED)
TaskAutoShoot.autoTask_INFO [125.837931378] <Event name="StateInfo" time="125.837632013" tag="vvvvv" TaskAutoShoot.state="SHOOT" />
TaskAutoShoot.autoTask_INFO [125.842498479] <Event name="StateInfo" time="125.841862004" tag="^^^^^" TaskAutoShoot.state="SHOOT" />
TaskAutoShoot.autoTask_INFO [125.914914781] <Event name="StateInfo" time="125.914735917" tag="vvvvv" TaskAutoShoot.state="SHOOT" />
TaskAutoShoot.autoTask_INFO [125.917622226] <Event name="StateInfo" time="125.915090131" tag="^^^^^" TaskAutoShoot.state="SHOOT" />
TaskAutoShoot.autoTask_INFO [125.991541334] <Event name="StateInfo" time="125.990420822" tag="vvvvv" TaskAutoShoot.state="SHOOT" />
TaskAutoShoot.autoTask_INFO [125.994505066] <Event name="StateInfo" time="125.99393358" tag="^^^^^" TaskAutoShoot.state="SHOOT" />
TaskAutoShoot.autoTask_INFO [126.059878621] <Event name="StateInfo" time="126.059673474" tag="vvvvv" TaskAutoShoot.state="SHOOT" />
TaskAutoShoot.autoTask_INFO [126.062417932] <Event name="StateInfo" time="126.06005852" tag="^^^^^" TaskAutoShoot.state="SHOOT" />
Shooter.LeftShooter.goalTrackingTask_INFO [126.112301679] Shooter.LeftShooter is Ready: rpm1=4753.774038/4843.890209, rpm2=3014.179688/0.000000, tilt=23.628777/23.626791, pan=null/null
Shooter.RightShooter.goalTrackingTask_INFO [126.135381903] Shooter.RightShooter is Ready: rpm1=4127.370793/4191.280116, rpm2=3035.039063/0.000000, tilt=23.628777/23.626791, pan=null/null
TaskAutoShoot.autoTask_INFO [126.136064396] <Event name="StateInfo" time="126.135900866" tag="vvvvv" TaskAutoShoot.state="SHOOT" />
TaskAutoShoot.runTaskState_INFO [126.136555212] ***** Start left shooter shooting.
Shooter.shoot_INFO [126.137619737] shoot(owner=null, event=(TaskAutoShoot.leftShooterDone=CLEARED), shooter=leftShooter, autoStop=false)
Shooter.LeftTransferMotor.cancel_INFO [126.138703424] Cancel: stopping motor.
TaskAutoShoot.runTaskState_INFO [126.141300241] ***** Start right shooter shooting.
Shooter.shoot_INFO [126.143904771] shoot(owner=null, event=(TaskAutoShoot.rightShooterDone=CLEARED), shooter=rightShooter, autoStop=false)
Shooter.RightTransferMotor.cancel_INFO [126.144832244] Cancel: stopping motor.
TaskAutoShoot.autoTask_INFO [126.145644058] <Event name="StateInfo" time="126.145478225" tag="^^^^^" TaskAutoShoot.state="SHOOT" />
FrcTeleOp.driverControllerButtonEvent_INFO [126.7792416] ##### button=A, pressed=true
Shooter.setupGoalTrackingMode_INFO [126.791438961] GoalTracking(trackingMode=AllianceHub, goalPose=(x=-158.838583,y=182.110000,angle=0.000000), noPassback=false).
FrcTeleOp.driverControllerButtonEvent_INFO [126.858121497] ##### button=A, pressed=false
Shooter.setupGoalTrackingMode_INFO [127.977000525] GoalTracking(trackingMode=AllianceHub, goalPose=(x=-158.838583,y=182.110000,angle=0.000000), noPassback=false).
FrcTeleOp.operatorControllerButtonEvent_INFO [128.467876584] ##### button=Y, pressed=false
FrcTeleOp.shoot_INFO [128.474109088] >>>>> Stop Auto Shoot.
TaskAutoShoot.cancel_INFO [128.480528069] Canceling auto task operation.
TaskAutoShoot.stopSubsystems_INFO [128.483428476] Stopping subsystems.
Shooter.LeftTransferMotor.cancel_INFO [128.485011693] Cancel: stopping motor.
Shooter.RightTransferMotor.cancel_INFO [128.487240622] Cancel: stopping motor.
Shooter.FeederMotor.cancel_INFO [128.487877083] Cancel: stopping motor.
Shooter.LeftShooter.disableGoalTracking_INFO [128.489532906] Disable Goal Tracking.
Shooter.LeftShooter.stopGoalTracking_INFO [128.49107281] Stop GoalTracking.
Shooter.LeftTiltMotor.cancel_INFO [128.492442613] Cancel: stopping motor.
Shooter.LeftPrimaryMotor.cancel_INFO [128.494684829] Cancel: stopping motor.
Shooter.RightShooter.disableGoalTracking_INFO [128.495506875] Disable Goal Tracking.
Shooter.RightShooter.stopGoalTracking_INFO [128.497129393] Stop GoalTracking.
Shooter.RightTiltMotor.cancel_INFO [128.498289453] Cancel: stopping motor.
Shooter.RightPrimaryMotor.cancel_INFO [128.499712462] Cancel: stopping motor.
Shooter.LeftShooter.cancel_INFO [128.501832417] owner=null
Shooter.LeftPrimaryMotor.cancel_INFO [128.503088618] Cancel: stopping motor.
Shooter.LeftTiltMotor.cancel_INFO [128.505463183] Cancel: stopping motor.
Shooter.RightShooter.cancel_INFO [128.507036323] owner=null
Shooter.RightPrimaryMotor.cancel_INFO [128.507846505] Cancel: stopping motor.
Shooter.RightTiltMotor.cancel_INFO [128.509898173] Cancel: stopping motor.
Shooter.LeftTransferMotor.cancel_INFO [128.511775612] Cancel: stopping motor.
Shooter.RightTransferMotor.cancel_INFO [128.513871518] Cancel: stopping motor.
Shooter.FeederMotor.cancel_INFO [128.515141915] Cancel: stopping motor.
FrcTeleOp.driverControllerButtonEvent_INFO [129.130907978] ##### button=A, pressed=true
FrcTeleOp.driverControllerButtonEvent_INFO [129.185252727] ##### button=A, pressed=false
FrcTeleOp.operatorControllerButtonEvent_INFO [132.0251994] ##### button=Y, pressed=true
FrcTeleOp.shoot_INFO [132.02644286] >>>>> Start Auto Shoot.
TaskAutoShoot.autoShoot_INFO [132.02712707] autoShoot(owner=null, event=null, taskParams=(autoStop=false, noPassback=false))
Shooter.setupGoalTrackingMode_INFO [132.027869411] GoalTracking(trackingMode=Passback, goalPose=(x=-60.000000,y=48.000000,angle=0.000000), noPassback=false).
Shooter.LeftShooter.enableGoalTracking_INFO [132.028511185] Enable GoalTracking (trackingParams=(trackFlywheel=true,trackTiltPos=true,trackPanPos=true)).
Shooter.LeftPrimaryMotor.cancel_INFO [132.029270065] Cancel: stopping motor.
Shooter.LeftTiltMotor.cancel_INFO [132.040007118] Cancel: stopping motor.
Shooter.RightShooter.enableGoalTracking_INFO [132.042495676] Enable GoalTracking (trackingParams=(trackFlywheel=true,trackTiltPos=true,trackPanPos=true)).
Shooter.RightPrimaryMotor.cancel_INFO [132.044629163] Cancel: stopping motor.
Shooter.RightTiltMotor.cancel_INFO [132.045479682] Cancel: stopping motor.
TaskAutoShoot.autoTask_INFO [132.120641051] <Event name="StateInfo" time="132.119635104" tag="vvvvv" TaskAutoShoot.state="START" />
TaskAutoShoot.runTaskState_INFO [132.121022648] ***** Wait for left Shooter ready.
TaskAutoShoot.runTaskState_INFO [132.121229946] ***** Wait for right Shooter ready.
TaskAutoShoot.runTaskState_INFO [132.121701922] ***** Wait for Turret ready.
TaskAutoShoot.autoTask_INFO [132.125581998] <Event name="StateInfo" time="132.124250683" tag="^^^^^" TaskAutoShoot.state="START" />
Shooter.setupGoalTrackingMode_INFO [132.197189832] GoalTracking(trackingMode=AllianceHub, goalPose=(x=-158.838583,y=182.110000,angle=0.000000), noPassback=false).
TaskAutoShoot.autoTask_INFO [132.264915588] <Event name="StateInfo" time="132.263133585" tag="vvvvv" TaskAutoShoot.state="SHOOT" />
TaskAutoShoot.autoTask_INFO [132.266443142] <Event name="StateInfo" time="132.266252152" tag="^^^^^" TaskAutoShoot.state="SHOOT" />
TaskAutoShoot.autoTask_INFO [132.333990813] <Event name="StateInfo" time="132.333775994" tag="vvvvv" TaskAutoShoot.state="SHOOT" />
TaskAutoShoot.autoTask_INFO [132.338596452] <Event name="StateInfo" time="132.338406508" tag="^^^^^" TaskAutoShoot.state="SHOOT" />
TaskAutoShoot.autoTask_INFO [132.41497773] <Event name="StateInfo" time="132.414770545" tag="vvvvv" TaskAutoShoot.state="SHOOT" />
TaskAutoShoot.autoTask_INFO [132.415400504] <Event name="StateInfo" time="132.41517459" tag="^^^^^" TaskAutoShoot.state="SHOOT" />
TaskAutoShoot.autoTask_INFO [132.474835067] <Event name="StateInfo" time="132.474522342" tag="vvvvv" TaskAutoShoot.state="SHOOT" />
TaskAutoShoot.autoTask_INFO [132.476210775] <Event name="StateInfo" time="132.475027464" tag="^^^^^" TaskAutoShoot.state="SHOOT" />
TaskAutoShoot.autoTask_INFO [132.534221783] <Event name="StateInfo" time="132.534028536" tag="vvvvv" TaskAutoShoot.state="SHOOT" />
TaskAutoShoot.autoTask_INFO [132.534917536] <Event name="StateInfo" time="132.534740215" tag="^^^^^" TaskAutoShoot.state="SHOOT" />
TaskAutoShoot.autoTask_INFO [132.603522375] <Event name="StateInfo" time="132.603167634" tag="vvvvv" TaskAutoShoot.state="SHOOT" />
TaskAutoShoot.autoTask_INFO [132.609156453] <Event name="StateInfo" time="132.608958063" tag="^^^^^" TaskAutoShoot.state="SHOOT" />
TaskAutoShoot.autoTask_INFO [132.6843411] <Event name="StateInfo" time="132.684161227" tag="vvvvv" TaskAutoShoot.state="SHOOT" />
TaskAutoShoot.autoTask_INFO [132.685212748] <Event name="StateInfo" time="132.684617933" tag="^^^^^" TaskAutoShoot.state="SHOOT" />
TaskAutoShoot.autoTask_INFO [132.747844762] <Event name="StateInfo" time="132.747650311" tag="vvvvv" TaskAutoShoot.state="SHOOT" />
TaskAutoShoot.autoTask_INFO [132.748587024] <Event name="StateInfo" time="132.748021039" tag="^^^^^" TaskAutoShoot.state="SHOOT" />
Shooter.setupGoalTrackingMode_INFO [132.756292162] GoalTracking(trackingMode=AllianceHub, goalPose=(x=-158.838583,y=182.110000,angle=0.000000), noPassback=false).
TaskAutoShoot.autoTask_INFO [132.816648838] <Event name="StateInfo" time="132.816458564" tag="vvvvv" TaskAutoShoot.state="SHOOT" />
TaskAutoShoot.autoTask_INFO [132.818014218] <Event name="StateInfo" time="132.817820679" tag="^^^^^" TaskAutoShoot.state="SHOOT" />
Shooter.setupGoalTrackingMode_INFO [132.825055581] GoalTracking(trackingMode=AllianceHub, goalPose=(x=-158.838583,y=182.110000,angle=0.000000), noPassback=false).
TaskAutoShoot.autoTask_INFO [132.885483267] <Event name="StateInfo" time="132.885171038" tag="vvvvv" TaskAutoShoot.state="SHOOT" />
TaskAutoShoot.autoTask_INFO [132.892722594] <Event name="StateInfo" time="132.892390843" tag="^^^^^" TaskAutoShoot.state="SHOOT" />
TaskAutoShoot.autoTask_INFO [132.95446623] <Event name="StateInfo" time="132.954294189" tag="vvvvv" TaskAutoShoot.state="SHOOT" />
TaskAutoShoot.autoTask_INFO [132.956151716] <Event name="StateInfo" time="132.955195844" tag="^^^^^" TaskAutoShoot.state="SHOOT" />
Shooter.setupGoalTrackingMode_INFO [132.959759596] GoalTracking(trackingMode=AllianceHub, goalPose=(x=-158.838583,y=182.110000,angle=0.000000), noPassback=false).
TaskAutoShoot.autoTask_INFO [133.017330308] <Event name="StateInfo" time="133.015729049" tag="vvvvv" TaskAutoShoot.state="SHOOT" />
TaskAutoShoot.autoTask_INFO [133.01830919] <Event name="StateInfo" time="133.018124157" tag="^^^^^" TaskAutoShoot.state="SHOOT" />
TaskAutoShoot.autoTask_INFO [133.091372673] <Event name="StateInfo" time="133.087282131" tag="vvvvv" TaskAutoShoot.state="SHOOT" />
TaskAutoShoot.autoTask_INFO [133.094803214] <Event name="StateInfo" time="133.094598162" tag="^^^^^" TaskAutoShoot.state="SHOOT" />
TaskAutoShoot.autoTask_INFO [133.158242831] <Event name="StateInfo" time="133.156436939" tag="vvvvv" TaskAutoShoot.state="SHOOT" />
TaskAutoShoot.autoTask_INFO [133.158563879] <Event name="StateInfo" time="133.158417761" tag="^^^^^" TaskAutoShoot.state="SHOOT" />
TaskAutoShoot.autoTask_INFO [133.240900316] <Event name="StateInfo" time="133.240468339" tag="vvvvv" TaskAutoShoot.state="SHOOT" />
TaskAutoShoot.autoTask_INFO [133.242758352] <Event name="StateInfo" time="133.242406097" tag="^^^^^" TaskAutoShoot.state="SHOOT" />
FrcTeleOp.driverControllerButtonEvent_INFO [133.245835501] ##### button=A, pressed=true
Shooter.LeftShooter.goalTrackingTask_INFO [133.292986483] Shooter.LeftShooter is Ready: rpm1=4859.026442/4912.480143, rpm2=3008.671875/0.000000, tilt=24.221687/24.104245, pan=null/null
TaskAutoShoot.autoTask_INFO [133.323846429] <Event name="StateInfo" time="133.323333081" tag="vvvvv" TaskAutoShoot.state="SHOOT" />
TaskAutoShoot.autoTask_INFO [133.3250907] <Event name="StateInfo" time="133.324914757" tag="^^^^^" TaskAutoShoot.state="SHOOT" />
FrcTeleOp.driverControllerButtonEvent_INFO [133.330072184] ##### button=A, pressed=false
TaskAutoShoot.autoTask_INFO [133.411272324] <Event name="StateInfo" time="133.409562278" tag="vvvvv" TaskAutoShoot.state="SHOOT" />
TaskAutoShoot.autoTask_INFO [133.412548584] <Event name="StateInfo" time="133.412347963" tag="^^^^^" TaskAutoShoot.state="SHOOT" />
TaskAutoShoot.autoTask_INFO [133.473832082] <Event name="StateInfo" time="133.473634267" tag="vvvvv" TaskAutoShoot.state="SHOOT" />
TaskAutoShoot.autoTask_INFO [133.479839359] <Event name="StateInfo" time="133.474016767" tag="^^^^^" TaskAutoShoot.state="SHOOT" />
TaskAutoShoot.autoTask_INFO [133.551355386] <Event name="StateInfo" time="133.54977188" tag="vvvvv" TaskAutoShoot.state="SHOOT" />
TaskAutoShoot.autoTask_INFO [133.552718325] <Event name="StateInfo" time="133.552360991" tag="^^^^^" TaskAutoShoot.state="SHOOT" />
TaskAutoShoot.autoTask_INFO [133.625123264] <Event name="StateInfo" time="133.624956464" tag="vvvvv" TaskAutoShoot.state="SHOOT" />
TaskAutoShoot.autoTask_INFO [133.625952277] <Event name="StateInfo" time="133.625782101" tag="^^^^^" TaskAutoShoot.state="SHOOT" />
TaskAutoShoot.autoTask_INFO [133.689296639] <Event name="StateInfo" time="133.689012604" tag="vvvvv" TaskAutoShoot.state="SHOOT" />
TaskAutoShoot.autoTask_INFO [133.690117056] <Event name="StateInfo" time="133.689550839" tag="^^^^^" TaskAutoShoot.state="SHOOT" />
TaskAutoShoot.autoTask_INFO [133.781563667] <Event name="StateInfo" time="133.781371538" tag="vvvvv" TaskAutoShoot.state="SHOOT" />
TaskAutoShoot.autoTask_INFO [133.79054287] <Event name="StateInfo" time="133.790306803" tag="^^^^^" TaskAutoShoot.state="SHOOT" />
FrcTeleOp.operatorControllerButtonEvent_INFO [133.795874644] ##### button=Y, pressed=false
FrcTeleOp.shoot_INFO [133.798160858] >>>>> Stop Auto Shoot.
TaskAutoShoot.cancel_INFO [133.800221341] Canceling auto task operation.
TaskAutoShoot.stopSubsystems_INFO [133.802436885] Stopping subsystems.
Shooter.LeftTransferMotor.cancel_INFO [133.803879696] Cancel: stopping motor.
Shooter.RightTransferMotor.cancel_INFO [133.805068848] Cancel: stopping motor.
Shooter.FeederMotor.cancel_INFO [133.806326358] Cancel: stopping motor.
Shooter.LeftShooter.disableGoalTracking_INFO [133.808029425] Disable Goal Tracking.
Shooter.LeftShooter.stopGoalTracking_INFO [133.809127592] Stop GoalTracking.
Shooter.LeftTiltMotor.cancel_INFO [133.811134229] Cancel: stopping motor.
Shooter.LeftPrimaryMotor.cancel_INFO [133.816466529] Cancel: stopping motor.
Shooter.RightShooter.disableGoalTracking_INFO [133.819632909] Disable Goal Tracking.
Shooter.RightShooter.stopGoalTracking_INFO [133.820395091] Stop GoalTracking.
Shooter.RightTiltMotor.cancel_INFO [133.821675313] Cancel: stopping motor.
Shooter.RightPrimaryMotor.cancel_INFO [133.824497] Cancel: stopping motor.
Shooter.LeftShooter.cancel_INFO [133.82538921] owner=null
Shooter.LeftPrimaryMotor.cancel_INFO [133.826100027] Cancel: stopping motor.
Shooter.LeftTiltMotor.cancel_INFO [133.828585931] Cancel: stopping motor.
Shooter.RightShooter.cancel_INFO [133.829607805] owner=null
Shooter.RightPrimaryMotor.cancel_INFO [133.831620558] Cancel: stopping motor.
Shooter.RightTiltMotor.cancel_INFO [133.833323762] Cancel: stopping motor.
Shooter.LeftTransferMotor.cancel_INFO [133.834310167] Cancel: stopping motor.
Shooter.RightTransferMotor.cancel_INFO [133.83555824] Cancel: stopping motor.
Shooter.FeederMotor.cancel_INFO [133.836766052] Cancel: stopping motor.
FrcTeleOp.operatorControllerButtonEvent_INFO [133.936743486] ##### button=Y, pressed=true
FrcTeleOp.shoot_INFO [133.937655133] >>>>> Start Auto Shoot.
TaskAutoShoot.autoShoot_INFO [133.942708409] autoShoot(owner=null, event=null, taskParams=(autoStop=false, noPassback=false))
Shooter.setupGoalTrackingMode_INFO [133.9437869] GoalTracking(trackingMode=AllianceHub, goalPose=(x=-158.838583,y=182.110000,angle=0.000000), noPassback=false).
Shooter.LeftShooter.enableGoalTracking_INFO [133.945647214] Enable GoalTracking (trackingParams=(trackFlywheel=true,trackTiltPos=true,trackPanPos=true)).
Shooter.LeftPrimaryMotor.cancel_INFO [133.94786555] Cancel: stopping motor.
Shooter.LeftTiltMotor.cancel_INFO [133.948864696] Cancel: stopping motor.
Shooter.RightShooter.enableGoalTracking_INFO [133.949679438] Enable GoalTracking (trackingParams=(trackFlywheel=true,trackTiltPos=true,trackPanPos=true)).
Shooter.RightPrimaryMotor.cancel_INFO [133.952726868] Cancel: stopping motor.
Shooter.RightTiltMotor.cancel_INFO [133.955173123] Cancel: stopping motor.
TaskAutoShoot.autoTask_INFO [134.027562866] <Event name="StateInfo" time="134.027388511" tag="vvvvv" TaskAutoShoot.state="START" />
TaskAutoShoot.runTaskState_INFO [134.028372211] ***** Wait for left Shooter ready.
TaskAutoShoot.runTaskState_INFO [134.029679814] ***** Wait for right Shooter ready.
TaskAutoShoot.runTaskState_INFO [134.032415182] ***** Wait for Turret ready.
TaskAutoShoot.autoTask_INFO [134.033552888] <Event name="StateInfo" time="134.033380259" tag="^^^^^" TaskAutoShoot.state="START" />
Shooter.TurretMotor.pidCtrlTask_INFO [134.068448556] controlMode: Position,onTarget=true(-28.67780916668059/-29.114573022994584), stalled=false, expired=false, event=(TaskAutoShoot.turretReady=SIGNALED)
TaskAutoShoot.autoTask_INFO [134.097911372] <Event name="StateInfo" time="134.097721177" tag="vvvvv" TaskAutoShoot.state="SHOOT" />
TaskAutoShoot.autoTask_INFO [134.098299969] <Event name="StateInfo" time="134.098149445" tag="^^^^^" TaskAutoShoot.state="SHOOT" />
TaskAutoShoot.autoTask_INFO [134.161622909] <Event name="StateInfo" time="134.160021266" tag="vvvvv" TaskAutoShoot.state="SHOOT" />
TaskAutoShoot.autoTask_INFO [134.163807451] <Event name="StateInfo" time="134.163612569" tag="^^^^^" TaskAutoShoot.state="SHOOT" />
Shooter.LeftShooter.goalTrackingTask_INFO [134.232332831] Shooter.LeftShooter is Ready: rpm1=4864.137620/4928.837568, rpm2=3011.953125/0.000000, tilt=24.261214/24.219525, pan=null/null
TaskAutoShoot.autoTask_INFO [134.256996427] <Event name="StateInfo" time="134.256638232" tag="vvvvv" TaskAutoShoot.state="SHOOT" />
TaskAutoShoot.runTaskState_INFO [134.25838102] ***** Start left shooter shooting.
Shooter.shoot_INFO [134.259629047] shoot(owner=null, event=(TaskAutoShoot.leftShooterDone=CLEARED), shooter=leftShooter, autoStop=false)
Shooter.LeftTransferMotor.cancel_INFO [134.26068658] Cancel: stopping motor.
TaskAutoShoot.autoTask_INFO [134.269180897] <Event name="StateInfo" time="134.268919796" tag="^^^^^" TaskAutoShoot.state="SHOOT" />
Shooter.RightShooter.goalTrackingTask_INFO [134.349092508] Shooter.RightShooter is Ready: rpm1=4874.549279/4928.438020, rpm2=3569.414063/0.000000, tilt=24.221687/24.216702, pan=null/null
TaskAutoShoot.autoTask_INFO [134.350019986] <Event name="StateInfo" time="134.349842033" tag="vvvvv" TaskAutoShoot.state="SHOOT" />
TaskAutoShoot.runTaskState_INFO [134.350767281] ***** Start right shooter shooting.
Shooter.shoot_INFO [134.3519765] shoot(owner=null, event=(TaskAutoShoot.rightShooterDone=CLEARED), shooter=rightShooter, autoStop=false)
Shooter.RightTransferMotor.cancel_INFO [134.353781633] Cancel: stopping motor.
TaskAutoShoot.autoTask_INFO [134.355130343] <Event name="StateInfo" time="134.35495767" tag="^^^^^" TaskAutoShoot.state="SHOOT" />
FrcTeleOp.operatorControllerButtonEvent_INFO [136.612553966] ##### button=Y, pressed=false
FrcTeleOp.shoot_INFO [136.617377136] >>>>> Stop Auto Shoot.
TaskAutoShoot.cancel_INFO [136.623977867] Canceling auto task operation.
TaskAutoShoot.stopSubsystems_INFO [136.628751013] Stopping subsystems.
Shooter.LeftTransferMotor.cancel_INFO [136.62980759] Cancel: stopping motor.
Shooter.RightTransferMotor.cancel_INFO [136.63240286] Cancel: stopping motor.
Shooter.FeederMotor.cancel_INFO [136.634780805] Cancel: stopping motor.
Shooter.LeftShooter.disableGoalTracking_INFO [136.635952843] Disable Goal Tracking.
Shooter.LeftShooter.stopGoalTracking_INFO [136.638605397] Stop GoalTracking.
Shooter.LeftTiltMotor.cancel_INFO [136.640467518] Cancel: stopping motor.
Shooter.LeftPrimaryMotor.cancel_INFO [136.64192738] Cancel: stopping motor.
Shooter.RightShooter.disableGoalTracking_INFO [136.643902478] Disable Goal Tracking.
Shooter.RightShooter.stopGoalTracking_INFO [136.645535475] Stop GoalTracking.
Shooter.RightTiltMotor.cancel_INFO [136.647277615] Cancel: stopping motor.
Shooter.RightPrimaryMotor.cancel_INFO [136.648290525] Cancel: stopping motor.
Shooter.LeftShooter.cancel_INFO [136.650163601] owner=null
Shooter.LeftPrimaryMotor.cancel_INFO [136.652651815] Cancel: stopping motor.
Shooter.LeftTiltMotor.cancel_INFO [136.654116705] Cancel: stopping motor.
Shooter.RightShooter.cancel_INFO [136.656468316] owner=null
Shooter.RightPrimaryMotor.cancel_INFO [136.657796771] Cancel: stopping motor.
Shooter.RightTiltMotor.cancel_INFO [136.65916814] Cancel: stopping motor.
Shooter.LeftTransferMotor.cancel_INFO [136.66197317] Cancel: stopping motor.
Shooter.RightTransferMotor.cancel_INFO [136.664503024] Cancel: stopping motor.
Shooter.FeederMotor.cancel_INFO [136.666055049] Cancel: stopping motor.
FrcTeleOp.operatorControllerButtonEvent_INFO [136.850100631] ##### button=Y, pressed=true
FrcTeleOp.shoot_INFO [136.850930317] >>>>> Start Auto Shoot.
TaskAutoShoot.autoShoot_INFO [136.852420567] autoShoot(owner=null, event=null, taskParams=(autoStop=false, noPassback=false))
Shooter.setupGoalTrackingMode_INFO [136.853341948] GoalTracking(trackingMode=AllianceHub, goalPose=(x=-158.838583,y=182.110000,angle=0.000000), noPassback=false).
Shooter.LeftShooter.enableGoalTracking_INFO [136.853921659] Enable GoalTracking (trackingParams=(trackFlywheel=true,trackTiltPos=true,trackPanPos=true)).
Shooter.LeftPrimaryMotor.cancel_INFO [136.854606245] Cancel: stopping motor.
Shooter.LeftTiltMotor.cancel_INFO [136.855269769] Cancel: stopping motor.
Shooter.RightShooter.enableGoalTracking_INFO [136.856275662] Enable GoalTracking (trackingParams=(trackFlywheel=true,trackTiltPos=true,trackPanPos=true)).
Shooter.RightPrimaryMotor.cancel_INFO [136.856649513] Cancel: stopping motor.
Shooter.RightTiltMotor.cancel_INFO [136.857060063] Cancel: stopping motor.
TaskAutoShoot.autoTask_INFO [136.924460314] <Event name="StateInfo" time="136.923906837" tag="vvvvv" TaskAutoShoot.state="START" />
TaskAutoShoot.runTaskState_INFO [136.925442332] ***** Wait for left Shooter ready.
TaskAutoShoot.runTaskState_INFO [136.925983714] ***** Wait for right Shooter ready.
TaskAutoShoot.runTaskState_INFO [136.931649805] ***** Wait for Turret ready.
TaskAutoShoot.autoTask_INFO [136.932416351] <Event name="StateInfo" time="136.932195244" tag="^^^^^" TaskAutoShoot.state="START" />
Shooter.TurretMotor.pidCtrlTask_INFO [136.965087766] controlMode: Position,onTarget=true(-27.02456721735558/-26.66512525828821), stalled=false, expired=false, event=(TaskAutoShoot.turretReady=SIGNALED)
TaskAutoShoot.autoTask_INFO [136.998712067] <Event name="StateInfo" time="136.998423105" tag="vvvvv" TaskAutoShoot.state="SHOOT" />
TaskAutoShoot.autoTask_INFO [137.004843453] <Event name="StateInfo" time="137.00422987" tag="^^^^^" TaskAutoShoot.state="SHOOT" />
TaskAutoShoot.autoTask_INFO [137.077193114] <Event name="StateInfo" time="137.077009128" tag="vvvvv" TaskAutoShoot.state="SHOOT" />
TaskAutoShoot.autoTask_INFO [137.085519192] <Event name="StateInfo" time="137.085312979" tag="^^^^^" TaskAutoShoot.state="SHOOT" />
TaskAutoShoot.autoTask_INFO [137.148184033] <Event name="StateInfo" time="137.148006774" tag="vvvvv" TaskAutoShoot.state="SHOOT" />
TaskAutoShoot.autoTask_INFO [137.158235773] <Event name="StateInfo" time="137.158059394" tag="^^^^^" TaskAutoShoot.state="SHOOT" />
TaskAutoShoot.autoTask_INFO [137.241654271] <Event name="StateInfo" time="137.241364413" tag="vvvvv" TaskAutoShoot.state="SHOOT" />
TaskAutoShoot.autoTask_INFO [137.251777067] <Event name="StateInfo" time="137.251529498" tag="^^^^^" TaskAutoShoot.state="SHOOT" />
Shooter.LeftShooter.goalTrackingTask_INFO [137.3014079] Shooter.LeftShooter is Ready: rpm1=5006.114784/4971.073548, rpm2=3111.562500/0.000000, tilt=24.972705/24.519802, pan=null/null
Shooter.RightShooter.goalTrackingTask_INFO [137.326744532] Shooter.RightShooter is Ready: rpm1=4963.710938/4951.061479, rpm2=3311.132813/0.000000, tilt=24.972705/24.519802, pan=null/null
TaskAutoShoot.autoTask_INFO [137.328342071] <Event name="StateInfo" time="137.328189891" tag="vvvvv" TaskAutoShoot.state="SHOOT" />
TaskAutoShoot.runTaskState_INFO [137.329071191] ***** Start left shooter shooting.
Shooter.shoot_INFO [137.330795342] shoot(owner=null, event=(TaskAutoShoot.leftShooterDone=CLEARED), shooter=leftShooter, autoStop=false)
Shooter.LeftTransferMotor.cancel_INFO [137.331532798] Cancel: stopping motor.
TaskAutoShoot.runTaskState_INFO [137.334915918] ***** Start right shooter shooting.
Shooter.shoot_INFO [137.336259385] shoot(owner=null, event=(TaskAutoShoot.rightShooterDone=CLEARED), shooter=rightShooter, autoStop=false)
Shooter.RightTransferMotor.cancel_INFO [137.337576838] Cancel: stopping motor.
TaskAutoShoot.autoTask_INFO [137.339965433] <Event name="StateInfo" time="137.339767306" tag="^^^^^" TaskAutoShoot.state="SHOOT" />
FrcTeleOp.driverControllerButtonEvent_INFO [137.474456266] ##### button=A, pressed=true
FrcTeleOp.driverControllerButtonEvent_INFO [137.598922285] ##### button=A, pressed=false
FrcTeleOp.operatorControllerButtonEvent_INFO [137.797672377] ##### button=Y, pressed=false
FrcTeleOp.shoot_INFO [137.804392522] >>>>> Stop Auto Shoot.
TaskAutoShoot.cancel_INFO [137.809097208] Canceling auto task operation.
TaskAutoShoot.stopSubsystems_INFO [137.814817945] Stopping subsystems.
Shooter.LeftTransferMotor.cancel_INFO [137.816440785] Cancel: stopping motor.
Shooter.RightTransferMotor.cancel_INFO [137.817583513] Cancel: stopping motor.
Shooter.FeederMotor.cancel_INFO [137.819925205] Cancel: stopping motor.
Shooter.LeftShooter.disableGoalTracking_INFO [137.822213889] Disable Goal Tracking.
Shooter.LeftShooter.stopGoalTracking_INFO [137.824166169] Stop GoalTracking.
Shooter.LeftTiltMotor.cancel_INFO [137.825147766] Cancel: stopping motor.
Shooter.LeftPrimaryMotor.cancel_INFO [137.827589326] Cancel: stopping motor.
Shooter.RightShooter.disableGoalTracking_INFO [137.828441171] Disable Goal Tracking.
Shooter.RightShooter.stopGoalTracking_INFO [137.830363407] Stop GoalTracking.
Shooter.RightTiltMotor.cancel_INFO [137.83129208] Cancel: stopping motor.
Shooter.RightPrimaryMotor.cancel_INFO [137.832834678] Cancel: stopping motor.
Shooter.LeftShooter.cancel_INFO [137.83524633] owner=null
Shooter.LeftPrimaryMotor.cancel_INFO [137.837453097] Cancel: stopping motor.
Shooter.LeftTiltMotor.cancel_INFO [137.839795038] Cancel: stopping motor.
Shooter.RightShooter.cancel_INFO [137.842281653] owner=null
Shooter.RightPrimaryMotor.cancel_INFO [137.844995411] Cancel: stopping motor.
Shooter.RightTiltMotor.cancel_INFO [137.847125903] Cancel: stopping motor.
Shooter.LeftTransferMotor.cancel_INFO [137.848513011] Cancel: stopping motor.
Shooter.RightTransferMotor.cancel_INFO [137.85061524] Cancel: stopping motor.
Shooter.FeederMotor.cancel_INFO [137.852763854] Cancel: stopping motor.
FrcTeleOp.operatorControllerButtonEvent_INFO [138.09583857] ##### button=Y, pressed=true
FrcTeleOp.shoot_INFO [138.101466004] >>>>> Start Auto Shoot.
TaskAutoShoot.autoShoot_INFO [138.106924874] autoShoot(owner=null, event=null, taskParams=(autoStop=false, noPassback=false))
Shooter.setupGoalTrackingMode_INFO [138.107946547] GoalTracking(trackingMode=AllianceHub, goalPose=(x=-158.838583,y=182.110000,angle=0.000000), noPassback=false).
Shooter.LeftShooter.enableGoalTracking_INFO [138.11255367] Enable GoalTracking (trackingParams=(trackFlywheel=true,trackTiltPos=true,trackPanPos=true)).
Shooter.LeftPrimaryMotor.cancel_INFO [138.11430954] Cancel: stopping motor.
Shooter.LeftTiltMotor.cancel_INFO [138.116404491] Cancel: stopping motor.
Shooter.RightShooter.enableGoalTracking_INFO [138.120669736] Enable GoalTracking (trackingParams=(trackFlywheel=true,trackTiltPos=true,trackPanPos=true)).
Shooter.RightPrimaryMotor.cancel_INFO [138.123613805] Cancel: stopping motor.
Shooter.RightTiltMotor.cancel_INFO [138.12599874] Cancel: stopping motor.
TaskAutoShoot.autoTask_INFO [138.198775137] <Event name="StateInfo" time="138.198511578" tag="vvvvv" TaskAutoShoot.state="START" />
TaskAutoShoot.runTaskState_INFO [138.199967277] ***** Wait for left Shooter ready.
TaskAutoShoot.runTaskState_INFO [138.200999058] ***** Wait for right Shooter ready.
TaskAutoShoot.runTaskState_INFO [138.201378055] ***** Wait for Turret ready.
TaskAutoShoot.autoTask_INFO [138.202351356] <Event name="StateInfo" time="138.201745661" tag="^^^^^" TaskAutoShoot.state="START" />
Shooter.TurretMotor.pidCtrlTask_INFO [138.237943115] controlMode: Position,onTarget=true(1.4938840004265046/2.270081216185061), stalled=false, expired=false, event=(TaskAutoShoot.turretReady=SIGNALED)
TaskAutoShoot.autoTask_INFO [138.2778313] <Event name="StateInfo" time="138.277637281" tag="vvvvv" TaskAutoShoot.state="SHOOT" />
TaskAutoShoot.autoTask_INFO [138.278420551] <Event name="StateInfo" time="138.278259195" tag="^^^^^" TaskAutoShoot.state="SHOOT" />
TaskAutoShoot.autoTask_INFO [138.345170448] <Event name="StateInfo" time="138.344993508" tag="vvvvv" TaskAutoShoot.state="SHOOT" />
TaskAutoShoot.autoTask_INFO [138.352544566] <Event name="StateInfo" time="138.35163096" tag="^^^^^" TaskAutoShoot.state="SHOOT" />
TaskAutoShoot.autoTask_INFO [138.418462769] <Event name="StateInfo" time="138.418288282" tag="vvvvv" TaskAutoShoot.state="SHOOT" />
TaskAutoShoot.autoTask_INFO [138.427629848] <Event name="StateInfo" time="138.426359212" tag="^^^^^" TaskAutoShoot.state="SHOOT" />
TaskAutoShoot.autoTask_INFO [138.506838321] <Event name="StateInfo" time="138.506639684" tag="vvvvv" TaskAutoShoot.state="SHOOT" />
TaskAutoShoot.autoTask_INFO [138.511609295] <Event name="StateInfo" time="138.511391866" tag="^^^^^" TaskAutoShoot.state="SHOOT" />
Shooter.LeftShooter.goalTrackingTask_INFO [138.569143974] Shooter.LeftShooter is Ready: rpm1=4811.890024/4860.720072, rpm2=2997.421875/0.000000, tilt=23.707831/23.743073, pan=null/null
TaskAutoShoot.autoTask_INFO [138.595054024] <Event name="StateInfo" time="138.594760204" tag="vvvvv" TaskAutoShoot.state="SHOOT" />
TaskAutoShoot.runTaskState_INFO [138.600093653] ***** Start left shooter shooting.
Shooter.shoot_INFO [138.601219163] shoot(owner=null, event=(TaskAutoShoot.leftShooterDone=CLEARED), shooter=leftShooter, autoStop=false)
Shooter.LeftTransferMotor.cancel_INFO [138.602225976] Cancel: stopping motor.
TaskAutoShoot.autoTask_INFO [138.60370964] <Event name="StateInfo" time="138.603155203" tag="^^^^^" TaskAutoShoot.state="SHOOT" />
TaskAutoShoot.autoTask_INFO [138.683231101] <Event name="StateInfo" time="138.682988505" tag="vvvvv" TaskAutoShoot.state="SHOOT" />
TaskAutoShoot.autoTask_INFO [138.684967206] <Event name="StateInfo" time="138.684620159" tag="^^^^^" TaskAutoShoot.state="SHOOT" />
Shooter.RightShooter.goalTrackingTask_INFO [138.752288887] Shooter.RightShooter is Ready: rpm1=4781.601563/4860.751827, rpm2=3672.539063/0.000000, tilt=23.707831/23.744283, pan=null/null
TaskAutoShoot.autoTask_INFO [138.753615651] <Event name="StateInfo" time="138.753288519" tag="vvvvv" TaskAutoShoot.state="SHOOT" />
TaskAutoShoot.runTaskState_INFO [138.754204396] ***** Start right shooter shooting.
Shooter.shoot_INFO [138.754541132] shoot(owner=null, event=(TaskAutoShoot.rightShooterDone=CLEARED), shooter=rightShooter, autoStop=false)
Shooter.RightTransferMotor.cancel_INFO [138.755342365] Cancel: stopping motor.
TaskAutoShoot.autoTask_INFO [138.756549692] <Event name="StateInfo" time="138.756362405" tag="^^^^^" TaskAutoShoot.state="SHOOT" />
FrcTeleOp.driverControllerButtonEvent_INFO [139.128140019] ##### button=A, pressed=true
FrcTeleOp.driverControllerButtonEvent_INFO [139.192237085] ##### button=A, pressed=false
FrcTeleOp.operatorControllerButtonEvent_INFO [139.39125204] ##### button=Y, pressed=false
FrcTeleOp.shoot_INFO [139.391908232] >>>>> Stop Auto Shoot.
TaskAutoShoot.cancel_INFO [139.392430172] Canceling auto task operation.
TaskAutoShoot.stopSubsystems_INFO [139.392942951] Stopping subsystems.
Shooter.LeftTransferMotor.cancel_INFO [139.393270957] Cancel: stopping motor.
Shooter.RightTransferMotor.cancel_INFO [139.403065668] Cancel: stopping motor.
Shooter.FeederMotor.cancel_INFO [139.404526851] Cancel: stopping motor.
Shooter.LeftShooter.disableGoalTracking_INFO [139.405187033] Disable Goal Tracking.
Shooter.LeftShooter.stopGoalTracking_INFO [139.406109312] Stop GoalTracking.
Shooter.LeftTiltMotor.cancel_INFO [139.40644302] Cancel: stopping motor.
Shooter.LeftPrimaryMotor.cancel_INFO [139.41056067] Cancel: stopping motor.
Shooter.RightShooter.disableGoalTracking_INFO [139.411240756] Disable Goal Tracking.
Shooter.RightShooter.stopGoalTracking_INFO [139.411495286] Stop GoalTracking.
Shooter.RightTiltMotor.cancel_INFO [139.411773058] Cancel: stopping motor.
Shooter.RightPrimaryMotor.cancel_INFO [139.41293655] Cancel: stopping motor.
Shooter.LeftShooter.cancel_INFO [139.415219123] owner=null
Shooter.LeftPrimaryMotor.cancel_INFO [139.415734392] Cancel: stopping motor.
Shooter.LeftTiltMotor.cancel_INFO [139.416909792] Cancel: stopping motor.
Shooter.RightShooter.cancel_INFO [139.418998733] owner=null
Shooter.RightPrimaryMotor.cancel_INFO [139.419947119] Cancel: stopping motor.
Shooter.RightTiltMotor.cancel_INFO [139.422482624] Cancel: stopping motor.
Shooter.LeftTransferMotor.cancel_INFO [139.423867918] Cancel: stopping motor.
Shooter.RightTransferMotor.cancel_INFO [139.425026989] Cancel: stopping motor.
Shooter.FeederMotor.cancel_INFO [139.426966807] Cancel: stopping motor.
FrcTeleOp.operatorControllerButtonEvent_INFO [139.66592496] ##### button=Y, pressed=true
FrcTeleOp.shoot_INFO [139.666716014] >>>>> Start Auto Shoot.
TaskAutoShoot.autoShoot_INFO [139.667359888] autoShoot(owner=null, event=null, taskParams=(autoStop=false, noPassback=false))
Shooter.setupGoalTrackingMode_INFO [139.669428215] GoalTracking(trackingMode=AllianceHub, goalPose=(x=-158.838583,y=182.110000,angle=0.000000), noPassback=false).
Shooter.LeftShooter.enableGoalTracking_INFO [139.673003116] Enable GoalTracking (trackingParams=(trackFlywheel=true,trackTiltPos=true,trackPanPos=true)).
Shooter.LeftPrimaryMotor.cancel_INFO [139.674079625] Cancel: stopping motor.
Shooter.LeftTiltMotor.cancel_INFO [139.677199722] Cancel: stopping motor.
Shooter.RightShooter.enableGoalTracking_INFO [139.677734001] Enable GoalTracking (trackingParams=(trackFlywheel=true,trackTiltPos=true,trackPanPos=true)).
Shooter.RightPrimaryMotor.cancel_INFO [139.678621863] Cancel: stopping motor.
Shooter.RightTiltMotor.cancel_INFO [139.68360355] Cancel: stopping motor.
TaskAutoShoot.autoTask_INFO [139.75692809] <Event name="StateInfo" time="139.756656196" tag="vvvvv" TaskAutoShoot.state="START" />
TaskAutoShoot.runTaskState_INFO [139.760456446] ***** Wait for left Shooter ready.
TaskAutoShoot.runTaskState_INFO [139.761679183] ***** Wait for right Shooter ready.
TaskAutoShoot.runTaskState_INFO [139.765500378] ***** Wait for Turret ready.
TaskAutoShoot.autoTask_INFO [139.767312281] <Event name="StateInfo" time="139.767075641" tag="^^^^^" TaskAutoShoot.state="START" />
Shooter.TurretMotor.pidCtrlTask_INFO [139.805175035] controlMode: Position,onTarget=true(2.8715929827108084/2.444742145609452), stalled=false, expired=false, event=(TaskAutoShoot.turretReady=SIGNALED)
TaskAutoShoot.autoTask_INFO [139.837846803] <Event name="StateInfo" time="139.837594674" tag="vvvvv" TaskAutoShoot.state="SHOOT" />
TaskAutoShoot.autoTask_INFO [139.839162442] <Event name="StateInfo" time="139.838840549" tag="^^^^^" TaskAutoShoot.state="SHOOT" />
Shooter.LeftShooter.goalTrackingTask_INFO [139.891074941] Shooter.LeftShooter is Ready: rpm1=4798.449519/4867.273018, rpm2=2978.554688/0.000000, tilt=23.826414/23.788501, pan=null/null
TaskAutoShoot.autoTask_INFO [139.916405478] <Event name="StateInfo" time="139.916127738" tag="vvvvv" TaskAutoShoot.state="SHOOT" />
TaskAutoShoot.runTaskState_INFO [139.917525415] ***** Start left shooter shooting.
Shooter.shoot_INFO [139.919003952] shoot(owner=null, event=(TaskAutoShoot.leftShooterDone=CLEARED), shooter=leftShooter, autoStop=false)
Shooter.LeftTransferMotor.cancel_INFO [139.921394894] Cancel: stopping motor.
TaskAutoShoot.autoTask_INFO [139.927411706] <Event name="StateInfo" time="139.926798607" tag="^^^^^" TaskAutoShoot.state="SHOOT" />
TaskAutoShoot.autoTask_INFO [140.018870222] <Event name="StateInfo" time="140.018582969" tag="vvvvv" TaskAutoShoot.state="SHOOT" />
TaskAutoShoot.autoTask_INFO [140.020150652] <Event name="StateInfo" time="140.019955705" tag="^^^^^" TaskAutoShoot.state="SHOOT" />
FrcRobot.startCompetition_INFO [140.031196728] *** Transitioning from TELEOP_MODE to DISABLED_MODE ***
Robot.cancelAll_INFO [140.035905632] Cancel all operations.
Shooter.LeftShooter.cancel_INFO [140.039163639] owner=null
Shooter.LeftShooter.disableGoalTracking_INFO [140.040306353] Disable Goal Tracking.
Shooter.LeftShooter.stopGoalTracking_INFO [140.041185884] Stop GoalTracking.
Shooter.LeftTiltMotor.cancel_INFO [140.041970326] Cancel: stopping motor.
Shooter.LeftPrimaryMotor.cancel_INFO [140.043109567] Cancel: stopping motor.
Shooter.LeftPrimaryMotor.cancel_INFO [140.045989516] Cancel: stopping motor.
Shooter.LeftTiltMotor.cancel_INFO [140.047376282] Cancel: stopping motor.
Shooter.RightShooter.cancel_INFO [140.049422423] owner=null
Shooter.RightShooter.disableGoalTracking_INFO [140.051254027] Disable Goal Tracking.
Shooter.RightShooter.stopGoalTracking_INFO [140.052173481] Stop GoalTracking.
Shooter.RightTiltMotor.cancel_INFO [140.053516498] Cancel: stopping motor.
Shooter.RightPrimaryMotor.cancel_INFO [140.055171383] Cancel: stopping motor.
Shooter.RightPrimaryMotor.cancel_INFO [140.056718672] Cancel: stopping motor.
Shooter.RightTiltMotor.cancel_INFO [140.057850506] Cancel: stopping motor.
Shooter.LeftTransferMotor.cancel_INFO [140.068755227] Cancel: stopping motor.
Shooter.RightTransferMotor.cancel_INFO [140.070059553] Cancel: stopping motor.
Shooter.FeederMotor.cancel_INFO [140.07358201] Cancel: stopping motor.
Intake.IntakeMotor.cancel_INFO [140.116170726] Cancel: stopping motor.
Climber.Motor.cancel_INFO [140.117275167] Cancel: stopping motor.
TaskAutoShoot.cancel_INFO [140.119588095] Canceling auto task operation.
TaskAutoShoot.stopSubsystems_INFO [140.120845937] Stopping subsystems.
Shooter.LeftTransferMotor.cancel_INFO [140.122046983] Cancel: stopping motor.
Shooter.RightTransferMotor.cancel_INFO [140.126184751] Cancel: stopping motor.
Shooter.FeederMotor.cancel_INFO [140.129321849] Cancel: stopping motor.
Shooter.LeftShooter.cancel_INFO [140.130924952] owner=null
Shooter.LeftPrimaryMotor.cancel_INFO [140.132286078] Cancel: stopping motor.
Shooter.LeftTiltMotor.cancel_INFO [140.134724958] Cancel: stopping motor.
Shooter.RightShooter.cancel_INFO [140.135882242] owner=null
Shooter.RightPrimaryMotor.cancel_INFO [140.139045913] Cancel: stopping motor.
Shooter.RightTiltMotor.cancel_INFO [140.139727924] Cancel: stopping motor.
Shooter.LeftTransferMotor.cancel_INFO [140.140969026] Cancel: stopping motor.
Shooter.RightTransferMotor.cancel_INFO [140.142407785] Cancel: stopping motor.
Shooter.FeederMotor.cancel_INFO [140.149300763] Cancel: stopping motor.
TaskAutoClimb.cancel_INFO [140.205162594] Canceling auto task operation.
FrcRobot.printPerformanceMetrics_INFO [140.208562847] [FrcRobot] Loop Performance Metrics:
Average Loop Interval = 0.002552s (freq=391.849Hz, min=0.000677s, max=0.610934s)
[03]                StartTask=0.000000s
[04]          PrePeriodicTask=0.000229s
[07]               UpdateTask=0.000961s
[02]                StartMode=0.000001s
[06]         PostPeriodicTask=0.001052s
[08]                 StopTask=0.000000s
[09]                 StopMode=0.000000s
[00]                RobotInit=14.470724s
[01]           RobotStartMode=0.000008s
[05]                 Periodic=0.000219s
[10]            RobotStopMode=0.000003s

TrcTaskMgr.printTaskPerformanceMetrics_INFO [140.209888228] FrcDashboard.task: STANDALONE_TASK=6.521804792634107E-4/0.010696167619535629
TrcTaskMgr.printTaskPerformanceMetrics_INFO [140.210733222] TrcWatchdogMgr: STANDALONE_TASK=2.7411784716157206E-4/0.9960470144978165
TrcTaskMgr.printTaskPerformanceMetrics_INFO [140.21764747] DriverController.buttonEventTask: PRE_PERIODIC_TASK=1.733584595490475E-5/0.00509363133424398
TrcTaskMgr.printTaskPerformanceMetrics_INFO [140.218689019] OperatorController.buttonEventTask: PRE_PERIODIC_TASK=2.1684466408042837E-4/0.005093622677521583
TrcTaskMgr.printTaskPerformanceMetrics_INFO [140.219340635] flDriveMotor.pidCtrlTask: OUTPUT_TASK=8.057994429785987E-5/0.013410929904837292
TrcTaskMgr.printTaskPerformanceMetrics_INFO [140.221879215] flDriveMotor.odometryCleanupTask: STOP_TASK=3.1477E-5/41.12743447475
TrcTaskMgr.printTaskPerformanceMetrics_INFO [140.222315082] frDriveMotor.pidCtrlTask: OUTPUT_TASK=5.407013262972735E-5/0.013410916124362357
TrcTaskMgr.printTaskPerformanceMetrics_INFO [140.224028408] blDriveMotor.pidCtrlTask: OUTPUT_TASK=5.054890653767224E-5/0.013410915328466725
TrcTaskMgr.printTaskPerformanceMetrics_INFO [140.224697357] brDriveMotor.pidCtrlTask: OUTPUT_TASK=4.8405429610085016E-5/0.01341091478868367
TrcTaskMgr.printTaskPerformanceMetrics_INFO [140.225325234] flSteerMotor.pidCtrlTask: OUTPUT_TASK=6.28456227499267E-5/0.013410914249956024
TrcTaskMgr.printTaskPerformanceMetrics_INFO [140.225982292] frSteerMotor.pidCtrlTask: OUTPUT_TASK=5.320256212254471E-5/0.013410420401465846
TrcTaskMgr.printTaskPerformanceMetrics_INFO [140.228405719] blSteerMotor.pidCtrlTask: OUTPUT_TASK=5.300995749296435E-5/0.01341026501360225
TrcTaskMgr.printTaskPerformanceMetrics_INFO [140.229100916] brSteerMotor.pidCtrlTask: OUTPUT_TASK=5.0755822232645405E-5/0.013410266249061914
TrcTaskMgr.printTaskPerformanceMetrics_INFO [140.229433212] FrcSwerveDrive.odometryTask: INPUT_TASK=0.0017806364196403873/0.01514564111350853
TrcTaskMgr.printTaskPerformanceMetrics_INFO [140.232397058] FrcSwerveDrive.stopTask: STOP_TASK=0.0028659235/41.12741535025
TrcTaskMgr.printTaskPerformanceMetrics_INFO [140.243098243] purePursuitDrive.driveTask: POST_PERIODIC_TASK=0.005794925373390558/0.04138908886695279
TrcTaskMgr.printTaskPerformanceMetrics_INFO [140.245040844] LED: OUTPUT_TASK=6.175582581931172E-5/0.01341026974051709
TrcTaskMgr.printTaskPerformanceMetrics_INFO [140.246093314] Shooter.LeftPrimaryMotor.pidCtrlTask: OUTPUT_TASK=6.906063100193468E-5/0.013410261166735065
TrcTaskMgr.printTaskPerformanceMetrics_INFO [140.246613444] Shooter.LeftFollowerMotor.pidCtrlTask: OUTPUT_TASK=6.271840593304801E-6/0.013410259960602685
TrcTaskMgr.printTaskPerformanceMetrics_INFO [140.249694876] Shooter.LeftTiltMotor.pidCtrlTask: OUTPUT_TASK=0.001343202610974323/0.013409945964063781
TrcTaskMgr.printTaskPerformanceMetrics_INFO [140.250616335] Shooter.LeftShooter.ShooterMotor1VelTrigger.triggerTask: PRE_PERIODIC_TASK=4.0811587301587304E-4/0.06781286033333332
TrcTaskMgr.printTaskPerformanceMetrics_INFO [140.251084852] Shooter.LeftShooter.goalTracking: POST_PERIODIC_TASK=0.03529208849423194/0.09939281136429873
TrcTaskMgr.printTaskPerformanceMetrics_INFO [140.253504223] Shooter.LeftTransferMotor.pidCtrlTask: OUTPUT_TASK=7.512291065775589E-6/0.01340990445187009
TrcTaskMgr.printTaskPerformanceMetrics_INFO [140.254224615] Shooter.RightPrimaryMotor.pidCtrlTask: OUTPUT_TASK=7.056153634658225E-5/0.013409903518407785
TrcTaskMgr.printTaskPerformanceMetrics_INFO [140.254593548] Shooter.RightFollowerMotor.pidCtrlTask: OUTPUT_TASK=6.4218222534880996E-6/0.013409902934869268
TrcTaskMgr.printTaskPerformanceMetrics_INFO [140.255023767] Shooter.RightTiltMotor.pidCtrlTask: OUTPUT_TASK=0.0014347452119826474/0.013409902434869269
TrcTaskMgr.printTaskPerformanceMetrics_INFO [140.255547599] Shooter.RightShooter.ShooterMotor1VelTrigger.triggerTask: PRE_PERIODIC_TASK=1.9302347916666667E-4/0.05400389642708334
TrcTaskMgr.printTaskPerformanceMetrics_INFO [140.255886018] Shooter.RightShooter.goalTracking: POST_PERIODIC_TASK=0.015007569757593806/0.0974413788147707
TrcTaskMgr.printTaskPerformanceMetrics_INFO [140.256448075] Shooter.RightTransferMotor.pidCtrlTask: OUTPUT_TASK=8.862858893187948E-6/0.013409897640520576
TrcTaskMgr.printTaskPerformanceMetrics_INFO [140.263880983] Shooter.TurretMotor.pidCtrlTask: OUTPUT_TASK=0.0013766274038574276/0.013409896993199673
TrcTaskMgr.printTaskPerformanceMetrics_INFO [140.265724603] Shooter.FeederMotor.pidCtrlTask: OUTPUT_TASK=7.504396799343455E-6/0.013409850029016943
TrcTaskMgr.printTaskPerformanceMetrics_INFO [140.266494825] ShooterfieldLengthTrigger.triggerTask: PRE_PERIODIC_TASK=5.772000427679698E-5/0.0025477987140575973
TrcTaskMgr.printTaskPerformanceMetrics_INFO [140.266903114] ShooterfieldWidthTrigger.triggerTask: PRE_PERIODIC_TASK=7.475538228758389E-6/0.00254779802162965
TrcTaskMgr.printTaskPerformanceMetrics_INFO [140.267155135] Intake.IntakeMotor.pidCtrlTask: OUTPUT_TASK=6.022621548742599E-6/0.013409849284834985
TrcTaskMgr.printTaskPerformanceMetrics_INFO [140.267825049] Climber.Motor.pidCtrlTask: OUTPUT_TASK=7.179367096547278E-5/0.013409848942435078
TrcTaskMgr.printTaskPerformanceMetrics_INFO [140.26828106] TaskAutoShoot: POST_PERIODIC_TASK=0.0010224018104929896/0.0696286244161013
