Robot.robotStartMode_INFO [0.065676735] Sun Mar 08 01:03:58 UTC 2026: ***** TELEOP_MODE *****
Robot.robotStartMode_INFO [0.070565831] <BuildInfo Host="TRC492-DS2024" User="User" Timestamp="2026-03-07 16:41:53" Branch="dev" />
FrcTeleOp.driverControllerButtonEvent_INFO [1.121420707] ##### button=X, pressed=true
FrcTeleOp.driverControllerButtonEvent_INFO [1.125844101] >>>>> Reset field forward heading (heading=3.6853172016222264)
FrcTeleOp.driverControllerButtonEvent_INFO [1.223214668] ##### button=X, pressed=false
FrcTeleOp.driverControllerButtonEvent_INFO [1.844365716] ##### button=A, pressed=true
FrcTeleOp.driverControllerButtonEvent_INFO [1.945105124] ##### button=A, pressed=false
FrcTeleOp.driverControllerButtonEvent_INFO [3.331304105] ##### button=A, pressed=true
FrcTeleOp.driverControllerButtonEvent_INFO [3.433248867] ##### button=A, pressed=false
FrcTeleOp.operatorControllerButtonEvent_INFO [5.426290443] ##### button=LeftBumper, pressed=true
FrcTeleOp.operatorControllerButtonEvent_INFO [5.4277318] >>>>> OperatorAltFunc=true
FrcTeleOp.operatorControllerButtonEvent_INFO [5.579343714] ##### button=Y, pressed=true
FrcTeleOp.shoot_INFO [5.580770613] >>>>> Start Manual Shoot.
TaskAutoShoot.cancel_INFO [5.583354666] Canceling auto task operation.
Shooter.LeftTiltMotor.pidCtrlTask_INFO [5.660639345] controlMode: Position,onTarget=true(17.541568312250583/18.0), stalled=false, expired=false, event=(Shooter.LeftShooter.tiltOnTarget=SIGNALED)
Shooter.RightTiltMotor.pidCtrlTask_INFO [5.676330333] controlMode: Position,onTarget=true(17.343931423990348/18.0), stalled=false, expired=false, event=(Shooter.RightShooter.tiltOnTarget=SIGNALED)
FrcTeleOp.operatorControllerButtonEvent_INFO [5.945982774] ##### button=Y, pressed=false
FrcTeleOp.shoot_INFO [5.952243845] >>>>> Stop Manual Shoot.
Shooter.LeftShooter.cancel_INFO [5.955987483] owner=null
Shooter.LeftPrimaryMotor.cancel_INFO [5.961510033] Cancel: stopping motor.
Shooter.LeftTiltMotor.cancel_INFO [5.966473886] Cancel: stopping motor.
Shooter.RightShooter.cancel_INFO [5.967956371] owner=null
Shooter.RightPrimaryMotor.cancel_INFO [5.970972243] Cancel: stopping motor.
Shooter.RightTiltMotor.cancel_INFO [5.974634281] Cancel: stopping motor.
Shooter.LeftTransferMotor.cancel_INFO [5.977038098] Cancel: stopping motor.
Shooter.RightTransferMotor.cancel_INFO [5.979590794] Cancel: stopping motor.
Shooter.FeederMotor.cancel_INFO [5.980868653] Cancel: stopping motor.
FrcTeleOp.operatorControllerButtonEvent_INFO [6.039204665] ##### button=LeftBumper, pressed=false
FrcTeleOp.operatorControllerButtonEvent_INFO [6.043649084] >>>>> OperatorAltFunc=false
FrcTeleOp.operatorControllerButtonEvent_INFO [6.106918547] ##### button=Y, pressed=true
FrcTeleOp.shoot_INFO [6.113157311] >>>>> Start Auto Shoot.
TaskAutoShoot.autoShoot_INFO [6.118638712] autoShoot(owner=null, event=null, taskParams=(autoStop=false, noPassback=false))
TaskAutoShoot.autoShoot_INFO [6.120322981] Enabling Goal Tracking (prevTrackParams=null).
Shooter.setupGoalTrackingMode_INFO [6.122011961] GoalTracking(trackingMode=Passback, goalPose=(x=-60.000000,y=48.000000,angle=0.000000), noPassback=false).
Shooter.LeftShooter.enableGoalTracking_INFO [6.123283125] Enable GoalTracking (trackingParams=(trackFlywheel=true,trackTiltPos=true,trackPanPos=true)).
Shooter.LeftPrimaryMotor.cancel_INFO [6.125115322] Cancel: stopping motor.
Shooter.LeftTiltMotor.cancel_INFO [6.126269803] Cancel: stopping motor.
Shooter.RightShooter.enableGoalTracking_INFO [6.127370351] Enable GoalTracking (trackingParams=(trackFlywheel=true,trackTiltPos=true,trackPanPos=true)).
Shooter.RightPrimaryMotor.cancel_INFO [6.128804893] Cancel: stopping motor.
Shooter.RightTiltMotor.cancel_INFO [6.130335777] Cancel: stopping motor.
TaskAutoShoot.autoTask_INFO [6.212026427] <Event name="StateInfo" time="6.211512575" tag="vvvvv" TaskAutoShoot.state="START" />
TaskAutoShoot.runTaskState_INFO [6.213482373] ***** Wait for left Shooter ready.
TaskAutoShoot.runTaskState_INFO [6.214815836] ***** Wait for right Shooter ready.
TaskAutoShoot.runTaskState_INFO [6.215944471] ***** Wait for Turret ready.
TaskAutoShoot.autoTask_INFO [6.218243168] <Event name="StateInfo" time="6.216919785" tag="^^^^^" TaskAutoShoot.state="START" />
TaskAutoShoot.autoTask_INFO [6.390461233] <Event name="StateInfo" time="6.390223285" tag="vvvvv" TaskAutoShoot.state="SHOOT" />
TaskAutoShoot.autoTask_INFO [6.40319984] <Event name="StateInfo" time="6.40246527" tag="^^^^^" TaskAutoShoot.state="SHOOT" />
TaskAutoShoot.autoTask_INFO [6.471243901] <Event name="StateInfo" time="6.468498956" tag="vvvvv" TaskAutoShoot.state="SHOOT" />
TaskAutoShoot.autoTask_INFO [6.474302112] <Event name="StateInfo" time="6.473239348" tag="^^^^^" TaskAutoShoot.state="SHOOT" />
TaskAutoShoot.autoTask_INFO [6.545177891] <Event name="StateInfo" time="6.544976266" tag="vvvvv" TaskAutoShoot.state="SHOOT" />
TaskAutoShoot.autoTask_INFO [6.546526654] <Event name="StateInfo" time="6.546278127" tag="^^^^^" TaskAutoShoot.state="SHOOT" />
TaskAutoShoot.autoTask_INFO [6.62335241] <Event name="StateInfo" time="6.62312957" tag="vvvvv" TaskAutoShoot.state="SHOOT" />
TaskAutoShoot.autoTask_INFO [6.631510787] <Event name="StateInfo" time="6.631178644" tag="^^^^^" TaskAutoShoot.state="SHOOT" />
Shooter.setupGoalTrackingMode_INFO [6.642645717] GoalTracking(trackingMode=Passback, goalPose=(x=-60.000000,y=48.000000,angle=0.000000), noPassback=false).
TaskAutoShoot.autoTask_INFO [6.708645418] <Event name="StateInfo" time="6.708295999" tag="vvvvv" TaskAutoShoot.state="SHOOT" />
TaskAutoShoot.autoTask_INFO [6.727673664] <Event name="StateInfo" time="6.709103691" tag="^^^^^" TaskAutoShoot.state="SHOOT" />
FrcTeleOp.operatorControllerButtonEvent_INFO [6.731881549] ##### button=Y, pressed=false
TaskAutoShoot.autoTask_INFO [6.808901312] <Event name="StateInfo" time="6.808201936" tag="vvvvv" TaskAutoShoot.state="SHOOT" />
TaskAutoShoot.autoTask_INFO [6.810356601] <Event name="StateInfo" time="6.810026718" tag="^^^^^" TaskAutoShoot.state="SHOOT" />
TaskAutoShoot.autoTask_INFO [6.885086512] <Event name="StateInfo" time="6.884856954" tag="vvvvv" TaskAutoShoot.state="SHOOT" />
TaskAutoShoot.autoTask_INFO [6.887442184] <Event name="StateInfo" time="6.887231886" tag="^^^^^" TaskAutoShoot.state="SHOOT" />
TaskAutoShoot.autoTask_INFO [6.96466293] <Event name="StateInfo" time="6.964454922" tag="vvvvv" TaskAutoShoot.state="SHOOT" />
TaskAutoShoot.autoTask_INFO [6.965839436] <Event name="StateInfo" time="6.965603952" tag="^^^^^" TaskAutoShoot.state="SHOOT" />
FrcTeleOp.operatorControllerButtonEvent_INFO [6.968120546] ##### button=Y, pressed=true
FrcTeleOp.shoot_INFO [6.969514468] >>>>> Stop Auto Shoot.
TaskAutoShoot.cancel_INFO [6.970035954] Canceling auto task operation.
TaskAutoShoot.stopSubsystems_INFO [6.970945817] Stopping subsystems.
Shooter.LeftTransferMotor.cancel_INFO [6.971472462] Cancel: stopping motor.
Shooter.RightTransferMotor.cancel_INFO [6.972108058] Cancel: stopping motor.
Shooter.FeederMotor.cancel_INFO [6.972829593] Cancel: stopping motor.
TaskAutoShoot.stopSubsystems_INFO [6.973477353] No previous GoalTracking, disable it.
Shooter.LeftShooter.disableGoalTracking_INFO [6.974223261] Disable Goal Tracking.
Shooter.LeftShooter.stopGoalTracking_INFO [6.974589361] Stop GoalTracking.
Shooter.LeftTiltMotor.cancel_INFO [6.974984594] Cancel: stopping motor.
Shooter.LeftPrimaryMotor.cancel_INFO [6.976239287] Cancel: stopping motor.
Shooter.RightShooter.disableGoalTracking_INFO [6.977294691] Disable Goal Tracking.
Shooter.RightShooter.stopGoalTracking_INFO [6.977767692] Stop GoalTracking.
Shooter.RightTiltMotor.cancel_INFO [6.978200502] Cancel: stopping motor.
Shooter.RightPrimaryMotor.cancel_INFO [6.980607596] Cancel: stopping motor.
Shooter.LeftShooter.cancel_INFO [6.983424861] owner=null
Shooter.LeftPrimaryMotor.cancel_INFO [6.984354495] Cancel: stopping motor.
Shooter.LeftTiltMotor.cancel_INFO [6.985124611] Cancel: stopping motor.
Shooter.RightShooter.cancel_INFO [6.985894025] owner=null
Shooter.RightPrimaryMotor.cancel_INFO [6.987146477] Cancel: stopping motor.
Shooter.RightTiltMotor.cancel_INFO [6.987886455] Cancel: stopping motor.
Shooter.LeftTransferMotor.cancel_INFO [6.988851305] Cancel: stopping motor.
Shooter.RightTransferMotor.cancel_INFO [6.989906756] Cancel: stopping motor.
Shooter.FeederMotor.cancel_INFO [6.990715628] Cancel: stopping motor.
FrcTeleOp.operatorControllerButtonEvent_INFO [7.099524102] ##### button=Y, pressed=false
FrcTeleOp.operatorControllerButtonEvent_INFO [7.405913738] ##### button=Y, pressed=true
FrcTeleOp.shoot_INFO [7.406899123] >>>>> Start Auto Shoot.
TaskAutoShoot.autoShoot_INFO [7.407358566] autoShoot(owner=null, event=null, taskParams=(autoStop=false, noPassback=false))
TaskAutoShoot.autoShoot_INFO [7.407747211] Enabling Goal Tracking (prevTrackParams=null).
Shooter.setupGoalTrackingMode_INFO [7.408526226] GoalTracking(trackingMode=Passback, goalPose=(x=-60.000000,y=48.000000,angle=0.000000), noPassback=false).
Shooter.LeftShooter.enableGoalTracking_INFO [7.409587702] Enable GoalTracking (trackingParams=(trackFlywheel=true,trackTiltPos=true,trackPanPos=true)).
Shooter.LeftPrimaryMotor.cancel_INFO [7.410302429] Cancel: stopping motor.
Shooter.LeftTiltMotor.cancel_INFO [7.410907107] Cancel: stopping motor.
Shooter.RightShooter.enableGoalTracking_INFO [7.411563608] Enable GoalTracking (trackingParams=(trackFlywheel=true,trackTiltPos=true,trackPanPos=true)).
Shooter.RightPrimaryMotor.cancel_INFO [7.412082611] Cancel: stopping motor.
Shooter.RightTiltMotor.cancel_INFO [7.415020531] Cancel: stopping motor.
TaskAutoShoot.autoTask_INFO [7.493015719] <Event name="StateInfo" time="7.491065818" tag="vvvvv" TaskAutoShoot.state="START" />
TaskAutoShoot.runTaskState_INFO [7.495915154] ***** Wait for left Shooter ready.
TaskAutoShoot.runTaskState_INFO [7.501889387] ***** Wait for right Shooter ready.
TaskAutoShoot.runTaskState_INFO [7.51780447] ***** Wait for Turret ready.
TaskAutoShoot.autoTask_INFO [7.522180487] <Event name="StateInfo" time="7.521269489" tag="^^^^^" TaskAutoShoot.state="START" />
Shooter.TurretMotor.pidCtrlTask_INFO [7.562804406] controlMode: Position,onTarget=true(-157.7765004009808/-159.30425392629107), stalled=false, expired=false, event=(TaskAutoShoot.turretReady=SIGNALED)
TaskAutoShoot.autoTask_INFO [7.600414597] <Event name="StateInfo" time="7.600216618" tag="vvvvv" TaskAutoShoot.state="SHOOT" />
TaskAutoShoot.autoTask_INFO [7.605704486] <Event name="StateInfo" time="7.60213467" tag="^^^^^" TaskAutoShoot.state="SHOOT" />
TaskAutoShoot.autoTask_INFO [7.671094656] <Event name="StateInfo" time="7.670876399" tag="vvvvv" TaskAutoShoot.state="SHOOT" />
TaskAutoShoot.autoTask_INFO [7.671657112] <Event name="StateInfo" time="7.67148266" tag="^^^^^" TaskAutoShoot.state="SHOOT" />
FrcTeleOp.operatorControllerButtonEvent_INFO [7.673942522] ##### button=Y, pressed=false
TaskAutoShoot.autoTask_INFO [7.742139432] <Event name="StateInfo" time="7.741417429" tag="vvvvv" TaskAutoShoot.state="SHOOT" />
TaskAutoShoot.autoTask_INFO [7.742927008] <Event name="StateInfo" time="7.742608667" tag="^^^^^" TaskAutoShoot.state="SHOOT" />
TaskAutoShoot.autoTask_INFO [7.812357934] <Event name="StateInfo" time="7.812151758" tag="vvvvv" TaskAutoShoot.state="SHOOT" />
TaskAutoShoot.autoTask_INFO [7.813740073] <Event name="StateInfo" time="7.813521479" tag="^^^^^" TaskAutoShoot.state="SHOOT" />
Shooter.LeftShooter.goalTrackingTask_INFO [7.864997666] Shooter.LeftShooter is Ready: rpm1=4838.581731/4768.385829, rpm2=2902.968750/0.000000, tilt=22.245322/23.111794, pan=null/null
TaskAutoShoot.autoTask_INFO [7.890247884] <Event name="StateInfo" time="7.890048952" tag="vvvvv" TaskAutoShoot.state="SHOOT" />
TaskAutoShoot.runTaskState_INFO [7.891946283] ***** Start left shooter shooting.
Shooter.shoot_INFO [7.894360487] shoot(owner=null, event=(TaskAutoShoot.leftShooterDone=CLEARED), shooter=leftShooter, autoStop=false)
Shooter.LeftTransferMotor.cancel_INFO [7.89623857] Cancel: stopping motor.
TaskAutoShoot.autoTask_INFO [7.898779522] <Event name="StateInfo" time="7.898564087" tag="^^^^^" TaskAutoShoot.state="SHOOT" />
FrcTeleOp.operatorControllerButtonEvent_INFO [7.901576219] ##### button=Y, pressed=true
FrcTeleOp.shoot_INFO [7.903588194] >>>>> Stop Auto Shoot.
TaskAutoShoot.cancel_INFO [7.906433228] Canceling auto task operation.
TaskAutoShoot.stopSubsystems_INFO [7.908798456] Stopping subsystems.
Shooter.LeftTransferMotor.cancel_INFO [7.913598061] Cancel: stopping motor.
Shooter.RightTransferMotor.cancel_INFO [7.915559124] Cancel: stopping motor.
Shooter.FeederMotor.cancel_INFO [7.917332459] Cancel: stopping motor.
TaskAutoShoot.stopSubsystems_INFO [7.919178788] No previous GoalTracking, disable it.
Shooter.LeftShooter.disableGoalTracking_INFO [7.9209905] Disable Goal Tracking.
Shooter.LeftShooter.stopGoalTracking_INFO [7.923185531] Stop GoalTracking.
Shooter.LeftTiltMotor.cancel_INFO [7.925498328] Cancel: stopping motor.
Shooter.LeftPrimaryMotor.cancel_INFO [7.930044802] Cancel: stopping motor.
Shooter.RightShooter.disableGoalTracking_INFO [7.938616723] Disable Goal Tracking.
Shooter.RightShooter.stopGoalTracking_INFO [7.940671135] Stop GoalTracking.
Shooter.RightTiltMotor.cancel_INFO [7.941999558] Cancel: stopping motor.
Shooter.RightPrimaryMotor.cancel_INFO [7.946757468] Cancel: stopping motor.
Shooter.LeftShooter.cancel_INFO [7.951480707] owner=null
Shooter.LeftPrimaryMotor.cancel_INFO [7.957295432] Cancel: stopping motor.
Shooter.LeftTiltMotor.cancel_INFO [7.961087402] Cancel: stopping motor.
Shooter.RightShooter.cancel_INFO [7.965329455] owner=null
Shooter.RightPrimaryMotor.cancel_INFO [7.970831088] Cancel: stopping motor.
Shooter.RightTiltMotor.cancel_INFO [7.975267874] Cancel: stopping motor.
Shooter.LeftTransferMotor.cancel_INFO [7.981227436] Cancel: stopping motor.
Shooter.RightTransferMotor.cancel_INFO [7.983979156] Cancel: stopping motor.
Shooter.FeederMotor.cancel_INFO [7.993468228] Cancel: stopping motor.
FrcTeleOp.operatorControllerButtonEvent_INFO [8.113123853] ##### button=Y, pressed=false
FrcTeleOp.operatorControllerButtonEvent_INFO [8.529914941] ##### button=Y, pressed=true
FrcTeleOp.shoot_INFO [8.531732869] >>>>> Start Auto Shoot.
TaskAutoShoot.autoShoot_INFO [8.533871488] autoShoot(owner=null, event=null, taskParams=(autoStop=false, noPassback=false))
TaskAutoShoot.autoShoot_INFO [8.535450259] Enabling Goal Tracking (prevTrackParams=null).
Shooter.setupGoalTrackingMode_INFO [8.539593869] GoalTracking(trackingMode=Passback, goalPose=(x=-60.000000,y=48.000000,angle=0.000000), noPassback=false).
Shooter.LeftShooter.enableGoalTracking_INFO [8.541540065] Enable GoalTracking (trackingParams=(trackFlywheel=true,trackTiltPos=true,trackPanPos=true)).
Shooter.LeftPrimaryMotor.cancel_INFO [8.54912095] Cancel: stopping motor.
Shooter.LeftTiltMotor.cancel_INFO [8.551939676] Cancel: stopping motor.
Shooter.RightShooter.enableGoalTracking_INFO [8.559060133] Enable GoalTracking (trackingParams=(trackFlywheel=true,trackTiltPos=true,trackPanPos=true)).
Shooter.RightPrimaryMotor.cancel_INFO [8.56144135] Cancel: stopping motor.
Shooter.RightTiltMotor.cancel_INFO [8.568407828] Cancel: stopping motor.
TaskAutoShoot.autoTask_INFO [8.65164946] <Event name="StateInfo" time="8.651141617" tag="vvvvv" TaskAutoShoot.state="START" />
TaskAutoShoot.runTaskState_INFO [8.655677666] ***** Wait for left Shooter ready.
TaskAutoShoot.runTaskState_INFO [8.658105384] ***** Wait for right Shooter ready.
TaskAutoShoot.runTaskState_INFO [8.661433902] ***** Wait for Turret ready.
TaskAutoShoot.autoTask_INFO [8.666739652] <Event name="StateInfo" time="8.666258045" tag="^^^^^" TaskAutoShoot.state="START" />
Shooter.TurretMotor.pidCtrlTask_INFO [8.751930115] controlMode: Position,onTarget=true(-143.8601044651802/-144.18564118119565), stalled=false, expired=false, event=(TaskAutoShoot.turretReady=SIGNALED)
TaskAutoShoot.autoTask_INFO [8.753019997] <Event name="StateInfo" time="8.75281629" tag="vvvvv" TaskAutoShoot.state="SHOOT" />
TaskAutoShoot.autoTask_INFO [8.753441825] <Event name="StateInfo" time="8.753281152" tag="^^^^^" TaskAutoShoot.state="SHOOT" />
TaskAutoShoot.autoTask_INFO [8.820907425] <Event name="StateInfo" time="8.820593724" tag="vvvvv" TaskAutoShoot.state="SHOOT" />
TaskAutoShoot.autoTask_INFO [8.821827329] <Event name="StateInfo" time="8.821538311" tag="^^^^^" TaskAutoShoot.state="SHOOT" />
TaskAutoShoot.autoTask_INFO [8.900607859] <Event name="StateInfo" time="8.90040492" tag="vvvvv" TaskAutoShoot.state="SHOOT" />
TaskAutoShoot.autoTask_INFO [8.90438425] <Event name="StateInfo" time="8.904189014" tag="^^^^^" TaskAutoShoot.state="SHOOT" />
TaskAutoShoot.autoTask_INFO [8.980224708] <Event name="StateInfo" time="8.980010321" tag="vvvvv" TaskAutoShoot.state="SHOOT" />
TaskAutoShoot.autoTask_INFO [8.983215108] <Event name="StateInfo" time="8.982775786" tag="^^^^^" TaskAutoShoot.state="SHOOT" />
TaskAutoShoot.autoTask_INFO [9.062630274] <Event name="StateInfo" time="9.055520992" tag="vvvvv" TaskAutoShoot.state="SHOOT" />
TaskAutoShoot.autoTask_INFO [9.065279366] <Event name="StateInfo" time="9.06508552" tag="^^^^^" TaskAutoShoot.state="SHOOT" />
TaskAutoShoot.autoTask_INFO [9.153987506] <Event name="StateInfo" time="9.15365685" tag="vvvvv" TaskAutoShoot.state="SHOOT" />
TaskAutoShoot.autoTask_INFO [9.154964075] <Event name="StateInfo" time="9.154407741" tag="^^^^^" TaskAutoShoot.state="SHOOT" />
TaskAutoShoot.autoTask_INFO [9.221586486] <Event name="StateInfo" time="9.221208765" tag="vvvvv" TaskAutoShoot.state="SHOOT" />
TaskAutoShoot.autoTask_INFO [9.224131892] <Event name="StateInfo" time="9.223672548" tag="^^^^^" TaskAutoShoot.state="SHOOT" />
Shooter.setupGoalTrackingMode_INFO [9.233690231] GoalTracking(trackingMode=Passback, goalPose=(x=-60.000000,y=48.000000,angle=0.000000), noPassback=false).
TaskAutoShoot.autoTask_INFO [9.317821974] <Event name="StateInfo" time="9.317614658" tag="vvvvv" TaskAutoShoot.state="SHOOT" />
TaskAutoShoot.autoTask_INFO [9.318368738] <Event name="StateInfo" time="9.318180354" tag="^^^^^" TaskAutoShoot.state="SHOOT" />
FrcTeleOp.operatorControllerButtonEvent_INFO [9.328136955] ##### button=Y, pressed=false
TaskAutoShoot.autoTask_INFO [9.394128494] <Event name="StateInfo" time="9.393753997" tag="vvvvv" TaskAutoShoot.state="SHOOT" />
TaskAutoShoot.autoTask_INFO [9.397239175] <Event name="StateInfo" time="9.396940812" tag="^^^^^" TaskAutoShoot.state="SHOOT" />
TaskAutoShoot.autoTask_INFO [9.465391037] <Event name="StateInfo" time="9.465012292" tag="vvvvv" TaskAutoShoot.state="SHOOT" />
TaskAutoShoot.autoTask_INFO [9.466269714] <Event name="StateInfo" time="9.465945634" tag="^^^^^" TaskAutoShoot.state="SHOOT" />
TaskAutoShoot.autoTask_INFO [9.54922693] <Event name="StateInfo" time="9.548215992" tag="vvvvv" TaskAutoShoot.state="SHOOT" />
TaskAutoShoot.autoTask_INFO [9.551966186] <Event name="StateInfo" time="9.55126909" tag="^^^^^" TaskAutoShoot.state="SHOOT" />
TaskAutoShoot.autoTask_INFO [9.619920147] <Event name="StateInfo" time="9.619544686" tag="vvvvv" TaskAutoShoot.state="SHOOT" />
TaskAutoShoot.autoTask_INFO [9.622569602] <Event name="StateInfo" time="9.621345616" tag="^^^^^" TaskAutoShoot.state="SHOOT" />
TaskAutoShoot.autoTask_INFO [9.689253891] <Event name="StateInfo" time="9.688971421" tag="vvvvv" TaskAutoShoot.state="SHOOT" />
TaskAutoShoot.autoTask_INFO [9.689938953] <Event name="StateInfo" time="9.689750285" tag="^^^^^" TaskAutoShoot.state="SHOOT" />
TaskAutoShoot.autoTask_INFO [9.775512491] <Event name="StateInfo" time="9.775297546" tag="vvvvv" TaskAutoShoot.state="SHOOT" />
TaskAutoShoot.autoTask_INFO [9.77627457] <Event name="StateInfo" time="9.775993373" tag="^^^^^" TaskAutoShoot.state="SHOOT" />
FrcTeleOp.operatorControllerButtonEvent_INFO [9.784304167] ##### button=Y, pressed=true
FrcTeleOp.shoot_INFO [9.787111472] >>>>> Stop Auto Shoot.
TaskAutoShoot.cancel_INFO [9.788184319] Canceling auto task operation.
TaskAutoShoot.stopSubsystems_INFO [9.789094851] Stopping subsystems.
Shooter.LeftTransferMotor.cancel_INFO [9.789738175] Cancel: stopping motor.
Shooter.RightTransferMotor.cancel_INFO [9.791148012] Cancel: stopping motor.
Shooter.FeederMotor.cancel_INFO [9.791928517] Cancel: stopping motor.
TaskAutoShoot.stopSubsystems_INFO [9.792702598] No previous GoalTracking, disable it.
Shooter.LeftShooter.disableGoalTracking_INFO [9.793313105] Disable Goal Tracking.
Shooter.LeftShooter.stopGoalTracking_INFO [9.793959203] Stop GoalTracking.
Shooter.LeftTiltMotor.cancel_INFO [9.794746535] Cancel: stopping motor.
Shooter.LeftPrimaryMotor.cancel_INFO [9.795452541] Cancel: stopping motor.
Shooter.RightShooter.disableGoalTracking_INFO [9.796406751] Disable Goal Tracking.
Shooter.RightShooter.stopGoalTracking_INFO [9.797119216] Stop GoalTracking.
Shooter.RightTiltMotor.cancel_INFO [9.797721469] Cancel: stopping motor.
Shooter.RightPrimaryMotor.cancel_INFO [9.798551082] Cancel: stopping motor.
Shooter.LeftShooter.cancel_INFO [9.800013808] owner=null
Shooter.LeftPrimaryMotor.cancel_INFO [9.80940808] Cancel: stopping motor.
Shooter.LeftTiltMotor.cancel_INFO [9.811608215] Cancel: stopping motor.
Shooter.RightShooter.cancel_INFO [9.814443961] owner=null
Shooter.RightPrimaryMotor.cancel_INFO [9.81736906] Cancel: stopping motor.
Shooter.RightTiltMotor.cancel_INFO [9.819981905] Cancel: stopping motor.
Shooter.LeftTransferMotor.cancel_INFO [9.824777412] Cancel: stopping motor.
Shooter.RightTransferMotor.cancel_INFO [9.827953921] Cancel: stopping motor.
Shooter.FeederMotor.cancel_INFO [9.830525722] Cancel: stopping motor.
FrcTeleOp.operatorControllerButtonEvent_INFO [9.993198998] ##### button=Y, pressed=false
FrcTeleOp.operatorControllerButtonEvent_INFO [11.013581] ##### button=Y, pressed=true
FrcTeleOp.shoot_INFO [11.016834454] >>>>> Start Auto Shoot.
TaskAutoShoot.autoShoot_INFO [11.017859369] autoShoot(owner=null, event=null, taskParams=(autoStop=false, noPassback=false))
TaskAutoShoot.autoShoot_INFO [11.019361144] Enabling Goal Tracking (prevTrackParams=null).
Shooter.setupGoalTrackingMode_INFO [11.023176461] GoalTracking(trackingMode=Passback, goalPose=(x=-257.677165,y=48.000000,angle=0.000000), noPassback=false).
Shooter.LeftShooter.enableGoalTracking_INFO [11.029048192] Enable GoalTracking (trackingParams=(trackFlywheel=true,trackTiltPos=true,trackPanPos=true)).
Shooter.LeftPrimaryMotor.cancel_INFO [11.031260819] Cancel: stopping motor.
Shooter.LeftTiltMotor.cancel_INFO [11.032679623] Cancel: stopping motor.
Shooter.RightShooter.enableGoalTracking_INFO [11.033917815] Enable GoalTracking (trackingParams=(trackFlywheel=true,trackTiltPos=true,trackPanPos=true)).
Shooter.RightPrimaryMotor.cancel_INFO [11.035124829] Cancel: stopping motor.
Shooter.RightTiltMotor.cancel_INFO [11.03623508] Cancel: stopping motor.
Shooter.LeftShooter.goalTrackingTask_INFO [11.090534793] Shooter.LeftShooter is TimedOut: rpm1=2182.472957/6306.263776, rpm2=1289.882813/0.000000, tilt=16.948657/37.866116, pan=null/null
Shooter.RightShooter.goalTrackingTask_INFO [11.115623366] Shooter.RightShooter is TimedOut: rpm1=3993.155048/6255.982880, rpm2=2549.062500/0.000000, tilt=16.988184/37.866116, pan=null/null
TaskAutoShoot.autoTask_INFO [11.11751779] <Event name="StateInfo" time="11.117028301" tag="vvvvv" TaskAutoShoot.state="START" />
TaskAutoShoot.runTaskState_INFO [11.118584258] ***** Wait for left Shooter ready.
TaskAutoShoot.runTaskState_INFO [11.120099742] ***** Wait for right Shooter ready.
TaskAutoShoot.runTaskState_INFO [11.121142397] ***** Wait for Turret ready.
TaskAutoShoot.autoTask_INFO [11.1221638] <Event name="StateInfo" time="11.121946319" tag="^^^^^" TaskAutoShoot.state="START" />
FrcTeleOp.operatorControllerButtonEvent_INFO [11.128862239] ##### button=Y, pressed=false
FrcTeleOp.operatorControllerButtonEvent_INFO [11.19394275] ##### button=Y, pressed=true
FrcTeleOp.shoot_INFO [11.194590526] >>>>> Stop Auto Shoot.
TaskAutoShoot.cancel_INFO [11.197815738] Canceling auto task operation.
TaskAutoShoot.stopSubsystems_INFO [11.198367187] Stopping subsystems.
Shooter.LeftTransferMotor.cancel_INFO [11.203203602] Cancel: stopping motor.
Shooter.RightTransferMotor.cancel_INFO [11.205314206] Cancel: stopping motor.
Shooter.FeederMotor.cancel_INFO [11.209961959] Cancel: stopping motor.
TaskAutoShoot.stopSubsystems_INFO [11.210707482] No previous GoalTracking, disable it.
Shooter.LeftShooter.disableGoalTracking_INFO [11.211155834] Disable Goal Tracking.
Shooter.LeftShooter.stopGoalTracking_INFO [11.212015152] Stop GoalTracking.
Shooter.LeftTiltMotor.cancel_INFO [11.213269191] Cancel: stopping motor.
Shooter.LeftPrimaryMotor.cancel_INFO [11.214218518] Cancel: stopping motor.
Shooter.RightShooter.disableGoalTracking_INFO [11.215161443] Disable Goal Tracking.
Shooter.RightShooter.stopGoalTracking_INFO [11.21561898] Stop GoalTracking.
Shooter.RightTiltMotor.cancel_INFO [11.219115229] Cancel: stopping motor.
Shooter.RightPrimaryMotor.cancel_INFO [11.220358865] Cancel: stopping motor.
Shooter.LeftShooter.cancel_INFO [11.221148749] owner=null
Shooter.LeftPrimaryMotor.cancel_INFO [11.22179431] Cancel: stopping motor.
Shooter.LeftTiltMotor.cancel_INFO [11.225397439] Cancel: stopping motor.
Shooter.TurretMotor.pidCtrlTask_INFO [11.229605767] controlMode: Position,onTarget=true(-54.71646506069237/-54.82890166534697), stalled=false, expired=false, event=(TaskAutoShoot.turretReady=SIGNALED)
Shooter.RightShooter.cancel_INFO [11.226257712] owner=null
Shooter.RightPrimaryMotor.cancel_INFO [11.23140238] Cancel: stopping motor.
Shooter.RightTiltMotor.cancel_INFO [11.232409461] Cancel: stopping motor.
Shooter.LeftTransferMotor.cancel_INFO [11.233383619] Cancel: stopping motor.
Shooter.RightTransferMotor.cancel_INFO [11.234242934] Cancel: stopping motor.
Shooter.FeederMotor.cancel_INFO [11.234938436] Cancel: stopping motor.
FrcTeleOp.operatorControllerButtonEvent_INFO [11.903925031] ##### button=Y, pressed=false
FrcTeleOp.operatorControllerButtonEvent_INFO [12.156359059] ##### button=Y, pressed=true
FrcTeleOp.shoot_INFO [12.162613609] >>>>> Start Auto Shoot.
TaskAutoShoot.autoShoot_INFO [12.164691446] autoShoot(owner=null, event=null, taskParams=(autoStop=false, noPassback=false))
TaskAutoShoot.autoShoot_INFO [12.165869027] Enabling Goal Tracking (prevTrackParams=null).
Shooter.setupGoalTrackingMode_INFO [12.167324616] GoalTracking(trackingMode=Passback, goalPose=(x=-60.000000,y=48.000000,angle=0.000000), noPassback=false).
Shooter.LeftShooter.enableGoalTracking_INFO [12.168262951] Enable GoalTracking (trackingParams=(trackFlywheel=true,trackTiltPos=true,trackPanPos=true)).
Shooter.LeftPrimaryMotor.cancel_INFO [12.169806606] Cancel: stopping motor.
Shooter.LeftTiltMotor.cancel_INFO [12.172707163] Cancel: stopping motor.
Shooter.RightShooter.enableGoalTracking_INFO [12.174757277] Enable GoalTracking (trackingParams=(trackFlywheel=true,trackTiltPos=true,trackPanPos=true)).
Shooter.RightPrimaryMotor.cancel_INFO [12.178030804] Cancel: stopping motor.
Shooter.RightTiltMotor.cancel_INFO [12.179300567] Cancel: stopping motor.
TaskAutoShoot.autoTask_INFO [12.260319425] <Event name="StateInfo" time="12.260063664" tag="vvvvv" TaskAutoShoot.state="START" />
TaskAutoShoot.runTaskState_INFO [12.269792041] ***** Wait for left Shooter ready.
TaskAutoShoot.runTaskState_INFO [12.2786335] ***** Wait for right Shooter ready.
TaskAutoShoot.runTaskState_INFO [12.283126552] ***** Wait for Turret ready.
TaskAutoShoot.autoTask_INFO [12.290181866] <Event name="StateInfo" time="12.289919018" tag="^^^^^" TaskAutoShoot.state="START" />
FrcTeleOp.operatorControllerButtonEvent_INFO [12.296898839] ##### button=Y, pressed=false
TaskAutoShoot.autoTask_INFO [12.475444239] <Event name="StateInfo" time="12.475239014" tag="vvvvv" TaskAutoShoot.state="SHOOT" />
TaskAutoShoot.autoTask_INFO [12.490597968] <Event name="StateInfo" time="12.490277541" tag="^^^^^" TaskAutoShoot.state="SHOOT" />
TaskAutoShoot.autoTask_INFO [12.568552294] <Event name="StateInfo" time="12.56831834" tag="vvvvv" TaskAutoShoot.state="SHOOT" />
TaskAutoShoot.autoTask_INFO [12.574711213] <Event name="StateInfo" time="12.574510522" tag="^^^^^" TaskAutoShoot.state="SHOOT" />
TaskAutoShoot.autoTask_INFO [12.644756419] <Event name="StateInfo" time="12.64441479" tag="vvvvv" TaskAutoShoot.state="SHOOT" />
TaskAutoShoot.autoTask_INFO [12.646314921] <Event name="StateInfo" time="12.646105505" tag="^^^^^" TaskAutoShoot.state="SHOOT" />
TaskAutoShoot.autoTask_INFO [12.715097859] <Event name="StateInfo" time="12.714919732" tag="vvvvv" TaskAutoShoot.state="SHOOT" />
TaskAutoShoot.autoTask_INFO [12.71721125] <Event name="StateInfo" time="12.717028873" tag="^^^^^" TaskAutoShoot.state="SHOOT" />
TaskAutoShoot.autoTask_INFO [12.796308638] <Event name="StateInfo" time="12.795684931" tag="vvvvv" TaskAutoShoot.state="SHOOT" />
TaskAutoShoot.autoTask_INFO [12.803881014] <Event name="StateInfo" time="12.802999789" tag="^^^^^" TaskAutoShoot.state="SHOOT" />
TaskAutoShoot.autoTask_INFO [12.871197639] <Event name="StateInfo" time="12.871027378" tag="vvvvv" TaskAutoShoot.state="SHOOT" />
TaskAutoShoot.autoTask_INFO [12.871878602] <Event name="StateInfo" time="12.871710821" tag="^^^^^" TaskAutoShoot.state="SHOOT" />
Shooter.RightShooter.goalTrackingTask_INFO [12.947280031] Shooter.RightShooter is Ready: rpm1=6048.037861/6035.773554, rpm2=3709.453125/0.000000, tilt=32.562040/32.860308, pan=null/null
TaskAutoShoot.autoTask_INFO [12.950888784] <Event name="StateInfo" time="12.950681258" tag="vvvvv" TaskAutoShoot.state="SHOOT" />
TaskAutoShoot.autoTask_INFO [12.951943312] <Event name="StateInfo" time="12.951768414" tag="^^^^^" TaskAutoShoot.state="SHOOT" />
TaskAutoShoot.autoTask_INFO [13.029810402] <Event name="StateInfo" time="13.0295935" tag="vvvvv" TaskAutoShoot.state="SHOOT" />
TaskAutoShoot.autoTask_INFO [13.03074262] <Event name="StateInfo" time="13.030223343" tag="^^^^^" TaskAutoShoot.state="SHOOT" />
Shooter.LeftShooter.goalTrackingTask_INFO [13.083630707] Shooter.LeftShooter is Ready: rpm1=5939.945913/5975.959424, rpm2=3693.515625/0.000000, tilt=33.115433/33.382271, pan=null/null
TaskAutoShoot.autoTask_INFO [13.107317619] <Event name="StateInfo" time="13.107125965" tag="vvvvv" TaskAutoShoot.state="SHOOT" />
TaskAutoShoot.autoTask_INFO [13.107938046] <Event name="StateInfo" time="13.107764233" tag="^^^^^" TaskAutoShoot.state="SHOOT" />
TaskAutoShoot.autoTask_INFO [13.174406449] <Event name="StateInfo" time="13.174050774" tag="vvvvv" TaskAutoShoot.state="SHOOT" />
TaskAutoShoot.autoTask_INFO [13.175333897] <Event name="StateInfo" time="13.175046111" tag="^^^^^" TaskAutoShoot.state="SHOOT" />
TaskAutoShoot.autoTask_INFO [13.255258278] <Event name="StateInfo" time="13.25430879" tag="vvvvv" TaskAutoShoot.state="SHOOT" />
TaskAutoShoot.autoTask_INFO [13.257372145] <Event name="StateInfo" time="13.257184428" tag="^^^^^" TaskAutoShoot.state="SHOOT" />
FrcTeleOp.operatorControllerButtonEvent_INFO [13.262662814] ##### button=Y, pressed=true
FrcTeleOp.shoot_INFO [13.264667677] >>>>> Stop Auto Shoot.
TaskAutoShoot.cancel_INFO [13.271417845] Canceling auto task operation.
TaskAutoShoot.stopSubsystems_INFO [13.272550558] Stopping subsystems.
Shooter.LeftTransferMotor.cancel_INFO [13.274621732] Cancel: stopping motor.
Shooter.RightTransferMotor.cancel_INFO [13.275521977] Cancel: stopping motor.
Shooter.FeederMotor.cancel_INFO [13.279742889] Cancel: stopping motor.
TaskAutoShoot.stopSubsystems_INFO [13.280902634] No previous GoalTracking, disable it.
Shooter.LeftShooter.disableGoalTracking_INFO [13.281823399] Disable Goal Tracking.
Shooter.LeftShooter.stopGoalTracking_INFO [13.282619679] Stop GoalTracking.
Shooter.LeftTiltMotor.cancel_INFO [13.283943808] Cancel: stopping motor.
Shooter.LeftPrimaryMotor.cancel_INFO [13.285217285] Cancel: stopping motor.
Shooter.RightShooter.disableGoalTracking_INFO [13.290234589] Disable Goal Tracking.
Shooter.RightShooter.stopGoalTracking_INFO [13.291028594] Stop GoalTracking.
Shooter.RightTiltMotor.cancel_INFO [13.29377952] Cancel: stopping motor.
Shooter.RightPrimaryMotor.cancel_INFO [13.295196794] Cancel: stopping motor.
Shooter.LeftShooter.cancel_INFO [13.296431703] owner=null
Shooter.LeftPrimaryMotor.cancel_INFO [13.297646128] Cancel: stopping motor.
Shooter.LeftTiltMotor.cancel_INFO [13.306151331] Cancel: stopping motor.
Shooter.RightShooter.cancel_INFO [13.307760746] owner=null
Shooter.RightPrimaryMotor.cancel_INFO [13.315611222] Cancel: stopping motor.
Shooter.RightTiltMotor.cancel_INFO [13.317621412] Cancel: stopping motor.
Shooter.LeftTransferMotor.cancel_INFO [13.321404636] Cancel: stopping motor.
Shooter.RightTransferMotor.cancel_INFO [13.323698913] Cancel: stopping motor.
Shooter.FeederMotor.cancel_INFO [13.325444083] Cancel: stopping motor.
FrcTeleOp.operatorControllerButtonEvent_INFO [13.495292423] ##### button=Y, pressed=false
FrcTeleOp.operatorControllerButtonEvent_INFO [13.598071448] ##### button=Y, pressed=true
FrcTeleOp.shoot_INFO [13.59962933] >>>>> Start Auto Shoot.
TaskAutoShoot.autoShoot_INFO [13.60051409] autoShoot(owner=null, event=null, taskParams=(autoStop=false, noPassback=false))
TaskAutoShoot.autoShoot_INFO [13.601242047] Enabling Goal Tracking (prevTrackParams=null).
Shooter.setupGoalTrackingMode_INFO [13.602203401] GoalTracking(trackingMode=Passback, goalPose=(x=-60.000000,y=48.000000,angle=0.000000), noPassback=false).
Shooter.LeftShooter.enableGoalTracking_INFO [13.603264081] Enable GoalTracking (trackingParams=(trackFlywheel=true,trackTiltPos=true,trackPanPos=true)).
Shooter.LeftPrimaryMotor.cancel_INFO [13.604183623] Cancel: stopping motor.
Shooter.LeftTiltMotor.cancel_INFO [13.605168214] Cancel: stopping motor.
Shooter.RightShooter.enableGoalTracking_INFO [13.606195515] Enable GoalTracking (trackingParams=(trackFlywheel=true,trackTiltPos=true,trackPanPos=true)).
Shooter.RightPrimaryMotor.cancel_INFO [13.607094839] Cancel: stopping motor.
Shooter.RightTiltMotor.cancel_INFO [13.607962176] Cancel: stopping motor.
TaskAutoShoot.autoTask_INFO [13.691671051] <Event name="StateInfo" time="13.691266053" tag="vvvvv" TaskAutoShoot.state="START" />
TaskAutoShoot.runTaskState_INFO [13.696737167] ***** Wait for left Shooter ready.
TaskAutoShoot.runTaskState_INFO [13.699165852] ***** Wait for right Shooter ready.
TaskAutoShoot.runTaskState_INFO [13.700153066] ***** Wait for Turret ready.
TaskAutoShoot.autoTask_INFO [13.700626139] <Event name="StateInfo" time="13.700415264" tag="^^^^^" TaskAutoShoot.state="START" />
FrcTeleOp.operatorControllerButtonEvent_INFO [13.705241929] ##### button=Y, pressed=false
TaskAutoShoot.autoTask_INFO [13.847535613] <Event name="StateInfo" time="13.847192558" tag="vvvvv" TaskAutoShoot.state="SHOOT" />
TaskAutoShoot.autoTask_INFO [13.853307594] <Event name="StateInfo" time="13.853098686" tag="^^^^^" TaskAutoShoot.state="SHOOT" />
TaskAutoShoot.autoTask_INFO [13.911613246] <Event name="StateInfo" time="13.910785348" tag="vvvvv" TaskAutoShoot.state="SHOOT" />
TaskAutoShoot.autoTask_INFO [13.912087911] <Event name="StateInfo" time="13.911921715" tag="^^^^^" TaskAutoShoot.state="SHOOT" />
TaskAutoShoot.autoTask_INFO [13.986923671] <Event name="StateInfo" time="13.986593863" tag="vvvvv" TaskAutoShoot.state="SHOOT" />
TaskAutoShoot.autoTask_INFO [13.988724013] <Event name="StateInfo" time="13.988532987" tag="^^^^^" TaskAutoShoot.state="SHOOT" />
TaskAutoShoot.autoTask_INFO [14.058480635] <Event name="StateInfo" time="14.058303986" tag="vvvvv" TaskAutoShoot.state="SHOOT" />
TaskAutoShoot.autoTask_INFO [14.068111325] <Event name="StateInfo" time="14.066978064" tag="^^^^^" TaskAutoShoot.state="SHOOT" />
TaskAutoShoot.autoTask_INFO [14.123935363] <Event name="StateInfo" time="14.123720468" tag="vvvvv" TaskAutoShoot.state="SHOOT" />
TaskAutoShoot.autoTask_INFO [14.125964738] <Event name="StateInfo" time="14.125609751" tag="^^^^^" TaskAutoShoot.state="SHOOT" />
Shooter.LeftShooter.goalTrackingTask_INFO [14.194157587] Shooter.LeftShooter is Ready: rpm1=6324.987981/6280.169269, rpm2=3936.093750/0.000000, tilt=36.831016/37.442378, pan=null/null
Shooter.RightShooter.goalTrackingTask_INFO [14.217993333] Shooter.RightShooter is Ready: rpm1=5881.829928/5888.805836, rpm2=3662.578125/0.000000, tilt=36.831020/37.442378, pan=null/null
TaskAutoShoot.autoTask_INFO [14.223264377] <Event name="StateInfo" time="14.222773081" tag="vvvvv" TaskAutoShoot.state="SHOOT" />
TaskAutoShoot.autoTask_INFO [14.225024546] <Event name="StateInfo" time="14.224656945" tag="^^^^^" TaskAutoShoot.state="SHOOT" />
TaskAutoShoot.autoTask_INFO [14.297902274] <Event name="StateInfo" time="14.297500878" tag="vvvvv" TaskAutoShoot.state="SHOOT" />
TaskAutoShoot.autoTask_INFO [14.298958161] <Event name="StateInfo" time="14.298768335" tag="^^^^^" TaskAutoShoot.state="SHOOT" />
TaskAutoShoot.autoTask_INFO [14.374322593] <Event name="StateInfo" time="14.374113987" tag="vvvvv" TaskAutoShoot.state="SHOOT" />
TaskAutoShoot.autoTask_INFO [14.377986551] <Event name="StateInfo" time="14.37681287" tag="^^^^^" TaskAutoShoot.state="SHOOT" />
TaskAutoShoot.autoTask_INFO [14.45052838] <Event name="StateInfo" time="14.450328737" tag="vvvvv" TaskAutoShoot.state="SHOOT" />
TaskAutoShoot.autoTask_INFO [14.455618992] <Event name="StateInfo" time="14.451695834" tag="^^^^^" TaskAutoShoot.state="SHOOT" />
TaskAutoShoot.autoTask_INFO [14.533796986] <Event name="StateInfo" time="14.53348101" tag="vvvvv" TaskAutoShoot.state="SHOOT" />
TaskAutoShoot.autoTask_INFO [14.540661196] <Event name="StateInfo" time="14.54036945" tag="^^^^^" TaskAutoShoot.state="SHOOT" />
TaskAutoShoot.autoTask_INFO [14.605680218] <Event name="StateInfo" time="14.605496662" tag="vvvvv" TaskAutoShoot.state="SHOOT" />
TaskAutoShoot.autoTask_INFO [14.608215086] <Event name="StateInfo" time="14.607323477" tag="^^^^^" TaskAutoShoot.state="SHOOT" />
TaskAutoShoot.autoTask_INFO [14.68726212] <Event name="StateInfo" time="14.683572341" tag="vvvvv" TaskAutoShoot.state="SHOOT" />
TaskAutoShoot.autoTask_INFO [14.689937806] <Event name="StateInfo" time="14.689726925" tag="^^^^^" TaskAutoShoot.state="SHOOT" />
TaskAutoShoot.autoTask_INFO [14.760520448] <Event name="StateInfo" time="14.760320175" tag="vvvvv" TaskAutoShoot.state="SHOOT" />
TaskAutoShoot.autoTask_INFO [14.766567128] <Event name="StateInfo" time="14.766360481" tag="^^^^^" TaskAutoShoot.state="SHOOT" />
TaskAutoShoot.autoTask_INFO [14.843974625] <Event name="StateInfo" time="14.84352309" tag="vvvvv" TaskAutoShoot.state="SHOOT" />
TaskAutoShoot.autoTask_INFO [14.846376624] <Event name="StateInfo" time="14.845119273" tag="^^^^^" TaskAutoShoot.state="SHOOT" />
TaskAutoShoot.autoTask_INFO [14.923856582] <Event name="StateInfo" time="14.920278835" tag="vvvvv" TaskAutoShoot.state="SHOOT" />
TaskAutoShoot.autoTask_INFO [14.92468946] <Event name="StateInfo" time="14.924436053" tag="^^^^^" TaskAutoShoot.state="SHOOT" />
FrcTeleOp.operatorControllerButtonEvent_INFO [14.936011786] ##### button=Y, pressed=true
FrcTeleOp.shoot_INFO [14.936812761] >>>>> Stop Auto Shoot.
TaskAutoShoot.cancel_INFO [14.937424121] Canceling auto task operation.
TaskAutoShoot.stopSubsystems_INFO [14.938144804] Stopping subsystems.
Shooter.LeftTransferMotor.cancel_INFO [14.939321702] Cancel: stopping motor.
Shooter.RightTransferMotor.cancel_INFO [14.940470506] Cancel: stopping motor.
Shooter.FeederMotor.cancel_INFO [14.941670518] Cancel: stopping motor.
TaskAutoShoot.stopSubsystems_INFO [14.946200882] No previous GoalTracking, disable it.
Shooter.LeftShooter.disableGoalTracking_INFO [14.947649712] Disable Goal Tracking.
Shooter.LeftShooter.stopGoalTracking_INFO [14.948571312] Stop GoalTracking.
Shooter.LeftTiltMotor.cancel_INFO [14.949955285] Cancel: stopping motor.
Shooter.LeftPrimaryMotor.cancel_INFO [14.951296805] Cancel: stopping motor.
Shooter.RightShooter.disableGoalTracking_INFO [14.956092932] Disable Goal Tracking.
Shooter.RightShooter.stopGoalTracking_INFO [14.956921486] Stop GoalTracking.
Shooter.RightTiltMotor.cancel_INFO [14.958033568] Cancel: stopping motor.
Shooter.RightPrimaryMotor.cancel_INFO [14.959403283] Cancel: stopping motor.
Shooter.LeftShooter.cancel_INFO [14.960695678] owner=null
Shooter.LeftPrimaryMotor.cancel_INFO [14.962170603] Cancel: stopping motor.
Shooter.LeftTiltMotor.cancel_INFO [14.965655779] Cancel: stopping motor.
Shooter.RightShooter.cancel_INFO [14.966803281] owner=null
Shooter.RightPrimaryMotor.cancel_INFO [14.968284439] Cancel: stopping motor.
Shooter.RightTiltMotor.cancel_INFO [14.969603433] Cancel: stopping motor.
Shooter.LeftTransferMotor.cancel_INFO [14.970553129] Cancel: stopping motor.
Shooter.RightTransferMotor.cancel_INFO [14.971524028] Cancel: stopping motor.
Shooter.FeederMotor.cancel_INFO [14.972812747] Cancel: stopping motor.
FrcTeleOp.operatorControllerButtonEvent_INFO [15.074293285] ##### button=Y, pressed=false
FrcTeleOp.driverControllerButtonEvent_INFO [20.649833029] ##### button=A, pressed=true
FrcTeleOp.driverControllerButtonEvent_INFO [20.75051133] ##### button=A, pressed=false
FrcTeleOp.operatorControllerButtonEvent_INFO [31.586202634] ##### button=Y, pressed=true
FrcTeleOp.shoot_INFO [31.587063021] >>>>> Start Auto Shoot.
TaskAutoShoot.autoShoot_INFO [31.587737453] autoShoot(owner=null, event=null, taskParams=(autoStop=false, noPassback=false))
TaskAutoShoot.autoShoot_INFO [31.588485655] Enabling Goal Tracking (prevTrackParams=null).
Shooter.setupGoalTrackingMode_INFO [31.58996484] GoalTracking(trackingMode=AllianceHub, goalPose=(x=-158.838583,y=182.110000,angle=0.000000), noPassback=false).
Shooter.LeftShooter.enableGoalTracking_INFO [31.590822508] Enable GoalTracking (trackingParams=(trackFlywheel=true,trackTiltPos=true,trackPanPos=true)).
Shooter.LeftPrimaryMotor.cancel_INFO [31.591752644] Cancel: stopping motor.
Shooter.LeftTiltMotor.cancel_INFO [31.593166018] Cancel: stopping motor.
Shooter.RightShooter.enableGoalTracking_INFO [31.594334416] Enable GoalTracking (trackingParams=(trackFlywheel=true,trackTiltPos=true,trackPanPos=true)).
Shooter.RightPrimaryMotor.cancel_INFO [31.595167539] Cancel: stopping motor.
Shooter.RightTiltMotor.cancel_INFO [31.596187458] Cancel: stopping motor.
TaskAutoShoot.autoTask_INFO [31.663180497] <Event name="StateInfo" time="31.66164358" tag="vvvvv" TaskAutoShoot.state="START" />
TaskAutoShoot.runTaskState_INFO [31.66801358] ***** Wait for left Shooter ready.
TaskAutoShoot.runTaskState_INFO [31.672038488] ***** Wait for right Shooter ready.
TaskAutoShoot.runTaskState_INFO [31.673800204] ***** Wait for Turret ready.
TaskAutoShoot.autoTask_INFO [31.676235241] <Event name="StateInfo" time="31.675962851" tag="^^^^^" TaskAutoShoot.state="START" />
FrcTeleOp.driverControllerButtonEvent_INFO [31.685475122] ##### button=A, pressed=true
TaskAutoShoot.autoTask_INFO [31.810752625] <Event name="StateInfo" time="31.81055441" tag="vvvvv" TaskAutoShoot.state="SHOOT" />
TaskAutoShoot.autoTask_INFO [31.820409186] <Event name="StateInfo" time="31.811450422" tag="^^^^^" TaskAutoShoot.state="SHOOT" />
FrcTeleOp.driverControllerButtonEvent_INFO [31.828000703] ##### button=A, pressed=false
TaskAutoShoot.autoTask_INFO [31.898016693] <Event name="StateInfo" time="31.897841599" tag="vvvvv" TaskAutoShoot.state="SHOOT" />
TaskAutoShoot.autoTask_INFO [31.900098347] <Event name="StateInfo" time="31.899869332" tag="^^^^^" TaskAutoShoot.state="SHOOT" />
TaskAutoShoot.autoTask_INFO [31.961469888] <Event name="StateInfo" time="31.961290414" tag="vvvvv" TaskAutoShoot.state="SHOOT" />
TaskAutoShoot.autoTask_INFO [31.966448074] <Event name="StateInfo" time="31.966224007" tag="^^^^^" TaskAutoShoot.state="SHOOT" />
TaskAutoShoot.autoTask_INFO [32.041050444] <Event name="StateInfo" time="32.039964089" tag="vvvvv" TaskAutoShoot.state="SHOOT" />
TaskAutoShoot.autoTask_INFO [32.044415943] <Event name="StateInfo" time="32.044231397" tag="^^^^^" TaskAutoShoot.state="SHOOT" />
TaskAutoShoot.autoTask_INFO [32.119627828] <Event name="StateInfo" time="32.119438442" tag="vvvvv" TaskAutoShoot.state="SHOOT" />
TaskAutoShoot.autoTask_INFO [32.121718678] <Event name="StateInfo" time="32.121359197" tag="^^^^^" TaskAutoShoot.state="SHOOT" />
TaskAutoShoot.autoTask_INFO [32.187868993] <Event name="StateInfo" time="32.185360393" tag="vvvvv" TaskAutoShoot.state="SHOOT" />
TaskAutoShoot.autoTask_INFO [32.188465764] <Event name="StateInfo" time="32.18828225" tag="^^^^^" TaskAutoShoot.state="SHOOT" />
TaskAutoShoot.autoTask_INFO [32.271223611] <Event name="StateInfo" time="32.271023345" tag="vvvvv" TaskAutoShoot.state="SHOOT" />
TaskAutoShoot.autoTask_INFO [32.273689671] <Event name="StateInfo" time="32.273497607" tag="^^^^^" TaskAutoShoot.state="SHOOT" />
FrcTeleOp.operatorControllerButtonEvent_INFO [32.275824815] ##### button=Y, pressed=false
TaskAutoShoot.autoTask_INFO [32.338626357] <Event name="StateInfo" time="32.338431505" tag="vvvvv" TaskAutoShoot.state="SHOOT" />
TaskAutoShoot.autoTask_INFO [32.340397862] <Event name="StateInfo" time="32.340118899" tag="^^^^^" TaskAutoShoot.state="SHOOT" />
TaskAutoShoot.autoTask_INFO [32.404707197] <Event name="StateInfo" time="32.404501404" tag="vvvvv" TaskAutoShoot.state="SHOOT" />
TaskAutoShoot.autoTask_INFO [32.407680001] <Event name="StateInfo" time="32.407479813" tag="^^^^^" TaskAutoShoot.state="SHOOT" />
FrcTeleOp.operatorControllerButtonEvent_INFO [32.412995807] ##### button=Y, pressed=true
FrcTeleOp.shoot_INFO [32.414764752] >>>>> Stop Auto Shoot.
TaskAutoShoot.cancel_INFO [32.415945305] Canceling auto task operation.
TaskAutoShoot.stopSubsystems_INFO [32.42362678] Stopping subsystems.
Shooter.LeftTransferMotor.cancel_INFO [32.425037551] Cancel: stopping motor.
Shooter.RightTransferMotor.cancel_INFO [32.426732431] Cancel: stopping motor.
Shooter.FeederMotor.cancel_INFO [32.42794636] Cancel: stopping motor.
TaskAutoShoot.stopSubsystems_INFO [32.432760936] No previous GoalTracking, disable it.
Shooter.LeftShooter.disableGoalTracking_INFO [32.434118609] Disable Goal Tracking.
Shooter.LeftShooter.stopGoalTracking_INFO [32.436407182] Stop GoalTracking.
Shooter.LeftTiltMotor.cancel_INFO [32.437819273] Cancel: stopping motor.
Shooter.LeftPrimaryMotor.cancel_INFO [32.444970396] Cancel: stopping motor.
Shooter.RightShooter.disableGoalTracking_INFO [32.446985051] Disable Goal Tracking.
Shooter.RightShooter.stopGoalTracking_INFO [32.448071307] Stop GoalTracking.
Shooter.RightTiltMotor.cancel_INFO [32.452699903] Cancel: stopping motor.
Shooter.RightPrimaryMotor.cancel_INFO [32.45407517] Cancel: stopping motor.
Shooter.LeftShooter.cancel_INFO [32.455484642] owner=null
Shooter.LeftPrimaryMotor.cancel_INFO [32.456768025] Cancel: stopping motor.
Shooter.LeftTiltMotor.cancel_INFO [32.458041738] Cancel: stopping motor.
Shooter.RightShooter.cancel_INFO [32.459694636] owner=null
Shooter.RightPrimaryMotor.cancel_INFO [32.466914367] Cancel: stopping motor.
Shooter.RightTiltMotor.cancel_INFO [32.468589636] Cancel: stopping motor.
Shooter.LeftTransferMotor.cancel_INFO [32.474093725] Cancel: stopping motor.
Shooter.RightTransferMotor.cancel_INFO [32.475533471] Cancel: stopping motor.
Shooter.FeederMotor.cancel_INFO [32.477005873] Cancel: stopping motor.
FrcTeleOp.operatorControllerButtonEvent_INFO [32.601171625] ##### button=Y, pressed=false
FrcTeleOp.driverControllerButtonEvent_INFO [34.045656542] ##### button=A, pressed=true
FrcTeleOp.driverControllerButtonEvent_INFO [34.146988349] ##### button=A, pressed=false
FrcTeleOp.operatorControllerButtonEvent_INFO [34.962644954] ##### button=Y, pressed=true
FrcTeleOp.shoot_INFO [34.963306323] >>>>> Start Auto Shoot.
TaskAutoShoot.autoShoot_INFO [34.963740423] autoShoot(owner=null, event=null, taskParams=(autoStop=false, noPassback=false))
TaskAutoShoot.autoShoot_INFO [34.972045673] Enabling Goal Tracking (prevTrackParams=null).
Shooter.setupGoalTrackingMode_INFO [34.972650418] GoalTracking(trackingMode=AllianceHub, goalPose=(x=-158.838583,y=182.110000,angle=0.000000), noPassback=false).
Shooter.LeftShooter.enableGoalTracking_INFO [34.973000327] Enable GoalTracking (trackingParams=(trackFlywheel=true,trackTiltPos=true,trackPanPos=true)).
Shooter.LeftPrimaryMotor.cancel_INFO [34.973458406] Cancel: stopping motor.
Shooter.LeftTiltMotor.cancel_INFO [34.973909809] Cancel: stopping motor.
Shooter.RightShooter.enableGoalTracking_INFO [34.974863343] Enable GoalTracking (trackingParams=(trackFlywheel=true,trackTiltPos=true,trackPanPos=true)).
Shooter.RightPrimaryMotor.cancel_INFO [34.975473693] Cancel: stopping motor.
Shooter.RightTiltMotor.cancel_INFO [34.975911573] Cancel: stopping motor.
Shooter.LeftShooter.goalTrackingTask_INFO [35.013939084] Shooter.LeftShooter is TimedOut: rpm1=1157.965745/6120.049790, rpm2=715.429688/0.000000, tilt=16.948657/35.144511, pan=null/null
Shooter.RightShooter.goalTrackingTask_INFO [35.041279802] Shooter.RightShooter is TimedOut: rpm1=614.287861/5811.030032, rpm2=431.484375/0.000000, tilt=16.988184/35.144511, pan=null/null
TaskAutoShoot.autoTask_INFO [35.044550859] <Event name="StateInfo" time="35.044288052" tag="vvvvv" TaskAutoShoot.state="START" />
TaskAutoShoot.runTaskState_INFO [35.045545047] ***** Wait for left Shooter ready.
TaskAutoShoot.runTaskState_INFO [35.047265778] ***** Wait for right Shooter ready.
TaskAutoShoot.runTaskState_INFO [35.04946394] ***** Wait for Turret ready.
TaskAutoShoot.autoTask_INFO [35.050619642] <Event name="StateInfo" time="35.050400716" tag="^^^^^" TaskAutoShoot.state="START" />
FrcTeleOp.operatorControllerButtonEvent_INFO [35.131960974] ##### button=Y, pressed=false
TaskAutoShoot.autoTask_INFO [35.211485248] <Event name="StateInfo" time="35.211201697" tag="vvvvv" TaskAutoShoot.state="SHOOT" />
TaskAutoShoot.autoTask_INFO [35.211913124] <Event name="StateInfo" time="35.211753637" tag="^^^^^" TaskAutoShoot.state="SHOOT" />
FrcTeleOp.operatorControllerButtonEvent_INFO [35.223711224] ##### button=Y, pressed=true
FrcTeleOp.shoot_INFO [35.224596416] >>>>> Stop Auto Shoot.
TaskAutoShoot.cancel_INFO [35.224924576] Canceling auto task operation.
TaskAutoShoot.stopSubsystems_INFO [35.228188133] Stopping subsystems.
Shooter.LeftTransferMotor.cancel_INFO [35.229436613] Cancel: stopping motor.
Shooter.RightTransferMotor.cancel_INFO [35.230736938] Cancel: stopping motor.
Shooter.FeederMotor.cancel_INFO [35.233755245] Cancel: stopping motor.
TaskAutoShoot.stopSubsystems_INFO [35.235212227] No previous GoalTracking, disable it.
Shooter.LeftShooter.disableGoalTracking_INFO [35.236601613] Disable Goal Tracking.
Shooter.LeftShooter.stopGoalTracking_INFO [35.237587932] Stop GoalTracking.
Shooter.LeftTiltMotor.cancel_INFO [35.238538011] Cancel: stopping motor.
Shooter.LeftPrimaryMotor.cancel_INFO [35.239873385] Cancel: stopping motor.
Shooter.RightShooter.disableGoalTracking_INFO [35.241130362] Disable Goal Tracking.
Shooter.RightShooter.stopGoalTracking_INFO [35.244686539] Stop GoalTracking.
Shooter.RightTiltMotor.cancel_INFO [35.245572012] Cancel: stopping motor.
Shooter.RightPrimaryMotor.cancel_INFO [35.246800766] Cancel: stopping motor.
Shooter.LeftShooter.cancel_INFO [35.250009808] owner=null
Shooter.LeftPrimaryMotor.cancel_INFO [35.251193892] Cancel: stopping motor.
Shooter.LeftTiltMotor.cancel_INFO [35.252478333] Cancel: stopping motor.
Shooter.RightShooter.cancel_INFO [35.256191422] owner=null
Shooter.RightPrimaryMotor.cancel_INFO [35.257623578] Cancel: stopping motor.
Shooter.RightTiltMotor.cancel_INFO [35.258595116] Cancel: stopping motor.
Shooter.LeftTransferMotor.cancel_INFO [35.260258083] Cancel: stopping motor.
Shooter.RightTransferMotor.cancel_INFO [35.261114948] Cancel: stopping motor.
Shooter.FeederMotor.cancel_INFO [35.263536313] Cancel: stopping motor.
FrcTeleOp.operatorControllerButtonEvent_INFO [35.435192794] ##### button=Y, pressed=false
FrcTeleOp.operatorControllerButtonEvent_INFO [35.486321569] ##### button=Y, pressed=true
FrcTeleOp.shoot_INFO [35.491568343] >>>>> Start Auto Shoot.
TaskAutoShoot.autoShoot_INFO [35.492478284] autoShoot(owner=null, event=null, taskParams=(autoStop=false, noPassback=false))
TaskAutoShoot.autoShoot_INFO [35.493595556] Enabling Goal Tracking (prevTrackParams=null).
Shooter.setupGoalTrackingMode_INFO [35.494832366] GoalTracking(trackingMode=AllianceHub, goalPose=(x=-158.838583,y=182.110000,angle=0.000000), noPassback=false).
Shooter.LeftShooter.enableGoalTracking_INFO [35.497928142] Enable GoalTracking (trackingParams=(trackFlywheel=true,trackTiltPos=true,trackPanPos=true)).
Shooter.LeftPrimaryMotor.cancel_INFO [35.49914299] Cancel: stopping motor.
Shooter.LeftTiltMotor.cancel_INFO [35.533781191] Cancel: stopping motor.
Shooter.RightShooter.enableGoalTracking_INFO [35.536797966] Enable GoalTracking (trackingParams=(trackFlywheel=true,trackTiltPos=true,trackPanPos=true)).
Shooter.RightPrimaryMotor.cancel_INFO [35.540690219] Cancel: stopping motor.
Shooter.RightTiltMotor.cancel_INFO [35.547669754] Cancel: stopping motor.
TaskAutoShoot.autoTask_INFO [35.607429584] <Event name="StateInfo" time="35.607033974" tag="vvvvv" TaskAutoShoot.state="START" />
TaskAutoShoot.runTaskState_INFO [35.611139029] ***** Wait for left Shooter ready.
TaskAutoShoot.runTaskState_INFO [35.612755408] ***** Wait for right Shooter ready.
TaskAutoShoot.runTaskState_INFO [35.616086262] ***** Wait for Turret ready.
TaskAutoShoot.autoTask_INFO [35.619066388] <Event name="StateInfo" time="35.618193397" tag="^^^^^" TaskAutoShoot.state="START" />
FrcTeleOp.operatorControllerButtonEvent_INFO [35.623637474] ##### button=Y, pressed=false
Shooter.TurretMotor.pidCtrlTask_INFO [35.651642556] controlMode: Position,onTarget=true(141.05603209104856/140.97379711119922), stalled=false, expired=false, event=(TaskAutoShoot.turretReady=SIGNALED)
TaskAutoShoot.autoTask_INFO [35.703575651] <Event name="StateInfo" time="35.701929685" tag="vvvvv" TaskAutoShoot.state="SHOOT" />
TaskAutoShoot.autoTask_INFO [35.705551257] <Event name="StateInfo" time="35.705367745" tag="^^^^^" TaskAutoShoot.state="SHOOT" />
TaskAutoShoot.autoTask_INFO [35.771881607] <Event name="StateInfo" time="35.769658272" tag="vvvvv" TaskAutoShoot.state="SHOOT" />
TaskAutoShoot.autoTask_INFO [35.773789819] <Event name="StateInfo" time="35.773171074" tag="^^^^^" TaskAutoShoot.state="SHOOT" />
TaskAutoShoot.autoTask_INFO [35.849549351] <Event name="StateInfo" time="35.848537043" tag="vvvvv" TaskAutoShoot.state="SHOOT" />
TaskAutoShoot.autoTask_INFO [35.854867645] <Event name="StateInfo" time="35.851599623" tag="^^^^^" TaskAutoShoot.state="SHOOT" />
TaskAutoShoot.autoTask_INFO [35.942646909] <Event name="StateInfo" time="35.942406682" tag="vvvvv" TaskAutoShoot.state="SHOOT" />
TaskAutoShoot.autoTask_INFO [35.943535093] <Event name="StateInfo" time="35.943275602" tag="^^^^^" TaskAutoShoot.state="SHOOT" />
TaskAutoShoot.autoTask_INFO [36.009079477] <Event name="StateInfo" time="36.00696709" tag="vvvvv" TaskAutoShoot.state="SHOOT" />
TaskAutoShoot.autoTask_INFO [36.010319396] <Event name="StateInfo" time="36.010118029" tag="^^^^^" TaskAutoShoot.state="SHOOT" />
TaskAutoShoot.autoTask_INFO [36.074196936] <Event name="StateInfo" time="36.073757409" tag="vvvvv" TaskAutoShoot.state="SHOOT" />
TaskAutoShoot.autoTask_INFO [36.075387835] <Event name="StateInfo" time="36.075197566" tag="^^^^^" TaskAutoShoot.state="SHOOT" />
TaskAutoShoot.autoTask_INFO [36.140180735] <Event name="StateInfo" time="36.140007621" tag="vvvvv" TaskAutoShoot.state="SHOOT" />
TaskAutoShoot.autoTask_INFO [36.140611925] <Event name="StateInfo" time="36.140447887" tag="^^^^^" TaskAutoShoot.state="SHOOT" />
Shooter.LeftShooter.goalTrackingTask_INFO [36.204585041] Shooter.LeftShooter is Ready: rpm1=5822.010216/5832.109667, rpm2=3586.992188/0.000000, tilt=31.850541/31.813230, pan=null/null
TaskAutoShoot.autoTask_INFO [36.223397545] <Event name="StateInfo" time="36.22295882" tag="vvvvv" TaskAutoShoot.state="SHOOT" />
TaskAutoShoot.runTaskState_INFO [36.227735776] ***** Start left shooter shooting.
Shooter.shoot_INFO [36.229953621] shoot(owner=null, event=(TaskAutoShoot.leftShooterDone=CLEARED), shooter=leftShooter, autoStop=false)
Shooter.LeftTransferMotor.cancel_INFO [36.232219442] Cancel: stopping motor.
TaskAutoShoot.autoTask_INFO [36.235166285] <Event name="StateInfo" time="36.234507791" tag="^^^^^" TaskAutoShoot.state="SHOOT" />
Shooter.RightShooter.goalTrackingTask_INFO [36.321193162] Shooter.RightShooter is Ready: rpm1=5850.405649/5832.109431, rpm2=3550.781250/0.000000, tilt=31.850538/31.813227, pan=null/null
TaskAutoShoot.autoTask_INFO [36.322760568] <Event name="StateInfo" time="36.322449643" tag="vvvvv" TaskAutoShoot.state="SHOOT" />
TaskAutoShoot.runTaskState_INFO [36.323601179] ***** Start right shooter shooting.
Shooter.shoot_INFO [36.324971886] shoot(owner=null, event=(TaskAutoShoot.rightShooterDone=CLEARED), shooter=rightShooter, autoStop=false)
Shooter.RightTransferMotor.cancel_INFO [36.325828215] Cancel: stopping motor.
TaskAutoShoot.autoTask_INFO [36.326949426] <Event name="StateInfo" time="36.326760338" tag="^^^^^" TaskAutoShoot.state="SHOOT" />
FrcTeleOp.operatorControllerButtonEvent_INFO [39.490442195] ##### button=Y, pressed=true
FrcTeleOp.shoot_INFO [39.496744602] >>>>> Stop Auto Shoot.
TaskAutoShoot.cancel_INFO [39.501034521] Canceling auto task operation.
TaskAutoShoot.stopSubsystems_INFO [39.506687781] Stopping subsystems.
Shooter.LeftTransferMotor.cancel_INFO [39.507407465] Cancel: stopping motor.
Shooter.RightTransferMotor.cancel_INFO [39.510604854] Cancel: stopping motor.
Shooter.FeederMotor.cancel_INFO [39.511706726] Cancel: stopping motor.
TaskAutoShoot.stopSubsystems_INFO [39.514026423] No previous GoalTracking, disable it.
Shooter.LeftShooter.disableGoalTracking_INFO [39.515412485] Disable Goal Tracking.
Shooter.LeftShooter.stopGoalTracking_INFO [39.51582787] Stop GoalTracking.
Shooter.LeftTiltMotor.cancel_INFO [39.518278794] Cancel: stopping motor.
Shooter.LeftPrimaryMotor.cancel_INFO [39.522651518] Cancel: stopping motor.
Shooter.RightShooter.disableGoalTracking_INFO [39.52798321] Disable Goal Tracking.
Shooter.RightShooter.stopGoalTracking_INFO [39.531883167] Stop GoalTracking.
Shooter.RightTiltMotor.cancel_INFO [39.536536342] Cancel: stopping motor.
Shooter.RightPrimaryMotor.cancel_INFO [39.540971152] Cancel: stopping motor.
Shooter.LeftShooter.cancel_INFO [39.542339653] owner=null
Shooter.LeftPrimaryMotor.cancel_INFO [39.546306883] Cancel: stopping motor.
Shooter.LeftTiltMotor.cancel_INFO [39.548256244] Cancel: stopping motor.
Shooter.RightShooter.cancel_INFO [39.550109821] owner=null
Shooter.RightPrimaryMotor.cancel_INFO [39.552379095] Cancel: stopping motor.
Shooter.RightTiltMotor.cancel_INFO [39.555566782] Cancel: stopping motor.
Shooter.LeftTransferMotor.cancel_INFO [39.55790114] Cancel: stopping motor.
Shooter.RightTransferMotor.cancel_INFO [39.560536142] Cancel: stopping motor.
Shooter.FeederMotor.cancel_INFO [39.562692839] Cancel: stopping motor.
FrcTeleOp.operatorControllerButtonEvent_INFO [39.651382148] ##### button=Y, pressed=false
FrcTeleOp.operatorControllerButtonEvent_INFO [39.855547724] ##### button=Back, pressed=true
Robot.cancelAll_INFO [39.856398081] Cancel all operations.
Shooter.LeftShooter.cancel_INFO [39.858470693] owner=null
Shooter.LeftPrimaryMotor.cancel_INFO [39.859091866] Cancel: stopping motor.
Shooter.LeftTiltMotor.cancel_INFO [39.859970026] Cancel: stopping motor.
Shooter.RightShooter.cancel_INFO [39.860397409] owner=null
Shooter.RightPrimaryMotor.cancel_INFO [39.86107752] Cancel: stopping motor.
Shooter.RightTiltMotor.cancel_INFO [39.861846404] Cancel: stopping motor.
Shooter.LeftTransferMotor.cancel_INFO [39.863001386] Cancel: stopping motor.
Shooter.RightTransferMotor.cancel_INFO [39.863453619] Cancel: stopping motor.
Shooter.FeederMotor.cancel_INFO [39.863885993] Cancel: stopping motor.
Intake.IntakeMotor.cancel_INFO [39.907400089] Cancel: stopping motor.
Climber.Motor.cancel_INFO [39.908186756] Cancel: stopping motor.
TaskAutoShoot.cancel_INFO [39.908636521] Canceling auto task operation.
TaskAutoClimb.cancel_INFO [39.908915173] Canceling auto task operation.
Robot.zeroCalibrate_INFO [39.909631065] Zero calibrate all subsystems.
TrcSubsystem.zeroCalibrateAll_INFO [39.909996024] ZeroCalibrate(Subsystem=Shooter, owner=null, event=null)
Shooter.zeroCalibrate_INFO [39.910397489] ZeroCalibrate left shooter.
Shooter.zeroCalibrate_INFO [39.91093417] ZeroCalibrate right shooter.
Shooter.zeroCalibrate_INFO [39.911303145] ZeroCalibrate turret.
TrcSubsystem.zeroCalibrateAll_INFO [39.911854199] ZeroCalibrate(Subsystem=Climber, owner=null, event=null)
FrcTeleOp.operatorControllerButtonEvent_INFO [39.912191738] >>>>> Cancel All and Zero Calibrate
FrcTeleOp.operatorControllerButtonEvent_INFO [40.026722701] ##### button=Back, pressed=false
Shooter.LeftTiltMotor.isMotorStalled_INFO [40.107040712] Stall detection triggered.
Shooter.RightTiltMotor.isMotorStalled_INFO [40.115809322] Stall detection triggered.
Climber.Motor.isMotorStalled_INFO [40.138147597] Stall detection triggered.
Shooter.LeftTiltMotor.zeroCalibratingMotor_WARN [40.151529875] Stalled, lower limit switch may not exist or might have failed!
Shooter.LeftTiltMotor.pidCtrlTask_INFO [40.16107855] Zero calibration done, event=(Shooter.leftTiltZeroCalCallback=CLEARED)
Shooter.LeftTiltMotor.pidCtrlTask_INFO [40.162798365] controlMode: Power,onTarget=false(-0.09065248817205429/null), stalled=false, expired=false, event=(Shooter.leftTiltZeroCalCallback=SIGNALED)
Shooter.RightTiltMotor.zeroCalibratingMotor_WARN [40.16509783] Stalled, lower limit switch may not exist or might have failed!
Shooter.RightTiltMotor.pidCtrlTask_INFO [40.169801826] Zero calibration done, event=(Shooter.rightTiltZeroCalCallback=CLEARED)
Shooter.RightTiltMotor.pidCtrlTask_INFO [40.17285052] controlMode: Power,onTarget=false(-0.09117648750543594/null), stalled=false, expired=false, event=(Shooter.rightTiltZeroCalCallback=SIGNALED)
Climber.Motor.zeroCalibratingMotor_WARN [40.175891717] Stalled, lower limit switch may not exist or might have failed!
Climber.Motor.pidCtrlTask_INFO [40.179430174] Zero calibration done, event=null
Shooter.LeftTiltMotor.isMotorStalled_INFO [40.184910204] Stall detection triggered.
Shooter.LeftTiltMotor.checkStallReset_INFO [40.185624343] Resetting stall.
Shooter.RightTiltMotor.isMotorStalled_INFO [40.187947204] Stall detection triggered.
Shooter.RightTiltMotor.checkStallReset_INFO [40.188427481] Resetting stall.
Shooter.TurretMotor.isMotorStalled_INFO [40.343112168] Stall detection triggered.
Shooter.TurretMotor.zeroCalibratingMotor_WARN [40.352699] Stalled, lower limit switch may not exist or might have failed!
Shooter.TurretMotor.pidCtrlTask_INFO [40.355127071] Zero calibration done, event=(Shooter.turretZeroCalCallback=CLEARED)
Shooter.TurretMotor.pidCtrlTask_INFO [40.355951026] controlMode: Power,onTarget=false(0.2965547740459442/null), stalled=false, expired=false, event=(Shooter.turretZeroCalCallback=SIGNALED)
Shooter.TurretMotor.isMotorStalled_INFO [40.388242096] Stall detection triggered.
FrcTeleOp.operatorControllerButtonEvent_INFO [41.567696292] ##### button=Back, pressed=true
Robot.cancelAll_INFO [41.570142391] Cancel all operations.
Shooter.LeftShooter.cancel_INFO [41.572369681] owner=null
Shooter.LeftPrimaryMotor.cancel_INFO [41.573388361] Cancel: stopping motor.
Shooter.LeftTiltMotor.cancel_INFO [41.574651049] Cancel: stopping motor.
Shooter.RightShooter.cancel_INFO [41.575799412] owner=null
Shooter.RightPrimaryMotor.cancel_INFO [41.576884245] Cancel: stopping motor.
Shooter.RightTiltMotor.cancel_INFO [41.578183436] Cancel: stopping motor.
Shooter.LeftTransferMotor.cancel_INFO [41.57948515] Cancel: stopping motor.
Shooter.RightTransferMotor.cancel_INFO [41.580366622] Cancel: stopping motor.
Shooter.FeederMotor.cancel_INFO [41.581401354] Cancel: stopping motor.
Intake.IntakeMotor.cancel_INFO [41.622886647] Cancel: stopping motor.
Climber.Motor.cancel_INFO [41.624467453] Cancel: stopping motor.
TaskAutoShoot.cancel_INFO [41.62555301] Canceling auto task operation.
TaskAutoClimb.cancel_INFO [41.626701844] Canceling auto task operation.
Robot.zeroCalibrate_INFO [41.635264806] Zero calibrate all subsystems.
TrcSubsystem.zeroCalibrateAll_INFO [41.636785297] ZeroCalibrate(Subsystem=Shooter, owner=null, event=null)
Shooter.zeroCalibrate_INFO [41.63762643] ZeroCalibrate left shooter.
Shooter.zeroCalibrate_INFO [41.638747449] ZeroCalibrate right shooter.
Shooter.zeroCalibrate_INFO [41.63980473] ZeroCalibrate turret.
TrcSubsystem.zeroCalibrateAll_INFO [41.644107069] ZeroCalibrate(Subsystem=Climber, owner=null, event=null)
FrcTeleOp.operatorControllerButtonEvent_INFO [41.645079655] >>>>> Cancel All and Zero Calibrate
FrcTeleOp.operatorControllerButtonEvent_INFO [41.658924228] ##### button=Back, pressed=false
Shooter.LeftTiltMotor.isMotorStalled_INFO [41.824941949] Stall detection triggered.
Shooter.RightTiltMotor.isMotorStalled_INFO [41.843985075] Stall detection triggered.
Shooter.LeftTiltMotor.zeroCalibratingMotor_WARN [41.852305653] Stalled, lower limit switch may not exist or might have failed!
Shooter.LeftTiltMotor.pidCtrlTask_INFO [41.875944112] Zero calibration done, event=(Shooter.leftTiltZeroCalCallback=CLEARED)
Shooter.LeftTiltMotor.pidCtrlTask_INFO [41.886097954] controlMode: Power,onTarget=false(-0.08078890293836594/null), stalled=false, expired=false, event=(Shooter.leftTiltZeroCalCallback=SIGNALED)
Shooter.RightTiltMotor.zeroCalibratingMotor_WARN [41.888671779] Stalled, lower limit switch may not exist or might have failed!
Shooter.RightTiltMotor.pidCtrlTask_INFO [41.895045332] Zero calibration done, event=(Shooter.rightTiltZeroCalCallback=CLEARED)
Shooter.RightTiltMotor.pidCtrlTask_INFO [41.900228573] controlMode: Power,onTarget=false(-0.08562822639942169/null), stalled=false, expired=false, event=(Shooter.rightTiltZeroCalCallback=SIGNALED)
Shooter.LeftTiltMotor.isMotorStalled_INFO [41.911811947] Stall detection triggered.
Shooter.LeftTiltMotor.checkStallReset_INFO [41.915959975] Resetting stall.
Shooter.RightTiltMotor.isMotorStalled_INFO [41.918392262] Stall detection triggered.
Shooter.RightTiltMotor.checkStallReset_INFO [41.924493295] Resetting stall.
Climber.Motor.isMotorStalled_INFO [41.933166143] Stall detection triggered.
Climber.Motor.zeroCalibratingMotor_WARN [41.942233731] Stalled, lower limit switch may not exist or might have failed!
Climber.Motor.pidCtrlTask_INFO [41.947442671] Zero calibration done, event=null
Climber.Motor.isMotorStalled_INFO [41.953830414] Stall detection triggered.
Climber.Motor.checkStallReset_INFO [41.960402844] Resetting stall.
Shooter.TurretMotor.isMotorStalled_INFO [42.826233799] Stall detection triggered.
Shooter.TurretMotor.zeroCalibratingMotor_WARN [42.835073624] Stalled, lower limit switch may not exist or might have failed!
Shooter.TurretMotor.pidCtrlTask_INFO [42.837199821] Zero calibration done, event=(Shooter.turretZeroCalCallback=CLEARED)
Shooter.TurretMotor.pidCtrlTask_INFO [42.838667966] controlMode: Power,onTarget=false(0.2285885214805603/null), stalled=false, expired=false, event=(Shooter.turretZeroCalCallback=SIGNALED)
Shooter.TurretMotor.isMotorStalled_INFO [42.846190655] Stall detection triggered.
FrcTeleOp.operatorControllerButtonEvent_INFO [43.611552556] ##### button=Y, pressed=true
FrcTeleOp.shoot_INFO [43.612947056] >>>>> Start Auto Shoot.
TaskAutoShoot.autoShoot_INFO [43.613473276] autoShoot(owner=null, event=null, taskParams=(autoStop=false, noPassback=false))
TaskAutoShoot.autoShoot_INFO [43.613836311] Enabling Goal Tracking (prevTrackParams=null).
Shooter.setupGoalTrackingMode_INFO [43.614340976] GoalTracking(trackingMode=AllianceHub, goalPose=(x=-158.838583,y=182.110000,angle=0.000000), noPassback=false).
Shooter.LeftShooter.enableGoalTracking_INFO [43.614875165] Enable GoalTracking (trackingParams=(trackFlywheel=true,trackTiltPos=true,trackPanPos=true)).
Shooter.LeftPrimaryMotor.cancel_INFO [43.615378129] Cancel: stopping motor.
Shooter.LeftTiltMotor.cancel_INFO [43.61612173] Cancel: stopping motor.
Shooter.RightShooter.enableGoalTracking_INFO [43.616654913] Enable GoalTracking (trackingParams=(trackFlywheel=true,trackTiltPos=true,trackPanPos=true)).
Shooter.RightPrimaryMotor.cancel_INFO [43.61746254] Cancel: stopping motor.
Shooter.RightTiltMotor.cancel_INFO [43.618013006] Cancel: stopping motor.
TaskAutoShoot.autoTask_INFO [43.690129031] <Event name="StateInfo" time="43.689851759" tag="vvvvv" TaskAutoShoot.state="START" />
TaskAutoShoot.runTaskState_INFO [43.691105088] ***** Wait for left Shooter ready.
TaskAutoShoot.runTaskState_INFO [43.693190478] ***** Wait for right Shooter ready.
TaskAutoShoot.runTaskState_INFO [43.69477724] ***** Wait for Turret ready.
TaskAutoShoot.autoTask_INFO [43.695824695] <Event name="StateInfo" time="43.695593049" tag="^^^^^" TaskAutoShoot.state="START" />
Shooter.TurretMotor.pidCtrlTask_INFO [43.726323222] controlMode: Position,onTarget=true(6.1779996239697255/6.08952411994458), stalled=false, expired=false, event=(TaskAutoShoot.turretReady=SIGNALED)
TaskAutoShoot.autoTask_INFO [43.766413907] <Event name="StateInfo" time="43.766191997" tag="vvvvv" TaskAutoShoot.state="SHOOT" />
TaskAutoShoot.autoTask_INFO [43.767071269] <Event name="StateInfo" time="43.766882352" tag="^^^^^" TaskAutoShoot.state="SHOOT" />
FrcTeleOp.operatorControllerButtonEvent_INFO [43.774708346] ##### button=Y, pressed=false
TaskAutoShoot.autoTask_INFO [43.831926159] <Event name="StateInfo" time="43.831709577" tag="vvvvv" TaskAutoShoot.state="SHOOT" />
TaskAutoShoot.autoTask_INFO [43.837835026] <Event name="StateInfo" time="43.837616935" tag="^^^^^" TaskAutoShoot.state="SHOOT" />
FrcTeleOp.operatorControllerButtonEvent_INFO [43.852594745] ##### button=Y, pressed=true
FrcTeleOp.shoot_INFO [43.855922035] >>>>> Stop Auto Shoot.
TaskAutoShoot.cancel_INFO [43.856611175] Canceling auto task operation.
TaskAutoShoot.stopSubsystems_INFO [43.858248275] Stopping subsystems.
Shooter.LeftTransferMotor.cancel_INFO [43.861006352] Cancel: stopping motor.
Shooter.RightTransferMotor.cancel_INFO [43.861526449] Cancel: stopping motor.
Shooter.FeederMotor.cancel_INFO [43.861956173] Cancel: stopping motor.
TaskAutoShoot.stopSubsystems_INFO [43.862296274] No previous GoalTracking, disable it.
Shooter.LeftShooter.disableGoalTracking_INFO [43.866439309] Disable Goal Tracking.
Shooter.LeftShooter.stopGoalTracking_INFO [43.866871789] Stop GoalTracking.
Shooter.LeftTiltMotor.cancel_INFO [43.867259813] Cancel: stopping motor.
Shooter.LeftPrimaryMotor.cancel_INFO [43.871799573] Cancel: stopping motor.
Shooter.RightShooter.disableGoalTracking_INFO [43.87383213] Disable Goal Tracking.
Shooter.RightShooter.stopGoalTracking_INFO [43.874167055] Stop GoalTracking.
Shooter.RightTiltMotor.cancel_INFO [43.875776486] Cancel: stopping motor.
Shooter.RightPrimaryMotor.cancel_INFO [43.877160494] Cancel: stopping motor.
Shooter.LeftShooter.cancel_INFO [43.877782577] owner=null
Shooter.LeftPrimaryMotor.cancel_INFO [43.882560367] Cancel: stopping motor.
Shooter.LeftTiltMotor.cancel_INFO [43.884819589] Cancel: stopping motor.
Shooter.RightShooter.cancel_INFO [43.886458473] owner=null
Shooter.RightPrimaryMotor.cancel_INFO [43.886953482] Cancel: stopping motor.
Shooter.RightTiltMotor.cancel_INFO [43.888908968] Cancel: stopping motor.
Shooter.LeftTransferMotor.cancel_INFO [43.890264104] Cancel: stopping motor.
Shooter.RightTransferMotor.cancel_INFO [43.891655223] Cancel: stopping motor.
Shooter.FeederMotor.cancel_INFO [43.892019338] Cancel: stopping motor.
FrcTeleOp.operatorControllerButtonEvent_INFO [43.99661211] ##### button=Y, pressed=false
FrcTeleOp.operatorControllerButtonEvent_INFO [44.351927967] ##### button=Y, pressed=true
FrcTeleOp.shoot_INFO [44.352776416] >>>>> Start Auto Shoot.
TaskAutoShoot.autoShoot_INFO [44.353419334] autoShoot(owner=null, event=null, taskParams=(autoStop=false, noPassback=false))
TaskAutoShoot.autoShoot_INFO [44.353795534] Enabling Goal Tracking (prevTrackParams=null).
Shooter.setupGoalTrackingMode_INFO [44.366128544] GoalTracking(trackingMode=AllianceHub, goalPose=(x=-158.838583,y=182.110000,angle=0.000000), noPassback=false).
Shooter.LeftShooter.enableGoalTracking_INFO [44.366658542] Enable GoalTracking (trackingParams=(trackFlywheel=true,trackTiltPos=true,trackPanPos=true)).
Shooter.LeftPrimaryMotor.cancel_INFO [44.367160659] Cancel: stopping motor.
Shooter.LeftTiltMotor.cancel_INFO [44.367761229] Cancel: stopping motor.
Shooter.RightShooter.enableGoalTracking_INFO [44.36824956] Enable GoalTracking (trackingParams=(trackFlywheel=true,trackTiltPos=true,trackPanPos=true)).
Shooter.RightPrimaryMotor.cancel_INFO [44.368887803] Cancel: stopping motor.
Shooter.RightTiltMotor.cancel_INFO [44.369742868] Cancel: stopping motor.
TaskAutoShoot.autoTask_INFO [44.437317546] <Event name="StateInfo" time="44.43705322" tag="vvvvv" TaskAutoShoot.state="START" />
TaskAutoShoot.runTaskState_INFO [44.438426482] ***** Wait for left Shooter ready.
TaskAutoShoot.runTaskState_INFO [44.441386538] ***** Wait for right Shooter ready.
TaskAutoShoot.runTaskState_INFO [44.446157427] ***** Wait for Turret ready.
TaskAutoShoot.autoTask_INFO [44.447501888] <Event name="StateInfo" time="44.446947274" tag="^^^^^" TaskAutoShoot.state="START" />
FrcTeleOp.operatorControllerButtonEvent_INFO [44.458361983] ##### button=Y, pressed=false
Shooter.TurretMotor.pidCtrlTask_INFO [44.479013467] controlMode: Position,onTarget=true(6.040227622064293/6.08952411994458), stalled=false, expired=false, event=(TaskAutoShoot.turretReady=SIGNALED)
TaskAutoShoot.autoTask_INFO [44.52122334] <Event name="StateInfo" time="44.520918942" tag="vvvvv" TaskAutoShoot.state="SHOOT" />
TaskAutoShoot.autoTask_INFO [44.523186709] <Event name="StateInfo" time="44.522366723" tag="^^^^^" TaskAutoShoot.state="SHOOT" />
TaskAutoShoot.autoTask_INFO [44.59850321] <Event name="StateInfo" time="44.596827403" tag="vvvvv" TaskAutoShoot.state="SHOOT" />
TaskAutoShoot.autoTask_INFO [44.606831079] <Event name="StateInfo" time="44.606608809" tag="^^^^^" TaskAutoShoot.state="SHOOT" />
TaskAutoShoot.autoTask_INFO [44.678134492] <Event name="StateInfo" time="44.676606345" tag="vvvvv" TaskAutoShoot.state="SHOOT" />
TaskAutoShoot.autoTask_INFO [44.679033329] <Event name="StateInfo" time="44.678833169" tag="^^^^^" TaskAutoShoot.state="SHOOT" />
TaskAutoShoot.autoTask_INFO [44.750479048] <Event name="StateInfo" time="44.750291734" tag="vvvvv" TaskAutoShoot.state="SHOOT" />
TaskAutoShoot.autoTask_INFO [44.751035658] <Event name="StateInfo" time="44.750863133" tag="^^^^^" TaskAutoShoot.state="SHOOT" />
TaskAutoShoot.autoTask_INFO [44.823511441] <Event name="StateInfo" time="44.823182304" tag="vvvvv" TaskAutoShoot.state="SHOOT" />
TaskAutoShoot.autoTask_INFO [44.83486511] <Event name="StateInfo" time="44.834651489" tag="^^^^^" TaskAutoShoot.state="SHOOT" />
TaskAutoShoot.autoTask_INFO [44.916275336] <Event name="StateInfo" time="44.915919723" tag="vvvvv" TaskAutoShoot.state="SHOOT" />
TaskAutoShoot.autoTask_INFO [44.916733759] <Event name="StateInfo" time="44.916564107" tag="^^^^^" TaskAutoShoot.state="SHOOT" />
TaskAutoShoot.autoTask_INFO [45.003378263] <Event name="StateInfo" time="44.99989578" tag="vvvvv" TaskAutoShoot.state="SHOOT" />
TaskAutoShoot.autoTask_INFO [45.003824877] <Event name="StateInfo" time="45.003648918" tag="^^^^^" TaskAutoShoot.state="SHOOT" />
TaskAutoShoot.autoTask_INFO [45.066370282] <Event name="StateInfo" time="45.066194274" tag="vvvvv" TaskAutoShoot.state="SHOOT" />
TaskAutoShoot.autoTask_INFO [45.070012192] <Event name="StateInfo" time="45.069789033" tag="^^^^^" TaskAutoShoot.state="SHOOT" />
Shooter.LeftShooter.goalTrackingTask_INFO [45.113235456] Shooter.LeftShooter is Ready: rpm1=5319.032452/5322.165228, rpm2=3291.328125/0.000000, tilt=27.186251/27.182870, pan=null/null
Shooter.RightShooter.goalTrackingTask_INFO [45.135843581] Shooter.RightShooter is Ready: rpm1=5306.538462/5322.165228, rpm2=3300.000000/0.000000, tilt=27.225777/27.182870, pan=null/null
TaskAutoShoot.autoTask_INFO [45.137334332] <Event name="StateInfo" time="45.137133944" tag="vvvvv" TaskAutoShoot.state="SHOOT" />
TaskAutoShoot.runTaskState_INFO [45.139091195] ***** Start left shooter shooting.
Shooter.shoot_INFO [45.142040799] shoot(owner=null, event=(TaskAutoShoot.leftShooterDone=CLEARED), shooter=leftShooter, autoStop=false)
Shooter.LeftTransferMotor.cancel_INFO [45.143223268] Cancel: stopping motor.
TaskAutoShoot.runTaskState_INFO [45.146279901] ***** Start right shooter shooting.
Shooter.shoot_INFO [45.148860406] shoot(owner=null, event=(TaskAutoShoot.rightShooterDone=CLEARED), shooter=rightShooter, autoStop=false)
Shooter.RightTransferMotor.cancel_INFO [45.150911908] Cancel: stopping motor.
TaskAutoShoot.autoTask_INFO [45.156832152] <Event name="StateInfo" time="45.153826579" tag="^^^^^" TaskAutoShoot.state="SHOOT" />
FrcTeleOp.operatorControllerButtonEvent_INFO [45.318537273] ##### button=Y, pressed=true
FrcTeleOp.shoot_INFO [45.320837426] >>>>> Stop Auto Shoot.
TaskAutoShoot.cancel_INFO [45.321731664] Canceling auto task operation.
TaskAutoShoot.stopSubsystems_INFO [45.322626481] Stopping subsystems.
Shooter.LeftTransferMotor.cancel_INFO [45.323420412] Cancel: stopping motor.
Shooter.RightTransferMotor.cancel_INFO [45.324243426] Cancel: stopping motor.
Shooter.FeederMotor.cancel_INFO [45.325168563] Cancel: stopping motor.
TaskAutoShoot.stopSubsystems_INFO [45.33464677] No previous GoalTracking, disable it.
Shooter.LeftShooter.disableGoalTracking_INFO [45.338273997] Disable Goal Tracking.
Shooter.LeftShooter.stopGoalTracking_INFO [45.33953845] Stop GoalTracking.
Shooter.LeftTiltMotor.cancel_INFO [45.340558589] Cancel: stopping motor.
Shooter.LeftPrimaryMotor.cancel_INFO [45.34189607] Cancel: stopping motor.
Shooter.RightShooter.disableGoalTracking_INFO [45.343109517] Disable Goal Tracking.
Shooter.RightShooter.stopGoalTracking_INFO [45.344006332] Stop GoalTracking.
Shooter.RightTiltMotor.cancel_INFO [45.345189758] Cancel: stopping motor.
Shooter.RightPrimaryMotor.cancel_INFO [45.346372857] Cancel: stopping motor.
Shooter.LeftShooter.cancel_INFO [45.34736135] owner=null
Shooter.LeftPrimaryMotor.cancel_INFO [45.349692691] Cancel: stopping motor.
Shooter.LeftTiltMotor.cancel_INFO [45.351376084] Cancel: stopping motor.
Shooter.RightShooter.cancel_INFO [45.353308716] owner=null
Shooter.RightPrimaryMotor.cancel_INFO [45.354694788] Cancel: stopping motor.
Shooter.RightTiltMotor.cancel_INFO [45.356020358] Cancel: stopping motor.
Shooter.LeftTransferMotor.cancel_INFO [45.357563388] Cancel: stopping motor.
Shooter.RightTransferMotor.cancel_INFO [45.361126878] Cancel: stopping motor.
Shooter.FeederMotor.cancel_INFO [45.362057009] Cancel: stopping motor.
FrcTeleOp.operatorControllerButtonEvent_INFO [45.509591374] ##### button=Y, pressed=false
FrcTeleOp.operatorControllerButtonEvent_INFO [45.87118637] ##### button=Y, pressed=true
FrcTeleOp.shoot_INFO [45.877611622] >>>>> Start Auto Shoot.
TaskAutoShoot.autoShoot_INFO [45.881887931] autoShoot(owner=null, event=null, taskParams=(autoStop=false, noPassback=false))
TaskAutoShoot.autoShoot_INFO [45.88221881] Enabling Goal Tracking (prevTrackParams=null).
Shooter.setupGoalTrackingMode_INFO [45.882845362] GoalTracking(trackingMode=AllianceHub, goalPose=(x=-158.838583,y=182.110000,angle=0.000000), noPassback=false).
Shooter.LeftShooter.enableGoalTracking_INFO [45.886836574] Enable GoalTracking (trackingParams=(trackFlywheel=true,trackTiltPos=true,trackPanPos=true)).
Shooter.LeftPrimaryMotor.cancel_INFO [45.887746405] Cancel: stopping motor.
Shooter.LeftTiltMotor.cancel_INFO [45.888794849] Cancel: stopping motor.
Shooter.RightShooter.enableGoalTracking_INFO [45.889575851] Enable GoalTracking (trackingParams=(trackFlywheel=true,trackTiltPos=true,trackPanPos=true)).
Shooter.RightPrimaryMotor.cancel_INFO [45.889964829] Cancel: stopping motor.
Shooter.RightTiltMotor.cancel_INFO [45.890402238] Cancel: stopping motor.
TaskAutoShoot.autoTask_INFO [45.960162686] <Event name="StateInfo" time="45.959922354" tag="vvvvv" TaskAutoShoot.state="START" />
TaskAutoShoot.runTaskState_INFO [45.960490607] ***** Wait for left Shooter ready.
TaskAutoShoot.runTaskState_INFO [45.966110615] ***** Wait for right Shooter ready.
TaskAutoShoot.runTaskState_INFO [45.966410514] ***** Wait for Turret ready.
TaskAutoShoot.autoTask_INFO [45.977424015] <Event name="StateInfo" time="45.976313327" tag="^^^^^" TaskAutoShoot.state="START" />
Shooter.TurretMotor.pidCtrlTask_INFO [46.017383328] controlMode: Position,onTarget=true(6.040227622064293/6.105412030588417), stalled=false, expired=false, event=(TaskAutoShoot.turretReady=SIGNALED)
TaskAutoShoot.autoTask_INFO [46.048893538] <Event name="StateInfo" time="46.048636645" tag="vvvvv" TaskAutoShoot.state="SHOOT" />
TaskAutoShoot.autoTask_INFO [46.051139149] <Event name="StateInfo" time="46.050770347" tag="^^^^^" TaskAutoShoot.state="SHOOT" />
FrcTeleOp.operatorControllerButtonEvent_INFO [46.061153853] ##### button=Y, pressed=false
TaskAutoShoot.autoTask_INFO [46.117555594] <Event name="StateInfo" time="46.117290832" tag="vvvvv" TaskAutoShoot.state="SHOOT" />
TaskAutoShoot.autoTask_INFO [46.122097361] <Event name="StateInfo" time="46.121733098" tag="^^^^^" TaskAutoShoot.state="SHOOT" />
Shooter.LeftShooter.goalTrackingTask_INFO [46.177204627] Shooter.LeftShooter is Ready: rpm1=5280.036058/5322.163019, rpm2=3236.835938/0.000000, tilt=27.186251/27.182852, pan=null/null
Shooter.RightShooter.goalTrackingTask_INFO [46.210383347] Shooter.RightShooter is Ready: rpm1=5284.011418/5322.163019, rpm2=3306.679688/0.000000, tilt=27.225777/27.182852, pan=null/null
TaskAutoShoot.autoTask_INFO [46.211500715] <Event name="StateInfo" time="46.211215985" tag="vvvvv" TaskAutoShoot.state="SHOOT" />
TaskAutoShoot.runTaskState_INFO [46.212858753] ***** Start left shooter shooting.
Shooter.shoot_INFO [46.215590385] shoot(owner=null, event=(TaskAutoShoot.leftShooterDone=CLEARED), shooter=leftShooter, autoStop=false)
Shooter.LeftTransferMotor.cancel_INFO [46.216774782] Cancel: stopping motor.
TaskAutoShoot.runTaskState_INFO [46.218492564] ***** Start right shooter shooting.
Shooter.shoot_INFO [46.22003698] shoot(owner=null, event=(TaskAutoShoot.rightShooterDone=CLEARED), shooter=rightShooter, autoStop=false)
Shooter.RightTransferMotor.cancel_INFO [46.223301972] Cancel: stopping motor.
TaskAutoShoot.autoTask_INFO [46.231059686] <Event name="StateInfo" time="46.230828582" tag="^^^^^" TaskAutoShoot.state="SHOOT" />
Shooter.setupGoalTrackingMode_INFO [48.580493189] GoalTracking(trackingMode=AllianceHub, goalPose=(x=-158.838583,y=182.110000,angle=0.000000), noPassback=false).
FrcTeleOp.operatorControllerButtonEvent_INFO [48.721497521] ##### button=Y, pressed=true
FrcTeleOp.shoot_INFO [48.72238637] >>>>> Stop Auto Shoot.
TaskAutoShoot.cancel_INFO [48.722785292] Canceling auto task operation.
TaskAutoShoot.stopSubsystems_INFO [48.723206254] Stopping subsystems.
Shooter.LeftTransferMotor.cancel_INFO [48.734665608] Cancel: stopping motor.
Shooter.RightTransferMotor.cancel_INFO [48.736520577] Cancel: stopping motor.
Shooter.FeederMotor.cancel_INFO [48.736879557] Cancel: stopping motor.
TaskAutoShoot.stopSubsystems_INFO [48.73867862] No previous GoalTracking, disable it.
Shooter.LeftShooter.disableGoalTracking_INFO [48.739035507] Disable Goal Tracking.
Shooter.LeftShooter.stopGoalTracking_INFO [48.739300361] Stop GoalTracking.
Shooter.LeftTiltMotor.cancel_INFO [48.741206132] Cancel: stopping motor.
Shooter.LeftPrimaryMotor.cancel_INFO [48.741677547] Cancel: stopping motor.
Shooter.RightShooter.disableGoalTracking_INFO [48.742514386] Disable Goal Tracking.
Shooter.RightShooter.stopGoalTracking_INFO [48.742768239] Stop GoalTracking.
Shooter.RightTiltMotor.cancel_INFO [48.743281867] Cancel: stopping motor.
Shooter.RightPrimaryMotor.cancel_INFO [48.743888822] Cancel: stopping motor.
Shooter.LeftShooter.cancel_INFO [48.74469291] owner=null
Shooter.LeftPrimaryMotor.cancel_INFO [48.745264825] Cancel: stopping motor.
Shooter.LeftTiltMotor.cancel_INFO [48.745746291] Cancel: stopping motor.
Shooter.RightShooter.cancel_INFO [48.746020786] owner=null
Shooter.RightPrimaryMotor.cancel_INFO [48.746796895] Cancel: stopping motor.
Shooter.RightTiltMotor.cancel_INFO [48.747249537] Cancel: stopping motor.
Shooter.LeftTransferMotor.cancel_INFO [48.747610481] Cancel: stopping motor.
Shooter.RightTransferMotor.cancel_INFO [48.759268848] Cancel: stopping motor.
Shooter.FeederMotor.cancel_INFO [48.761356659] Cancel: stopping motor.
FrcTeleOp.operatorControllerButtonEvent_INFO [48.839692801] ##### button=Y, pressed=false
FrcTeleOp.operatorControllerButtonEvent_INFO [49.808808286] ##### button=LeftBumper, pressed=true
FrcTeleOp.operatorControllerButtonEvent_INFO [49.81422808] >>>>> OperatorAltFunc=true
FrcTeleOp.operatorControllerButtonEvent_INFO [50.065088638] ##### button=Y, pressed=true
FrcTeleOp.shoot_INFO [50.067857668] >>>>> Start Manual Shoot.
TaskAutoShoot.cancel_INFO [50.06958355] Canceling auto task operation.
Shooter.LeftTiltMotor.pidCtrlTask_INFO [50.114026617] controlMode: Position,onTarget=true(17.18582152746674/18.0), stalled=false, expired=false, event=(Shooter.LeftShooter.tiltOnTarget=SIGNALED)
Shooter.RightTiltMotor.pidCtrlTask_INFO [50.135775655] controlMode: Position,onTarget=true(17.225348915014052/18.0), stalled=false, expired=false, event=(Shooter.RightShooter.tiltOnTarget=SIGNALED)
Shooter.shoot_INFO [50.275360779] shoot(owner=null, event=(Shooter.LeftShooter.shootCompletionEvent=CLEARED), shooter=leftShooter, autoStop=false)
Shooter.LeftTransferMotor.cancel_INFO [50.279174695] Cancel: stopping motor.
Shooter.LeftPrimaryMotor.pidCtrlTask_INFO [50.267172449] controlMode: Velocity,onTarget=true(64.69110576923077/65.83333333333333), stalled=false, expired=false, event=(Shooter.LeftShooter.shooter1OnTarget=SIGNALED)
Shooter.RightPrimaryMotor.pidCtrlTask_INFO [50.290770332] controlMode: Velocity,onTarget=true(64.35982572115385/65.83333333333333), stalled=false, expired=false, event=(Shooter.RightShooter.shooter1OnTarget=SIGNALED)
Shooter.shoot_INFO [50.29439775] shoot(owner=null, event=(Shooter.RightShooter.shootCompletionEvent=CLEARED), shooter=rightShooter, autoStop=false)
Shooter.RightTransferMotor.cancel_INFO [50.294829618] Cancel: stopping motor.
FrcTeleOp.operatorControllerButtonEvent_INFO [50.959576429] ##### button=Y, pressed=false
FrcTeleOp.shoot_INFO [50.960597029] >>>>> Stop Manual Shoot.
Shooter.LeftShooter.cancel_INFO [50.961368038] owner=null
Shooter.LeftPrimaryMotor.cancel_INFO [50.961884809] Cancel: stopping motor.
Shooter.LeftTiltMotor.cancel_INFO [50.962640502] Cancel: stopping motor.
Shooter.RightShooter.cancel_INFO [50.963096225] owner=null
Shooter.RightPrimaryMotor.cancel_INFO [50.963909596] Cancel: stopping motor.
Shooter.RightTiltMotor.cancel_INFO [50.966585137] Cancel: stopping motor.
Shooter.LeftTransferMotor.cancel_INFO [50.96775924] Cancel: stopping motor.
Shooter.RightTransferMotor.cancel_INFO [50.96857648] Cancel: stopping motor.
Shooter.FeederMotor.cancel_INFO [50.969488773] Cancel: stopping motor.
FrcTeleOp.operatorControllerButtonEvent_INFO [51.038074497] ##### button=LeftBumper, pressed=false
FrcTeleOp.operatorControllerButtonEvent_INFO [51.038768672] >>>>> OperatorAltFunc=false
FrcTeleOp.driverControllerButtonEvent_INFO [52.370844277] ##### button=A, pressed=true
FrcTeleOp.driverControllerButtonEvent_INFO [52.421652151] ##### button=A, pressed=false
FrcTeleOp.driverControllerButtonEvent_INFO [61.88036831] ##### button=A, pressed=true
FrcTeleOp.driverControllerButtonEvent_INFO [61.981501988] ##### button=A, pressed=false
FrcTeleOp.driverControllerButtonEvent_INFO [65.666239191] ##### button=A, pressed=true
FrcTeleOp.driverControllerButtonEvent_INFO [65.767570029] ##### button=A, pressed=false
FrcTeleOp.driverControllerButtonEvent_INFO [68.468286726] ##### button=A, pressed=true
FrcTeleOp.driverControllerButtonEvent_INFO [68.521024537] ##### button=A, pressed=false
FrcTeleOp.driverControllerButtonEvent_INFO [81.858115023] ##### button=A, pressed=true
FrcTeleOp.driverControllerButtonEvent_INFO [81.960243213] ##### button=A, pressed=false
FrcTeleOp.driverControllerButtonEvent_INFO [82.977699257] ##### button=A, pressed=true
FrcTeleOp.driverControllerButtonEvent_INFO [83.082151719] ##### button=A, pressed=false
FrcTeleOp.driverControllerButtonEvent_INFO [84.283714664] ##### button=RightBumper, pressed=true
FrcTeleOp.driverControllerButtonEvent_INFO [84.286923146] >>>>> Slow Drive
FrcTeleOp.operatorControllerButtonEvent_INFO [87.515116815] ##### button=LeftBumper, pressed=true
FrcTeleOp.operatorControllerButtonEvent_INFO [87.522645269] >>>>> OperatorAltFunc=true
FrcTeleOp.operatorControllerButtonEvent_INFO [87.667213173] ##### button=Y, pressed=true
FrcTeleOp.shoot_INFO [87.668543281] >>>>> Start Manual Shoot.
TaskAutoShoot.cancel_INFO [87.669127755] Canceling auto task operation.
Shooter.LeftTiltMotor.pidCtrlTask_INFO [87.733921689] controlMode: Position,onTarget=true(17.462513190821596/18.0), stalled=false, expired=false, event=(Shooter.LeftShooter.tiltOnTarget=SIGNALED)
Shooter.RightTiltMotor.pidCtrlTask_INFO [87.742338332] controlMode: Position,onTarget=true(17.067239389562964/18.0), stalled=false, expired=false, event=(Shooter.RightShooter.tiltOnTarget=SIGNALED)
Shooter.LeftPrimaryMotor.pidCtrlTask_INFO [88.250752795] controlMode: Velocity,onTarget=true(64.20522836538461/65.83333333333333), stalled=false, expired=false, event=(Shooter.LeftShooter.shooter1OnTarget=SIGNALED)
Shooter.shoot_INFO [88.25465247] shoot(owner=null, event=(Shooter.LeftShooter.shootCompletionEvent=CLEARED), shooter=leftShooter, autoStop=false)
Shooter.LeftTransferMotor.cancel_INFO [88.255768006] Cancel: stopping motor.
Shooter.RightPrimaryMotor.pidCtrlTask_INFO [88.26528376] controlMode: Velocity,onTarget=true(64.8173076923077/65.83333333333333), stalled=false, expired=false, event=(Shooter.RightShooter.shooter1OnTarget=SIGNALED)
Shooter.shoot_INFO [88.268067912] shoot(owner=null, event=(Shooter.RightShooter.shootCompletionEvent=CLEARED), shooter=rightShooter, autoStop=false)
Shooter.RightTransferMotor.cancel_INFO [88.270370645] Cancel: stopping motor.
FrcTeleOp.driverControllerButtonEvent_INFO [93.664571462] ##### button=RightBumper, pressed=false
FrcTeleOp.driverControllerButtonEvent_INFO [93.665688355] >>>>> Normal Drive
FrcTeleOp.operatorControllerButtonEvent_INFO [94.329378732] ##### button=Y, pressed=false
FrcTeleOp.shoot_INFO [94.330706617] >>>>> Stop Manual Shoot.
Shooter.LeftShooter.cancel_INFO [94.331409418] owner=null
Shooter.LeftPrimaryMotor.cancel_INFO [94.332084088] Cancel: stopping motor.
Shooter.LeftTiltMotor.cancel_INFO [94.332882658] Cancel: stopping motor.
Shooter.RightShooter.cancel_INFO [94.333729874] owner=null
Shooter.RightPrimaryMotor.cancel_INFO [94.334474892] Cancel: stopping motor.
Shooter.RightTiltMotor.cancel_INFO [94.335441582] Cancel: stopping motor.
Shooter.LeftTransferMotor.cancel_INFO [94.336447618] Cancel: stopping motor.
Shooter.RightTransferMotor.cancel_INFO [94.337284609] Cancel: stopping motor.
Shooter.FeederMotor.cancel_INFO [94.33804615] Cancel: stopping motor.
FrcTeleOp.operatorControllerButtonEvent_INFO [94.397476896] ##### button=LeftBumper, pressed=false
FrcTeleOp.operatorControllerButtonEvent_INFO [94.397986497] >>>>> OperatorAltFunc=false
FrcTeleOp.driverControllerButtonEvent_INFO [98.136198052] ##### button=A, pressed=true
FrcTeleOp.driverControllerButtonEvent_INFO [98.236488756] ##### button=A, pressed=false
FrcTeleOp.driverControllerButtonEvent_INFO [102.687819997] ##### button=A, pressed=true
FrcTeleOp.driverControllerButtonEvent_INFO [102.789360322] ##### button=A, pressed=false
FrcTeleOp.driverControllerButtonEvent_INFO [103.253722466] ##### button=RightBumper, pressed=true
FrcTeleOp.driverControllerButtonEvent_INFO [103.264686578] >>>>> Slow Drive
FrcTeleOp.operatorControllerButtonEvent_INFO [103.560543848] ##### button=LeftBumper, pressed=true
FrcTeleOp.operatorControllerButtonEvent_INFO [103.561558619] >>>>> OperatorAltFunc=true
FrcTeleOp.operatorControllerButtonEvent_INFO [103.662282248] ##### button=Y, pressed=true
FrcTeleOp.shoot_INFO [103.663070193] >>>>> Start Manual Shoot.
TaskAutoShoot.cancel_INFO [103.663407384] Canceling auto task operation.
Shooter.LeftTiltMotor.pidCtrlTask_INFO [103.722731497] controlMode: Position,onTarget=true(17.739204854176457/18.0), stalled=false, expired=false, event=(Shooter.LeftShooter.tiltOnTarget=SIGNALED)
Shooter.RightTiltMotor.pidCtrlTask_INFO [103.745151076] controlMode: Position,onTarget=true(17.422985803274283/18.0), stalled=false, expired=false, event=(Shooter.RightShooter.tiltOnTarget=SIGNALED)
Shooter.shoot_INFO [104.206528998] shoot(owner=null, event=(Shooter.RightShooter.shootCompletionEvent=CLEARED), shooter=rightShooter, autoStop=false)
Shooter.RightTransferMotor.cancel_INFO [104.207360549] Cancel: stopping motor.
Shooter.RightPrimaryMotor.pidCtrlTask_INFO [104.234966799] controlMode: Velocity,onTarget=true(64.17367788461539/65.83333333333333), stalled=false, expired=false, event=(Shooter.RightShooter.shooter1OnTarget=SIGNALED)
Shooter.LeftPrimaryMotor.pidCtrlTask_INFO [104.264362523] controlMode: Velocity,onTarget=true(64.93404447115385/65.83333333333333), stalled=false, expired=false, event=(Shooter.LeftShooter.shooter1OnTarget=SIGNALED)
Shooter.shoot_INFO [104.267703028] shoot(owner=null, event=(Shooter.LeftShooter.shootCompletionEvent=CLEARED), shooter=leftShooter, autoStop=false)
Shooter.LeftTransferMotor.cancel_INFO [104.269149095] Cancel: stopping motor.
FrcTeleOp.driverControllerButtonEvent_INFO [105.104664751] ##### button=RightBumper, pressed=false
FrcTeleOp.driverControllerButtonEvent_INFO [105.105294749] >>>>> Normal Drive
FrcTeleOp.operatorControllerButtonEvent_INFO [107.964656598] ##### button=Y, pressed=false
FrcTeleOp.shoot_INFO [107.965820219] >>>>> Stop Manual Shoot.
Shooter.LeftShooter.cancel_INFO [107.966361249] owner=null
Shooter.LeftPrimaryMotor.cancel_INFO [107.966825307] Cancel: stopping motor.
Shooter.LeftTiltMotor.cancel_INFO [107.967455286] Cancel: stopping motor.
Shooter.RightShooter.cancel_INFO [107.967905709] owner=null
Shooter.RightPrimaryMotor.cancel_INFO [107.968321188] Cancel: stopping motor.
Shooter.RightTiltMotor.cancel_INFO [107.969087153] Cancel: stopping motor.
Shooter.LeftTransferMotor.cancel_INFO [107.969852796] Cancel: stopping motor.
Shooter.RightTransferMotor.cancel_INFO [107.970232243] Cancel: stopping motor.
Shooter.FeederMotor.cancel_INFO [107.971179876] Cancel: stopping motor.
FrcTeleOp.operatorControllerButtonEvent_INFO [108.019239238] ##### button=LeftBumper, pressed=false
FrcTeleOp.operatorControllerButtonEvent_INFO [108.02052862] >>>>> OperatorAltFunc=false
FrcTeleOp.operatorControllerButtonEvent_INFO [108.07045745] ##### button=Y, pressed=true
FrcTeleOp.shoot_INFO [108.07099736] >>>>> Start Auto Shoot.
TaskAutoShoot.autoShoot_INFO [108.071301721] autoShoot(owner=null, event=null, taskParams=(autoStop=false, noPassback=false))
TaskAutoShoot.autoShoot_INFO [108.071892179] Enabling Goal Tracking (prevTrackParams=null).
Shooter.setupGoalTrackingMode_INFO [108.072322363] GoalTracking(trackingMode=AllianceHub, goalPose=(x=-158.838583,y=182.110000,angle=0.000000), noPassback=false).
Shooter.LeftShooter.enableGoalTracking_INFO [108.072581921] Enable GoalTracking (trackingParams=(trackFlywheel=true,trackTiltPos=true,trackPanPos=true)).
Shooter.LeftPrimaryMotor.cancel_INFO [108.073162033] Cancel: stopping motor.
Shooter.LeftTiltMotor.cancel_INFO [108.073600688] Cancel: stopping motor.
Shooter.RightShooter.enableGoalTracking_INFO [108.074050167] Enable GoalTracking (trackingParams=(trackFlywheel=true,trackTiltPos=true,trackPanPos=true)).
Shooter.RightPrimaryMotor.cancel_INFO [108.074423639] Cancel: stopping motor.
Shooter.RightTiltMotor.cancel_INFO [108.074841396] Cancel: stopping motor.
TaskAutoShoot.autoTask_INFO [108.145628087] <Event name="StateInfo" time="108.14538993" tag="vvvvv" TaskAutoShoot.state="START" />
TaskAutoShoot.runTaskState_INFO [108.146687774] ***** Wait for left Shooter ready.
TaskAutoShoot.runTaskState_INFO [108.147452587] ***** Wait for right Shooter ready.
TaskAutoShoot.runTaskState_INFO [108.147745978] ***** Wait for Turret ready.
TaskAutoShoot.autoTask_INFO [108.148358382] <Event name="StateInfo" time="108.147882499" tag="^^^^^" TaskAutoShoot.state="START" />
FrcTeleOp.operatorControllerButtonEvent_INFO [108.224535526] ##### button=Y, pressed=false
TaskAutoShoot.autoTask_INFO [108.292319694] <Event name="StateInfo" time="108.291644772" tag="vvvvv" TaskAutoShoot.state="SHOOT" />
TaskAutoShoot.autoTask_INFO [108.296949822] <Event name="StateInfo" time="108.296492394" tag="^^^^^" TaskAutoShoot.state="SHOOT" />
TaskAutoShoot.autoTask_INFO [108.36696116] <Event name="StateInfo" time="108.366606992" tag="vvvvv" TaskAutoShoot.state="SHOOT" />
TaskAutoShoot.autoTask_INFO [108.374110006] <Event name="StateInfo" time="108.367425565" tag="^^^^^" TaskAutoShoot.state="SHOOT" />
TaskAutoShoot.autoTask_INFO [108.448108801] <Event name="StateInfo" time="108.447921809" tag="vvvvv" TaskAutoShoot.state="SHOOT" />
TaskAutoShoot.autoTask_INFO [108.450592021] <Event name="StateInfo" time="108.450210668" tag="^^^^^" TaskAutoShoot.state="SHOOT" />
Shooter.setupGoalTrackingMode_INFO [108.458634664] GoalTracking(trackingMode=AllianceHub, goalPose=(x=-158.838583,y=182.110000,angle=0.000000), noPassback=false).
TaskAutoShoot.autoTask_INFO [108.52397298] <Event name="StateInfo" time="108.523792417" tag="vvvvv" TaskAutoShoot.state="SHOOT" />
TaskAutoShoot.autoTask_INFO [108.529833328] <Event name="StateInfo" time="108.528950661" tag="^^^^^" TaskAutoShoot.state="SHOOT" />
TaskAutoShoot.autoTask_INFO [108.609867422] <Event name="StateInfo" time="108.609241564" tag="vvvvv" TaskAutoShoot.state="SHOOT" />
TaskAutoShoot.autoTask_INFO [108.610241469] <Event name="StateInfo" time="108.610078698" tag="^^^^^" TaskAutoShoot.state="SHOOT" />
TaskAutoShoot.autoTask_INFO [108.690382021] <Event name="StateInfo" time="108.690094512" tag="vvvvv" TaskAutoShoot.state="SHOOT" />
TaskAutoShoot.autoTask_INFO [108.692173337] <Event name="StateInfo" time="108.691888976" tag="^^^^^" TaskAutoShoot.state="SHOOT" />
FrcTeleOp.operatorControllerButtonEvent_INFO [108.697175094] ##### button=Y, pressed=true
FrcTeleOp.shoot_INFO [108.698473231] >>>>> Stop Auto Shoot.
TaskAutoShoot.cancel_INFO [108.699312239] Canceling auto task operation.
TaskAutoShoot.stopSubsystems_INFO [108.700409475] Stopping subsystems.
Shooter.LeftTransferMotor.cancel_INFO [108.70151198] Cancel: stopping motor.
Shooter.RightTransferMotor.cancel_INFO [108.702546857] Cancel: stopping motor.
Shooter.FeederMotor.cancel_INFO [108.705237855] Cancel: stopping motor.
TaskAutoShoot.stopSubsystems_INFO [108.70709093] No previous GoalTracking, disable it.
Shooter.LeftShooter.disableGoalTracking_INFO [108.708075924] Disable Goal Tracking.
Shooter.LeftShooter.stopGoalTracking_INFO [108.708857127] Stop GoalTracking.
Shooter.LeftTiltMotor.cancel_INFO [108.709930446] Cancel: stopping motor.
Shooter.LeftPrimaryMotor.cancel_INFO [108.711174239] Cancel: stopping motor.
Shooter.RightShooter.disableGoalTracking_INFO [108.712484053] Disable Goal Tracking.
Shooter.RightShooter.stopGoalTracking_INFO [108.713093861] Stop GoalTracking.
Shooter.RightTiltMotor.cancel_INFO [108.713742301] Cancel: stopping motor.
Shooter.RightPrimaryMotor.cancel_INFO [108.716910112] Cancel: stopping motor.
Shooter.LeftShooter.cancel_INFO [108.718329444] owner=null
Shooter.LeftPrimaryMotor.cancel_INFO [108.719293298] Cancel: stopping motor.
Shooter.LeftTiltMotor.cancel_INFO [108.720531103] Cancel: stopping motor.
Shooter.RightShooter.cancel_INFO [108.721584761] owner=null
Shooter.RightPrimaryMotor.cancel_INFO [108.7229138] Cancel: stopping motor.
Shooter.RightTiltMotor.cancel_INFO [108.731459967] Cancel: stopping motor.
Shooter.LeftTransferMotor.cancel_INFO [108.732529735] Cancel: stopping motor.
Shooter.RightTransferMotor.cancel_INFO [108.733728892] Cancel: stopping motor.
Shooter.FeederMotor.cancel_INFO [108.734585699] Cancel: stopping motor.
FrcTeleOp.operatorControllerButtonEvent_INFO [108.850862725] ##### button=Y, pressed=false
FrcTeleOp.driverControllerButtonEvent_INFO [109.314220904] ##### button=A, pressed=true
FrcTeleOp.driverControllerButtonEvent_INFO [109.371095166] ##### button=A, pressed=false
FrcTeleOp.operatorControllerButtonEvent_INFO [110.590788014] ##### button=LeftBumper, pressed=true
FrcTeleOp.operatorControllerButtonEvent_INFO [110.594831458] >>>>> OperatorAltFunc=true
FrcTeleOp.operatorControllerButtonEvent_INFO [110.893948123] ##### button=LeftBumper, pressed=false
FrcTeleOp.operatorControllerButtonEvent_INFO [110.8956574] >>>>> OperatorAltFunc=false
FrcTeleOp.driverControllerButtonEvent_INFO [113.203306872] ##### button=RightBumper, pressed=true
FrcTeleOp.driverControllerButtonEvent_INFO [113.205167694] >>>>> Slow Drive
FrcTeleOp.driverControllerButtonEvent_INFO [114.129800969] ##### button=RightBumper, pressed=false
FrcTeleOp.driverControllerButtonEvent_INFO [114.130762363] >>>>> Normal Drive
FrcTeleOp.driverControllerButtonEvent_INFO [114.43765527] ##### button=RightBumper, pressed=true
FrcTeleOp.driverControllerButtonEvent_INFO [114.442600195] >>>>> Slow Drive
FrcTeleOp.driverControllerButtonEvent_INFO [115.613104839] ##### button=RightBumper, pressed=false
FrcTeleOp.driverControllerButtonEvent_INFO [115.614312069] >>>>> Normal Drive
FrcTeleOp.driverControllerButtonEvent_INFO [116.528892891] ##### button=RightBumper, pressed=true
FrcTeleOp.driverControllerButtonEvent_INFO [116.530364407] >>>>> Slow Drive
FrcTeleOp.driverControllerButtonEvent_INFO [116.784495944] ##### button=RightBumper, pressed=false
FrcTeleOp.driverControllerButtonEvent_INFO [116.785472195] >>>>> Normal Drive
FrcTeleOp.driverControllerButtonEvent_INFO [119.851028125] ##### button=A, pressed=true
FrcTeleOp.driverControllerButtonEvent_INFO [119.952375244] ##### button=A, pressed=false
FrcTeleOp.operatorControllerButtonEvent_INFO [120.105743552] ##### button=LeftBumper, pressed=true
FrcTeleOp.operatorControllerButtonEvent_INFO [120.10777685] >>>>> OperatorAltFunc=true
FrcTeleOp.operatorControllerButtonEvent_INFO [120.156233001] ##### button=Y, pressed=true
FrcTeleOp.shoot_INFO [120.157338817] >>>>> Start Manual Shoot.
TaskAutoShoot.cancel_INFO [120.158869639] Canceling auto task operation.
Shooter.LeftTiltMotor.pidCtrlTask_INFO [120.21459959] controlMode: Position,onTarget=true(17.343931028179657/18.0), stalled=false, expired=false, event=(Shooter.LeftShooter.tiltOnTarget=SIGNALED)
Shooter.RightTiltMotor.pidCtrlTask_INFO [120.23018225] controlMode: Position,onTarget=true(17.502040578368913/18.0), stalled=false, expired=false, event=(Shooter.RightShooter.tiltOnTarget=SIGNALED)
Shooter.RightPrimaryMotor.pidCtrlTask_INFO [120.746221149] controlMode: Velocity,onTarget=true(65.2684795673077/65.83333333333333), stalled=false, expired=false, event=(Shooter.RightShooter.shooter1OnTarget=SIGNALED)
Shooter.shoot_INFO [120.750131838] shoot(owner=null, event=(Shooter.RightShooter.shootCompletionEvent=CLEARED), shooter=rightShooter, autoStop=false)
Shooter.RightTransferMotor.cancel_INFO [120.75080187] Cancel: stopping motor.
Shooter.LeftPrimaryMotor.pidCtrlTask_INFO [120.768007705] controlMode: Velocity,onTarget=true(65.0223858173077/65.83333333333333), stalled=false, expired=false, event=(Shooter.LeftShooter.shooter1OnTarget=SIGNALED)
Shooter.shoot_INFO [120.771189065] shoot(owner=null, event=(Shooter.LeftShooter.shootCompletionEvent=CLEARED), shooter=leftShooter, autoStop=false)
Shooter.LeftTransferMotor.cancel_INFO [120.772004988] Cancel: stopping motor.
FrcTeleOp.operatorControllerButtonEvent_INFO [126.737306511] ##### button=Y, pressed=false
FrcTeleOp.shoot_INFO [126.738716567] >>>>> Stop Manual Shoot.
Shooter.LeftShooter.cancel_INFO [126.739462558] owner=null
Shooter.LeftPrimaryMotor.cancel_INFO [126.740209558] Cancel: stopping motor.
Shooter.LeftTiltMotor.cancel_INFO [126.740912654] Cancel: stopping motor.
Shooter.RightShooter.cancel_INFO [126.741379445] owner=null
Shooter.RightPrimaryMotor.cancel_INFO [126.74207977] Cancel: stopping motor.
Shooter.RightTiltMotor.cancel_INFO [126.743019801] Cancel: stopping motor.
Shooter.LeftTransferMotor.cancel_INFO [126.743786788] Cancel: stopping motor.
Shooter.RightTransferMotor.cancel_INFO [126.744223115] Cancel: stopping motor.
Shooter.FeederMotor.cancel_INFO [126.744537956] Cancel: stopping motor.
FrcTeleOp.operatorControllerButtonEvent_INFO [126.792063844] ##### button=LeftBumper, pressed=false
FrcTeleOp.operatorControllerButtonEvent_INFO [126.79313645] >>>>> OperatorAltFunc=false
FrcTeleOp.driverControllerButtonEvent_INFO [128.530867076] ##### button=A, pressed=true
FrcTeleOp.driverControllerButtonEvent_INFO [128.583256183] ##### button=A, pressed=false
FrcTeleOp.driverControllerButtonEvent_INFO [137.845096526] ##### button=A, pressed=true
FrcTeleOp.driverControllerButtonEvent_INFO [137.946513349] ##### button=A, pressed=false
FrcTeleOp.operatorControllerButtonEvent_INFO [141.433371566] ##### button=LeftBumper, pressed=true
FrcTeleOp.operatorControllerButtonEvent_INFO [141.434332803] >>>>> OperatorAltFunc=true
FrcTeleOp.operatorControllerButtonEvent_INFO [141.533515248] ##### button=Y, pressed=true
FrcTeleOp.shoot_INFO [141.534851651] >>>>> Start Manual Shoot.
TaskAutoShoot.cancel_INFO [141.535584798] Canceling auto task operation.
Shooter.LeftTiltMotor.pidCtrlTask_INFO [141.574709987] controlMode: Position,onTarget=true(17.10676675237211/18.0), stalled=false, expired=false, event=(Shooter.LeftShooter.tiltOnTarget=SIGNALED)
FrcTeleOp.operatorControllerButtonEvent_INFO [141.587123322] ##### button=Y, pressed=false
FrcTeleOp.shoot_INFO [141.589798621] >>>>> Stop Manual Shoot.
Shooter.LeftShooter.cancel_INFO [141.590113928] owner=null
Shooter.LeftPrimaryMotor.cancel_INFO [141.590786306] Cancel: stopping motor.
Shooter.LeftTiltMotor.cancel_INFO [141.591561709] Cancel: stopping motor.
Shooter.RightShooter.cancel_INFO [141.594420698] owner=null
Shooter.RightPrimaryMotor.cancel_INFO [141.595218575] Cancel: stopping motor.
Shooter.RightTiltMotor.cancel_INFO [141.59643139] Cancel: stopping motor.
Shooter.LeftTransferMotor.cancel_INFO [141.59756032] Cancel: stopping motor.
Shooter.RightTransferMotor.cancel_INFO [141.598714625] Cancel: stopping motor.
Shooter.FeederMotor.cancel_INFO [141.599935148] Cancel: stopping motor.
FrcTeleOp.operatorControllerButtonEvent_INFO [141.715964299] ##### button=Y, pressed=true
FrcTeleOp.shoot_INFO [141.71685553] >>>>> Start Manual Shoot.
TaskAutoShoot.cancel_INFO [141.723351532] Canceling auto task operation.
Shooter.RightTiltMotor.pidCtrlTask_INFO [141.769691028] controlMode: Position,onTarget=true(17.02771200201565/18.0), stalled=false, expired=false, event=(Shooter.RightShooter.tiltOnTarget=SIGNALED)
Shooter.LeftTiltMotor.pidCtrlTask_INFO [141.786533633] controlMode: Position,onTarget=true(17.146294139919423/18.0), stalled=false, expired=false, event=(Shooter.LeftShooter.tiltOnTarget=SIGNALED)
Shooter.LeftPrimaryMotor.pidCtrlTask_INFO [142.265917333] controlMode: Velocity,onTarget=true(64.53966346153847/65.83333333333333), stalled=false, expired=false, event=(Shooter.LeftShooter.shooter1OnTarget=SIGNALED)
Shooter.shoot_INFO [142.273512045] shoot(owner=null, event=(Shooter.LeftShooter.shootCompletionEvent=CLEARED), shooter=leftShooter, autoStop=false)
Shooter.LeftTransferMotor.cancel_INFO [142.275805243] Cancel: stopping motor.
Shooter.RightPrimaryMotor.pidCtrlTask_INFO [142.378196299] controlMode: Velocity,onTarget=true(64.1768329326923/65.83333333333333), stalled=false, expired=false, event=(Shooter.RightShooter.shooter1OnTarget=SIGNALED)
Shooter.shoot_INFO [142.382174604] shoot(owner=null, event=(Shooter.RightShooter.shootCompletionEvent=CLEARED), shooter=rightShooter, autoStop=false)
Shooter.RightTransferMotor.cancel_INFO [142.383511903] Cancel: stopping motor.
FrcRobot.startCompetition_INFO [142.488134959] *** Transitioning from TELEOP_MODE to DISABLED_MODE ***
Robot.cancelAll_INFO [142.496328968] Cancel all operations.
Shooter.LeftShooter.cancel_INFO [142.500492372] owner=null
Shooter.LeftPrimaryMotor.cancel_INFO [142.501376592] Cancel: stopping motor.
Shooter.LeftTiltMotor.cancel_INFO [142.509808995] Cancel: stopping motor.
Shooter.RightShooter.cancel_INFO [142.510558981] owner=null
Shooter.RightPrimaryMotor.cancel_INFO [142.512131846] Cancel: stopping motor.
Shooter.RightTiltMotor.cancel_INFO [142.515472852] Cancel: stopping motor.
Shooter.LeftTransferMotor.cancel_INFO [142.517963754] Cancel: stopping motor.
Shooter.RightTransferMotor.cancel_INFO [142.518661912] Cancel: stopping motor.
Shooter.FeederMotor.cancel_INFO [142.519255257] Cancel: stopping motor.
Intake.IntakeMotor.cancel_INFO [142.566580906] Cancel: stopping motor.
Climber.Motor.cancel_INFO [142.567494535] Cancel: stopping motor.
TaskAutoShoot.cancel_INFO [142.568505501] Canceling auto task operation.
TaskAutoClimb.cancel_INFO [142.56918786] Canceling auto task operation.
FrcRobot.printPerformanceMetrics_INFO [142.571790962] [FrcRobot] Loop Performance Metrics:
Average Loop Interval = 0.001275s (freq=784.356Hz, min=0.000589s, max=0.598580s)
[03]                StartTask=0.000000s
[04]          PrePeriodicTask=0.000133s
[07]               UpdateTask=0.000867s
[02]                StartMode=0.000000s
[06]         PostPeriodicTask=0.000135s
[08]                 StopTask=0.000000s
[09]                 StopMode=0.000000s
[00]                RobotInit=13.448014s
[01]           RobotStartMode=0.000002s
[05]                 Periodic=0.000080s
[10]            RobotStopMode=0.000002s

TrcTaskMgr.printTaskPerformanceMetrics_INFO [142.574261767] FrcDashboard.task: STANDALONE_TASK=3.6596138330432425E-4/0.010503225013291439
TrcTaskMgr.printTaskPerformanceMetrics_INFO [142.574839184] TrcWatchdogMgr: STANDALONE_TASK=9.767239569892474E-5/0.9982764894666667
TrcTaskMgr.printTaskPerformanceMetrics_INFO [142.575500497] DriverController.buttonEventTask: PRE_PERIODIC_TASK=8.674000762936257E-6/0.002130086047002857
TrcTaskMgr.printTaskPerformanceMetrics_INFO [142.576582124] OperatorController.buttonEventTask: PRE_PERIODIC_TASK=5.1661145107484255E-5/0.0021300834408275616
TrcTaskMgr.printTaskPerformanceMetrics_INFO [142.580261038] flDriveMotor.pidCtrlTask: OUTPUT_TASK=5.063249218673219E-5/0.01141669546970516
TrcTaskMgr.printTaskPerformanceMetrics_INFO [142.581617292] flDriveMotor.odometryCleanupTask: STOP_TASK=5.3264E-5/41.76989874325
TrcTaskMgr.printTaskPerformanceMetrics_INFO [142.582868748] frDriveMotor.pidCtrlTask: OUTPUT_TASK=3.1257396142506143E-5/0.011416692327567568
TrcTaskMgr.printTaskPerformanceMetrics_INFO [142.585127174] blDriveMotor.pidCtrlTask: OUTPUT_TASK=2.6171123734643734E-5/0.011416691928550368
TrcTaskMgr.printTaskPerformanceMetrics_INFO [142.586352815] brDriveMotor.pidCtrlTask: OUTPUT_TASK=2.7128111351351352E-5/0.01141669164995086
TrcTaskMgr.printTaskPerformanceMetrics_INFO [142.588793449] flSteerMotor.pidCtrlTask: OUTPUT_TASK=3.256264685503686E-5/0.011416691405749387
TrcTaskMgr.printTaskPerformanceMetrics_INFO [142.590610103] frSteerMotor.pidCtrlTask: OUTPUT_TASK=2.8737943220068303E-5/0.011416687267978674
TrcTaskMgr.printTaskPerformanceMetrics_INFO [142.59218406] blSteerMotor.pidCtrlTask: OUTPUT_TASK=2.951508196358812E-5/0.011416688012997223
TrcTaskMgr.printTaskPerformanceMetrics_INFO [142.592852303] brSteerMotor.pidCtrlTask: OUTPUT_TASK=2.9057935726394928E-5/0.011416688662956686
TrcTaskMgr.printTaskPerformanceMetrics_INFO [142.593955443] FrcSwerveDrive.odometryTask: INPUT_TASK=0.0017224525115979382/0.01263962531852638
TrcTaskMgr.printTaskPerformanceMetrics_INFO [142.595342864] FrcSwerveDrive.stopTask: STOP_TASK=0.0049609305/41.76987595125
TrcTaskMgr.printTaskPerformanceMetrics_INFO [142.596240316] purePursuitDrive.driveTask: POST_PERIODIC_TASK=0.007230145648464164/0.06495240888054608
TrcTaskMgr.printTaskPerformanceMetrics_INFO [142.5973954] LED: OUTPUT_TASK=4.9987640696788776E-5/0.011416688627232746
TrcTaskMgr.printTaskPerformanceMetrics_INFO [142.601515964] Shooter.LeftPrimaryMotor.pidCtrlTask: OUTPUT_TASK=2.1242838902265245E-5/0.011416640074468085
TrcTaskMgr.printTaskPerformanceMetrics_INFO [142.6022031] Shooter.LeftFollowerMotor.pidCtrlTask: OUTPUT_TASK=5.758263549702717E-6/0.011416635758291976
TrcTaskMgr.printTaskPerformanceMetrics_INFO [142.602752177] Shooter.LeftTiltMotor.pidCtrlTask: OUTPUT_TASK=2.826533927571127E-4/0.011416635405016954
TrcTaskMgr.printTaskPerformanceMetrics_INFO [142.603816625] Shooter.LeftShooter.ShooterMotor1VelTrigger.triggerTask: PRE_PERIODIC_TASK=2.648499122807017E-4/0.06123100394736842
TrcTaskMgr.printTaskPerformanceMetrics_INFO [142.60555051] Shooter.LeftShooter.goalTracking: POST_PERIODIC_TASK=0.03266086643203884/0.21396248286893205
TrcTaskMgr.printTaskPerformanceMetrics_INFO [142.606570341] Shooter.LeftTransferMotor.pidCtrlTask: OUTPUT_TASK=7.240084492162548E-6/0.011416608243771805
TrcTaskMgr.printTaskPerformanceMetrics_INFO [142.60785508] Shooter.RightPrimaryMotor.pidCtrlTask: OUTPUT_TASK=1.9840635718146527E-5/0.011416607902338952
TrcTaskMgr.printTaskPerformanceMetrics_INFO [142.610324064] Shooter.RightFollowerMotor.pidCtrlTask: OUTPUT_TASK=5.2899800501203875E-6/0.011416607652375805
TrcTaskMgr.printTaskPerformanceMetrics_INFO [142.610949499] Shooter.RightTiltMotor.pidCtrlTask: OUTPUT_TASK=2.1676048194191932E-4/0.011416607413910864
TrcTaskMgr.printTaskPerformanceMetrics_INFO [142.611960268] Shooter.RightShooter.ShooterMotor1VelTrigger.triggerTask: PRE_PERIODIC_TASK=1.0676450684931508E-4/0.0677601836849315
TrcTaskMgr.printTaskPerformanceMetrics_INFO [142.612953781] Shooter.RightShooter.goalTracking: POST_PERIODIC_TASK=0.009696417982668978/0.22888907119757365
TrcTaskMgr.printTaskPerformanceMetrics_INFO [142.614370847] Shooter.RightTransferMotor.pidCtrlTask: OUTPUT_TASK=6.7862453627496745E-6/0.011416622782890696
TrcTaskMgr.printTaskPerformanceMetrics_INFO [142.615867944] Shooter.TurretMotor.pidCtrlTask: OUTPUT_TASK=2.96649701127681E-4/0.011416622482102057
TrcTaskMgr.printTaskPerformanceMetrics_INFO [142.616604162] Shooter.FeederMotor.pidCtrlTask: OUTPUT_TASK=5.88552443308847E-6/0.011416620837260152
TrcTaskMgr.printTaskPerformanceMetrics_INFO [142.618335746] ShooterfieldLengthTrigger.triggerTask: PRE_PERIODIC_TASK=3.289330925217974E-5/0.0012741687339857676
TrcTaskMgr.printTaskPerformanceMetrics_INFO [142.618939886] ShooterfieldWidthTrigger.triggerTask: PRE_PERIODIC_TASK=6.365627840792142E-6/0.001274168508637984
TrcTaskMgr.printTaskPerformanceMetrics_INFO [142.620000294] Intake.IntakeMotor.pidCtrlTask: OUTPUT_TASK=5.596864653711029E-6/0.011416620509618456
TrcTaskMgr.printTaskPerformanceMetrics_INFO [142.624346276] Climber.Motor.pidCtrlTask: OUTPUT_TASK=6.580249547955974E-5/0.011416615449145047
TrcTaskMgr.printTaskPerformanceMetrics_INFO [142.62549856] TaskAutoShoot: POST_PERIODIC_TASK=0.002877504876160991/0.37917224151702783
