Robot.robotStartMode_INFO [0.047190515] Sat Mar 07 23:54:35 UTC 2026: ***** TELEOP_MODE *****
Robot.robotStartMode_INFO [0.04847353] <BuildInfo Host="TRC492-DS2024" User="User" Timestamp="2026-03-07 15:42:08" Branch="dev" />
FrcTeleOp.driverControllerButtonEvent_INFO [0.704002134] ##### button=X, pressed=true
FrcTeleOp.driverControllerButtonEvent_INFO [0.713531761] >>>>> Reset field forward heading (heading=0.27348202019599643)
FrcTeleOp.driverControllerButtonEvent_INFO [0.759104644] ##### button=X, pressed=false
FrcTeleOp.driverControllerButtonEvent_INFO [1.021642906] ##### button=A, pressed=true
FrcTeleOp.driverControllerButtonEvent_INFO [1.126444622] ##### button=A, pressed=false
FrcTeleOp.driverControllerButtonEvent_INFO [1.905335951] ##### button=A, pressed=true
FrcTeleOp.driverControllerButtonEvent_INFO [1.966910977] ##### button=A, pressed=false
FrcTeleOp.operatorControllerButtonEvent_INFO [3.652043071] ##### button=LeftBumper, pressed=true
FrcTeleOp.operatorControllerButtonEvent_INFO [3.653997384] >>>>> OperatorAltFunc=true
Shooter.TurretMotor.isMotorStalled_INFO [5.156618926] Stall detection triggered.
FrcTeleOp.operatorControllerButtonEvent_INFO [6.900423982] ##### button=A, pressed=true
FrcTeleOp.operatorControllerButtonEvent_INFO [7.454520062] ##### button=A, pressed=false
FrcTeleOp.operatorControllerButtonEvent_INFO [8.236071131] ##### button=A, pressed=true
FrcTeleOp.operatorControllerButtonEvent_INFO [8.75055365] ##### button=A, pressed=false
FrcTeleOp.operatorControllerButtonEvent_INFO [9.209679802] ##### button=X, pressed=true
Shooter.LeftTransferMotor.cancel_INFO [9.211408314] Cancel: stopping motor.
FrcTeleOp.operatorControllerButtonEvent_INFO [9.212753392] >>>>> Left Transfer eject.
Shooter.RightTransferMotor.cancel_INFO [9.213276587] Cancel: stopping motor.
FrcTeleOp.operatorControllerButtonEvent_INFO [9.2147848] >>>>> Right Transfer eject.
FrcTeleOp.driverControllerButtonEvent_INFO [9.522775783] ##### button=A, pressed=true
FrcTeleOp.driverControllerButtonEvent_INFO [9.623237987] ##### button=A, pressed=false
FrcTeleOp.operatorControllerButtonEvent_INFO [9.723915245] ##### button=X, pressed=false
Shooter.LeftTransferMotor.cancel_INFO [9.727493597] Cancel: stopping motor.
Shooter.RightTransferMotor.cancel_INFO [9.728681675] Cancel: stopping motor.
FrcTeleOp.operatorControllerButtonEvent_INFO [9.825081162] ##### button=A, pressed=true
FrcTeleOp.operatorControllerButtonEvent_INFO [10.08284667] ##### button=A, pressed=false
FrcTeleOp.operatorControllerButtonEvent_INFO [10.182609371] ##### button=X, pressed=true
Shooter.LeftTransferMotor.cancel_INFO [10.184540961] Cancel: stopping motor.
FrcTeleOp.operatorControllerButtonEvent_INFO [10.186038055] >>>>> Left Transfer eject.
Shooter.RightTransferMotor.cancel_INFO [10.188241467] Cancel: stopping motor.
FrcTeleOp.operatorControllerButtonEvent_INFO [10.190186321] >>>>> Right Transfer eject.
FrcTeleOp.operatorControllerButtonEvent_INFO [10.387866915] ##### button=X, pressed=false
Shooter.LeftTransferMotor.cancel_INFO [10.389029775] Cancel: stopping motor.
Shooter.RightTransferMotor.cancel_INFO [10.391361578] Cancel: stopping motor.
FrcTeleOp.operatorControllerButtonEvent_INFO [10.43971223] ##### button=A, pressed=true
FrcTeleOp.driverControllerButtonEvent_INFO [11.051374485] ##### button=A, pressed=true
FrcTeleOp.driverControllerButtonEvent_INFO [11.155898205] ##### button=A, pressed=false
FrcTeleOp.operatorControllerButtonEvent_INFO [11.157893953] ##### button=A, pressed=false
FrcTeleOp.operatorControllerButtonEvent_INFO [11.20687184] ##### button=X, pressed=true
Shooter.LeftTransferMotor.cancel_INFO [11.20921005] Cancel: stopping motor.
FrcTeleOp.operatorControllerButtonEvent_INFO [11.210892154] >>>>> Left Transfer eject.
Shooter.RightTransferMotor.cancel_INFO [11.212150719] Cancel: stopping motor.
FrcTeleOp.operatorControllerButtonEvent_INFO [11.213842274] >>>>> Right Transfer eject.
FrcTeleOp.operatorControllerButtonEvent_INFO [11.361546205] ##### button=A, pressed=true
FrcTeleOp.operatorControllerButtonEvent_INFO [12.760374041] ##### button=X, pressed=false
Shooter.LeftTransferMotor.cancel_INFO [12.762744962] Cancel: stopping motor.
Shooter.RightTransferMotor.cancel_INFO [12.764075764] Cancel: stopping motor.
FrcTeleOp.operatorControllerButtonEvent_INFO [12.811258166] ##### button=X, pressed=true
Shooter.LeftTransferMotor.cancel_INFO [12.812855618] Cancel: stopping motor.
FrcTeleOp.operatorControllerButtonEvent_INFO [12.814517687] >>>>> Left Transfer eject.
Shooter.RightTransferMotor.cancel_INFO [12.81587176] Cancel: stopping motor.
FrcTeleOp.operatorControllerButtonEvent_INFO [12.818040954] >>>>> Right Transfer eject.
FrcTeleOp.operatorControllerButtonEvent_INFO [12.86343425] ##### button=A, pressed=false
FrcTeleOp.operatorControllerButtonEvent_INFO [12.913867659] ##### button=X, pressed=false
Shooter.LeftTransferMotor.cancel_INFO [12.918667219] Cancel: stopping motor.
Shooter.RightTransferMotor.cancel_INFO [12.922937647] Cancel: stopping motor.
FrcTeleOp.operatorControllerButtonEvent_INFO [12.967327561] ##### button=LeftBumper, pressed=false
FrcTeleOp.operatorControllerButtonEvent_INFO [12.970612266] >>>>> OperatorAltFunc=false
FrcTeleOp.operatorControllerButtonEvent_INFO [13.0213307] ##### button=Y, pressed=true
FrcTeleOp.shoot_INFO [13.023254171] >>>>> Start Auto Shoot.
TaskAutoShoot.autoShoot_INFO [13.025860744] autoShoot(owner=null, event=null, taskParams=(autoStop=false, noPassback=false))
TaskAutoShoot.autoShoot_INFO [13.027373132] Enabling Goal Tracking (prevTrackParams=null).
Shooter.setupGoalTrackingMode_INFO [13.029749758] GoalTracking(trackingMode=Passback, goalPose=(x=-269.677165,y=48.000000,angle=0.000000), noPassback=false).
Shooter.LeftShooter.enableGoalTracking_INFO [13.032066148] Enable GoalTracking (trackingParams=(trackFlywheel=true,trackTiltPos=true,trackPanPos=true)).
Shooter.LeftPrimaryMotor.cancel_INFO [13.033788332] Cancel: stopping motor.
Shooter.LeftTiltMotor.cancel_INFO [13.036365378] Cancel: stopping motor.
Shooter.RightShooter.enableGoalTracking_INFO [13.039667751] Enable GoalTracking (trackingParams=(trackFlywheel=true,trackTiltPos=true,trackPanPos=true)).
Shooter.RightPrimaryMotor.cancel_INFO [13.043877402] Cancel: stopping motor.
Shooter.RightTiltMotor.cancel_INFO [13.047113206] Cancel: stopping motor.
TaskAutoShoot.autoTask_INFO [13.137913195] <Event name="StateInfo" time="13.13741438" tag="vvvvv" TaskAutoShoot.state="START" />
TaskAutoShoot.runTaskState_INFO [13.140178887] ***** Wait for left Shooter ready.
TaskAutoShoot.runTaskState_INFO [13.141466342] ***** Wait for right Shooter ready.
TaskAutoShoot.runTaskState_INFO [13.143495463] ***** Wait for Turret ready.
TaskAutoShoot.autoTask_INFO [13.159870456] <Event name="StateInfo" time="13.159448857" tag="^^^^^" TaskAutoShoot.state="START" />
TaskAutoShoot.autoTask_INFO [13.297986642] <Event name="StateInfo" time="13.297635974" tag="vvvvv" TaskAutoShoot.state="SHOOT" />
TaskAutoShoot.autoTask_INFO [13.305271832] <Event name="StateInfo" time="13.304993285" tag="^^^^^" TaskAutoShoot.state="SHOOT" />
TaskAutoShoot.autoTask_INFO [13.390720042] <Event name="StateInfo" time="13.389124112" tag="vvvvv" TaskAutoShoot.state="SHOOT" />
TaskAutoShoot.autoTask_INFO [13.39121657] <Event name="StateInfo" time="13.391050765" tag="^^^^^" TaskAutoShoot.state="SHOOT" />
TaskAutoShoot.autoTask_INFO [13.461453377] <Event name="StateInfo" time="13.461228139" tag="vvvvv" TaskAutoShoot.state="SHOOT" />
TaskAutoShoot.autoTask_INFO [13.469288299] <Event name="StateInfo" time="13.462526878" tag="^^^^^" TaskAutoShoot.state="SHOOT" />
FrcTeleOp.driverControllerButtonEvent_INFO [13.47519475] ##### button=A, pressed=true
FrcTeleOp.operatorControllerButtonEvent_INFO [13.477124445] ##### button=Y, pressed=false
TaskAutoShoot.autoTask_INFO [13.546543294] <Event name="StateInfo" time="13.546236233" tag="vvvvv" TaskAutoShoot.state="SHOOT" />
TaskAutoShoot.autoTask_INFO [13.558086519] <Event name="StateInfo" time="13.547523136" tag="^^^^^" TaskAutoShoot.state="SHOOT" />
FrcTeleOp.driverControllerButtonEvent_INFO [13.563067936] ##### button=A, pressed=false
TaskAutoShoot.autoTask_INFO [13.641814451] <Event name="StateInfo" time="13.640416868" tag="vvvvv" TaskAutoShoot.state="SHOOT" />
TaskAutoShoot.autoTask_INFO [13.642560936] <Event name="StateInfo" time="13.642376048" tag="^^^^^" TaskAutoShoot.state="SHOOT" />
TaskAutoShoot.autoTask_INFO [13.722814198] <Event name="StateInfo" time="13.722622981" tag="vvvvv" TaskAutoShoot.state="SHOOT" />
TaskAutoShoot.autoTask_INFO [13.723996545] <Event name="StateInfo" time="13.723783886" tag="^^^^^" TaskAutoShoot.state="SHOOT" />
TaskAutoShoot.autoTask_INFO [13.793882624] <Event name="StateInfo" time="13.793666626" tag="vvvvv" TaskAutoShoot.state="SHOOT" />
TaskAutoShoot.autoTask_INFO [13.795627428] <Event name="StateInfo" time="13.795386588" tag="^^^^^" TaskAutoShoot.state="SHOOT" />
TaskAutoShoot.autoTask_INFO [13.875766104] <Event name="StateInfo" time="13.875551177" tag="vvvvv" TaskAutoShoot.state="SHOOT" />
TaskAutoShoot.autoTask_INFO [13.887201864] <Event name="StateInfo" time="13.886973301" tag="^^^^^" TaskAutoShoot.state="SHOOT" />
TaskAutoShoot.autoTask_INFO [13.961757095] <Event name="StateInfo" time="13.961514656" tag="vvvvv" TaskAutoShoot.state="SHOOT" />
TaskAutoShoot.autoTask_INFO [13.968790184] <Event name="StateInfo" time="13.965160413" tag="^^^^^" TaskAutoShoot.state="SHOOT" />
TaskAutoShoot.autoTask_INFO [14.091414187] <Event name="StateInfo" time="14.08863004" tag="vvvvv" TaskAutoShoot.state="SHOOT" />
TaskAutoShoot.autoTask_INFO [14.106223607] <Event name="StateInfo" time="14.102072474" tag="^^^^^" TaskAutoShoot.state="SHOOT" />
FrcTeleOp.operatorControllerButtonEvent_INFO [14.117895192] ##### button=Y, pressed=true
FrcTeleOp.shoot_INFO [14.121675629] >>>>> Stop Auto Shoot.
TaskAutoShoot.cancel_INFO [14.123004744] Canceling auto task operation.
TaskAutoShoot.stopSubsystems_INFO [14.127598612] Stopping subsystems.
Shooter.LeftTransferMotor.cancel_INFO [14.130369908] Cancel: stopping motor.
Shooter.RightTransferMotor.cancel_INFO [14.13165301] Cancel: stopping motor.
Shooter.FeederMotor.cancel_INFO [14.132921113] Cancel: stopping motor.
TaskAutoShoot.stopSubsystems_INFO [14.133998775] No previous GoalTracking, disable it.
Shooter.LeftShooter.disableGoalTracking_INFO [14.135986515] Disable Goal Tracking.
Shooter.LeftShooter.stopGoalTracking_INFO [14.137262521] Stop GoalTracking.
Shooter.LeftTiltMotor.cancel_INFO [14.13895205] Cancel: stopping motor.
Shooter.LeftPrimaryMotor.cancel_INFO [14.142260699] Cancel: stopping motor.
Shooter.RightShooter.disableGoalTracking_INFO [14.144089693] Disable Goal Tracking.
Shooter.RightShooter.stopGoalTracking_INFO [14.145367072] Stop GoalTracking.
Shooter.RightTiltMotor.cancel_INFO [14.146971391] Cancel: stopping motor.
Shooter.RightPrimaryMotor.cancel_INFO [14.150378] Cancel: stopping motor.
Shooter.LeftShooter.cancel_INFO [14.152476888] owner=null
Shooter.LeftPrimaryMotor.cancel_INFO [14.153645988] Cancel: stopping motor.
Shooter.LeftTiltMotor.cancel_INFO [14.15532068] Cancel: stopping motor.
Shooter.RightShooter.cancel_INFO [14.157588285] owner=null
Shooter.RightPrimaryMotor.cancel_INFO [14.158825377] Cancel: stopping motor.
Shooter.RightTiltMotor.cancel_INFO [14.160507941] Cancel: stopping motor.
Shooter.LeftTransferMotor.cancel_INFO [14.163710662] Cancel: stopping motor.
Shooter.RightTransferMotor.cancel_INFO [14.16522878] Cancel: stopping motor.
Shooter.FeederMotor.cancel_INFO [14.166726874] Cancel: stopping motor.
FrcTeleOp.operatorControllerButtonEvent_INFO [14.636057795] ##### button=Y, pressed=false
FrcTeleOp.operatorControllerButtonEvent_INFO [14.890893977] ##### button=Y, pressed=true
FrcTeleOp.shoot_INFO [14.892196612] >>>>> Start Auto Shoot.
TaskAutoShoot.autoShoot_INFO [14.893016392] autoShoot(owner=null, event=null, taskParams=(autoStop=false, noPassback=false))
TaskAutoShoot.autoShoot_INFO [14.893409006] Enabling Goal Tracking (prevTrackParams=null).
Shooter.setupGoalTrackingMode_INFO [14.894398259] GoalTracking(trackingMode=Passback, goalPose=(x=-269.677165,y=48.000000,angle=0.000000), noPassback=false).
Shooter.LeftShooter.enableGoalTracking_INFO [14.895525566] Enable GoalTracking (trackingParams=(trackFlywheel=true,trackTiltPos=true,trackPanPos=true)).
Shooter.LeftPrimaryMotor.cancel_INFO [14.897218725] Cancel: stopping motor.
Shooter.LeftTiltMotor.cancel_INFO [14.899277004] Cancel: stopping motor.
Shooter.RightShooter.enableGoalTracking_INFO [14.900473529] Enable GoalTracking (trackingParams=(trackFlywheel=true,trackTiltPos=true,trackPanPos=true)).
Shooter.RightPrimaryMotor.cancel_INFO [14.901121681] Cancel: stopping motor.
Shooter.RightTiltMotor.cancel_INFO [14.901841681] Cancel: stopping motor.
TaskAutoShoot.autoTask_INFO [14.978472612] <Event name="StateInfo" time="14.978186585" tag="vvvvv" TaskAutoShoot.state="START" />
TaskAutoShoot.runTaskState_INFO [14.980798202] ***** Wait for left Shooter ready.
TaskAutoShoot.runTaskState_INFO [14.983709151] ***** Wait for right Shooter ready.
TaskAutoShoot.runTaskState_INFO [14.98482948] ***** Wait for Turret ready.
TaskAutoShoot.autoTask_INFO [14.988920276] <Event name="StateInfo" time="14.988659354" tag="^^^^^" TaskAutoShoot.state="START" />
Shooter.TurretMotor.pidCtrlTask_INFO [15.031458206] controlMode: Position,onTarget=true(113.36342651482526/115.3543325773108), stalled=false, expired=false, event=(TaskAutoShoot.turretReady=SIGNALED)
TaskAutoShoot.autoTask_INFO [15.090463461] <Event name="StateInfo" time="15.090159775" tag="vvvvv" TaskAutoShoot.state="SHOOT" />
TaskAutoShoot.autoTask_INFO [15.093162071] <Event name="StateInfo" time="15.092289983" tag="^^^^^" TaskAutoShoot.state="SHOOT" />
TaskAutoShoot.autoTask_INFO [15.17431525] <Event name="StateInfo" time="15.173643684" tag="vvvvv" TaskAutoShoot.state="SHOOT" />
TaskAutoShoot.autoTask_INFO [15.175971181] <Event name="StateInfo" time="15.175748616" tag="^^^^^" TaskAutoShoot.state="SHOOT" />
TaskAutoShoot.autoTask_INFO [15.251131756] <Event name="StateInfo" time="15.250904112" tag="vvvvv" TaskAutoShoot.state="SHOOT" />
TaskAutoShoot.autoTask_INFO [15.255690947] <Event name="StateInfo" time="15.252898611" tag="^^^^^" TaskAutoShoot.state="SHOOT" />
TaskAutoShoot.autoTask_INFO [15.323092815] <Event name="StateInfo" time="15.322056433" tag="vvvvv" TaskAutoShoot.state="SHOOT" />
TaskAutoShoot.autoTask_INFO [15.324797099] <Event name="StateInfo" time="15.324227295" tag="^^^^^" TaskAutoShoot.state="SHOOT" />
Shooter.LeftShooter.goalTrackingTask_INFO [15.368328402] Shooter.LeftShooter is Ready: rpm1=5577.620192/5605.858767, rpm2=3477.421875/0.000000, tilt=29.834621/29.614357, pan=null/null
Shooter.RightShooter.goalTrackingTask_INFO [15.39707329] Shooter.RightShooter is Ready: rpm1=5751.968149/5773.049612, rpm2=3576.562500/0.000000, tilt=29.795093/29.614357, pan=null/null
TaskAutoShoot.autoTask_INFO [15.401928741] <Event name="StateInfo" time="15.397700821" tag="vvvvv" TaskAutoShoot.state="SHOOT" />
TaskAutoShoot.runTaskState_INFO [15.403629661] ***** Start left shooter shooting.
Shooter.shoot_INFO [15.408439388] shoot(owner=null, event=(TaskAutoShoot.leftShooterDone=CLEARED), shooter=leftShooter, autoStop=false)
Shooter.LeftTransferMotor.cancel_INFO [15.410876544] Cancel: stopping motor.
TaskAutoShoot.runTaskState_INFO [15.414167366] ***** Start right shooter shooting.
Shooter.shoot_INFO [15.418779633] shoot(owner=null, event=(TaskAutoShoot.rightShooterDone=CLEARED), shooter=rightShooter, autoStop=false)
Shooter.RightTransferMotor.cancel_INFO [15.420865143] Cancel: stopping motor.
TaskAutoShoot.autoTask_INFO [15.425160195] <Event name="StateInfo" time="15.424896663" tag="^^^^^" TaskAutoShoot.state="SHOOT" />
FrcTeleOp.operatorControllerButtonEvent_INFO [15.43050676] ##### button=Y, pressed=false
FrcTeleOp.operatorControllerButtonEvent_INFO [15.57597011] ##### button=Y, pressed=true
FrcTeleOp.shoot_INFO [15.584044379] >>>>> Stop Auto Shoot.
TaskAutoShoot.cancel_INFO [15.58633907] Canceling auto task operation.
TaskAutoShoot.stopSubsystems_INFO [15.587818956] Stopping subsystems.
Shooter.LeftTransferMotor.cancel_INFO [15.593722114] Cancel: stopping motor.
Shooter.RightTransferMotor.cancel_INFO [15.596540227] Cancel: stopping motor.
Shooter.FeederMotor.cancel_INFO [15.598868471] Cancel: stopping motor.
TaskAutoShoot.stopSubsystems_INFO [15.60116673] No previous GoalTracking, disable it.
Shooter.LeftShooter.disableGoalTracking_INFO [15.602497214] Disable Goal Tracking.
Shooter.LeftShooter.stopGoalTracking_INFO [15.606328968] Stop GoalTracking.
Shooter.LeftTiltMotor.cancel_INFO [15.607884978] Cancel: stopping motor.
Shooter.LeftPrimaryMotor.cancel_INFO [15.609730634] Cancel: stopping motor.
Shooter.RightShooter.disableGoalTracking_INFO [15.611370653] Disable Goal Tracking.
Shooter.RightShooter.stopGoalTracking_INFO [15.617455968] Stop GoalTracking.
Shooter.RightTiltMotor.cancel_INFO [15.619974792] Cancel: stopping motor.
Shooter.RightPrimaryMotor.cancel_INFO [15.621446407] Cancel: stopping motor.
Shooter.LeftShooter.cancel_INFO [15.628470286] owner=null
Shooter.LeftPrimaryMotor.cancel_INFO [15.631417161] Cancel: stopping motor.
Shooter.LeftTiltMotor.cancel_INFO [15.633351766] Cancel: stopping motor.
Shooter.RightShooter.cancel_INFO [15.638424981] owner=null
Shooter.RightPrimaryMotor.cancel_INFO [15.642499258] Cancel: stopping motor.
Shooter.RightTiltMotor.cancel_INFO [15.644700672] Cancel: stopping motor.
Shooter.LeftTransferMotor.cancel_INFO [15.646035501] Cancel: stopping motor.
Shooter.RightTransferMotor.cancel_INFO [15.650422074] Cancel: stopping motor.
Shooter.FeederMotor.cancel_INFO [15.6521956] Cancel: stopping motor.
FrcTeleOp.operatorControllerButtonEvent_INFO [15.777817025] ##### button=Y, pressed=false
FrcTeleOp.operatorControllerButtonEvent_INFO [16.300245972] ##### button=Y, pressed=true
FrcTeleOp.shoot_INFO [16.302251295] >>>>> Start Auto Shoot.
TaskAutoShoot.autoShoot_INFO [16.303470243] autoShoot(owner=null, event=null, taskParams=(autoStop=false, noPassback=false))
TaskAutoShoot.autoShoot_INFO [16.304752125] Enabling Goal Tracking (prevTrackParams=null).
Shooter.setupGoalTrackingMode_INFO [16.306440444] GoalTracking(trackingMode=Passback, goalPose=(x=-269.677165,y=48.000000,angle=0.000000), noPassback=false).
Shooter.LeftShooter.enableGoalTracking_INFO [16.30781293] Enable GoalTracking (trackingParams=(trackFlywheel=true,trackTiltPos=true,trackPanPos=true)).
Shooter.LeftPrimaryMotor.cancel_INFO [16.309568618] Cancel: stopping motor.
Shooter.LeftTiltMotor.cancel_INFO [16.310831655] Cancel: stopping motor.
Shooter.RightShooter.enableGoalTracking_INFO [16.312452848] Enable GoalTracking (trackingParams=(trackFlywheel=true,trackTiltPos=true,trackPanPos=true)).
Shooter.RightPrimaryMotor.cancel_INFO [16.314338828] Cancel: stopping motor.
Shooter.RightTiltMotor.cancel_INFO [16.315906005] Cancel: stopping motor.
TaskAutoShoot.autoTask_INFO [16.428491412] <Event name="StateInfo" time="16.428215274" tag="vvvvv" TaskAutoShoot.state="START" />
TaskAutoShoot.runTaskState_INFO [16.432514292] ***** Wait for left Shooter ready.
TaskAutoShoot.runTaskState_INFO [16.435555759] ***** Wait for right Shooter ready.
TaskAutoShoot.runTaskState_INFO [16.436386115] ***** Wait for Turret ready.
TaskAutoShoot.autoTask_INFO [16.440488802] <Event name="StateInfo" time="16.43986918" tag="^^^^^" TaskAutoShoot.state="START" />
FrcTeleOp.operatorControllerButtonEvent_INFO [16.445814682] ##### button=Y, pressed=false
Shooter.TurretMotor.pidCtrlTask_INFO [16.477055198] controlMode: Position,onTarget=true(116.53223222411623/119.17248437841101), stalled=false, expired=false, event=(TaskAutoShoot.turretReady=SIGNALED)
TaskAutoShoot.autoTask_INFO [16.515859534] <Event name="StateInfo" time="16.515651888" tag="vvvvv" TaskAutoShoot.state="SHOOT" />
TaskAutoShoot.autoTask_INFO [16.518777621] <Event name="StateInfo" time="16.518472472" tag="^^^^^" TaskAutoShoot.state="SHOOT" />
TaskAutoShoot.autoTask_INFO [16.599837818] <Event name="StateInfo" time="16.599620787" tag="vvvvv" TaskAutoShoot.state="SHOOT" />
TaskAutoShoot.autoTask_INFO [16.600921979] <Event name="StateInfo" time="16.600707472" tag="^^^^^" TaskAutoShoot.state="SHOOT" />
TaskAutoShoot.autoTask_INFO [16.667244245] <Event name="StateInfo" time="16.667035373" tag="vvvvv" TaskAutoShoot.state="SHOOT" />
TaskAutoShoot.autoTask_INFO [16.668750593] <Event name="StateInfo" time="16.668554416" tag="^^^^^" TaskAutoShoot.state="SHOOT" />
TaskAutoShoot.autoTask_INFO [16.732912178] <Event name="StateInfo" time="16.732710071" tag="vvvvv" TaskAutoShoot.state="SHOOT" />
TaskAutoShoot.autoTask_INFO [16.742939877] <Event name="StateInfo" time="16.742707912" tag="^^^^^" TaskAutoShoot.state="SHOOT" />
TaskAutoShoot.autoTask_INFO [16.818857555] <Event name="StateInfo" time="16.818638359" tag="vvvvv" TaskAutoShoot.state="SHOOT" />
TaskAutoShoot.autoTask_INFO [16.823179958] <Event name="StateInfo" time="16.822958387" tag="^^^^^" TaskAutoShoot.state="SHOOT" />
Shooter.LeftShooter.goalTrackingTask_INFO [16.870358822] Shooter.LeftShooter is Ready: rpm1=6124.516226/6103.717900, rpm2=3714.375000/0.000000, tilt=34.854661/34.932823, pan=null/null
Shooter.RightShooter.goalTrackingTask_INFO [16.896583569] Shooter.RightShooter is Ready: rpm1=6014.152644/6054.088207, rpm2=3700.312500/0.000000, tilt=34.854660/34.932823, pan=null/null
TaskAutoShoot.autoTask_INFO [16.898585146] <Event name="StateInfo" time="16.898389943" tag="vvvvv" TaskAutoShoot.state="SHOOT" />
TaskAutoShoot.runTaskState_INFO [16.901751819] ***** Start left shooter shooting.
Shooter.shoot_INFO [16.906163342] shoot(owner=null, event=(TaskAutoShoot.leftShooterDone=CLEARED), shooter=leftShooter, autoStop=false)
Shooter.LeftTransferMotor.cancel_INFO [16.910413362] Cancel: stopping motor.
TaskAutoShoot.runTaskState_INFO [16.913321278] ***** Start right shooter shooting.
Shooter.shoot_INFO [16.917641788] shoot(owner=null, event=(TaskAutoShoot.rightShooterDone=CLEARED), shooter=rightShooter, autoStop=false)
Shooter.RightTransferMotor.cancel_INFO [16.920814927] Cancel: stopping motor.
TaskAutoShoot.autoTask_INFO [16.922907273] <Event name="StateInfo" time="16.922696368" tag="^^^^^" TaskAutoShoot.state="SHOOT" />
FrcTeleOp.driverControllerButtonEvent_INFO [17.87247772] ##### button=A, pressed=true
FrcTeleOp.driverControllerButtonEvent_INFO [17.939998431] ##### button=A, pressed=false
FrcTeleOp.operatorControllerButtonEvent_INFO [19.212803227] ##### button=Y, pressed=true
FrcTeleOp.shoot_INFO [19.215382082] >>>>> Stop Auto Shoot.
TaskAutoShoot.cancel_INFO [19.216625843] Canceling auto task operation.
TaskAutoShoot.stopSubsystems_INFO [19.219058307] Stopping subsystems.
Shooter.LeftTransferMotor.cancel_INFO [19.225509718] Cancel: stopping motor.
Shooter.RightTransferMotor.cancel_INFO [19.226622958] Cancel: stopping motor.
Shooter.FeederMotor.cancel_INFO [19.227539612] Cancel: stopping motor.
TaskAutoShoot.stopSubsystems_INFO [19.233609482] No previous GoalTracking, disable it.
Shooter.LeftShooter.disableGoalTracking_INFO [19.238022312] Disable Goal Tracking.
Shooter.LeftShooter.stopGoalTracking_INFO [19.248322572] Stop GoalTracking.
Shooter.LeftTiltMotor.cancel_INFO [19.25008864] Cancel: stopping motor.
Shooter.LeftPrimaryMotor.cancel_INFO [19.251203518] Cancel: stopping motor.
Shooter.RightShooter.disableGoalTracking_INFO [19.2523762] Disable Goal Tracking.
Shooter.RightShooter.stopGoalTracking_INFO [19.253283734] Stop GoalTracking.
Shooter.RightTiltMotor.cancel_INFO [19.254078173] Cancel: stopping motor.
Shooter.RightPrimaryMotor.cancel_INFO [19.263931378] Cancel: stopping motor.
Shooter.LeftShooter.cancel_INFO [19.2686416] owner=null
Shooter.LeftPrimaryMotor.cancel_INFO [19.273862809] Cancel: stopping motor.
Shooter.LeftTiltMotor.cancel_INFO [19.275611029] Cancel: stopping motor.
Shooter.RightShooter.cancel_INFO [19.278690709] owner=null
Shooter.RightPrimaryMotor.cancel_INFO [19.283865774] Cancel: stopping motor.
Shooter.RightTiltMotor.cancel_INFO [19.286010931] Cancel: stopping motor.
Shooter.LeftTransferMotor.cancel_INFO [19.287723696] Cancel: stopping motor.
Shooter.RightTransferMotor.cancel_INFO [19.289319739] Cancel: stopping motor.
Shooter.FeederMotor.cancel_INFO [19.292547449] Cancel: stopping motor.
FrcTeleOp.operatorControllerButtonEvent_INFO [19.39586098] ##### button=Y, pressed=false
FrcTeleOp.driverControllerButtonEvent_INFO [19.699638237] ##### button=A, pressed=true
FrcTeleOp.operatorControllerButtonEvent_INFO [19.704916502] ##### button=Y, pressed=true
FrcTeleOp.shoot_INFO [19.706152714] >>>>> Start Auto Shoot.
TaskAutoShoot.autoShoot_INFO [19.707226442] autoShoot(owner=null, event=null, taskParams=(autoStop=false, noPassback=false))
TaskAutoShoot.autoShoot_INFO [19.708069241] Enabling Goal Tracking (prevTrackParams=null).
Shooter.setupGoalTrackingMode_INFO [19.70998523] GoalTracking(trackingMode=Passback, goalPose=(x=-269.677165,y=48.000000,angle=0.000000), noPassback=false).
Shooter.LeftShooter.enableGoalTracking_INFO [19.711195294] Enable GoalTracking (trackingParams=(trackFlywheel=true,trackTiltPos=true,trackPanPos=true)).
Shooter.LeftPrimaryMotor.cancel_INFO [19.71234347] Cancel: stopping motor.
Shooter.LeftTiltMotor.cancel_INFO [19.713638284] Cancel: stopping motor.
Shooter.RightShooter.enableGoalTracking_INFO [19.715164758] Enable GoalTracking (trackingParams=(trackFlywheel=true,trackTiltPos=true,trackPanPos=true)).
Shooter.RightPrimaryMotor.cancel_INFO [19.71762917] Cancel: stopping motor.
Shooter.RightTiltMotor.cancel_INFO [19.719248833] Cancel: stopping motor.
TaskAutoShoot.autoTask_INFO [19.810843556] <Event name="StateInfo" time="19.80928375" tag="vvvvv" TaskAutoShoot.state="START" />
TaskAutoShoot.runTaskState_INFO [19.813252485] ***** Wait for left Shooter ready.
TaskAutoShoot.runTaskState_INFO [19.815543077] ***** Wait for right Shooter ready.
TaskAutoShoot.runTaskState_INFO [19.817889555] ***** Wait for Turret ready.
TaskAutoShoot.autoTask_INFO [19.823770725] <Event name="StateInfo" time="19.82272913" tag="^^^^^" TaskAutoShoot.state="START" />
FrcTeleOp.driverControllerButtonEvent_INFO [19.83159389] ##### button=A, pressed=false
FrcTeleOp.operatorControllerButtonEvent_INFO [19.83833309] ##### button=Y, pressed=false
Shooter.TurretMotor.pidCtrlTask_INFO [19.890066376] controlMode: Position,onTarget=true(129.75855686486454/131.23692756757262), stalled=false, expired=false, event=(TaskAutoShoot.turretReady=SIGNALED)
TaskAutoShoot.autoTask_INFO [19.916545676] <Event name="StateInfo" time="19.915935409" tag="vvvvv" TaskAutoShoot.state="SHOOT" />
TaskAutoShoot.autoTask_INFO [19.918011495] <Event name="StateInfo" time="19.91769487" tag="^^^^^" TaskAutoShoot.state="SHOOT" />
Shooter.setupGoalTrackingMode_INFO [19.923589965] GoalTracking(trackingMode=Passback, goalPose=(x=-48.000000,y=48.000000,angle=0.000000), noPassback=false).
TaskAutoShoot.autoTask_INFO [19.9902111] <Event name="StateInfo" time="19.98999753" tag="vvvvv" TaskAutoShoot.state="SHOOT" />
TaskAutoShoot.autoTask_INFO [20.006917745] <Event name="StateInfo" time="20.005484148" tag="^^^^^" TaskAutoShoot.state="SHOOT" />
Shooter.LeftShooter.goalTrackingTask_INFO [20.112364763] Shooter.LeftShooter is Ready: rpm1=6159.726563/6166.277783, rpm2=3819.609375/0.000000, tilt=35.882373/35.763540, pan=null/null
Shooter.RightShooter.goalTrackingTask_INFO [20.153722904] Shooter.RightShooter is Ready: rpm1=6110.129207/6115.802234, rpm2=3800.507813/0.000000, tilt=35.882375/35.763540, pan=null/null
TaskAutoShoot.autoTask_INFO [20.155193352] <Event name="StateInfo" time="20.15485633" tag="vvvvv" TaskAutoShoot.state="SHOOT" />
TaskAutoShoot.runTaskState_INFO [20.174094231] ***** Start left shooter shooting.
Shooter.shoot_INFO [20.179571278] shoot(owner=null, event=(TaskAutoShoot.leftShooterDone=CLEARED), shooter=leftShooter, autoStop=false)
Shooter.LeftTransferMotor.cancel_INFO [20.183797965] Cancel: stopping motor.
TaskAutoShoot.runTaskState_INFO [20.18675683] ***** Start right shooter shooting.
Shooter.shoot_INFO [20.189797397] shoot(owner=null, event=(TaskAutoShoot.rightShooterDone=CLEARED), shooter=rightShooter, autoStop=false)
Shooter.RightTransferMotor.cancel_INFO [20.190660317] Cancel: stopping motor.
TaskAutoShoot.autoTask_INFO [20.192908755] <Event name="StateInfo" time="20.192712926" tag="^^^^^" TaskAutoShoot.state="SHOOT" />
FrcTeleOp.operatorControllerButtonEvent_INFO [22.232904391] ##### button=Y, pressed=true
FrcTeleOp.shoot_INFO [22.239343637] >>>>> Stop Auto Shoot.
TaskAutoShoot.cancel_INFO [22.241773219] Canceling auto task operation.
TaskAutoShoot.stopSubsystems_INFO [22.243465494] Stopping subsystems.
Shooter.LeftTransferMotor.cancel_INFO [22.245008235] Cancel: stopping motor.
Shooter.RightTransferMotor.cancel_INFO [22.246609464] Cancel: stopping motor.
Shooter.FeederMotor.cancel_INFO [22.248190817] Cancel: stopping motor.
TaskAutoShoot.stopSubsystems_INFO [22.249568223] No previous GoalTracking, disable it.
Shooter.LeftShooter.disableGoalTracking_INFO [22.250642191] Disable Goal Tracking.
Shooter.LeftShooter.stopGoalTracking_INFO [22.251713844] Stop GoalTracking.
Shooter.LeftTiltMotor.cancel_INFO [22.252583244] Cancel: stopping motor.
Shooter.LeftPrimaryMotor.cancel_INFO [22.254388097] Cancel: stopping motor.
Shooter.RightShooter.disableGoalTracking_INFO [22.25662543] Disable Goal Tracking.
Shooter.RightShooter.stopGoalTracking_INFO [22.258174307] Stop GoalTracking.
Shooter.RightTiltMotor.cancel_INFO [22.261076371] Cancel: stopping motor.
Shooter.RightPrimaryMotor.cancel_INFO [22.262722192] Cancel: stopping motor.
Shooter.LeftShooter.cancel_INFO [22.264724948] owner=null
Shooter.LeftPrimaryMotor.cancel_INFO [22.267016487] Cancel: stopping motor.
Shooter.LeftTiltMotor.cancel_INFO [22.268679834] Cancel: stopping motor.
Shooter.RightShooter.cancel_INFO [22.270653391] owner=null
Shooter.RightPrimaryMotor.cancel_INFO [22.271911365] Cancel: stopping motor.
Shooter.RightTiltMotor.cancel_INFO [22.274123561] Cancel: stopping motor.
Shooter.LeftTransferMotor.cancel_INFO [22.276980945] Cancel: stopping motor.
Shooter.RightTransferMotor.cancel_INFO [22.278360504] Cancel: stopping motor.
Shooter.FeederMotor.cancel_INFO [22.280349061] Cancel: stopping motor.
FrcTeleOp.driverControllerButtonEvent_INFO [22.412849595] ##### button=A, pressed=true
FrcTeleOp.driverControllerButtonEvent_INFO [22.56595712] ##### button=A, pressed=false
FrcTeleOp.operatorControllerButtonEvent_INFO [22.567829928] ##### button=Y, pressed=false
FrcTeleOp.operatorControllerButtonEvent_INFO [23.075238316] ##### button=Y, pressed=true
FrcTeleOp.shoot_INFO [23.076401928] >>>>> Start Auto Shoot.
TaskAutoShoot.autoShoot_INFO [23.07769677] autoShoot(owner=null, event=null, taskParams=(autoStop=false, noPassback=false))
TaskAutoShoot.autoShoot_INFO [23.078164103] Enabling Goal Tracking (prevTrackParams=null).
Shooter.setupGoalTrackingMode_INFO [23.079583973] GoalTracking(trackingMode=Passback, goalPose=(x=-48.000000,y=48.000000,angle=0.000000), noPassback=false).
Shooter.LeftShooter.enableGoalTracking_INFO [23.080609209] Enable GoalTracking (trackingParams=(trackFlywheel=true,trackTiltPos=true,trackPanPos=true)).
Shooter.LeftPrimaryMotor.cancel_INFO [23.083132987] Cancel: stopping motor.
Shooter.LeftTiltMotor.cancel_INFO [23.083647609] Cancel: stopping motor.
Shooter.RightShooter.enableGoalTracking_INFO [23.085079338] Enable GoalTracking (trackingParams=(trackFlywheel=true,trackTiltPos=true,trackPanPos=true)).
Shooter.RightPrimaryMotor.cancel_INFO [23.086101692] Cancel: stopping motor.
Shooter.RightTiltMotor.cancel_INFO [23.086723322] Cancel: stopping motor.
TaskAutoShoot.autoTask_INFO [23.153366839] <Event name="StateInfo" time="23.153056238" tag="vvvvv" TaskAutoShoot.state="START" />
TaskAutoShoot.runTaskState_INFO [23.1572527] ***** Wait for left Shooter ready.
TaskAutoShoot.runTaskState_INFO [23.160073813] ***** Wait for right Shooter ready.
TaskAutoShoot.runTaskState_INFO [23.163429465] ***** Wait for Turret ready.
TaskAutoShoot.autoTask_INFO [23.165704529] <Event name="StateInfo" time="23.165457186" tag="^^^^^" TaskAutoShoot.state="START" />
FrcTeleOp.operatorControllerButtonEvent_INFO [23.171478144] ##### button=Y, pressed=false
Shooter.TurretMotor.pidCtrlTask_INFO [23.215265774] controlMode: Position,onTarget=true(76.71640511108157/77.00030201175949), stalled=false, expired=false, event=(TaskAutoShoot.turretReady=SIGNALED)
TaskAutoShoot.autoTask_INFO [23.261099899] <Event name="StateInfo" time="23.260912727" tag="vvvvv" TaskAutoShoot.state="SHOOT" />
TaskAutoShoot.autoTask_INFO [23.26771771] <Event name="StateInfo" time="23.267495574" tag="^^^^^" TaskAutoShoot.state="SHOOT" />
TaskAutoShoot.autoTask_INFO [23.344176438] <Event name="StateInfo" time="23.343985608" tag="vvvvv" TaskAutoShoot.state="SHOOT" />
TaskAutoShoot.autoTask_INFO [23.345988953] <Event name="StateInfo" time="23.344467288" tag="^^^^^" TaskAutoShoot.state="SHOOT" />
TaskAutoShoot.autoTask_INFO [23.414032616] <Event name="StateInfo" time="23.411602722" tag="vvvvv" TaskAutoShoot.state="SHOOT" />
TaskAutoShoot.autoTask_INFO [23.414517188] <Event name="StateInfo" time="23.414350427" tag="^^^^^" TaskAutoShoot.state="SHOOT" />
Shooter.LeftShooter.goalTrackingTask_INFO [23.462434172] Shooter.LeftShooter is Ready: rpm1=5908.710938/5977.940418, rpm2=3677.109375/0.000000, tilt=33.431657/33.405057, pan=null/null
Shooter.RightShooter.goalTrackingTask_INFO [23.484446192] Shooter.RightShooter is Ready: rpm1=5933.888221/5974.972124, rpm2=3693.281250/0.000000, tilt=33.392128/33.405057, pan=null/null
TaskAutoShoot.autoTask_INFO [23.489147986] <Event name="StateInfo" time="23.488959311" tag="vvvvv" TaskAutoShoot.state="SHOOT" />
TaskAutoShoot.runTaskState_INFO [23.491906597] ***** Start left shooter shooting.
Shooter.shoot_INFO [23.493716287] shoot(owner=null, event=(TaskAutoShoot.leftShooterDone=CLEARED), shooter=leftShooter, autoStop=false)
Shooter.LeftTransferMotor.cancel_INFO [23.495688429] Cancel: stopping motor.
TaskAutoShoot.runTaskState_INFO [23.505238535] ***** Start right shooter shooting.
Shooter.shoot_INFO [23.508315372] shoot(owner=null, event=(TaskAutoShoot.rightShooterDone=CLEARED), shooter=rightShooter, autoStop=false)
Shooter.RightTransferMotor.cancel_INFO [23.511037293] Cancel: stopping motor.
TaskAutoShoot.autoTask_INFO [23.51442609] <Event name="StateInfo" time="23.514204037" tag="^^^^^" TaskAutoShoot.state="SHOOT" />
FrcTeleOp.operatorControllerButtonEvent_INFO [24.679707388] ##### button=Y, pressed=true
FrcTeleOp.shoot_INFO [24.687248361] >>>>> Stop Auto Shoot.
TaskAutoShoot.cancel_INFO [24.688539672] Canceling auto task operation.
TaskAutoShoot.stopSubsystems_INFO [24.690122652] Stopping subsystems.
Shooter.LeftTransferMotor.cancel_INFO [24.691333189] Cancel: stopping motor.
Shooter.RightTransferMotor.cancel_INFO [24.693175775] Cancel: stopping motor.
Shooter.FeederMotor.cancel_INFO [24.695046448] Cancel: stopping motor.
TaskAutoShoot.stopSubsystems_INFO [24.697294383] No previous GoalTracking, disable it.
Shooter.LeftShooter.disableGoalTracking_INFO [24.698579133] Disable Goal Tracking.
Shooter.LeftShooter.stopGoalTracking_INFO [24.70009084] Stop GoalTracking.
Shooter.LeftTiltMotor.cancel_INFO [24.701234198] Cancel: stopping motor.
Shooter.LeftPrimaryMotor.cancel_INFO [24.702926666] Cancel: stopping motor.
Shooter.RightShooter.disableGoalTracking_INFO [24.704915419] Disable Goal Tracking.
Shooter.RightShooter.stopGoalTracking_INFO [24.706049742] Stop GoalTracking.
Shooter.RightTiltMotor.cancel_INFO [24.709529443] Cancel: stopping motor.
Shooter.RightPrimaryMotor.cancel_INFO [24.711399922] Cancel: stopping motor.
Shooter.LeftShooter.cancel_INFO [24.713469426] owner=null
Shooter.LeftPrimaryMotor.cancel_INFO [24.714702654] Cancel: stopping motor.
Shooter.LeftTiltMotor.cancel_INFO [24.716594092] Cancel: stopping motor.
Shooter.RightShooter.cancel_INFO [24.720129613] owner=null
Shooter.RightPrimaryMotor.cancel_INFO [24.72197222] Cancel: stopping motor.
Shooter.RightTiltMotor.cancel_INFO [24.723176708] Cancel: stopping motor.
Shooter.LeftTransferMotor.cancel_INFO [24.724385736] Cancel: stopping motor.
Shooter.RightTransferMotor.cancel_INFO [24.726304617] Cancel: stopping motor.
Shooter.FeederMotor.cancel_INFO [24.728925218] Cancel: stopping motor.
FrcTeleOp.operatorControllerButtonEvent_INFO [24.946422912] ##### button=Y, pressed=false
FrcTeleOp.operatorControllerButtonEvent_INFO [25.047080961] ##### button=Y, pressed=true
FrcTeleOp.shoot_INFO [25.049115817] >>>>> Start Auto Shoot.
TaskAutoShoot.autoShoot_INFO [25.050877152] autoShoot(owner=null, event=null, taskParams=(autoStop=false, noPassback=false))
TaskAutoShoot.autoShoot_INFO [25.054439769] Enabling Goal Tracking (prevTrackParams=null).
Shooter.setupGoalTrackingMode_INFO [25.056003046] GoalTracking(trackingMode=Passback, goalPose=(x=-48.000000,y=48.000000,angle=0.000000), noPassback=false).
Shooter.LeftShooter.enableGoalTracking_INFO [25.057177821] Enable GoalTracking (trackingParams=(trackFlywheel=true,trackTiltPos=true,trackPanPos=true)).
Shooter.LeftPrimaryMotor.cancel_INFO [25.058327742] Cancel: stopping motor.
Shooter.LeftTiltMotor.cancel_INFO [25.06008292] Cancel: stopping motor.
Shooter.RightShooter.enableGoalTracking_INFO [25.061539159] Enable GoalTracking (trackingParams=(trackFlywheel=true,trackTiltPos=true,trackPanPos=true)).
Shooter.RightPrimaryMotor.cancel_INFO [25.06339239] Cancel: stopping motor.
Shooter.RightTiltMotor.cancel_INFO [25.065146954] Cancel: stopping motor.
TaskAutoShoot.autoTask_INFO [25.140247287] <Event name="StateInfo" time="25.139987231" tag="vvvvv" TaskAutoShoot.state="START" />
TaskAutoShoot.runTaskState_INFO [25.140764143] ***** Wait for left Shooter ready.
TaskAutoShoot.runTaskState_INFO [25.141077267] ***** Wait for right Shooter ready.
TaskAutoShoot.runTaskState_INFO [25.141334575] ***** Wait for Turret ready.
TaskAutoShoot.autoTask_INFO [25.144757838] <Event name="StateInfo" time="25.144492179" tag="^^^^^" TaskAutoShoot.state="START" />
FrcTeleOp.operatorControllerButtonEvent_INFO [25.152477754] ##### button=Y, pressed=false
Shooter.TurretMotor.pidCtrlTask_INFO [25.191700653] controlMode: Position,onTarget=true(77.54302608574409/77.68139787646855), stalled=false, expired=false, event=(TaskAutoShoot.turretReady=SIGNALED)
TaskAutoShoot.autoTask_INFO [25.235506563] <Event name="StateInfo" time="25.234374876" tag="vvvvv" TaskAutoShoot.state="SHOOT" />
TaskAutoShoot.autoTask_INFO [25.242584907] <Event name="StateInfo" time="25.241250479" tag="^^^^^" TaskAutoShoot.state="SHOOT" />
TaskAutoShoot.autoTask_INFO [25.310085388] <Event name="StateInfo" time="25.309714173" tag="vvvvv" TaskAutoShoot.state="SHOOT" />
TaskAutoShoot.autoTask_INFO [25.312116183] <Event name="StateInfo" time="25.31190771" tag="^^^^^" TaskAutoShoot.state="SHOOT" />
Shooter.LeftShooter.goalTrackingTask_INFO [25.386894422] Shooter.LeftShooter is Ready: rpm1=5942.785457/5974.949369, rpm2=3720.351563/0.000000, tilt=33.431657/33.370668, pan=null/null
TaskAutoShoot.autoTask_INFO [25.409234404] <Event name="StateInfo" time="25.409052334" tag="vvvvv" TaskAutoShoot.state="SHOOT" />
TaskAutoShoot.runTaskState_INFO [25.413202518] ***** Start left shooter shooting.
Shooter.shoot_INFO [25.414229312] shoot(owner=null, event=(TaskAutoShoot.leftShooterDone=CLEARED), shooter=leftShooter, autoStop=false)
Shooter.LeftTransferMotor.cancel_INFO [25.421155807] Cancel: stopping motor.
TaskAutoShoot.autoTask_INFO [25.42283967] <Event name="StateInfo" time="25.422637606" tag="^^^^^" TaskAutoShoot.state="SHOOT" />
Shooter.RightShooter.goalTrackingTask_INFO [25.510184491] Shooter.RightShooter is Ready: rpm1=5990.868389/5974.464015, rpm2=3656.367188/0.000000, tilt=33.392128/33.357127, pan=null/null
TaskAutoShoot.autoTask_INFO [25.511523502] <Event name="StateInfo" time="25.511303775" tag="vvvvv" TaskAutoShoot.state="SHOOT" />
TaskAutoShoot.runTaskState_INFO [25.515642698] ***** Start right shooter shooting.
Shooter.shoot_INFO [25.517626799] shoot(owner=null, event=(TaskAutoShoot.rightShooterDone=CLEARED), shooter=rightShooter, autoStop=false)
Shooter.RightTransferMotor.cancel_INFO [25.530246281] Cancel: stopping motor.
TaskAutoShoot.autoTask_INFO [25.536991343] <Event name="StateInfo" time="25.536771157" tag="^^^^^" TaskAutoShoot.state="SHOOT" />
FrcTeleOp.operatorControllerButtonEvent_INFO [27.115835336] ##### button=Y, pressed=true
FrcTeleOp.shoot_INFO [27.117602123] >>>>> Stop Auto Shoot.
TaskAutoShoot.cancel_INFO [27.11850186] Canceling auto task operation.
TaskAutoShoot.stopSubsystems_INFO [27.120178016] Stopping subsystems.
Shooter.LeftTransferMotor.cancel_INFO [27.12117882] Cancel: stopping motor.
Shooter.RightTransferMotor.cancel_INFO [27.124571483] Cancel: stopping motor.
Shooter.FeederMotor.cancel_INFO [27.12634684] Cancel: stopping motor.
TaskAutoShoot.stopSubsystems_INFO [27.128785076] No previous GoalTracking, disable it.
Shooter.LeftShooter.disableGoalTracking_INFO [27.130380051] Disable Goal Tracking.
Shooter.LeftShooter.stopGoalTracking_INFO [27.132004424] Stop GoalTracking.
Shooter.LeftTiltMotor.cancel_INFO [27.133543847] Cancel: stopping motor.
Shooter.LeftPrimaryMotor.cancel_INFO [27.135890728] Cancel: stopping motor.
Shooter.RightShooter.disableGoalTracking_INFO [27.137784019] Disable Goal Tracking.
Shooter.RightShooter.stopGoalTracking_INFO [27.138725405] Stop GoalTracking.
Shooter.RightTiltMotor.cancel_INFO [27.140134697] Cancel: stopping motor.
Shooter.RightPrimaryMotor.cancel_INFO [27.141498026] Cancel: stopping motor.
Shooter.LeftShooter.cancel_INFO [27.142966701] owner=null
Shooter.LeftPrimaryMotor.cancel_INFO [27.144842352] Cancel: stopping motor.
Shooter.LeftTiltMotor.cancel_INFO [27.146338208] Cancel: stopping motor.
Shooter.RightShooter.cancel_INFO [27.147513691] owner=null
Shooter.RightPrimaryMotor.cancel_INFO [27.151236492] Cancel: stopping motor.
Shooter.RightTiltMotor.cancel_INFO [27.155275662] Cancel: stopping motor.
Shooter.LeftTransferMotor.cancel_INFO [27.158041171] Cancel: stopping motor.
Shooter.RightTransferMotor.cancel_INFO [27.160750609] Cancel: stopping motor.
Shooter.FeederMotor.cancel_INFO [27.163375074] Cancel: stopping motor.
FrcTeleOp.operatorControllerButtonEvent_INFO [27.25741633] ##### button=Y, pressed=false
FrcTeleOp.operatorControllerButtonEvent_INFO [36.844898969] ##### button=Y, pressed=true
FrcTeleOp.shoot_INFO [36.846781409] >>>>> Start Auto Shoot.
TaskAutoShoot.autoShoot_INFO [36.848164792] autoShoot(owner=null, event=null, taskParams=(autoStop=false, noPassback=false))
TaskAutoShoot.autoShoot_INFO [36.84904555] Enabling Goal Tracking (prevTrackParams=null).
Shooter.setupGoalTrackingMode_INFO [36.85109392] GoalTracking(trackingMode=AllianceHub, goalPose=(x=-158.838583,y=182.110000,angle=0.000000), noPassback=false).
Shooter.LeftShooter.enableGoalTracking_INFO [36.851936447] Enable GoalTracking (trackingParams=(trackFlywheel=true,trackTiltPos=true,trackPanPos=true)).
Shooter.LeftPrimaryMotor.cancel_INFO [36.85346095] Cancel: stopping motor.
Shooter.LeftTiltMotor.cancel_INFO [36.85479116] Cancel: stopping motor.
Shooter.RightShooter.enableGoalTracking_INFO [36.855866221] Enable GoalTracking (trackingParams=(trackFlywheel=true,trackTiltPos=true,trackPanPos=true)).
Shooter.RightPrimaryMotor.cancel_INFO [36.857183364] Cancel: stopping motor.
Shooter.RightTiltMotor.cancel_INFO [36.858667898] Cancel: stopping motor.
TaskAutoShoot.autoTask_INFO [36.929987587] <Event name="StateInfo" time="36.929000716" tag="vvvvv" TaskAutoShoot.state="START" />
TaskAutoShoot.runTaskState_INFO [36.930908294] ***** Wait for left Shooter ready.
TaskAutoShoot.runTaskState_INFO [36.931711249] ***** Wait for right Shooter ready.
TaskAutoShoot.runTaskState_INFO [36.932406958] ***** Wait for Turret ready.
TaskAutoShoot.autoTask_INFO [36.933500075] <Event name="StateInfo" time="36.933157332" tag="^^^^^" TaskAutoShoot.state="START" />
TaskAutoShoot.autoTask_INFO [37.066325209] <Event name="StateInfo" time="37.065648997" tag="vvvvv" TaskAutoShoot.state="SHOOT" />
TaskAutoShoot.autoTask_INFO [37.067968877] <Event name="StateInfo" time="37.067706037" tag="^^^^^" TaskAutoShoot.state="SHOOT" />
TaskAutoShoot.autoTask_INFO [37.154847228] <Event name="StateInfo" time="37.154547037" tag="vvvvv" TaskAutoShoot.state="SHOOT" />
TaskAutoShoot.autoTask_INFO [37.158437901] <Event name="StateInfo" time="37.15514184" tag="^^^^^" TaskAutoShoot.state="SHOOT" />
TaskAutoShoot.autoTask_INFO [37.233119156] <Event name="StateInfo" time="37.232782194" tag="vvvvv" TaskAutoShoot.state="SHOOT" />
TaskAutoShoot.autoTask_INFO [37.239781861] <Event name="StateInfo" time="37.239255569" tag="^^^^^" TaskAutoShoot.state="SHOOT" />
TaskAutoShoot.autoTask_INFO [37.299916366] <Event name="StateInfo" time="37.29871605" tag="vvvvv" TaskAutoShoot.state="SHOOT" />
TaskAutoShoot.autoTask_INFO [37.302639344] <Event name="StateInfo" time="37.301904192" tag="^^^^^" TaskAutoShoot.state="SHOOT" />
TaskAutoShoot.autoTask_INFO [37.373224596] <Event name="StateInfo" time="37.373033851" tag="vvvvv" TaskAutoShoot.state="SHOOT" />
TaskAutoShoot.autoTask_INFO [37.374084467] <Event name="StateInfo" time="37.373905211" tag="^^^^^" TaskAutoShoot.state="SHOOT" />
TaskAutoShoot.autoTask_INFO [37.457078834] <Event name="StateInfo" time="37.456581605" tag="vvvvv" TaskAutoShoot.state="SHOOT" />
TaskAutoShoot.autoTask_INFO [37.458934734] <Event name="StateInfo" time="37.458433394" tag="^^^^^" TaskAutoShoot.state="SHOOT" />
TaskAutoShoot.autoTask_INFO [37.552609034] <Event name="StateInfo" time="37.55021346" tag="vvvvv" TaskAutoShoot.state="SHOOT" />
TaskAutoShoot.autoTask_INFO [37.554246051] <Event name="StateInfo" time="37.554022043" tag="^^^^^" TaskAutoShoot.state="SHOOT" />
FrcTeleOp.operatorControllerButtonEvent_INFO [37.558277843] ##### button=Y, pressed=false
Shooter.RightShooter.goalTrackingTask_INFO [37.637457714] Shooter.RightShooter is Ready: rpm1=4850.129207/4912.829926, rpm2=2928.164063/0.000000, tilt=24.103106/24.106704, pan=null/null
TaskAutoShoot.autoTask_INFO [37.639262046] <Event name="StateInfo" time="37.637782723" tag="vvvvv" TaskAutoShoot.state="SHOOT" />
TaskAutoShoot.autoTask_INFO [37.642028512] <Event name="StateInfo" time="37.639713211" tag="^^^^^" TaskAutoShoot.state="SHOOT" />
TaskAutoShoot.autoTask_INFO [37.72512454] <Event name="StateInfo" time="37.724862206" tag="vvvvv" TaskAutoShoot.state="SHOOT" />
TaskAutoShoot.autoTask_INFO [37.727487617] <Event name="StateInfo" time="37.72688545" tag="^^^^^" TaskAutoShoot.state="SHOOT" />
FrcTeleOp.operatorControllerButtonEvent_INFO [37.736683995] ##### button=Y, pressed=true
FrcTeleOp.shoot_INFO [37.741195309] >>>>> Stop Auto Shoot.
TaskAutoShoot.cancel_INFO [37.744637987] Canceling auto task operation.
TaskAutoShoot.stopSubsystems_INFO [37.747752758] Stopping subsystems.
Shooter.LeftTransferMotor.cancel_INFO [37.750603171] Cancel: stopping motor.
Shooter.RightTransferMotor.cancel_INFO [37.75291991] Cancel: stopping motor.
Shooter.FeederMotor.cancel_INFO [37.75631009] Cancel: stopping motor.
TaskAutoShoot.stopSubsystems_INFO [37.757687196] No previous GoalTracking, disable it.
Shooter.LeftShooter.disableGoalTracking_INFO [37.760223407] Disable Goal Tracking.
Shooter.LeftShooter.stopGoalTracking_INFO [37.763257102] Stop GoalTracking.
Shooter.LeftTiltMotor.cancel_INFO [37.7641754] Cancel: stopping motor.
Shooter.LeftPrimaryMotor.cancel_INFO [37.766017425] Cancel: stopping motor.
Shooter.RightShooter.disableGoalTracking_INFO [37.767884341] Disable Goal Tracking.
Shooter.RightShooter.stopGoalTracking_INFO [37.770509016] Stop GoalTracking.
Shooter.RightTiltMotor.cancel_INFO [37.771834924] Cancel: stopping motor.
Shooter.RightPrimaryMotor.cancel_INFO [37.774661725] Cancel: stopping motor.
Shooter.LeftShooter.cancel_INFO [37.777717442] owner=null
Shooter.LeftPrimaryMotor.cancel_INFO [37.781875668] Cancel: stopping motor.
Shooter.LeftTiltMotor.cancel_INFO [37.783153211] Cancel: stopping motor.
Shooter.RightShooter.cancel_INFO [37.785584709] owner=null
Shooter.RightPrimaryMotor.cancel_INFO [37.788297302] Cancel: stopping motor.
Shooter.RightTiltMotor.cancel_INFO [37.790383303] Cancel: stopping motor.
Shooter.LeftTransferMotor.cancel_INFO [37.79250039] Cancel: stopping motor.
Shooter.RightTransferMotor.cancel_INFO [37.793496918] Cancel: stopping motor.
Shooter.FeederMotor.cancel_INFO [37.795959967] Cancel: stopping motor.
FrcTeleOp.operatorControllerButtonEvent_INFO [38.004001088] ##### button=Y, pressed=false
FrcTeleOp.operatorControllerButtonEvent_INFO [38.054311813] ##### button=Y, pressed=true
FrcTeleOp.shoot_INFO [38.05600629] >>>>> Start Auto Shoot.
TaskAutoShoot.autoShoot_INFO [38.056762804] autoShoot(owner=null, event=null, taskParams=(autoStop=false, noPassback=false))
TaskAutoShoot.autoShoot_INFO [38.057583309] Enabling Goal Tracking (prevTrackParams=null).
Shooter.setupGoalTrackingMode_INFO [38.058856248] GoalTracking(trackingMode=AllianceHub, goalPose=(x=-158.838583,y=182.110000,angle=0.000000), noPassback=false).
Shooter.LeftShooter.enableGoalTracking_INFO [38.059249077] Enable GoalTracking (trackingParams=(trackFlywheel=true,trackTiltPos=true,trackPanPos=true)).
Shooter.LeftPrimaryMotor.cancel_INFO [38.061234607] Cancel: stopping motor.
Shooter.LeftTiltMotor.cancel_INFO [38.061858327] Cancel: stopping motor.
Shooter.RightShooter.enableGoalTracking_INFO [38.062993204] Enable GoalTracking (trackingParams=(trackFlywheel=true,trackTiltPos=true,trackPanPos=true)).
Shooter.RightPrimaryMotor.cancel_INFO [38.063690469] Cancel: stopping motor.
Shooter.RightTiltMotor.cancel_INFO [38.064445721] Cancel: stopping motor.
TaskAutoShoot.autoTask_INFO [38.142530489] <Event name="StateInfo" time="38.141643887" tag="vvvvv" TaskAutoShoot.state="START" />
TaskAutoShoot.runTaskState_INFO [38.144814246] ***** Wait for left Shooter ready.
TaskAutoShoot.runTaskState_INFO [38.1457076] ***** Wait for right Shooter ready.
TaskAutoShoot.runTaskState_INFO [38.14722128] ***** Wait for Turret ready.
TaskAutoShoot.autoTask_INFO [38.149098214] <Event name="StateInfo" time="38.148788286" tag="^^^^^" TaskAutoShoot.state="START" />
Shooter.TurretMotor.pidCtrlTask_INFO [38.184666415] controlMode: Position,onTarget=true(-88.88356559740521/-86.38405454578196), stalled=false, expired=false, event=(TaskAutoShoot.turretReady=SIGNALED)
TaskAutoShoot.autoTask_INFO [38.227695017] <Event name="StateInfo" time="38.227269949" tag="vvvvv" TaskAutoShoot.state="SHOOT" />
TaskAutoShoot.autoTask_INFO [38.232316918] <Event name="StateInfo" time="38.231750947" tag="^^^^^" TaskAutoShoot.state="SHOOT" />
Shooter.LeftShooter.goalTrackingTask_INFO [38.292763232] Shooter.LeftShooter is Ready: rpm1=4888.368389/4947.070626, rpm2=3043.593750/0.000000, tilt=24.379797/24.348685, pan=null/null
Shooter.RightShooter.goalTrackingTask_INFO [38.341674164] Shooter.RightShooter is Ready: rpm1=4958.978365/4947.070626, rpm2=3026.367188/0.000000, tilt=24.379797/24.348685, pan=null/null
TaskAutoShoot.autoTask_INFO [38.343270425] <Event name="StateInfo" time="38.342876488" tag="vvvvv" TaskAutoShoot.state="SHOOT" />
TaskAutoShoot.runTaskState_INFO [38.34518469] ***** Start left shooter shooting.
Shooter.shoot_INFO [38.349187025] shoot(owner=null, event=(TaskAutoShoot.leftShooterDone=CLEARED), shooter=leftShooter, autoStop=false)
Shooter.LeftTransferMotor.cancel_INFO [38.351609015] Cancel: stopping motor.
TaskAutoShoot.runTaskState_INFO [38.355153702] ***** Start right shooter shooting.
Shooter.shoot_INFO [38.361463743] shoot(owner=null, event=(TaskAutoShoot.rightShooterDone=CLEARED), shooter=rightShooter, autoStop=false)
Shooter.RightTransferMotor.cancel_INFO [38.362527476] Cancel: stopping motor.
TaskAutoShoot.autoTask_INFO [38.364078644] <Event name="StateInfo" time="38.363891184" tag="^^^^^" TaskAutoShoot.state="SHOOT" />
FrcTeleOp.operatorControllerButtonEvent_INFO [38.373128304] ##### button=Y, pressed=false
FrcTeleOp.operatorControllerButtonEvent_INFO [40.072457161] ##### button=Y, pressed=true
FrcTeleOp.shoot_INFO [40.076260587] >>>>> Stop Auto Shoot.
TaskAutoShoot.cancel_INFO [40.077085291] Canceling auto task operation.
TaskAutoShoot.stopSubsystems_INFO [40.077891377] Stopping subsystems.
Shooter.LeftTransferMotor.cancel_INFO [40.082902307] Cancel: stopping motor.
Shooter.RightTransferMotor.cancel_INFO [40.084322856] Cancel: stopping motor.
Shooter.FeederMotor.cancel_INFO [40.085268784] Cancel: stopping motor.
TaskAutoShoot.stopSubsystems_INFO [40.08642902] No previous GoalTracking, disable it.
Shooter.LeftShooter.disableGoalTracking_INFO [40.089434468] Disable Goal Tracking.
Shooter.LeftShooter.stopGoalTracking_INFO [40.093505731] Stop GoalTracking.
Shooter.LeftTiltMotor.cancel_INFO [40.094310541] Cancel: stopping motor.
Shooter.LeftPrimaryMotor.cancel_INFO [40.095252735] Cancel: stopping motor.
Shooter.RightShooter.disableGoalTracking_INFO [40.097492141] Disable Goal Tracking.
Shooter.RightShooter.stopGoalTracking_INFO [40.098986395] Stop GoalTracking.
Shooter.RightTiltMotor.cancel_INFO [40.102673942] Cancel: stopping motor.
Shooter.RightPrimaryMotor.cancel_INFO [40.104583146] Cancel: stopping motor.
Shooter.LeftShooter.cancel_INFO [40.106002375] owner=null
Shooter.LeftPrimaryMotor.cancel_INFO [40.115481387] Cancel: stopping motor.
Shooter.LeftTiltMotor.cancel_INFO [40.116709841] Cancel: stopping motor.
Shooter.RightShooter.cancel_INFO [40.118060644] owner=null
Shooter.RightPrimaryMotor.cancel_INFO [40.120014034] Cancel: stopping motor.
Shooter.RightTiltMotor.cancel_INFO [40.120975094] Cancel: stopping motor.
Shooter.LeftTransferMotor.cancel_INFO [40.12188875] Cancel: stopping motor.
Shooter.RightTransferMotor.cancel_INFO [40.125415336] Cancel: stopping motor.
Shooter.FeederMotor.cancel_INFO [40.127135294] Cancel: stopping motor.
FrcTeleOp.operatorControllerButtonEvent_INFO [40.240426714] ##### button=Y, pressed=false
FrcTeleOp.operatorControllerButtonEvent_INFO [40.291747487] ##### button=Y, pressed=true
FrcTeleOp.shoot_INFO [40.296850224] >>>>> Start Auto Shoot.
TaskAutoShoot.autoShoot_INFO [40.298965528] autoShoot(owner=null, event=null, taskParams=(autoStop=false, noPassback=false))
TaskAutoShoot.autoShoot_INFO [40.299751147] Enabling Goal Tracking (prevTrackParams=null).
Shooter.setupGoalTrackingMode_INFO [40.301091123] GoalTracking(trackingMode=AllianceHub, goalPose=(x=-158.838583,y=182.110000,angle=0.000000), noPassback=false).
Shooter.LeftShooter.enableGoalTracking_INFO [40.302443447] Enable GoalTracking (trackingParams=(trackFlywheel=true,trackTiltPos=true,trackPanPos=true)).
Shooter.LeftPrimaryMotor.cancel_INFO [40.303753083] Cancel: stopping motor.
Shooter.LeftTiltMotor.cancel_INFO [40.304650607] Cancel: stopping motor.
Shooter.RightShooter.enableGoalTracking_INFO [40.306668197] Enable GoalTracking (trackingParams=(trackFlywheel=true,trackTiltPos=true,trackPanPos=true)).
Shooter.RightPrimaryMotor.cancel_INFO [40.307807818] Cancel: stopping motor.
Shooter.RightTiltMotor.cancel_INFO [40.309550345] Cancel: stopping motor.
TaskAutoShoot.autoTask_INFO [40.395169401] <Event name="StateInfo" time="40.394728325" tag="vvvvv" TaskAutoShoot.state="START" />
TaskAutoShoot.runTaskState_INFO [40.397314401] ***** Wait for left Shooter ready.
TaskAutoShoot.runTaskState_INFO [40.399042948] ***** Wait for right Shooter ready.
TaskAutoShoot.runTaskState_INFO [40.402821736] ***** Wait for Turret ready.
TaskAutoShoot.autoTask_INFO [40.407782345] <Event name="StateInfo" time="40.404436812" tag="^^^^^" TaskAutoShoot.state="START" />
FrcTeleOp.operatorControllerButtonEvent_INFO [40.412632235] ##### button=Y, pressed=false
Shooter.TurretMotor.pidCtrlTask_INFO [40.453171042] controlMode: Position,onTarget=true(-90.26141805770158/-90.3543887897775), stalled=false, expired=false, event=(TaskAutoShoot.turretReady=SIGNALED)
TaskAutoShoot.autoTask_INFO [40.491947923] <Event name="StateInfo" time="40.490809305" tag="vvvvv" TaskAutoShoot.state="SHOOT" />
TaskAutoShoot.autoTask_INFO [40.493187129] <Event name="StateInfo" time="40.492415856" tag="^^^^^" TaskAutoShoot.state="SHOOT" />
Shooter.RightShooter.goalTrackingTask_INFO [40.565564544] Shooter.RightShooter is Ready: rpm1=4909.570313/4946.444353, rpm2=2990.273438/0.000000, tilt=24.379797/24.344237, pan=null/null
TaskAutoShoot.autoTask_INFO [40.571321583] <Event name="StateInfo" time="40.569822901" tag="vvvvv" TaskAutoShoot.state="SHOOT" />
TaskAutoShoot.runTaskState_INFO [40.575650752] ***** Start right shooter shooting.
Shooter.shoot_INFO [40.583709564] shoot(owner=null, event=(TaskAutoShoot.rightShooterDone=CLEARED), shooter=rightShooter, autoStop=false)
Shooter.RightTransferMotor.cancel_INFO [40.590359228] Cancel: stopping motor.
TaskAutoShoot.autoTask_INFO [40.592497778] <Event name="StateInfo" time="40.59229076" tag="^^^^^" TaskAutoShoot.state="SHOOT" />
Shooter.LeftShooter.goalTrackingTask_INFO [40.663436019] Shooter.LeftShooter is Ready: rpm1=4908.623798/4946.172936, rpm2=3022.148438/0.000000, tilt=24.379797/24.342309, pan=null/null
TaskAutoShoot.autoTask_INFO [40.701673268] <Event name="StateInfo" time="40.70138428" tag="vvvvv" TaskAutoShoot.state="SHOOT" />
TaskAutoShoot.runTaskState_INFO [40.703758328] ***** Start left shooter shooting.
Shooter.shoot_INFO [40.706045392] shoot(owner=null, event=(TaskAutoShoot.leftShooterDone=CLEARED), shooter=leftShooter, autoStop=false)
Shooter.LeftTransferMotor.cancel_INFO [40.707557073] Cancel: stopping motor.
TaskAutoShoot.autoTask_INFO [40.70914948] <Event name="StateInfo" time="40.708893728" tag="^^^^^" TaskAutoShoot.state="SHOOT" />
FrcTeleOp.operatorControllerButtonEvent_INFO [42.166001519] ##### button=Y, pressed=true
FrcTeleOp.shoot_INFO [42.167881322] >>>>> Stop Auto Shoot.
TaskAutoShoot.cancel_INFO [42.169678839] Canceling auto task operation.
TaskAutoShoot.stopSubsystems_INFO [42.170893158] Stopping subsystems.
Shooter.LeftTransferMotor.cancel_INFO [42.171858359] Cancel: stopping motor.
Shooter.RightTransferMotor.cancel_INFO [42.173671887] Cancel: stopping motor.
Shooter.FeederMotor.cancel_INFO [42.177617086] Cancel: stopping motor.
TaskAutoShoot.stopSubsystems_INFO [42.178683996] No previous GoalTracking, disable it.
Shooter.LeftShooter.disableGoalTracking_INFO [42.179929793] Disable Goal Tracking.
Shooter.LeftShooter.stopGoalTracking_INFO [42.180854501] Stop GoalTracking.
Shooter.LeftTiltMotor.cancel_INFO [42.182078942] Cancel: stopping motor.
Shooter.LeftPrimaryMotor.cancel_INFO [42.183355827] Cancel: stopping motor.
Shooter.RightShooter.disableGoalTracking_INFO [42.184652088] Disable Goal Tracking.
Shooter.RightShooter.stopGoalTracking_INFO [42.188828333] Stop GoalTracking.
Shooter.RightTiltMotor.cancel_INFO [42.190225544] Cancel: stopping motor.
Shooter.RightPrimaryMotor.cancel_INFO [42.192049781] Cancel: stopping motor.
Shooter.LeftShooter.cancel_INFO [42.193996583] owner=null
Shooter.LeftPrimaryMotor.cancel_INFO [42.195205668] Cancel: stopping motor.
Shooter.LeftTiltMotor.cancel_INFO [42.199772169] Cancel: stopping motor.
Shooter.RightShooter.cancel_INFO [42.201142424] owner=null
Shooter.RightPrimaryMotor.cancel_INFO [42.202712792] Cancel: stopping motor.
Shooter.RightTiltMotor.cancel_INFO [42.204118726] Cancel: stopping motor.
Shooter.LeftTransferMotor.cancel_INFO [42.20530737] Cancel: stopping motor.
Shooter.RightTransferMotor.cancel_INFO [42.206667478] Cancel: stopping motor.
Shooter.FeederMotor.cancel_INFO [42.207765226] Cancel: stopping motor.
FrcTeleOp.operatorControllerButtonEvent_INFO [42.296508133] ##### button=Y, pressed=false
FrcTeleOp.operatorControllerButtonEvent_INFO [42.400036887] ##### button=Y, pressed=true
FrcTeleOp.shoot_INFO [42.402648737] >>>>> Start Auto Shoot.
TaskAutoShoot.autoShoot_INFO [42.40409668] autoShoot(owner=null, event=null, taskParams=(autoStop=false, noPassback=false))
TaskAutoShoot.autoShoot_INFO [42.405753126] Enabling Goal Tracking (prevTrackParams=null).
Shooter.setupGoalTrackingMode_INFO [42.407683935] GoalTracking(trackingMode=AllianceHub, goalPose=(x=-158.838583,y=182.110000,angle=0.000000), noPassback=false).
Shooter.LeftShooter.enableGoalTracking_INFO [42.409099596] Enable GoalTracking (trackingParams=(trackFlywheel=true,trackTiltPos=true,trackPanPos=true)).
Shooter.LeftPrimaryMotor.cancel_INFO [42.410987985] Cancel: stopping motor.
Shooter.LeftTiltMotor.cancel_INFO [42.412694662] Cancel: stopping motor.
Shooter.RightShooter.enableGoalTracking_INFO [42.414858738] Enable GoalTracking (trackingParams=(trackFlywheel=true,trackTiltPos=true,trackPanPos=true)).
Shooter.RightPrimaryMotor.cancel_INFO [42.418948497] Cancel: stopping motor.
Shooter.RightTiltMotor.cancel_INFO [42.420579292] Cancel: stopping motor.
TaskAutoShoot.autoTask_INFO [42.487937331] <Event name="StateInfo" time="42.487606837" tag="vvvvv" TaskAutoShoot.state="START" />
TaskAutoShoot.runTaskState_INFO [42.493756281] ***** Wait for left Shooter ready.
TaskAutoShoot.runTaskState_INFO [42.497034012] ***** Wait for right Shooter ready.
TaskAutoShoot.runTaskState_INFO [42.499567828] ***** Wait for Turret ready.
TaskAutoShoot.autoTask_INFO [42.504844141] <Event name="StateInfo" time="42.503843006" tag="^^^^^" TaskAutoShoot.state="START" />
FrcTeleOp.operatorControllerButtonEvent_INFO [42.51693589] ##### button=Y, pressed=false
Shooter.TurretMotor.pidCtrlTask_INFO [42.594726782] controlMode: Position,onTarget=true(-79.10180864596936/-78.71666235782288), stalled=false, expired=false, event=(TaskAutoShoot.turretReady=SIGNALED)
Shooter.LeftShooter.goalTrackingTask_INFO [42.613675233] Shooter.LeftShooter is Ready: rpm1=5008.197115/5064.415912, rpm2=3127.500000/0.000000, tilt=25.209870/25.197441, pan=null/null
TaskAutoShoot.autoTask_INFO [42.637381141] <Event name="StateInfo" time="42.637175145" tag="vvvvv" TaskAutoShoot.state="SHOOT" />
TaskAutoShoot.runTaskState_INFO [42.6377422] ***** Start left shooter shooting.
Shooter.shoot_INFO [42.641945832] shoot(owner=null, event=(TaskAutoShoot.leftShooterDone=CLEARED), shooter=leftShooter, autoStop=false)
Shooter.LeftTransferMotor.cancel_INFO [42.644415001] Cancel: stopping motor.
TaskAutoShoot.autoTask_INFO [42.648892153] <Event name="StateInfo" time="42.646387483" tag="^^^^^" TaskAutoShoot.state="SHOOT" />
Shooter.RightShooter.goalTrackingTask_INFO [42.745273346] Shooter.RightShooter is Ready: rpm1=5054.576322/5064.552074, rpm2=3111.093750/0.000000, tilt=25.209870/25.198444, pan=null/null
TaskAutoShoot.autoTask_INFO [42.74772291] <Event name="StateInfo" time="42.745575656" tag="vvvvv" TaskAutoShoot.state="SHOOT" />
TaskAutoShoot.runTaskState_INFO [42.748731513] ***** Start right shooter shooting.
Shooter.shoot_INFO [42.750829431] shoot(owner=null, event=(TaskAutoShoot.rightShooterDone=CLEARED), shooter=rightShooter, autoStop=false)
Shooter.RightTransferMotor.cancel_INFO [42.751787998] Cancel: stopping motor.
TaskAutoShoot.autoTask_INFO [42.753948573] <Event name="StateInfo" time="42.753759211" tag="^^^^^" TaskAutoShoot.state="SHOOT" />
FrcTeleOp.operatorControllerButtonEvent_INFO [43.291939845] ##### button=Y, pressed=true
FrcTeleOp.shoot_INFO [43.294875319] >>>>> Stop Auto Shoot.
TaskAutoShoot.cancel_INFO [43.29590854] Canceling auto task operation.
TaskAutoShoot.stopSubsystems_INFO [43.2971647] Stopping subsystems.
Shooter.LeftTransferMotor.cancel_INFO [43.298626593] Cancel: stopping motor.
Shooter.RightTransferMotor.cancel_INFO [43.30107608] Cancel: stopping motor.
Shooter.FeederMotor.cancel_INFO [43.302558239] Cancel: stopping motor.
TaskAutoShoot.stopSubsystems_INFO [43.303531005] No previous GoalTracking, disable it.
Shooter.LeftShooter.disableGoalTracking_INFO [43.304780177] Disable Goal Tracking.
Shooter.LeftShooter.stopGoalTracking_INFO [43.306070383] Stop GoalTracking.
Shooter.LeftTiltMotor.cancel_INFO [43.307514313] Cancel: stopping motor.
Shooter.LeftPrimaryMotor.cancel_INFO [43.309436676] Cancel: stopping motor.
Shooter.RightShooter.disableGoalTracking_INFO [43.310517101] Disable Goal Tracking.
Shooter.RightShooter.stopGoalTracking_INFO [43.311325049] Stop GoalTracking.
Shooter.RightTiltMotor.cancel_INFO [43.31231108] Cancel: stopping motor.
Shooter.RightPrimaryMotor.cancel_INFO [43.31337671] Cancel: stopping motor.
Shooter.LeftShooter.cancel_INFO [43.316403574] owner=null
Shooter.LeftPrimaryMotor.cancel_INFO [43.318505708] Cancel: stopping motor.
Shooter.LeftTiltMotor.cancel_INFO [43.321223955] Cancel: stopping motor.
Shooter.RightShooter.cancel_INFO [43.322791049] owner=null
Shooter.RightPrimaryMotor.cancel_INFO [43.32453995] Cancel: stopping motor.
Shooter.RightTiltMotor.cancel_INFO [43.329637506] Cancel: stopping motor.
Shooter.LeftTransferMotor.cancel_INFO [43.331841842] Cancel: stopping motor.
Shooter.RightTransferMotor.cancel_INFO [43.342735645] Cancel: stopping motor.
Shooter.FeederMotor.cancel_INFO [43.345738959] Cancel: stopping motor.
FrcTeleOp.operatorControllerButtonEvent_INFO [43.492919098] ##### button=Y, pressed=false
FrcTeleOp.operatorControllerButtonEvent_INFO [43.796791632] ##### button=LeftBumper, pressed=true
FrcTeleOp.operatorControllerButtonEvent_INFO [43.801941942] >>>>> OperatorAltFunc=true
FrcTeleOp.operatorControllerButtonEvent_INFO [43.95182944] ##### button=X, pressed=true
Shooter.LeftTransferMotor.cancel_INFO [43.953206743] Cancel: stopping motor.
FrcTeleOp.operatorControllerButtonEvent_INFO [43.958036051] >>>>> Left Transfer eject.
Shooter.RightTransferMotor.cancel_INFO [43.958557425] Cancel: stopping motor.
FrcTeleOp.operatorControllerButtonEvent_INFO [43.960994745] >>>>> Right Transfer eject.
FrcTeleOp.operatorControllerButtonEvent_INFO [44.00330166] ##### button=X, pressed=false
Shooter.LeftTransferMotor.cancel_INFO [44.005702535] Cancel: stopping motor.
Shooter.RightTransferMotor.cancel_INFO [44.006792889] Cancel: stopping motor.
FrcTeleOp.operatorControllerButtonEvent_INFO [44.25835059] ##### button=X, pressed=true
Shooter.LeftTransferMotor.cancel_INFO [44.259720918] Cancel: stopping motor.
FrcTeleOp.operatorControllerButtonEvent_INFO [44.260666943] >>>>> Left Transfer eject.
Shooter.RightTransferMotor.cancel_INFO [44.260988631] Cancel: stopping motor.
FrcTeleOp.operatorControllerButtonEvent_INFO [44.261404276] >>>>> Right Transfer eject.
FrcTeleOp.operatorControllerButtonEvent_INFO [44.977941077] ##### button=X, pressed=false
Shooter.LeftTransferMotor.cancel_INFO [44.979177682] Cancel: stopping motor.
Shooter.RightTransferMotor.cancel_INFO [44.980041504] Cancel: stopping motor.
FrcTeleOp.operatorControllerButtonEvent_INFO [45.132000055] ##### button=X, pressed=true
Shooter.LeftTransferMotor.cancel_INFO [45.137493002] Cancel: stopping motor.
FrcTeleOp.operatorControllerButtonEvent_INFO [45.139457148] >>>>> Left Transfer eject.
Shooter.RightTransferMotor.cancel_INFO [45.14103251] Cancel: stopping motor.
FrcTeleOp.operatorControllerButtonEvent_INFO [45.142355506] >>>>> Right Transfer eject.
FrcTeleOp.operatorControllerButtonEvent_INFO [45.742277468] ##### button=X, pressed=false
Shooter.LeftTransferMotor.cancel_INFO [45.743928703] Cancel: stopping motor.
Shooter.RightTransferMotor.cancel_INFO [45.744901104] Cancel: stopping motor.
FrcTeleOp.operatorControllerButtonEvent_INFO [45.792827259] ##### button=LeftBumper, pressed=false
FrcTeleOp.operatorControllerButtonEvent_INFO [45.794131518] >>>>> OperatorAltFunc=false
FrcTeleOp.operatorControllerButtonEvent_INFO [45.848583342] ##### button=Y, pressed=true
FrcTeleOp.shoot_INFO [45.849698608] >>>>> Start Auto Shoot.
TaskAutoShoot.autoShoot_INFO [45.850225985] autoShoot(owner=null, event=null, taskParams=(autoStop=false, noPassback=false))
TaskAutoShoot.autoShoot_INFO [45.854991857] Enabling Goal Tracking (prevTrackParams=null).
Shooter.setupGoalTrackingMode_INFO [45.857037275] GoalTracking(trackingMode=AllianceHub, goalPose=(x=-158.838583,y=182.110000,angle=0.000000), noPassback=false).
Shooter.LeftShooter.enableGoalTracking_INFO [45.861108589] Enable GoalTracking (trackingParams=(trackFlywheel=true,trackTiltPos=true,trackPanPos=true)).
Shooter.LeftPrimaryMotor.cancel_INFO [45.863983669] Cancel: stopping motor.
Shooter.LeftTiltMotor.cancel_INFO [45.867183612] Cancel: stopping motor.
Shooter.RightShooter.enableGoalTracking_INFO [45.871327808] Enable GoalTracking (trackingParams=(trackFlywheel=true,trackTiltPos=true,trackPanPos=true)).
Shooter.RightPrimaryMotor.cancel_INFO [45.874510877] Cancel: stopping motor.
Shooter.RightTiltMotor.cancel_INFO [45.877880865] Cancel: stopping motor.
TaskAutoShoot.autoTask_INFO [45.950444712] <Event name="StateInfo" time="45.948901645" tag="vvvvv" TaskAutoShoot.state="START" />
TaskAutoShoot.runTaskState_INFO [45.951201314] ***** Wait for left Shooter ready.
TaskAutoShoot.runTaskState_INFO [45.951691652] ***** Wait for right Shooter ready.
TaskAutoShoot.runTaskState_INFO [45.954144247] ***** Wait for Turret ready.
TaskAutoShoot.autoTask_INFO [45.954909939] <Event name="StateInfo" time="45.954437645" tag="^^^^^" TaskAutoShoot.state="START" />
TaskAutoShoot.autoTask_INFO [46.109953097] <Event name="StateInfo" time="46.107581698" tag="vvvvv" TaskAutoShoot.state="SHOOT" />
TaskAutoShoot.autoTask_INFO [46.111190567] <Event name="StateInfo" time="46.110967094" tag="^^^^^" TaskAutoShoot.state="SHOOT" />
FrcTeleOp.operatorControllerButtonEvent_INFO [46.114562548] ##### button=Y, pressed=false
TaskAutoShoot.autoTask_INFO [46.188961735] <Event name="StateInfo" time="46.18855212" tag="vvvvv" TaskAutoShoot.state="SHOOT" />
TaskAutoShoot.autoTask_INFO [46.192384521] <Event name="StateInfo" time="46.192107037" tag="^^^^^" TaskAutoShoot.state="SHOOT" />
TaskAutoShoot.autoTask_INFO [46.264606762] <Event name="StateInfo" time="46.263380249" tag="vvvvv" TaskAutoShoot.state="SHOOT" />
TaskAutoShoot.autoTask_INFO [46.265281439] <Event name="StateInfo" time="46.265089933" tag="^^^^^" TaskAutoShoot.state="SHOOT" />
TaskAutoShoot.autoTask_INFO [46.35416379] <Event name="StateInfo" time="46.353965516" tag="vvvvv" TaskAutoShoot.state="SHOOT" />
TaskAutoShoot.autoTask_INFO [46.35767169] <Event name="StateInfo" time="46.357442843" tag="^^^^^" TaskAutoShoot.state="SHOOT" />
TaskAutoShoot.autoTask_INFO [46.430241449] <Event name="StateInfo" time="46.429171396" tag="vvvvv" TaskAutoShoot.state="SHOOT" />
TaskAutoShoot.autoTask_INFO [46.431704859] <Event name="StateInfo" time="46.431295012" tag="^^^^^" TaskAutoShoot.state="SHOOT" />
Shooter.RightShooter.goalTrackingTask_INFO [46.541579814] Shooter.RightShooter is Ready: rpm1=4824.762620/4903.022989, rpm2=3038.671875/0.000000, tilt=23.984524/24.037848, pan=null/null
TaskAutoShoot.autoTask_INFO [46.543910468] <Event name="StateInfo" time="46.542756414" tag="vvvvv" TaskAutoShoot.state="SHOOT" />
TaskAutoShoot.autoTask_INFO [46.552395622] <Event name="StateInfo" time="46.551184622" tag="^^^^^" TaskAutoShoot.state="SHOOT" />
TaskAutoShoot.autoTask_INFO [46.644562639] <Event name="StateInfo" time="46.644350802" tag="vvvvv" TaskAutoShoot.state="SHOOT" />
TaskAutoShoot.autoTask_INFO [46.645571237] <Event name="StateInfo" time="46.645381489" tag="^^^^^" TaskAutoShoot.state="SHOOT" />
Shooter.LeftShooter.goalTrackingTask_INFO [46.710251252] Shooter.LeftShooter is Ready: rpm1=4856.754808/4902.588244, rpm2=2980.898438/0.000000, tilt=23.984524/24.034801, pan=null/null
TaskAutoShoot.autoTask_INFO [46.739898173] <Event name="StateInfo" time="46.738722713" tag="vvvvv" TaskAutoShoot.state="SHOOT" />
TaskAutoShoot.autoTask_INFO [46.741952982] <Event name="StateInfo" time="46.741729457" tag="^^^^^" TaskAutoShoot.state="SHOOT" />
TaskAutoShoot.autoTask_INFO [46.818164956] <Event name="StateInfo" time="46.81795727" tag="vvvvv" TaskAutoShoot.state="SHOOT" />
TaskAutoShoot.autoTask_INFO [46.822309793] <Event name="StateInfo" time="46.818602358" tag="^^^^^" TaskAutoShoot.state="SHOOT" />
FrcTeleOp.operatorControllerButtonEvent_INFO [46.829917278] ##### button=Y, pressed=true
FrcTeleOp.shoot_INFO [46.831902794] >>>>> Stop Auto Shoot.
TaskAutoShoot.cancel_INFO [46.832323359] Canceling auto task operation.
TaskAutoShoot.stopSubsystems_INFO [46.834912013] Stopping subsystems.
Shooter.LeftTransferMotor.cancel_INFO [46.837605205] Cancel: stopping motor.
Shooter.RightTransferMotor.cancel_INFO [46.841213788] Cancel: stopping motor.
Shooter.FeederMotor.cancel_INFO [46.843368519] Cancel: stopping motor.
TaskAutoShoot.stopSubsystems_INFO [46.845184936] No previous GoalTracking, disable it.
Shooter.LeftShooter.disableGoalTracking_INFO [46.848234828] Disable Goal Tracking.
Shooter.LeftShooter.stopGoalTracking_INFO [46.851322428] Stop GoalTracking.
Shooter.LeftTiltMotor.cancel_INFO [46.851837245] Cancel: stopping motor.
Shooter.LeftPrimaryMotor.cancel_INFO [46.855040672] Cancel: stopping motor.
Shooter.RightShooter.disableGoalTracking_INFO [46.860118219] Disable Goal Tracking.
Shooter.RightShooter.stopGoalTracking_INFO [46.861543479] Stop GoalTracking.
Shooter.RightTiltMotor.cancel_INFO [46.863425347] Cancel: stopping motor.
Shooter.RightPrimaryMotor.cancel_INFO [46.865297144] Cancel: stopping motor.
Shooter.LeftShooter.cancel_INFO [46.868135317] owner=null
Shooter.LeftPrimaryMotor.cancel_INFO [46.871460944] Cancel: stopping motor.
Shooter.LeftTiltMotor.cancel_INFO [46.873758808] Cancel: stopping motor.
Shooter.RightShooter.cancel_INFO [46.877528061] owner=null
Shooter.RightPrimaryMotor.cancel_INFO [46.879905347] Cancel: stopping motor.
Shooter.RightTiltMotor.cancel_INFO [46.896507419] Cancel: stopping motor.
Shooter.LeftTransferMotor.cancel_INFO [46.898525696] Cancel: stopping motor.
Shooter.RightTransferMotor.cancel_INFO [46.900663272] Cancel: stopping motor.
Shooter.FeederMotor.cancel_INFO [46.901459461] Cancel: stopping motor.
FrcTeleOp.operatorControllerButtonEvent_INFO [47.009830667] ##### button=Y, pressed=false
FrcTeleOp.operatorControllerButtonEvent_INFO [47.314867644] ##### button=Y, pressed=true
FrcTeleOp.shoot_INFO [47.317210365] >>>>> Start Auto Shoot.
TaskAutoShoot.autoShoot_INFO [47.317800135] autoShoot(owner=null, event=null, taskParams=(autoStop=false, noPassback=false))
TaskAutoShoot.autoShoot_INFO [47.31844325] Enabling Goal Tracking (prevTrackParams=null).
Shooter.setupGoalTrackingMode_INFO [47.319591811] GoalTracking(trackingMode=AllianceHub, goalPose=(x=-158.838583,y=182.110000,angle=0.000000), noPassback=false).
Shooter.LeftShooter.enableGoalTracking_INFO [47.320460065] Enable GoalTracking (trackingParams=(trackFlywheel=true,trackTiltPos=true,trackPanPos=true)).
Shooter.LeftPrimaryMotor.cancel_INFO [47.332176957] Cancel: stopping motor.
Shooter.LeftTiltMotor.cancel_INFO [47.333666272] Cancel: stopping motor.
Shooter.RightShooter.enableGoalTracking_INFO [47.33635202] Enable GoalTracking (trackingParams=(trackFlywheel=true,trackTiltPos=true,trackPanPos=true)).
Shooter.RightPrimaryMotor.cancel_INFO [47.341637173] Cancel: stopping motor.
Shooter.RightTiltMotor.cancel_INFO [47.343049892] Cancel: stopping motor.
TaskAutoShoot.autoTask_INFO [47.407270005] <Event name="StateInfo" time="47.407023063" tag="vvvvv" TaskAutoShoot.state="START" />
TaskAutoShoot.runTaskState_INFO [47.408569187] ***** Wait for left Shooter ready.
TaskAutoShoot.runTaskState_INFO [47.410173425] ***** Wait for right Shooter ready.
TaskAutoShoot.runTaskState_INFO [47.410913087] ***** Wait for Turret ready.
TaskAutoShoot.autoTask_INFO [47.412214978] <Event name="StateInfo" time="47.411739552" tag="^^^^^" TaskAutoShoot.state="START" />
FrcTeleOp.operatorControllerButtonEvent_INFO [47.420580435] ##### button=Y, pressed=false
Shooter.TurretMotor.pidCtrlTask_INFO [47.472327163] controlMode: Position,onTarget=true(-0.15942278992321235/-0.17205504253529028), stalled=false, expired=false, event=(TaskAutoShoot.turretReady=SIGNALED)
TaskAutoShoot.autoTask_INFO [47.516936423] <Event name="StateInfo" time="47.516716678" tag="vvvvv" TaskAutoShoot.state="SHOOT" />
TaskAutoShoot.autoTask_INFO [47.518675886] <Event name="StateInfo" time="47.51849364" tag="^^^^^" TaskAutoShoot.state="SHOOT" />
Shooter.RightShooter.goalTrackingTask_INFO [47.593360172] Shooter.RightShooter is Ready: rpm1=4855.618990/4904.094051, rpm2=3018.867188/0.000000, tilt=24.063579/24.045359, pan=null/null
TaskAutoShoot.autoTask_INFO [47.594678831] <Event name="StateInfo" time="47.593628028" tag="vvvvv" TaskAutoShoot.state="SHOOT" />
TaskAutoShoot.runTaskState_INFO [47.59503614] ***** Start right shooter shooting.
Shooter.shoot_INFO [47.600629908] shoot(owner=null, event=(TaskAutoShoot.rightShooterDone=CLEARED), shooter=rightShooter, autoStop=false)
Shooter.RightTransferMotor.cancel_INFO [47.603182151] Cancel: stopping motor.
TaskAutoShoot.autoTask_INFO [47.606734687] <Event name="StateInfo" time="47.606524262" tag="^^^^^" TaskAutoShoot.state="SHOOT" />
Shooter.LeftShooter.goalTrackingTask_INFO [47.661519218] Shooter.LeftShooter is Ready: rpm1=4858.837139/4903.281231, rpm2=2958.750000/0.000000, tilt=24.063579/24.039659, pan=null/null
TaskAutoShoot.autoTask_INFO [47.681672775] <Event name="StateInfo" time="47.680718703" tag="vvvvv" TaskAutoShoot.state="SHOOT" />
TaskAutoShoot.runTaskState_INFO [47.682592471] ***** Start left shooter shooting.
Shooter.shoot_INFO [47.683585621] shoot(owner=null, event=(TaskAutoShoot.leftShooterDone=CLEARED), shooter=leftShooter, autoStop=false)
Shooter.LeftTransferMotor.cancel_INFO [47.684978715] Cancel: stopping motor.
TaskAutoShoot.autoTask_INFO [47.686820057] <Event name="StateInfo" time="47.686617292" tag="^^^^^" TaskAutoShoot.state="SHOOT" />
FrcTeleOp.operatorControllerButtonEvent_INFO [50.382443486] ##### button=Y, pressed=true
FrcTeleOp.shoot_INFO [50.390856943] >>>>> Stop Auto Shoot.
TaskAutoShoot.cancel_INFO [50.395652957] Canceling auto task operation.
TaskAutoShoot.stopSubsystems_INFO [50.399812688] Stopping subsystems.
Shooter.LeftTransferMotor.cancel_INFO [50.400972509] Cancel: stopping motor.
Shooter.RightTransferMotor.cancel_INFO [50.40437233] Cancel: stopping motor.
Shooter.FeederMotor.cancel_INFO [50.404927753] Cancel: stopping motor.
TaskAutoShoot.stopSubsystems_INFO [50.407953417] No previous GoalTracking, disable it.
Shooter.LeftShooter.disableGoalTracking_INFO [50.408436027] Disable Goal Tracking.
Shooter.LeftShooter.stopGoalTracking_INFO [50.409951587] Stop GoalTracking.
Shooter.LeftTiltMotor.cancel_INFO [50.410350562] Cancel: stopping motor.
Shooter.LeftPrimaryMotor.cancel_INFO [50.410907863] Cancel: stopping motor.
Shooter.RightShooter.disableGoalTracking_INFO [50.414482377] Disable Goal Tracking.
Shooter.RightShooter.stopGoalTracking_INFO [50.414852371] Stop GoalTracking.
Shooter.RightTiltMotor.cancel_INFO [50.41520219] Cancel: stopping motor.
Shooter.RightPrimaryMotor.cancel_INFO [50.415674298] Cancel: stopping motor.
Shooter.LeftShooter.cancel_INFO [50.416259293] owner=null
Shooter.LeftPrimaryMotor.cancel_INFO [50.419371844] Cancel: stopping motor.
Shooter.LeftTiltMotor.cancel_INFO [50.420902363] Cancel: stopping motor.
Shooter.RightShooter.cancel_INFO [50.437029145] owner=null
Shooter.RightPrimaryMotor.cancel_INFO [50.441479147] Cancel: stopping motor.
Shooter.RightTiltMotor.cancel_INFO [50.447982907] Cancel: stopping motor.
Shooter.LeftTransferMotor.cancel_INFO [50.453510813] Cancel: stopping motor.
Shooter.RightTransferMotor.cancel_INFO [50.457514631] Cancel: stopping motor.
Shooter.FeederMotor.cancel_INFO [50.483958353] Cancel: stopping motor.
Climber.Motor.isMotorStalled_INFO [50.551406395] Stall detection triggered.
Climber.Motor.checkStallReset_INFO [50.554310302] Resetting stall.
FrcTeleOp.operatorControllerButtonEvent_INFO [50.74605313] ##### button=Y, pressed=false
FrcTeleOp.operatorControllerButtonEvent_INFO [53.884522554] ##### button=Y, pressed=true
FrcTeleOp.shoot_INFO [53.88531496] >>>>> Start Auto Shoot.
TaskAutoShoot.autoShoot_INFO [53.88559001] autoShoot(owner=null, event=null, taskParams=(autoStop=false, noPassback=false))
TaskAutoShoot.autoShoot_INFO [53.885835966] Enabling Goal Tracking (prevTrackParams=null).
Shooter.setupGoalTrackingMode_INFO [53.886552684] GoalTracking(trackingMode=AllianceHub, goalPose=(x=-158.838583,y=182.110000,angle=0.000000), noPassback=false).
Shooter.LeftShooter.enableGoalTracking_INFO [53.886854099] Enable GoalTracking (trackingParams=(trackFlywheel=true,trackTiltPos=true,trackPanPos=true)).
Shooter.LeftPrimaryMotor.cancel_INFO [53.887298994] Cancel: stopping motor.
Shooter.LeftTiltMotor.cancel_INFO [53.898568598] Cancel: stopping motor.
Shooter.RightShooter.enableGoalTracking_INFO [53.901896501] Enable GoalTracking (trackingParams=(trackFlywheel=true,trackTiltPos=true,trackPanPos=true)).
Shooter.RightPrimaryMotor.cancel_INFO [53.904149833] Cancel: stopping motor.
Shooter.RightTiltMotor.cancel_INFO [53.905630845] Cancel: stopping motor.
TaskAutoShoot.autoTask_INFO [53.985237363] <Event name="StateInfo" time="53.984976725" tag="vvvvv" TaskAutoShoot.state="START" />
TaskAutoShoot.runTaskState_INFO [53.989549547] ***** Wait for left Shooter ready.
TaskAutoShoot.runTaskState_INFO [53.990632863] ***** Wait for right Shooter ready.
TaskAutoShoot.runTaskState_INFO [53.99181166] ***** Wait for Turret ready.
TaskAutoShoot.autoTask_INFO [53.993425438] <Event name="StateInfo" time="53.992978748" tag="^^^^^" TaskAutoShoot.state="START" />
FrcTeleOp.operatorControllerButtonEvent_INFO [54.078749548] ##### button=Y, pressed=false
Shooter.TurretMotor.pidCtrlTask_INFO [54.089318336] controlMode: Position,onTarget=true(28.08348442404798/27.842450321777633), stalled=false, expired=false, event=(TaskAutoShoot.turretReady=SIGNALED)
TaskAutoShoot.autoTask_INFO [54.172949801] <Event name="StateInfo" time="54.17273441" tag="vvvvv" TaskAutoShoot.state="SHOOT" />
TaskAutoShoot.autoTask_INFO [54.173343606] <Event name="StateInfo" time="54.173184325" tag="^^^^^" TaskAutoShoot.state="SHOOT" />
FrcTeleOp.operatorControllerButtonEvent_INFO [54.1809216] ##### button=Y, pressed=true
FrcTeleOp.shoot_INFO [54.18145989] >>>>> Stop Auto Shoot.
TaskAutoShoot.cancel_INFO [54.182035573] Canceling auto task operation.
TaskAutoShoot.stopSubsystems_INFO [54.18247433] Stopping subsystems.
Shooter.LeftTransferMotor.cancel_INFO [54.182948342] Cancel: stopping motor.
Shooter.RightTransferMotor.cancel_INFO [54.183699078] Cancel: stopping motor.
Shooter.FeederMotor.cancel_INFO [54.184071346] Cancel: stopping motor.
TaskAutoShoot.stopSubsystems_INFO [54.184511199] No previous GoalTracking, disable it.
Shooter.LeftShooter.disableGoalTracking_INFO [54.184864435] Disable Goal Tracking.
Shooter.LeftShooter.stopGoalTracking_INFO [54.185411739] Stop GoalTracking.
Shooter.LeftTiltMotor.cancel_INFO [54.185937078] Cancel: stopping motor.
Shooter.LeftPrimaryMotor.cancel_INFO [54.186715363] Cancel: stopping motor.
Shooter.RightShooter.disableGoalTracking_INFO [54.187295072] Disable Goal Tracking.
Shooter.RightShooter.stopGoalTracking_INFO [54.187679977] Stop GoalTracking.
Shooter.RightTiltMotor.cancel_INFO [54.188147206] Cancel: stopping motor.
Shooter.RightPrimaryMotor.cancel_INFO [54.188603469] Cancel: stopping motor.
Shooter.LeftShooter.cancel_INFO [54.189916936] owner=null
Shooter.LeftPrimaryMotor.cancel_INFO [54.190619545] Cancel: stopping motor.
Shooter.LeftTiltMotor.cancel_INFO [54.191402275] Cancel: stopping motor.
Shooter.RightShooter.cancel_INFO [54.191875407] owner=null
Shooter.RightPrimaryMotor.cancel_INFO [54.192544167] Cancel: stopping motor.
Shooter.RightTiltMotor.cancel_INFO [54.193041108] Cancel: stopping motor.
Shooter.LeftTransferMotor.cancel_INFO [54.19344972] Cancel: stopping motor.
Shooter.RightTransferMotor.cancel_INFO [54.194045395] Cancel: stopping motor.
Shooter.FeederMotor.cancel_INFO [54.19442415] Cancel: stopping motor.
FrcTeleOp.operatorControllerButtonEvent_INFO [54.311136191] ##### button=Y, pressed=false
FrcTeleOp.operatorControllerButtonEvent_INFO [54.718670102] ##### button=Y, pressed=true
FrcTeleOp.shoot_INFO [54.729986769] >>>>> Start Auto Shoot.
TaskAutoShoot.autoShoot_INFO [54.736340622] autoShoot(owner=null, event=null, taskParams=(autoStop=false, noPassback=false))
TaskAutoShoot.autoShoot_INFO [54.743860634] Enabling Goal Tracking (prevTrackParams=null).
Shooter.setupGoalTrackingMode_INFO [54.751201] GoalTracking(trackingMode=AllianceHub, goalPose=(x=-158.838583,y=182.110000,angle=0.000000), noPassback=false).
Shooter.LeftShooter.enableGoalTracking_INFO [54.753054737] Enable GoalTracking (trackingParams=(trackFlywheel=true,trackTiltPos=true,trackPanPos=true)).
Shooter.LeftPrimaryMotor.cancel_INFO [54.755483424] Cancel: stopping motor.
Shooter.LeftTiltMotor.cancel_INFO [54.76165084] Cancel: stopping motor.
Shooter.RightShooter.enableGoalTracking_INFO [54.7649509] Enable GoalTracking (trackingParams=(trackFlywheel=true,trackTiltPos=true,trackPanPos=true)).
Shooter.RightPrimaryMotor.cancel_INFO [54.767953171] Cancel: stopping motor.
Shooter.RightTiltMotor.cancel_INFO [54.77312359] Cancel: stopping motor.
TaskAutoShoot.autoTask_INFO [54.871341605] <Event name="StateInfo" time="54.870409288" tag="vvvvv" TaskAutoShoot.state="START" />
TaskAutoShoot.runTaskState_INFO [54.871722033] ***** Wait for left Shooter ready.
TaskAutoShoot.runTaskState_INFO [54.872383256] ***** Wait for right Shooter ready.
TaskAutoShoot.runTaskState_INFO [54.872619697] ***** Wait for Turret ready.
TaskAutoShoot.autoTask_INFO [54.873461421] <Event name="StateInfo" time="54.873238775" tag="^^^^^" TaskAutoShoot.state="START" />
Shooter.TurretMotor.pidCtrlTask_INFO [54.913246243] controlMode: Position,onTarget=true(17.06185671285428/17.365022649081173), stalled=false, expired=false, event=(TaskAutoShoot.turretReady=SIGNALED)
TaskAutoShoot.autoTask_INFO [54.958271614] <Event name="StateInfo" time="54.958019817" tag="vvvvv" TaskAutoShoot.state="SHOOT" />
TaskAutoShoot.autoTask_INFO [54.963000161] <Event name="StateInfo" time="54.962316044" tag="^^^^^" TaskAutoShoot.state="SHOOT" />
FrcTeleOp.operatorControllerButtonEvent_INFO [54.967486398] ##### button=Y, pressed=false
TaskAutoShoot.autoTask_INFO [55.030023887] <Event name="StateInfo" time="55.029689807" tag="vvvvv" TaskAutoShoot.state="SHOOT" />
TaskAutoShoot.autoTask_INFO [55.030982989] <Event name="StateInfo" time="55.030806423" tag="^^^^^" TaskAutoShoot.state="SHOOT" />
TaskAutoShoot.autoTask_INFO [55.111596935] <Event name="StateInfo" time="55.108679197" tag="vvvvv" TaskAutoShoot.state="SHOOT" />
TaskAutoShoot.autoTask_INFO [55.112950602] <Event name="StateInfo" time="55.112399506" tag="^^^^^" TaskAutoShoot.state="SHOOT" />
TaskAutoShoot.autoTask_INFO [55.177625544] <Event name="StateInfo" time="55.177423836" tag="vvvvv" TaskAutoShoot.state="SHOOT" />
TaskAutoShoot.autoTask_INFO [55.183393804] <Event name="StateInfo" time="55.178365589" tag="^^^^^" TaskAutoShoot.state="SHOOT" />
TaskAutoShoot.autoTask_INFO [55.266539525] <Event name="StateInfo" time="55.266252037" tag="vvvvv" TaskAutoShoot.state="SHOOT" />
TaskAutoShoot.autoTask_INFO [55.268616079] <Event name="StateInfo" time="55.268403084" tag="^^^^^" TaskAutoShoot.state="SHOOT" />
Shooter.RightShooter.goalTrackingTask_INFO [55.333647159] Shooter.RightShooter is Ready: rpm1=4499.729567/4564.464576, rpm2=2784.375000/0.000000, tilt=21.731467/21.771384, pan=null/null
TaskAutoShoot.autoTask_INFO [55.336820501] <Event name="StateInfo" time="55.336628003" tag="vvvvv" TaskAutoShoot.state="SHOOT" />
TaskAutoShoot.runTaskState_INFO [55.341725201] ***** Start right shooter shooting.
Shooter.shoot_INFO [55.342507802] shoot(owner=null, event=(TaskAutoShoot.rightShooterDone=CLEARED), shooter=rightShooter, autoStop=false)
Shooter.RightTransferMotor.cancel_INFO [55.344422365] Cancel: stopping motor.
TaskAutoShoot.autoTask_INFO [55.348233053] <Event name="StateInfo" time="55.348033483" tag="^^^^^" TaskAutoShoot.state="SHOOT" />
TaskAutoShoot.autoTask_INFO [55.423175583] <Event name="StateInfo" time="55.422989886" tag="vvvvv" TaskAutoShoot.state="SHOOT" />
TaskAutoShoot.autoTask_INFO [55.424271169] <Event name="StateInfo" time="55.424091458" tag="^^^^^" TaskAutoShoot.state="SHOOT" />
Shooter.LeftShooter.goalTrackingTask_INFO [55.480036961] Shooter.LeftShooter is Ready: rpm1=4559.359976/4555.526436, rpm2=2744.179688/0.000000, tilt=21.731467/21.714195, pan=null/null
TaskAutoShoot.autoTask_INFO [55.502605069] <Event name="StateInfo" time="55.502416966" tag="vvvvv" TaskAutoShoot.state="SHOOT" />
TaskAutoShoot.runTaskState_INFO [55.50348987] ***** Start left shooter shooting.
Shooter.shoot_INFO [55.503946609] shoot(owner=null, event=(TaskAutoShoot.leftShooterDone=CLEARED), shooter=leftShooter, autoStop=false)
Shooter.LeftTransferMotor.cancel_INFO [55.50428883] Cancel: stopping motor.
TaskAutoShoot.autoTask_INFO [55.509002645] <Event name="StateInfo" time="55.507951152" tag="^^^^^" TaskAutoShoot.state="SHOOT" />
FrcTeleOp.operatorControllerButtonEvent_INFO [58.786349957] ##### button=Y, pressed=true
FrcTeleOp.shoot_INFO [58.788782611] >>>>> Stop Auto Shoot.
TaskAutoShoot.cancel_INFO [58.789098705] Canceling auto task operation.
TaskAutoShoot.stopSubsystems_INFO [58.791093901] Stopping subsystems.
Shooter.LeftTransferMotor.cancel_INFO [58.792485707] Cancel: stopping motor.
Shooter.RightTransferMotor.cancel_INFO [58.796511034] Cancel: stopping motor.
Shooter.FeederMotor.cancel_INFO [58.802105212] Cancel: stopping motor.
TaskAutoShoot.stopSubsystems_INFO [58.803255456] No previous GoalTracking, disable it.
Shooter.LeftShooter.disableGoalTracking_INFO [58.807600808] Disable Goal Tracking.
Shooter.LeftShooter.stopGoalTracking_INFO [58.809229428] Stop GoalTracking.
Shooter.LeftTiltMotor.cancel_INFO [58.811469004] Cancel: stopping motor.
Shooter.LeftPrimaryMotor.cancel_INFO [58.812665196] Cancel: stopping motor.
Shooter.RightShooter.disableGoalTracking_INFO [58.814069949] Disable Goal Tracking.
Shooter.RightShooter.stopGoalTracking_INFO [58.814860437] Stop GoalTracking.
Shooter.RightTiltMotor.cancel_INFO [58.821149247] Cancel: stopping motor.
Shooter.RightPrimaryMotor.cancel_INFO [58.822559219] Cancel: stopping motor.
Shooter.LeftShooter.cancel_INFO [58.82373911] owner=null
Shooter.LeftPrimaryMotor.cancel_INFO [58.825139441] Cancel: stopping motor.
Shooter.LeftTiltMotor.cancel_INFO [58.827309902] Cancel: stopping motor.
Shooter.RightShooter.cancel_INFO [58.831988213] owner=null
Shooter.RightPrimaryMotor.cancel_INFO [58.833519697] Cancel: stopping motor.
Shooter.RightTiltMotor.cancel_INFO [58.835187916] Cancel: stopping motor.
Shooter.LeftTransferMotor.cancel_INFO [58.83614856] Cancel: stopping motor.
Shooter.RightTransferMotor.cancel_INFO [58.837805799] Cancel: stopping motor.
Shooter.FeederMotor.cancel_INFO [58.844367879] Cancel: stopping motor.
FrcTeleOp.operatorControllerButtonEvent_INFO [58.967785068] ##### button=Y, pressed=false
FrcTeleOp.operatorControllerButtonEvent_INFO [85.445912811] ##### button=Y, pressed=true
FrcTeleOp.shoot_INFO [85.446916747] >>>>> Start Auto Shoot.
TaskAutoShoot.autoShoot_INFO [85.453139763] autoShoot(owner=null, event=null, taskParams=(autoStop=false, noPassback=false))
TaskAutoShoot.autoShoot_INFO [85.45383204] Enabling Goal Tracking (prevTrackParams=null).
Shooter.setupGoalTrackingMode_INFO [85.454938394] GoalTracking(trackingMode=AllianceHub, goalPose=(x=-158.838583,y=182.110000,angle=0.000000), noPassback=false).
Shooter.LeftShooter.enableGoalTracking_INFO [85.455804536] Enable GoalTracking (trackingParams=(trackFlywheel=true,trackTiltPos=true,trackPanPos=true)).
Shooter.LeftPrimaryMotor.cancel_INFO [85.456704963] Cancel: stopping motor.
Shooter.LeftTiltMotor.cancel_INFO [85.457746856] Cancel: stopping motor.
Shooter.RightShooter.enableGoalTracking_INFO [85.459496417] Enable GoalTracking (trackingParams=(trackFlywheel=true,trackTiltPos=true,trackPanPos=true)).
Shooter.RightPrimaryMotor.cancel_INFO [85.460652319] Cancel: stopping motor.
Shooter.RightTiltMotor.cancel_INFO [85.470196662] Cancel: stopping motor.
TaskAutoShoot.autoTask_INFO [85.554489311] <Event name="StateInfo" time="85.554130991" tag="vvvvv" TaskAutoShoot.state="START" />
TaskAutoShoot.runTaskState_INFO [85.560405293] ***** Wait for left Shooter ready.
TaskAutoShoot.runTaskState_INFO [85.560773804] ***** Wait for right Shooter ready.
TaskAutoShoot.runTaskState_INFO [85.561624218] ***** Wait for Turret ready.
TaskAutoShoot.autoTask_INFO [85.564124439] <Event name="StateInfo" time="85.563819881" tag="^^^^^" TaskAutoShoot.state="START" />
TaskAutoShoot.autoTask_INFO [85.693071551] <Event name="StateInfo" time="85.692890019" tag="vvvvv" TaskAutoShoot.state="SHOOT" />
TaskAutoShoot.autoTask_INFO [85.695072932] <Event name="StateInfo" time="85.694884733" tag="^^^^^" TaskAutoShoot.state="SHOOT" />
TaskAutoShoot.autoTask_INFO [85.767378804] <Event name="StateInfo" time="85.767200639" tag="vvvvv" TaskAutoShoot.state="SHOOT" />
TaskAutoShoot.autoTask_INFO [85.768656971] <Event name="StateInfo" time="85.768477605" tag="^^^^^" TaskAutoShoot.state="SHOOT" />
TaskAutoShoot.autoTask_INFO [85.841544409] <Event name="StateInfo" time="85.841350814" tag="vvvvv" TaskAutoShoot.state="SHOOT" />
TaskAutoShoot.autoTask_INFO [85.843189706] <Event name="StateInfo" time="85.842652639" tag="^^^^^" TaskAutoShoot.state="SHOOT" />
TaskAutoShoot.autoTask_INFO [85.907039542] <Event name="StateInfo" time="85.906844812" tag="vvvvv" TaskAutoShoot.state="SHOOT" />
TaskAutoShoot.autoTask_INFO [85.907427472] <Event name="StateInfo" time="85.907272001" tag="^^^^^" TaskAutoShoot.state="SHOOT" />
TaskAutoShoot.autoTask_INFO [85.980253004] <Event name="StateInfo" time="85.979553" tag="vvvvv" TaskAutoShoot.state="SHOOT" />
TaskAutoShoot.autoTask_INFO [85.983401493] <Event name="StateInfo" time="85.983210508" tag="^^^^^" TaskAutoShoot.state="SHOOT" />
FrcTeleOp.operatorControllerButtonEvent_INFO [85.994263944] ##### button=Y, pressed=false
TaskAutoShoot.autoTask_INFO [86.072018109] <Event name="StateInfo" time="86.071653819" tag="vvvvv" TaskAutoShoot.state="SHOOT" />
TaskAutoShoot.autoTask_INFO [86.074717961] <Event name="StateInfo" time="86.074537779" tag="^^^^^" TaskAutoShoot.state="SHOOT" />
TaskAutoShoot.autoTask_INFO [86.157332609] <Event name="StateInfo" time="86.155701901" tag="vvvvv" TaskAutoShoot.state="SHOOT" />
TaskAutoShoot.autoTask_INFO [86.160879763] <Event name="StateInfo" time="86.159427384" tag="^^^^^" TaskAutoShoot.state="SHOOT" />
TaskAutoShoot.autoTask_INFO [86.22927856] <Event name="StateInfo" time="86.229084335" tag="vvvvv" TaskAutoShoot.state="SHOOT" />
TaskAutoShoot.autoTask_INFO [86.229976302] <Event name="StateInfo" time="86.22968217" tag="^^^^^" TaskAutoShoot.state="SHOOT" />
Shooter.LeftShooter.goalTrackingTask_INFO [86.283399419] Shooter.LeftShooter is Ready: rpm1=4760.021034/4835.787524, rpm2=2971.171875/0.000000, tilt=23.589251/23.571005, pan=null/null
Shooter.RightShooter.goalTrackingTask_INFO [86.302551269] Shooter.RightShooter is Ready: rpm1=4827.223558/4835.787524, rpm2=2973.281250/0.000000, tilt=23.589251/23.571005, pan=null/null
TaskAutoShoot.autoTask_INFO [86.303612279] <Event name="StateInfo" time="86.302859464" tag="vvvvv" TaskAutoShoot.state="SHOOT" />
TaskAutoShoot.autoTask_INFO [86.309227719] <Event name="StateInfo" time="86.30391419" tag="^^^^^" TaskAutoShoot.state="SHOOT" />
TaskAutoShoot.autoTask_INFO [86.389183406] <Event name="StateInfo" time="86.387276209" tag="vvvvv" TaskAutoShoot.state="SHOOT" />
TaskAutoShoot.autoTask_INFO [86.392752476] <Event name="StateInfo" time="86.390045472" tag="^^^^^" TaskAutoShoot.state="SHOOT" />
TaskAutoShoot.autoTask_INFO [86.471327437] <Event name="StateInfo" time="86.46332745" tag="vvvvv" TaskAutoShoot.state="SHOOT" />
TaskAutoShoot.autoTask_INFO [86.471934198] <Event name="StateInfo" time="86.4717441" tag="^^^^^" TaskAutoShoot.state="SHOOT" />
TaskAutoShoot.autoTask_INFO [86.539204942] <Event name="StateInfo" time="86.5389598" tag="vvvvv" TaskAutoShoot.state="SHOOT" />
TaskAutoShoot.autoTask_INFO [86.539726425] <Event name="StateInfo" time="86.539444257" tag="^^^^^" TaskAutoShoot.state="SHOOT" />
TaskAutoShoot.autoTask_INFO [86.610146739] <Event name="StateInfo" time="86.609862995" tag="vvvvv" TaskAutoShoot.state="SHOOT" />
TaskAutoShoot.autoTask_INFO [86.610540206] <Event name="StateInfo" time="86.610378524" tag="^^^^^" TaskAutoShoot.state="SHOOT" />
TaskAutoShoot.autoTask_INFO [86.688793961] <Event name="StateInfo" time="86.688456955" tag="vvvvv" TaskAutoShoot.state="SHOOT" />
TaskAutoShoot.autoTask_INFO [86.690335769] <Event name="StateInfo" time="86.690150621" tag="^^^^^" TaskAutoShoot.state="SHOOT" />
TaskAutoShoot.autoTask_INFO [86.762291781] <Event name="StateInfo" time="86.761352022" tag="vvvvv" TaskAutoShoot.state="SHOOT" />
TaskAutoShoot.autoTask_INFO [86.765880395] <Event name="StateInfo" time="86.765570324" tag="^^^^^" TaskAutoShoot.state="SHOOT" />
TaskAutoShoot.autoTask_INFO [86.825022828] <Event name="StateInfo" time="86.824849144" tag="vvvvv" TaskAutoShoot.state="SHOOT" />
TaskAutoShoot.autoTask_INFO [86.829003565] <Event name="StateInfo" time="86.828638144" tag="^^^^^" TaskAutoShoot.state="SHOOT" />
TaskAutoShoot.autoTask_INFO [86.921667993] <Event name="StateInfo" time="86.92145167" tag="vvvvv" TaskAutoShoot.state="SHOOT" />
TaskAutoShoot.autoTask_INFO [86.92882645] <Event name="StateInfo" time="86.928622866" tag="^^^^^" TaskAutoShoot.state="SHOOT" />
TaskAutoShoot.autoTask_INFO [87.003376004] <Event name="StateInfo" time="87.002945714" tag="vvvvv" TaskAutoShoot.state="SHOOT" />
TaskAutoShoot.autoTask_INFO [87.008513444] <Event name="StateInfo" time="87.007081537" tag="^^^^^" TaskAutoShoot.state="SHOOT" />
FrcTeleOp.operatorControllerButtonEvent_INFO [87.026835681] ##### button=Y, pressed=true
FrcTeleOp.shoot_INFO [87.03036826] >>>>> Stop Auto Shoot.
TaskAutoShoot.cancel_INFO [87.03211708] Canceling auto task operation.
TaskAutoShoot.stopSubsystems_INFO [87.033868875] Stopping subsystems.
Shooter.LeftTransferMotor.cancel_INFO [87.035804934] Cancel: stopping motor.
Shooter.RightTransferMotor.cancel_INFO [87.038347986] Cancel: stopping motor.
Shooter.FeederMotor.cancel_INFO [87.039481106] Cancel: stopping motor.
TaskAutoShoot.stopSubsystems_INFO [87.041609496] No previous GoalTracking, disable it.
Shooter.LeftShooter.disableGoalTracking_INFO [87.043613768] Disable Goal Tracking.
Shooter.LeftShooter.stopGoalTracking_INFO [87.043945459] Stop GoalTracking.
Shooter.LeftTiltMotor.cancel_INFO [87.045798795] Cancel: stopping motor.
Shooter.LeftPrimaryMotor.cancel_INFO [87.048547893] Cancel: stopping motor.
Shooter.RightShooter.disableGoalTracking_INFO [87.05347799] Disable Goal Tracking.
Shooter.RightShooter.stopGoalTracking_INFO [87.053855025] Stop GoalTracking.
Shooter.RightTiltMotor.cancel_INFO [87.058040397] Cancel: stopping motor.
Shooter.RightPrimaryMotor.cancel_INFO [87.060734801] Cancel: stopping motor.
Shooter.LeftShooter.cancel_INFO [87.064891866] owner=null
Shooter.LeftPrimaryMotor.cancel_INFO [87.065481761] Cancel: stopping motor.
Shooter.LeftTiltMotor.cancel_INFO [87.069571051] Cancel: stopping motor.
Shooter.RightShooter.cancel_INFO [87.071970038] owner=null
Shooter.RightPrimaryMotor.cancel_INFO [87.077215319] Cancel: stopping motor.
Shooter.RightTiltMotor.cancel_INFO [87.082472552] Cancel: stopping motor.
Shooter.LeftTransferMotor.cancel_INFO [87.083099272] Cancel: stopping motor.
Shooter.RightTransferMotor.cancel_INFO [87.083518758] Cancel: stopping motor.
Shooter.FeederMotor.cancel_INFO [87.087687383] Cancel: stopping motor.
FrcTeleOp.operatorControllerButtonEvent_INFO [87.210396364] ##### button=Y, pressed=false
FrcTeleOp.operatorControllerButtonEvent_INFO [87.26419218] ##### button=Y, pressed=true
FrcTeleOp.shoot_INFO [87.266098198] >>>>> Start Auto Shoot.
TaskAutoShoot.autoShoot_INFO [87.26746845] autoShoot(owner=null, event=null, taskParams=(autoStop=false, noPassback=false))
TaskAutoShoot.autoShoot_INFO [87.271518831] Enabling Goal Tracking (prevTrackParams=null).
Shooter.setupGoalTrackingMode_INFO [87.272616393] GoalTracking(trackingMode=AllianceHub, goalPose=(x=-158.838583,y=182.110000,angle=0.000000), noPassback=false).
Shooter.LeftShooter.enableGoalTracking_INFO [87.275107457] Enable GoalTracking (trackingParams=(trackFlywheel=true,trackTiltPos=true,trackPanPos=true)).
Shooter.LeftPrimaryMotor.cancel_INFO [87.277496841] Cancel: stopping motor.
Shooter.LeftTiltMotor.cancel_INFO [87.27915661] Cancel: stopping motor.
Shooter.RightShooter.enableGoalTracking_INFO [87.283095536] Enable GoalTracking (trackingParams=(trackFlywheel=true,trackTiltPos=true,trackPanPos=true)).
Shooter.RightPrimaryMotor.cancel_INFO [87.289582427] Cancel: stopping motor.
Shooter.RightTiltMotor.cancel_INFO [87.292526735] Cancel: stopping motor.
TaskAutoShoot.autoTask_INFO [87.371449961] <Event name="StateInfo" time="87.371203158" tag="vvvvv" TaskAutoShoot.state="START" />
TaskAutoShoot.runTaskState_INFO [87.380112549] ***** Wait for left Shooter ready.
TaskAutoShoot.runTaskState_INFO [87.381609819] ***** Wait for right Shooter ready.
TaskAutoShoot.runTaskState_INFO [87.382569695] ***** Wait for Turret ready.
TaskAutoShoot.autoTask_INFO [87.383391379] <Event name="StateInfo" time="87.383172812" tag="^^^^^" TaskAutoShoot.state="START" />
Shooter.TurretMotor.pidCtrlTask_INFO [87.41995129] controlMode: Position,onTarget=true(80.4361939786778/80.70877916234734), stalled=false, expired=false, event=(TaskAutoShoot.turretReady=SIGNALED)
TaskAutoShoot.autoTask_INFO [87.480336632] <Event name="StateInfo" time="87.478881447" tag="vvvvv" TaskAutoShoot.state="SHOOT" />
TaskAutoShoot.autoTask_INFO [87.487555758] <Event name="StateInfo" time="87.486434028" tag="^^^^^" TaskAutoShoot.state="SHOOT" />
Shooter.LeftShooter.goalTrackingTask_INFO [87.542277107] Shooter.LeftShooter is Ready: rpm1=4797.503005/4837.007054, rpm2=2913.515625/0.000000, tilt=23.589251/23.579393, pan=null/null
Shooter.RightShooter.goalTrackingTask_INFO [87.562883057] Shooter.RightShooter is Ready: rpm1=4779.519231/4837.007054, rpm2=2899.101563/0.000000, tilt=23.589251/23.579393, pan=null/null
TaskAutoShoot.autoTask_INFO [87.563876535] <Event name="StateInfo" time="87.563309426" tag="vvvvv" TaskAutoShoot.state="SHOOT" />
TaskAutoShoot.runTaskState_INFO [87.564535321] ***** Start left shooter shooting.
Shooter.shoot_INFO [87.5656184] shoot(owner=null, event=(TaskAutoShoot.leftShooterDone=CLEARED), shooter=leftShooter, autoStop=false)
Shooter.LeftTransferMotor.cancel_INFO [87.56626867] Cancel: stopping motor.
TaskAutoShoot.runTaskState_INFO [87.567774666] ***** Start right shooter shooting.
Shooter.shoot_INFO [87.568450167] shoot(owner=null, event=(TaskAutoShoot.rightShooterDone=CLEARED), shooter=rightShooter, autoStop=false)
Shooter.RightTransferMotor.cancel_INFO [87.569446838] Cancel: stopping motor.
TaskAutoShoot.autoTask_INFO [87.570966839] <Event name="StateInfo" time="87.570786294" tag="^^^^^" TaskAutoShoot.state="SHOOT" />
FrcTeleOp.operatorControllerButtonEvent_INFO [87.826473627] ##### button=Y, pressed=false
FrcTeleOp.driverControllerButtonEvent_INFO [90.577782745] ##### button=RightBumper, pressed=true
FrcTeleOp.driverControllerButtonEvent_INFO [90.579297272] >>>>> Slow Drive
FrcTeleOp.driverControllerButtonEvent_INFO [92.0026368] ##### button=RightBumper, pressed=false
FrcTeleOp.driverControllerButtonEvent_INFO [92.012394141] >>>>> Normal Drive
FrcTeleOp.operatorControllerButtonEvent_INFO [93.277966963] ##### button=Y, pressed=true
FrcTeleOp.shoot_INFO [93.280501774] >>>>> Stop Auto Shoot.
TaskAutoShoot.cancel_INFO [93.281874662] Canceling auto task operation.
TaskAutoShoot.stopSubsystems_INFO [93.282838377] Stopping subsystems.
Shooter.LeftTransferMotor.cancel_INFO [93.283405073] Cancel: stopping motor.
Shooter.RightTransferMotor.cancel_INFO [93.284582861] Cancel: stopping motor.
Shooter.FeederMotor.cancel_INFO [93.287862009] Cancel: stopping motor.
TaskAutoShoot.stopSubsystems_INFO [93.288633547] No previous GoalTracking, disable it.
Shooter.LeftShooter.disableGoalTracking_INFO [93.290835433] Disable Goal Tracking.
Shooter.LeftShooter.stopGoalTracking_INFO [93.292041027] Stop GoalTracking.
Shooter.LeftTiltMotor.cancel_INFO [93.29333883] Cancel: stopping motor.
Shooter.LeftPrimaryMotor.cancel_INFO [93.294402817] Cancel: stopping motor.
Shooter.RightShooter.disableGoalTracking_INFO [93.296913274] Disable Goal Tracking.
Shooter.RightShooter.stopGoalTracking_INFO [93.299807347] Stop GoalTracking.
Shooter.RightTiltMotor.cancel_INFO [93.300700544] Cancel: stopping motor.
Shooter.RightPrimaryMotor.cancel_INFO [93.302653034] Cancel: stopping motor.
Shooter.LeftShooter.cancel_INFO [93.303750784] owner=null
Shooter.LeftPrimaryMotor.cancel_INFO [93.304825687] Cancel: stopping motor.
Shooter.LeftTiltMotor.cancel_INFO [93.305738815] Cancel: stopping motor.
Shooter.RightShooter.cancel_INFO [93.310730739] owner=null
Shooter.RightPrimaryMotor.cancel_INFO [93.31210902] Cancel: stopping motor.
Shooter.RightTiltMotor.cancel_INFO [93.313402216] Cancel: stopping motor.
Shooter.LeftTransferMotor.cancel_INFO [93.316537975] Cancel: stopping motor.
Shooter.RightTransferMotor.cancel_INFO [93.329459675] Cancel: stopping motor.
Shooter.FeederMotor.cancel_INFO [93.330474709] Cancel: stopping motor.
FrcTeleOp.operatorControllerButtonEvent_INFO [93.430744498] ##### button=Y, pressed=false
FrcTeleOp.driverControllerButtonEvent_INFO [96.952557455] ##### button=A, pressed=true
FrcTeleOp.driverControllerButtonEvent_INFO [97.003093084] ##### button=A, pressed=false
FrcTeleOp.driverControllerButtonEvent_INFO [98.125825676] ##### button=RightBumper, pressed=true
FrcTeleOp.driverControllerButtonEvent_INFO [98.127573933] >>>>> Slow Drive
FrcTeleOp.driverControllerButtonEvent_INFO [98.994424145] ##### button=RightBumper, pressed=false
FrcTeleOp.driverControllerButtonEvent_INFO [98.996096534] >>>>> Normal Drive
FrcTeleOp.driverControllerButtonEvent_INFO [99.401308586] ##### button=RightBumper, pressed=true
FrcTeleOp.driverControllerButtonEvent_INFO [99.402756174] >>>>> Slow Drive
FrcTeleOp.driverControllerButtonEvent_INFO [100.990194929] ##### button=RightBumper, pressed=false
FrcTeleOp.driverControllerButtonEvent_INFO [100.991070726] >>>>> Normal Drive
FrcTeleOp.operatorControllerButtonEvent_INFO [103.242269398] ##### button=Y, pressed=true
FrcTeleOp.shoot_INFO [103.258104192] >>>>> Start Auto Shoot.
TaskAutoShoot.autoShoot_INFO [103.261864163] autoShoot(owner=null, event=null, taskParams=(autoStop=false, noPassback=false))
TaskAutoShoot.autoShoot_INFO [103.263866077] Enabling Goal Tracking (prevTrackParams=null).
Shooter.setupGoalTrackingMode_INFO [103.268362738] GoalTracking(trackingMode=AllianceHub, goalPose=(x=-158.838583,y=182.110000,angle=0.000000), noPassback=false).
Shooter.LeftShooter.enableGoalTracking_INFO [103.272248387] Enable GoalTracking (trackingParams=(trackFlywheel=true,trackTiltPos=true,trackPanPos=true)).
Shooter.LeftPrimaryMotor.cancel_INFO [103.276564874] Cancel: stopping motor.
Shooter.LeftTiltMotor.cancel_INFO [103.280739241] Cancel: stopping motor.
Shooter.RightShooter.enableGoalTracking_INFO [103.282985818] Enable GoalTracking (trackingParams=(trackFlywheel=true,trackTiltPos=true,trackPanPos=true)).
Shooter.RightPrimaryMotor.cancel_INFO [103.283803] Cancel: stopping motor.
Shooter.RightTiltMotor.cancel_INFO [103.28426215] Cancel: stopping motor.
TaskAutoShoot.autoTask_INFO [103.363326205] <Event name="StateInfo" time="103.360562817" tag="vvvvv" TaskAutoShoot.state="START" />
TaskAutoShoot.runTaskState_INFO [103.364504303] ***** Wait for left Shooter ready.
TaskAutoShoot.runTaskState_INFO [103.365909004] ***** Wait for right Shooter ready.
TaskAutoShoot.runTaskState_INFO [103.368619015] ***** Wait for Turret ready.
TaskAutoShoot.autoTask_INFO [103.371077898] <Event name="StateInfo" time="103.370726167" tag="^^^^^" TaskAutoShoot.state="START" />
TaskAutoShoot.autoTask_INFO [103.523326473] <Event name="StateInfo" time="103.522289557" tag="vvvvv" TaskAutoShoot.state="SHOOT" />
TaskAutoShoot.autoTask_INFO [103.52783409] <Event name="StateInfo" time="103.527628699" tag="^^^^^" TaskAutoShoot.state="SHOOT" />
FrcTeleOp.operatorControllerButtonEvent_INFO [103.530652722] ##### button=Y, pressed=false
TaskAutoShoot.autoTask_INFO [103.598338479] <Event name="StateInfo" time="103.594617957" tag="vvvvv" TaskAutoShoot.state="SHOOT" />
TaskAutoShoot.autoTask_INFO [103.60042403] <Event name="StateInfo" time="103.600239922" tag="^^^^^" TaskAutoShoot.state="SHOOT" />
TaskAutoShoot.autoTask_INFO [103.672285768] <Event name="StateInfo" time="103.672116208" tag="vvvvv" TaskAutoShoot.state="SHOOT" />
TaskAutoShoot.autoTask_INFO [103.675703772] <Event name="StateInfo" time="103.675525985" tag="^^^^^" TaskAutoShoot.state="SHOOT" />
TaskAutoShoot.autoTask_INFO [103.748019115] <Event name="StateInfo" time="103.746542928" tag="vvvvv" TaskAutoShoot.state="SHOOT" />
TaskAutoShoot.autoTask_INFO [103.748629179] <Event name="StateInfo" time="103.748466745" tag="^^^^^" TaskAutoShoot.state="SHOOT" />
TaskAutoShoot.autoTask_INFO [103.823701425] <Event name="StateInfo" time="103.823368649" tag="vvvvv" TaskAutoShoot.state="SHOOT" />
TaskAutoShoot.autoTask_INFO [103.828412798] <Event name="StateInfo" time="103.828078935" tag="^^^^^" TaskAutoShoot.state="SHOOT" />
FrcTeleOp.operatorControllerButtonEvent_INFO [103.831054769] ##### button=Y, pressed=true
FrcTeleOp.shoot_INFO [103.831929689] >>>>> Stop Auto Shoot.
TaskAutoShoot.cancel_INFO [103.833662475] Canceling auto task operation.
TaskAutoShoot.stopSubsystems_INFO [103.834446954] Stopping subsystems.
Shooter.LeftTransferMotor.cancel_INFO [103.83514457] Cancel: stopping motor.
Shooter.RightTransferMotor.cancel_INFO [103.836289084] Cancel: stopping motor.
Shooter.FeederMotor.cancel_INFO [103.842057435] Cancel: stopping motor.
TaskAutoShoot.stopSubsystems_INFO [103.852831912] No previous GoalTracking, disable it.
Shooter.LeftShooter.disableGoalTracking_INFO [103.854334451] Disable Goal Tracking.
Shooter.LeftShooter.stopGoalTracking_INFO [103.855420587] Stop GoalTracking.
Shooter.LeftTiltMotor.cancel_INFO [103.856340253] Cancel: stopping motor.
Shooter.LeftPrimaryMotor.cancel_INFO [103.857048643] Cancel: stopping motor.
Shooter.RightShooter.disableGoalTracking_INFO [103.858563724] Disable Goal Tracking.
Shooter.RightShooter.stopGoalTracking_INFO [103.859716086] Stop GoalTracking.
Shooter.RightTiltMotor.cancel_INFO [103.860513493] Cancel: stopping motor.
Shooter.RightPrimaryMotor.cancel_INFO [103.862489921] Cancel: stopping motor.
Shooter.LeftShooter.cancel_INFO [103.863684357] owner=null
Shooter.LeftPrimaryMotor.cancel_INFO [103.864399892] Cancel: stopping motor.
Shooter.LeftTiltMotor.cancel_INFO [103.865048446] Cancel: stopping motor.
Shooter.RightShooter.cancel_INFO [103.865914804] owner=null
Shooter.RightPrimaryMotor.cancel_INFO [103.8670476] Cancel: stopping motor.
Shooter.RightTiltMotor.cancel_INFO [103.869910723] Cancel: stopping motor.
Shooter.LeftTransferMotor.cancel_INFO [103.872582604] Cancel: stopping motor.
Shooter.RightTransferMotor.cancel_INFO [103.873279723] Cancel: stopping motor.
Shooter.FeederMotor.cancel_INFO [103.874987291] Cancel: stopping motor.
FrcTeleOp.operatorControllerButtonEvent_INFO [104.110499997] ##### button=Y, pressed=false
FrcTeleOp.operatorControllerButtonEvent_INFO [104.559961288] ##### button=Y, pressed=true
FrcTeleOp.shoot_INFO [104.56093795] >>>>> Start Auto Shoot.
TaskAutoShoot.autoShoot_INFO [104.561815939] autoShoot(owner=null, event=null, taskParams=(autoStop=false, noPassback=false))
TaskAutoShoot.autoShoot_INFO [104.562066227] Enabling Goal Tracking (prevTrackParams=null).
Shooter.setupGoalTrackingMode_INFO [104.562469964] GoalTracking(trackingMode=AllianceHub, goalPose=(x=-158.838583,y=182.110000,angle=0.000000), noPassback=false).
Shooter.LeftShooter.enableGoalTracking_INFO [104.562737961] Enable GoalTracking (trackingParams=(trackFlywheel=true,trackTiltPos=true,trackPanPos=true)).
Shooter.LeftPrimaryMotor.cancel_INFO [104.56353861] Cancel: stopping motor.
Shooter.LeftTiltMotor.cancel_INFO [104.56417813] Cancel: stopping motor.
Shooter.RightShooter.enableGoalTracking_INFO [104.564637774] Enable GoalTracking (trackingParams=(trackFlywheel=true,trackTiltPos=true,trackPanPos=true)).
Shooter.RightPrimaryMotor.cancel_INFO [104.56497852] Cancel: stopping motor.
Shooter.RightTiltMotor.cancel_INFO [104.565567868] Cancel: stopping motor.
TaskAutoShoot.autoTask_INFO [104.660550381] <Event name="StateInfo" time="104.660313561" tag="vvvvv" TaskAutoShoot.state="START" />
TaskAutoShoot.runTaskState_INFO [104.660823182] ***** Wait for left Shooter ready.
TaskAutoShoot.runTaskState_INFO [104.661029381] ***** Wait for right Shooter ready.
TaskAutoShoot.runTaskState_INFO [104.661196294] ***** Wait for Turret ready.
TaskAutoShoot.autoTask_INFO [104.661508701] <Event name="StateInfo" time="104.661332047" tag="^^^^^" TaskAutoShoot.state="START" />
FrcTeleOp.operatorControllerButtonEvent_INFO [104.663481985] ##### button=Y, pressed=false
TaskAutoShoot.autoTask_INFO [104.785608537] <Event name="StateInfo" time="104.78542512" tag="vvvvv" TaskAutoShoot.state="SHOOT" />
TaskAutoShoot.autoTask_INFO [104.786040584] <Event name="StateInfo" time="104.785770685" tag="^^^^^" TaskAutoShoot.state="SHOOT" />
TaskAutoShoot.autoTask_INFO [104.872917894] <Event name="StateInfo" time="104.872741144" tag="vvvvv" TaskAutoShoot.state="SHOOT" />
TaskAutoShoot.autoTask_INFO [104.87372618] <Event name="StateInfo" time="104.873549454" tag="^^^^^" TaskAutoShoot.state="SHOOT" />
TaskAutoShoot.autoTask_INFO [104.930218551] <Event name="StateInfo" time="104.929877479" tag="vvvvv" TaskAutoShoot.state="SHOOT" />
TaskAutoShoot.autoTask_INFO [104.930802445] <Event name="StateInfo" time="104.930394872" tag="^^^^^" TaskAutoShoot.state="SHOOT" />
TaskAutoShoot.autoTask_INFO [105.002050428] <Event name="StateInfo" time="105.001746629" tag="vvvvv" TaskAutoShoot.state="SHOOT" />
TaskAutoShoot.autoTask_INFO [105.003174918] <Event name="StateInfo" time="105.002399083" tag="^^^^^" TaskAutoShoot.state="SHOOT" />
TaskAutoShoot.autoTask_INFO [105.078282935] <Event name="StateInfo" time="105.07811301" tag="vvvvv" TaskAutoShoot.state="SHOOT" />
TaskAutoShoot.autoTask_INFO [105.083221637] <Event name="StateInfo" time="105.082365704" tag="^^^^^" TaskAutoShoot.state="SHOOT" />
Shooter.LeftShooter.goalTrackingTask_INFO [105.126353383] Shooter.LeftShooter is Ready: rpm1=5057.794471/5083.756296, rpm2=3152.343750/0.000000, tilt=25.367980/25.340381, pan=null/null
Shooter.RightShooter.goalTrackingTask_INFO [105.147845086] Shooter.RightShooter is Ready: rpm1=5061.012620/5083.756296, rpm2=3151.054688/0.000000, tilt=25.367980/25.340381, pan=null/null
TaskAutoShoot.autoTask_INFO [105.148602046] <Event name="StateInfo" time="105.148308768" tag="vvvvv" TaskAutoShoot.state="SHOOT" />
TaskAutoShoot.autoTask_INFO [105.160371556] <Event name="StateInfo" time="105.160079815" tag="^^^^^" TaskAutoShoot.state="SHOOT" />
TaskAutoShoot.autoTask_INFO [105.248330911] <Event name="StateInfo" time="105.245820366" tag="vvvvv" TaskAutoShoot.state="SHOOT" />
TaskAutoShoot.autoTask_INFO [105.254742862] <Event name="StateInfo" time="105.2545492" tag="^^^^^" TaskAutoShoot.state="SHOOT" />
TaskAutoShoot.autoTask_INFO [105.332457503] <Event name="StateInfo" time="105.332153647" tag="vvvvv" TaskAutoShoot.state="SHOOT" />
TaskAutoShoot.autoTask_INFO [105.348432808] <Event name="StateInfo" time="105.346523858" tag="^^^^^" TaskAutoShoot.state="SHOOT" />
TaskAutoShoot.autoTask_INFO [105.445247811] <Event name="StateInfo" time="105.445060154" tag="vvvvv" TaskAutoShoot.state="SHOOT" />
TaskAutoShoot.autoTask_INFO [105.452752239] <Event name="StateInfo" time="105.452445171" tag="^^^^^" TaskAutoShoot.state="SHOOT" />
TaskAutoShoot.autoTask_INFO [105.51967145] <Event name="StateInfo" time="105.517015601" tag="vvvvv" TaskAutoShoot.state="SHOOT" />
TaskAutoShoot.autoTask_INFO [105.521191871] <Event name="StateInfo" time="105.521022216" tag="^^^^^" TaskAutoShoot.state="SHOOT" />
TaskAutoShoot.autoTask_INFO [105.598351087] <Event name="StateInfo" time="105.595939514" tag="vvvvv" TaskAutoShoot.state="SHOOT" />
TaskAutoShoot.autoTask_INFO [105.600640265] <Event name="StateInfo" time="105.598543537" tag="^^^^^" TaskAutoShoot.state="SHOOT" />
TaskAutoShoot.autoTask_INFO [105.677221497] <Event name="StateInfo" time="105.677032947" tag="vvvvv" TaskAutoShoot.state="SHOOT" />
TaskAutoShoot.autoTask_INFO [105.682813737] <Event name="StateInfo" time="105.682641224" tag="^^^^^" TaskAutoShoot.state="SHOOT" />
TaskAutoShoot.autoTask_INFO [105.751969171] <Event name="StateInfo" time="105.751775682" tag="vvvvv" TaskAutoShoot.state="SHOOT" />
TaskAutoShoot.autoTask_INFO [105.752722383] <Event name="StateInfo" time="105.752556786" tag="^^^^^" TaskAutoShoot.state="SHOOT" />
FrcTeleOp.operatorControllerButtonEvent_INFO [105.761457338] ##### button=Y, pressed=true
FrcTeleOp.shoot_INFO [105.763039974] >>>>> Stop Auto Shoot.
TaskAutoShoot.cancel_INFO [105.765381963] Canceling auto task operation.
TaskAutoShoot.stopSubsystems_INFO [105.767686617] Stopping subsystems.
Shooter.LeftTransferMotor.cancel_INFO [105.77055449] Cancel: stopping motor.
Shooter.RightTransferMotor.cancel_INFO [105.77188028] Cancel: stopping motor.
Shooter.FeederMotor.cancel_INFO [105.774559529] Cancel: stopping motor.
TaskAutoShoot.stopSubsystems_INFO [105.775571784] No previous GoalTracking, disable it.
Shooter.LeftShooter.disableGoalTracking_INFO [105.779790738] Disable Goal Tracking.
Shooter.LeftShooter.stopGoalTracking_INFO [105.780804008] Stop GoalTracking.
Shooter.LeftTiltMotor.cancel_INFO [105.781874406] Cancel: stopping motor.
Shooter.LeftPrimaryMotor.cancel_INFO [105.783163605] Cancel: stopping motor.
Shooter.RightShooter.disableGoalTracking_INFO [105.786080372] Disable Goal Tracking.
Shooter.RightShooter.stopGoalTracking_INFO [105.787827985] Stop GoalTracking.
Shooter.RightTiltMotor.cancel_INFO [105.791243351] Cancel: stopping motor.
Shooter.RightPrimaryMotor.cancel_INFO [105.793483306] Cancel: stopping motor.
Shooter.LeftShooter.cancel_INFO [105.795141978] owner=null
Shooter.LeftPrimaryMotor.cancel_INFO [105.805794203] Cancel: stopping motor.
Shooter.LeftTiltMotor.cancel_INFO [105.807411429] Cancel: stopping motor.
Shooter.RightShooter.cancel_INFO [105.809744665] owner=null
Shooter.RightPrimaryMotor.cancel_INFO [105.81322397] Cancel: stopping motor.
Shooter.RightTiltMotor.cancel_INFO [105.814198597] Cancel: stopping motor.
Shooter.LeftTransferMotor.cancel_INFO [105.815414965] Cancel: stopping motor.
Shooter.RightTransferMotor.cancel_INFO [105.817502517] Cancel: stopping motor.
Shooter.FeederMotor.cancel_INFO [105.819285094] Cancel: stopping motor.
FrcTeleOp.operatorControllerButtonEvent_INFO [106.024223325] ##### button=Y, pressed=false
FrcTeleOp.operatorControllerButtonEvent_INFO [106.074212296] ##### button=Y, pressed=true
FrcTeleOp.shoot_INFO [106.075103617] >>>>> Start Auto Shoot.
TaskAutoShoot.autoShoot_INFO [106.075572124] autoShoot(owner=null, event=null, taskParams=(autoStop=false, noPassback=false))
TaskAutoShoot.autoShoot_INFO [106.075868174] Enabling Goal Tracking (prevTrackParams=null).
Shooter.setupGoalTrackingMode_INFO [106.076499438] GoalTracking(trackingMode=AllianceHub, goalPose=(x=-158.838583,y=182.110000,angle=0.000000), noPassback=false).
Shooter.LeftShooter.enableGoalTracking_INFO [106.076773947] Enable GoalTracking (trackingParams=(trackFlywheel=true,trackTiltPos=true,trackPanPos=true)).
Shooter.LeftPrimaryMotor.cancel_INFO [106.077763855] Cancel: stopping motor.
Shooter.LeftTiltMotor.cancel_INFO [106.07864451] Cancel: stopping motor.
Shooter.RightShooter.enableGoalTracking_INFO [106.08366567] Enable GoalTracking (trackingParams=(trackFlywheel=true,trackTiltPos=true,trackPanPos=true)).
Shooter.RightPrimaryMotor.cancel_INFO [106.084871093] Cancel: stopping motor.
Shooter.RightTiltMotor.cancel_INFO [106.085417114] Cancel: stopping motor.
TaskAutoShoot.autoTask_INFO [106.163131536] <Event name="StateInfo" time="106.16290328" tag="vvvvv" TaskAutoShoot.state="START" />
TaskAutoShoot.runTaskState_INFO [106.164806062] ***** Wait for left Shooter ready.
TaskAutoShoot.runTaskState_INFO [106.167488598] ***** Wait for right Shooter ready.
TaskAutoShoot.runTaskState_INFO [106.168711038] ***** Wait for Turret ready.
TaskAutoShoot.autoTask_INFO [106.170522276] <Event name="StateInfo" time="106.169870575" tag="^^^^^" TaskAutoShoot.state="START" />
FrcTeleOp.operatorControllerButtonEvent_INFO [106.175241131] ##### button=Y, pressed=false
Shooter.TurretMotor.pidCtrlTask_INFO [106.201756724] controlMode: Position,onTarget=true(-19.309488245836604/-19.925261761558204), stalled=false, expired=false, event=(TaskAutoShoot.turretReady=SIGNALED)
TaskAutoShoot.autoTask_INFO [106.251755018] <Event name="StateInfo" time="106.25157748" tag="vvvvv" TaskAutoShoot.state="SHOOT" />
TaskAutoShoot.autoTask_INFO [106.254976665] <Event name="StateInfo" time="106.254777885" tag="^^^^^" TaskAutoShoot.state="SHOOT" />
Shooter.LeftShooter.goalTrackingTask_INFO [106.312213456] Shooter.LeftShooter is Ready: rpm1=5104.741587/5076.691148, rpm2=3110.976563/0.000000, tilt=25.367980/25.288060, pan=null/null
Shooter.RightShooter.goalTrackingTask_INFO [106.335847378] Shooter.RightShooter is Ready: rpm1=5103.984375/5076.691148, rpm2=3098.789063/0.000000, tilt=25.367980/25.288060, pan=null/null
TaskAutoShoot.autoTask_INFO [106.336580141] <Event name="StateInfo" time="106.336414611" tag="vvvvv" TaskAutoShoot.state="SHOOT" />
TaskAutoShoot.runTaskState_INFO [106.339103887] ***** Start left shooter shooting.
Shooter.shoot_INFO [106.340415965] shoot(owner=null, event=(TaskAutoShoot.leftShooterDone=CLEARED), shooter=leftShooter, autoStop=false)
Shooter.LeftTransferMotor.cancel_INFO [106.34171292] Cancel: stopping motor.
TaskAutoShoot.runTaskState_INFO [106.344242472] ***** Start right shooter shooting.
Shooter.shoot_INFO [106.344843808] shoot(owner=null, event=(TaskAutoShoot.rightShooterDone=CLEARED), shooter=rightShooter, autoStop=false)
Shooter.RightTransferMotor.cancel_INFO [106.349366529] Cancel: stopping motor.
TaskAutoShoot.autoTask_INFO [106.350366785] <Event name="StateInfo" time="106.35017655" tag="^^^^^" TaskAutoShoot.state="SHOOT" />
FrcTeleOp.driverControllerButtonEvent_INFO [113.141096212] ##### button=A, pressed=true
FrcTeleOp.driverControllerButtonEvent_INFO [113.263205676] ##### button=A, pressed=false
Shooter.setupGoalTrackingMode_INFO [115.743467026] GoalTracking(trackingMode=AllianceHub, goalPose=(x=-158.838583,y=182.110000,angle=0.000000), noPassback=false).
FrcTeleOp.driverControllerButtonEvent_INFO [116.501088897] ##### button=A, pressed=true
FrcTeleOp.driverControllerButtonEvent_INFO [116.653514349] ##### button=A, pressed=false
FrcTeleOp.operatorControllerButtonEvent_INFO [116.914698159] ##### button=Y, pressed=true
FrcTeleOp.shoot_INFO [116.922457334] >>>>> Stop Auto Shoot.
TaskAutoShoot.cancel_INFO [116.929031628] Canceling auto task operation.
TaskAutoShoot.stopSubsystems_INFO [116.934047026] Stopping subsystems.
Shooter.LeftTransferMotor.cancel_INFO [116.937183402] Cancel: stopping motor.
Shooter.RightTransferMotor.cancel_INFO [116.93961366] Cancel: stopping motor.
Shooter.FeederMotor.cancel_INFO [116.94201768] Cancel: stopping motor.
TaskAutoShoot.stopSubsystems_INFO [116.944758635] No previous GoalTracking, disable it.
Shooter.LeftShooter.disableGoalTracking_INFO [116.946742953] Disable Goal Tracking.
Shooter.LeftShooter.stopGoalTracking_INFO [116.95026352] Stop GoalTracking.
Shooter.LeftTiltMotor.cancel_INFO [116.952020234] Cancel: stopping motor.
Shooter.LeftPrimaryMotor.cancel_INFO [116.954274492] Cancel: stopping motor.
Shooter.RightShooter.disableGoalTracking_INFO [116.957416886] Disable Goal Tracking.
Shooter.RightShooter.stopGoalTracking_INFO [116.95843765] Stop GoalTracking.
Shooter.RightTiltMotor.cancel_INFO [116.959876579] Cancel: stopping motor.
Shooter.RightPrimaryMotor.cancel_INFO [116.964514108] Cancel: stopping motor.
Shooter.LeftShooter.cancel_INFO [116.967057495] owner=null
Shooter.LeftPrimaryMotor.cancel_INFO [116.968475625] Cancel: stopping motor.
Shooter.LeftTiltMotor.cancel_INFO [116.971357222] Cancel: stopping motor.
Shooter.RightShooter.cancel_INFO [116.977075409] owner=null
Shooter.RightPrimaryMotor.cancel_INFO [116.979260747] Cancel: stopping motor.
Shooter.RightTiltMotor.cancel_INFO [116.981068658] Cancel: stopping motor.
Shooter.LeftTransferMotor.cancel_INFO [116.982638039] Cancel: stopping motor.
Shooter.RightTransferMotor.cancel_INFO [116.983715221] Cancel: stopping motor.
Shooter.FeederMotor.cancel_INFO [116.989558192] Cancel: stopping motor.
FrcTeleOp.operatorControllerButtonEvent_INFO [117.093064265] ##### button=Y, pressed=false
FrcTeleOp.operatorControllerButtonEvent_INFO [117.664937625] ##### button=Y, pressed=true
FrcTeleOp.shoot_INFO [117.665912983] >>>>> Start Auto Shoot.
TaskAutoShoot.autoShoot_INFO [117.666396431] autoShoot(owner=null, event=null, taskParams=(autoStop=false, noPassback=false))
TaskAutoShoot.autoShoot_INFO [117.673527484] Enabling Goal Tracking (prevTrackParams=null).
Shooter.setupGoalTrackingMode_INFO [117.674050211] GoalTracking(trackingMode=AllianceHub, goalPose=(x=-158.838583,y=182.110000,angle=0.000000), noPassback=false).
Shooter.LeftShooter.enableGoalTracking_INFO [117.674369852] Enable GoalTracking (trackingParams=(trackFlywheel=true,trackTiltPos=true,trackPanPos=true)).
Shooter.LeftPrimaryMotor.cancel_INFO [117.674760983] Cancel: stopping motor.
Shooter.LeftTiltMotor.cancel_INFO [117.675538474] Cancel: stopping motor.
Shooter.RightShooter.enableGoalTracking_INFO [117.67602581] Enable GoalTracking (trackingParams=(trackFlywheel=true,trackTiltPos=true,trackPanPos=true)).
Shooter.RightPrimaryMotor.cancel_INFO [117.676801855] Cancel: stopping motor.
Shooter.RightTiltMotor.cancel_INFO [117.679969636] Cancel: stopping motor.
TaskAutoShoot.autoTask_INFO [117.743854378] <Event name="StateInfo" time="117.743604707" tag="vvvvv" TaskAutoShoot.state="START" />
TaskAutoShoot.runTaskState_INFO [117.744121741] ***** Wait for left Shooter ready.
TaskAutoShoot.runTaskState_INFO [117.747728627] ***** Wait for right Shooter ready.
TaskAutoShoot.runTaskState_INFO [117.77153813] ***** Wait for Turret ready.
TaskAutoShoot.autoTask_INFO [117.777695752] <Event name="StateInfo" time="117.771834054" tag="^^^^^" TaskAutoShoot.state="START" />
FrcTeleOp.operatorControllerButtonEvent_INFO [117.782995054] ##### button=Y, pressed=false
TaskAutoShoot.autoTask_INFO [117.921366909] <Event name="StateInfo" time="117.920392105" tag="vvvvv" TaskAutoShoot.state="SHOOT" />
TaskAutoShoot.autoTask_INFO [117.921731877] <Event name="StateInfo" time="117.921568458" tag="^^^^^" TaskAutoShoot.state="SHOOT" />
TaskAutoShoot.autoTask_INFO [117.993244399] <Event name="StateInfo" time="117.992951924" tag="vvvvv" TaskAutoShoot.state="SHOOT" />
TaskAutoShoot.autoTask_INFO [117.994309535] <Event name="StateInfo" time="117.993423746" tag="^^^^^" TaskAutoShoot.state="SHOOT" />
TaskAutoShoot.autoTask_INFO [118.068236487] <Event name="StateInfo" time="118.068035681" tag="vvvvv" TaskAutoShoot.state="SHOOT" />
TaskAutoShoot.autoTask_INFO [118.068846461] <Event name="StateInfo" time="118.06867758" tag="^^^^^" TaskAutoShoot.state="SHOOT" />
TaskAutoShoot.autoTask_INFO [118.139006103] <Event name="StateInfo" time="118.138820292" tag="vvvvv" TaskAutoShoot.state="SHOOT" />
TaskAutoShoot.autoTask_INFO [118.139329681] <Event name="StateInfo" time="118.139183119" tag="^^^^^" TaskAutoShoot.state="SHOOT" />
TaskAutoShoot.autoTask_INFO [118.198883806] <Event name="StateInfo" time="118.19871416" tag="vvvvv" TaskAutoShoot.state="SHOOT" />
TaskAutoShoot.autoTask_INFO [118.203090724] <Event name="StateInfo" time="118.202905382" tag="^^^^^" TaskAutoShoot.state="SHOOT" />
TaskAutoShoot.autoTask_INFO [118.269045993] <Event name="StateInfo" time="118.268733959" tag="vvvvv" TaskAutoShoot.state="SHOOT" />
TaskAutoShoot.autoTask_INFO [118.270293522] <Event name="StateInfo" time="118.270096321" tag="^^^^^" TaskAutoShoot.state="SHOOT" />
TaskAutoShoot.autoTask_INFO [118.33164005] <Event name="StateInfo" time="118.331201164" tag="vvvvv" TaskAutoShoot.state="SHOOT" />
TaskAutoShoot.autoTask_INFO [118.332173303] <Event name="StateInfo" time="118.332024424" tag="^^^^^" TaskAutoShoot.state="SHOOT" />
TaskAutoShoot.autoTask_INFO [118.401220932] <Event name="StateInfo" time="118.400950529" tag="vvvvv" TaskAutoShoot.state="SHOOT" />
TaskAutoShoot.autoTask_INFO [118.402600143] <Event name="StateInfo" time="118.401860479" tag="^^^^^" TaskAutoShoot.state="SHOOT" />
TaskAutoShoot.autoTask_INFO [118.476095105] <Event name="StateInfo" time="118.475921555" tag="vvvvv" TaskAutoShoot.state="SHOOT" />
TaskAutoShoot.autoTask_INFO [118.478542375] <Event name="StateInfo" time="118.478156714" tag="^^^^^" TaskAutoShoot.state="SHOOT" />
TaskAutoShoot.autoTask_INFO [118.556053003] <Event name="StateInfo" time="118.554579851" tag="vvvvv" TaskAutoShoot.state="SHOOT" />
TaskAutoShoot.autoTask_INFO [118.557776408] <Event name="StateInfo" time="118.556551522" tag="^^^^^" TaskAutoShoot.state="SHOOT" />
Shooter.LeftShooter.goalTrackingTask_INFO [118.608440077] Shooter.LeftShooter is Ready: rpm1=5296.694712/5253.466124, rpm2=3238.593750/0.000000, tilt=27.621059/26.635642, pan=null/null
TaskAutoShoot.autoTask_INFO [118.628140023] <Event name="StateInfo" time="118.627877361" tag="vvvvv" TaskAutoShoot.state="SHOOT" />
TaskAutoShoot.autoTask_INFO [118.63101465] <Event name="StateInfo" time="118.628330816" tag="^^^^^" TaskAutoShoot.state="SHOOT" />
TaskAutoShoot.autoTask_INFO [118.700656301] <Event name="StateInfo" time="118.700442606" tag="vvvvv" TaskAutoShoot.state="SHOOT" />
TaskAutoShoot.autoTask_INFO [118.702046817] <Event name="StateInfo" time="118.70186783" tag="^^^^^" TaskAutoShoot.state="SHOOT" />
TaskAutoShoot.autoTask_INFO [118.76278765] <Event name="StateInfo" time="118.762496691" tag="vvvvv" TaskAutoShoot.state="SHOOT" />
TaskAutoShoot.autoTask_INFO [118.764384764] <Event name="StateInfo" time="118.764139256" tag="^^^^^" TaskAutoShoot.state="SHOOT" />
Shooter.RightShooter.goalTrackingTask_INFO [118.845442257] Shooter.RightShooter is Ready: rpm1=5283.254207/5262.960406, rpm2=3292.734375/0.000000, tilt=24.024052/23.195392, pan=null/null
TaskAutoShoot.autoTask_INFO [118.845798683] <Event name="StateInfo" time="118.845654256" tag="vvvvv" TaskAutoShoot.state="SHOOT" />
TaskAutoShoot.autoTask_INFO [118.846274314] <Event name="StateInfo" time="118.84603578" tag="^^^^^" TaskAutoShoot.state="SHOOT" />
TaskAutoShoot.autoTask_INFO [118.92598751] <Event name="StateInfo" time="118.925805299" tag="vvvvv" TaskAutoShoot.state="SHOOT" />
TaskAutoShoot.autoTask_INFO [118.930863128] <Event name="StateInfo" time="118.930665001" tag="^^^^^" TaskAutoShoot.state="SHOOT" />
TaskAutoShoot.autoTask_INFO [118.99533189] <Event name="StateInfo" time="118.995134315" tag="vvvvv" TaskAutoShoot.state="SHOOT" />
TaskAutoShoot.autoTask_INFO [119.003224676] <Event name="StateInfo" time="119.003050429" tag="^^^^^" TaskAutoShoot.state="SHOOT" />
TaskAutoShoot.autoTask_INFO [119.070181347] <Event name="StateInfo" time="119.069989792" tag="vvvvv" TaskAutoShoot.state="SHOOT" />
TaskAutoShoot.autoTask_INFO [119.071066926] <Event name="StateInfo" time="119.070890551" tag="^^^^^" TaskAutoShoot.state="SHOOT" />
Shooter.setupGoalTrackingMode_INFO [119.080548008] GoalTracking(trackingMode=AllianceHub, goalPose=(x=-158.838583,y=182.110000,angle=0.000000), noPassback=false).
TaskAutoShoot.autoTask_INFO [119.150467888] <Event name="StateInfo" time="119.150269274" tag="vvvvv" TaskAutoShoot.state="SHOOT" />
TaskAutoShoot.autoTask_INFO [119.151319999] <Event name="StateInfo" time="119.150745031" tag="^^^^^" TaskAutoShoot.state="SHOOT" />
TaskAutoShoot.autoTask_INFO [119.218928628] <Event name="StateInfo" time="119.218751277" tag="vvvvv" TaskAutoShoot.state="SHOOT" />
TaskAutoShoot.autoTask_INFO [119.221890839] <Event name="StateInfo" time="119.219093003" tag="^^^^^" TaskAutoShoot.state="SHOOT" />
TaskAutoShoot.autoTask_INFO [119.287479434] <Event name="StateInfo" time="119.287281305" tag="vvvvv" TaskAutoShoot.state="SHOOT" />
TaskAutoShoot.autoTask_INFO [119.295005779] <Event name="StateInfo" time="119.293591616" tag="^^^^^" TaskAutoShoot.state="SHOOT" />
TaskAutoShoot.autoTask_INFO [119.374152861] <Event name="StateInfo" time="119.373961747" tag="vvvvv" TaskAutoShoot.state="SHOOT" />
TaskAutoShoot.autoTask_INFO [119.375201421] <Event name="StateInfo" time="119.375032156" tag="^^^^^" TaskAutoShoot.state="SHOOT" />
TaskAutoShoot.autoTask_INFO [119.457311808] <Event name="StateInfo" time="119.457132126" tag="vvvvv" TaskAutoShoot.state="SHOOT" />
TaskAutoShoot.autoTask_INFO [119.459409223] <Event name="StateInfo" time="119.45861945" tag="^^^^^" TaskAutoShoot.state="SHOOT" />
TaskAutoShoot.autoTask_INFO [119.542259101] <Event name="StateInfo" time="119.54207299" tag="vvvvv" TaskAutoShoot.state="SHOOT" />
TaskAutoShoot.autoTask_INFO [119.543059002] <Event name="StateInfo" time="119.54286694" tag="^^^^^" TaskAutoShoot.state="SHOOT" />
TaskAutoShoot.autoTask_INFO [119.624017661] <Event name="StateInfo" time="119.6231655" tag="vvvvv" TaskAutoShoot.state="SHOOT" />
TaskAutoShoot.autoTask_INFO [119.625676539] <Event name="StateInfo" time="119.624434075" tag="^^^^^" TaskAutoShoot.state="SHOOT" />
TaskAutoShoot.autoTask_INFO [119.692049292] <Event name="StateInfo" time="119.691871981" tag="vvvvv" TaskAutoShoot.state="SHOOT" />
TaskAutoShoot.autoTask_INFO [119.706375227] <Event name="StateInfo" time="119.703904637" tag="^^^^^" TaskAutoShoot.state="SHOOT" />
TaskAutoShoot.autoTask_INFO [119.78456467] <Event name="StateInfo" time="119.784338269" tag="vvvvv" TaskAutoShoot.state="SHOOT" />
TaskAutoShoot.autoTask_INFO [119.788600729] <Event name="StateInfo" time="119.787735686" tag="^^^^^" TaskAutoShoot.state="SHOOT" />
TaskAutoShoot.autoTask_INFO [119.854294984] <Event name="StateInfo" time="119.854108559" tag="vvvvv" TaskAutoShoot.state="SHOOT" />
TaskAutoShoot.autoTask_INFO [119.857004307] <Event name="StateInfo" time="119.856566062" tag="^^^^^" TaskAutoShoot.state="SHOOT" />
TaskAutoShoot.autoTask_INFO [119.931643413] <Event name="StateInfo" time="119.929457131" tag="vvvvv" TaskAutoShoot.state="SHOOT" />
TaskAutoShoot.autoTask_INFO [119.933094079] <Event name="StateInfo" time="119.932129307" tag="^^^^^" TaskAutoShoot.state="SHOOT" />
TaskAutoShoot.autoTask_INFO [120.005284474] <Event name="StateInfo" time="120.005060051" tag="vvvvv" TaskAutoShoot.state="SHOOT" />
TaskAutoShoot.autoTask_INFO [120.012499373] <Event name="StateInfo" time="120.012316137" tag="^^^^^" TaskAutoShoot.state="SHOOT" />
TaskAutoShoot.autoTask_INFO [120.090390733] <Event name="StateInfo" time="120.09019801" tag="vvvvv" TaskAutoShoot.state="SHOOT" />
TaskAutoShoot.autoTask_INFO [120.093059777] <Event name="StateInfo" time="120.092197287" tag="^^^^^" TaskAutoShoot.state="SHOOT" />
TaskAutoShoot.autoTask_INFO [120.16227642] <Event name="StateInfo" time="120.162100904" tag="vvvvv" TaskAutoShoot.state="SHOOT" />
TaskAutoShoot.autoTask_INFO [120.16318332] <Event name="StateInfo" time="120.162944137" tag="^^^^^" TaskAutoShoot.state="SHOOT" />
TaskAutoShoot.autoTask_INFO [120.223866043] <Event name="StateInfo" time="120.222015412" tag="vvvvv" TaskAutoShoot.state="SHOOT" />
TaskAutoShoot.autoTask_INFO [120.225140796] <Event name="StateInfo" time="120.224529481" tag="^^^^^" TaskAutoShoot.state="SHOOT" />
TaskAutoShoot.autoTask_INFO [120.289465412] <Event name="StateInfo" time="120.289058474" tag="vvvvv" TaskAutoShoot.state="SHOOT" />
TaskAutoShoot.autoTask_INFO [120.291209929] <Event name="StateInfo" time="120.291011762" tag="^^^^^" TaskAutoShoot.state="SHOOT" />
TaskAutoShoot.autoTask_INFO [120.359885741] <Event name="StateInfo" time="120.359705819" tag="vvvvv" TaskAutoShoot.state="SHOOT" />
TaskAutoShoot.autoTask_INFO [120.361256948] <Event name="StateInfo" time="120.361078361" tag="^^^^^" TaskAutoShoot.state="SHOOT" />
TaskAutoShoot.autoTask_INFO [120.437586834] <Event name="StateInfo" time="120.437386918" tag="vvvvv" TaskAutoShoot.state="SHOOT" />
TaskAutoShoot.autoTask_INFO [120.438782811] <Event name="StateInfo" time="120.438562964" tag="^^^^^" TaskAutoShoot.state="SHOOT" />
TaskAutoShoot.autoTask_INFO [120.502109284] <Event name="StateInfo" time="120.501642216" tag="vvvvv" TaskAutoShoot.state="SHOOT" />
TaskAutoShoot.autoTask_INFO [120.505897698] <Event name="StateInfo" time="120.502709792" tag="^^^^^" TaskAutoShoot.state="SHOOT" />
TaskAutoShoot.autoTask_INFO [120.570385134] <Event name="StateInfo" time="120.570212996" tag="vvvvv" TaskAutoShoot.state="SHOOT" />
TaskAutoShoot.autoTask_INFO [120.574063021] <Event name="StateInfo" time="120.573363296" tag="^^^^^" TaskAutoShoot.state="SHOOT" />
TaskAutoShoot.autoTask_INFO [120.651700375] <Event name="StateInfo" time="120.651389997" tag="vvvvv" TaskAutoShoot.state="SHOOT" />
TaskAutoShoot.autoTask_INFO [120.652589411] <Event name="StateInfo" time="120.652346815" tag="^^^^^" TaskAutoShoot.state="SHOOT" />
TaskAutoShoot.autoTask_INFO [120.73153451] <Event name="StateInfo" time="120.731359323" tag="vvvvv" TaskAutoShoot.state="SHOOT" />
TaskAutoShoot.autoTask_INFO [120.736763514] <Event name="StateInfo" time="120.735796037" tag="^^^^^" TaskAutoShoot.state="SHOOT" />
TaskAutoShoot.autoTask_INFO [120.81228051] <Event name="StateInfo" time="120.812100746" tag="vvvvv" TaskAutoShoot.state="SHOOT" />
TaskAutoShoot.autoTask_INFO [120.814045161] <Event name="StateInfo" time="120.813779654" tag="^^^^^" TaskAutoShoot.state="SHOOT" />
TaskAutoShoot.autoTask_INFO [120.878890704] <Event name="StateInfo" time="120.878710769" tag="vvvvv" TaskAutoShoot.state="SHOOT" />
TaskAutoShoot.autoTask_INFO [120.87975311] <Event name="StateInfo" time="120.879054705" tag="^^^^^" TaskAutoShoot.state="SHOOT" />
TaskAutoShoot.autoTask_INFO [120.951537806] <Event name="StateInfo" time="120.951375653" tag="vvvvv" TaskAutoShoot.state="SHOOT" />
TaskAutoShoot.autoTask_INFO [120.956663257] <Event name="StateInfo" time="120.95646187" tag="^^^^^" TaskAutoShoot.state="SHOOT" />
TaskAutoShoot.autoTask_INFO [121.030478425] <Event name="StateInfo" time="121.03030677" tag="vvvvv" TaskAutoShoot.state="SHOOT" />
TaskAutoShoot.autoTask_INFO [121.034311659] <Event name="StateInfo" time="121.034113606" tag="^^^^^" TaskAutoShoot.state="SHOOT" />
TaskAutoShoot.autoTask_INFO [121.120379747] <Event name="StateInfo" time="121.120189803" tag="vvvvv" TaskAutoShoot.state="SHOOT" />
TaskAutoShoot.autoTask_INFO [121.122161586] <Event name="StateInfo" time="121.12055234" tag="^^^^^" TaskAutoShoot.state="SHOOT" />
TaskAutoShoot.autoTask_INFO [121.184321818] <Event name="StateInfo" time="121.184117963" tag="vvvvv" TaskAutoShoot.state="SHOOT" />
TaskAutoShoot.autoTask_INFO [121.184741476] <Event name="StateInfo" time="121.184584618" tag="^^^^^" TaskAutoShoot.state="SHOOT" />
TaskAutoShoot.autoTask_INFO [121.25070074] <Event name="StateInfo" time="121.250515185" tag="vvvvv" TaskAutoShoot.state="SHOOT" />
TaskAutoShoot.autoTask_INFO [121.251155007] <Event name="StateInfo" time="121.251001679" tag="^^^^^" TaskAutoShoot.state="SHOOT" />
OV9782_RightShooter.getRobotEstimatedInfo_ERR [121.259963443] [fpgaTime=259071564] PhotonVision.getAllUnreadResults threw an exception.
Index 763 out of bounds for length 763
TrcDbgTrace.getRobotEstimatedInfo_ERR [121.263307977] Stack Trace (depth=18):
org.photonvision.common.dataflow.structures.Packet.decodeByte(Packet.java:297)
org.photonvision.common.dataflow.structures.Packet.decodeList(Packet.java:413)
org.photonvision.struct.PhotonTrackedTargetSerde.unpack(PhotonTrackedTargetSerde.java:131)
org.photonvision.struct.PhotonTrackedTargetSerde.unpack(PhotonTrackedTargetSerde.java:43)
org.photonvision.common.dataflow.structures.Packet.decodeList(Packet.java:419)
org.photonvision.struct.PhotonPipelineResultSerde.unpack(PhotonPipelineResultSerde.java:78)
org.photonvision.struct.PhotonPipelineResultSerde.unpack(PhotonPipelineResultSerde.java:43)
org.photonvision.common.networktables.PacketSubscriber.parse(PacketSubscriber.java:66)
org.photonvision.common.networktables.PacketSubscriber.getAllChanges(PacketSubscriber.java:110)
org.photonvision.PhotonCamera.getAllUnreadResults(PhotonCamera.java:262)
frclib.vision.FrcPhotonVision.getRobotEstimatedInfo(FrcPhotonVision.java:750)
frclib.drivebase.FrcSwerveDrive.visionUpdate(FrcSwerveDrive.java:169)
teamcode.Robot.relocalizeRobot(Robot.java:407)
teamcode.Robot.robotPeriodic(Robot.java:463)
frclib.robotcore.FrcRobot.startCompetition(FrcRobot.java:624)
edu.wpi.first.wpilibj.RobotBase.runRobot(RobotBase.java:436)
edu.wpi.first.wpilibj.RobotBase.startRobot(RobotBase.java:527)
teamcode.Main.main(Main.java:33)
TaskAutoShoot.autoTask_INFO [121.343974152] <Event name="StateInfo" time="121.342679737" tag="vvvvv" TaskAutoShoot.state="SHOOT" />
TaskAutoShoot.autoTask_INFO [121.344753047] <Event name="StateInfo" time="121.344430704" tag="^^^^^" TaskAutoShoot.state="SHOOT" />
TaskAutoShoot.autoTask_INFO [121.436444709] <Event name="StateInfo" time="121.436124858" tag="vvvvv" TaskAutoShoot.state="SHOOT" />
TaskAutoShoot.autoTask_INFO [121.442104283] <Event name="StateInfo" time="121.441912036" tag="^^^^^" TaskAutoShoot.state="SHOOT" />
TaskAutoShoot.autoTask_INFO [121.519672801] <Event name="StateInfo" time="121.519483197" tag="vvvvv" TaskAutoShoot.state="SHOOT" />
TaskAutoShoot.autoTask_INFO [121.520427011] <Event name="StateInfo" time="121.520252581" tag="^^^^^" TaskAutoShoot.state="SHOOT" />
TaskAutoShoot.autoTask_INFO [121.610611593] <Event name="StateInfo" time="121.606831323" tag="vvvvv" TaskAutoShoot.state="SHOOT" />
TaskAutoShoot.autoTask_INFO [121.611707357] <Event name="StateInfo" time="121.61148838" tag="^^^^^" TaskAutoShoot.state="SHOOT" />
TaskAutoShoot.autoTask_INFO [121.702024662] <Event name="StateInfo" time="121.701837706" tag="vvvvv" TaskAutoShoot.state="SHOOT" />
TaskAutoShoot.autoTask_INFO [121.704260848] <Event name="StateInfo" time="121.704077829" tag="^^^^^" TaskAutoShoot.state="SHOOT" />
TaskAutoShoot.autoTask_INFO [121.777823461] <Event name="StateInfo" time="121.77751415" tag="vvvvv" TaskAutoShoot.state="SHOOT" />
TaskAutoShoot.autoTask_INFO [121.783806419] <Event name="StateInfo" time="121.783631457" tag="^^^^^" TaskAutoShoot.state="SHOOT" />
TaskAutoShoot.autoTask_INFO [121.850804876] <Event name="StateInfo" time="121.850627915" tag="vvvvv" TaskAutoShoot.state="SHOOT" />
TaskAutoShoot.autoTask_INFO [121.85173482] <Event name="StateInfo" time="121.851374167" tag="^^^^^" TaskAutoShoot.state="SHOOT" />
TaskAutoShoot.autoTask_INFO [121.934356606] <Event name="StateInfo" time="121.932794106" tag="vvvvv" TaskAutoShoot.state="SHOOT" />
TaskAutoShoot.autoTask_INFO [121.945521798] <Event name="StateInfo" time="121.945308623" tag="^^^^^" TaskAutoShoot.state="SHOOT" />
TaskAutoShoot.autoTask_INFO [122.02038188] <Event name="StateInfo" time="122.017335156" tag="vvvvv" TaskAutoShoot.state="SHOOT" />
TaskAutoShoot.autoTask_INFO [122.026375859] <Event name="StateInfo" time="122.020788082" tag="^^^^^" TaskAutoShoot.state="SHOOT" />
TaskAutoShoot.autoTask_INFO [122.097433636] <Event name="StateInfo" time="122.097043606" tag="vvvvv" TaskAutoShoot.state="SHOOT" />
TaskAutoShoot.autoTask_INFO [122.099259859] <Event name="StateInfo" time="122.099051797" tag="^^^^^" TaskAutoShoot.state="SHOOT" />
TaskAutoShoot.autoTask_INFO [122.166725325] <Event name="StateInfo" time="122.166407021" tag="vvvvv" TaskAutoShoot.state="SHOOT" />
TaskAutoShoot.autoTask_INFO [122.168078757] <Event name="StateInfo" time="122.167708432" tag="^^^^^" TaskAutoShoot.state="SHOOT" />
TaskAutoShoot.autoTask_INFO [122.242813639] <Event name="StateInfo" time="122.242444085" tag="vvvvv" TaskAutoShoot.state="SHOOT" />
TaskAutoShoot.autoTask_INFO [122.243407537] <Event name="StateInfo" time="122.24324019" tag="^^^^^" TaskAutoShoot.state="SHOOT" />
TaskAutoShoot.autoTask_INFO [122.327503975] <Event name="StateInfo" time="122.327318773" tag="vvvvv" TaskAutoShoot.state="SHOOT" />
TaskAutoShoot.autoTask_INFO [122.332078082] <Event name="StateInfo" time="122.33187233" tag="^^^^^" TaskAutoShoot.state="SHOOT" />
TaskAutoShoot.autoTask_INFO [122.393643889] <Event name="StateInfo" time="122.393449252" tag="vvvvv" TaskAutoShoot.state="SHOOT" />
TaskAutoShoot.autoTask_INFO [122.394240453] <Event name="StateInfo" time="122.394071004" tag="^^^^^" TaskAutoShoot.state="SHOOT" />
Shooter.setupGoalTrackingMode_INFO [122.403196711] GoalTracking(trackingMode=AllianceHub, goalPose=(x=-158.838583,y=182.110000,angle=0.000000), noPassback=false).
TaskAutoShoot.autoTask_INFO [122.468962258] <Event name="StateInfo" time="122.468774728" tag="vvvvv" TaskAutoShoot.state="SHOOT" />
TaskAutoShoot.autoTask_INFO [122.470888814] <Event name="StateInfo" time="122.470702507" tag="^^^^^" TaskAutoShoot.state="SHOOT" />
TaskAutoShoot.autoTask_INFO [122.571833037] <Event name="StateInfo" time="122.571549507" tag="vvvvv" TaskAutoShoot.state="SHOOT" />
TaskAutoShoot.autoTask_INFO [122.575109778] <Event name="StateInfo" time="122.572005389" tag="^^^^^" TaskAutoShoot.state="SHOOT" />
TaskAutoShoot.autoTask_INFO [122.642766418] <Event name="StateInfo" time="122.642604977" tag="vvvvv" TaskAutoShoot.state="SHOOT" />
TaskAutoShoot.autoTask_INFO [122.643989791] <Event name="StateInfo" time="122.643470015" tag="^^^^^" TaskAutoShoot.state="SHOOT" />
TaskAutoShoot.autoTask_INFO [122.713559711] <Event name="StateInfo" time="122.712406585" tag="vvvvv" TaskAutoShoot.state="SHOOT" />
TaskAutoShoot.autoTask_INFO [122.714844496] <Event name="StateInfo" time="122.714418117" tag="^^^^^" TaskAutoShoot.state="SHOOT" />
TaskAutoShoot.autoTask_INFO [122.784148157] <Event name="StateInfo" time="122.783952635" tag="vvvvv" TaskAutoShoot.state="SHOOT" />
TaskAutoShoot.autoTask_INFO [122.785692603] <Event name="StateInfo" time="122.785226699" tag="^^^^^" TaskAutoShoot.state="SHOOT" />
TaskAutoShoot.autoTask_INFO [122.843796865] <Event name="StateInfo" time="122.84363891" tag="vvvvv" TaskAutoShoot.state="SHOOT" />
TaskAutoShoot.autoTask_INFO [122.844344245] <Event name="StateInfo" time="122.844178901" tag="^^^^^" TaskAutoShoot.state="SHOOT" />
TaskAutoShoot.autoTask_INFO [122.925284493] <Event name="StateInfo" time="122.924455104" tag="vvvvv" TaskAutoShoot.state="SHOOT" />
TaskAutoShoot.autoTask_INFO [122.933140021] <Event name="StateInfo" time="122.927774971" tag="^^^^^" TaskAutoShoot.state="SHOOT" />
TaskAutoShoot.autoTask_INFO [122.999794403] <Event name="StateInfo" time="122.999604847" tag="vvvvv" TaskAutoShoot.state="SHOOT" />
TaskAutoShoot.autoTask_INFO [123.000860144] <Event name="StateInfo" time="123.000672466" tag="^^^^^" TaskAutoShoot.state="SHOOT" />
FrcTeleOp.operatorControllerButtonEvent_INFO [123.00430758] ##### button=Y, pressed=true
FrcTeleOp.shoot_INFO [123.005498546] >>>>> Stop Auto Shoot.
TaskAutoShoot.cancel_INFO [123.006540143] Canceling auto task operation.
TaskAutoShoot.stopSubsystems_INFO [123.007942223] Stopping subsystems.
Shooter.LeftTransferMotor.cancel_INFO [123.00901879] Cancel: stopping motor.
Shooter.RightTransferMotor.cancel_INFO [123.010415684] Cancel: stopping motor.
Shooter.FeederMotor.cancel_INFO [123.011979353] Cancel: stopping motor.
TaskAutoShoot.stopSubsystems_INFO [123.013335407] No previous GoalTracking, disable it.
Shooter.LeftShooter.disableGoalTracking_INFO [123.014491641] Disable Goal Tracking.
Shooter.LeftShooter.stopGoalTracking_INFO [123.015255983] Stop GoalTracking.
Shooter.LeftTiltMotor.cancel_INFO [123.015991627] Cancel: stopping motor.
Shooter.LeftPrimaryMotor.cancel_INFO [123.0175888] Cancel: stopping motor.
Shooter.RightShooter.disableGoalTracking_INFO [123.019330057] Disable Goal Tracking.
Shooter.RightShooter.stopGoalTracking_INFO [123.021211849] Stop GoalTracking.
Shooter.RightTiltMotor.cancel_INFO [123.022498371] Cancel: stopping motor.
Shooter.RightPrimaryMotor.cancel_INFO [123.024597404] Cancel: stopping motor.
Shooter.LeftShooter.cancel_INFO [123.025674688] owner=null
Shooter.LeftPrimaryMotor.cancel_INFO [123.026755958] Cancel: stopping motor.
Shooter.LeftTiltMotor.cancel_INFO [123.028440635] Cancel: stopping motor.
Shooter.RightShooter.cancel_INFO [123.030326733] owner=null
Shooter.RightPrimaryMotor.cancel_INFO [123.031946025] Cancel: stopping motor.
Shooter.RightTiltMotor.cancel_INFO [123.034256998] Cancel: stopping motor.
Shooter.LeftTransferMotor.cancel_INFO [123.035412192] Cancel: stopping motor.
Shooter.RightTransferMotor.cancel_INFO [123.036882001] Cancel: stopping motor.
Shooter.FeederMotor.cancel_INFO [123.039984707] Cancel: stopping motor.
FrcTeleOp.operatorControllerButtonEvent_INFO [123.152366551] ##### button=Y, pressed=false
FrcTeleOp.operatorControllerButtonEvent_INFO [123.508008406] ##### button=Y, pressed=true
FrcTeleOp.shoot_INFO [123.514716466] >>>>> Start Auto Shoot.
TaskAutoShoot.autoShoot_INFO [123.515589106] autoShoot(owner=null, event=null, taskParams=(autoStop=false, noPassback=false))
TaskAutoShoot.autoShoot_INFO [123.516040357] Enabling Goal Tracking (prevTrackParams=null).
Shooter.setupGoalTrackingMode_INFO [123.521055543] GoalTracking(trackingMode=AllianceHub, goalPose=(x=-158.838583,y=182.110000,angle=0.000000), noPassback=false).
Shooter.LeftShooter.enableGoalTracking_INFO [123.522063333] Enable GoalTracking (trackingParams=(trackFlywheel=true,trackTiltPos=true,trackPanPos=true)).
Shooter.LeftPrimaryMotor.cancel_INFO [123.523019156] Cancel: stopping motor.
Shooter.LeftTiltMotor.cancel_INFO [123.524018548] Cancel: stopping motor.
Shooter.RightShooter.enableGoalTracking_INFO [123.524713904] Enable GoalTracking (trackingParams=(trackFlywheel=true,trackTiltPos=true,trackPanPos=true)).
Shooter.RightPrimaryMotor.cancel_INFO [123.525868073] Cancel: stopping motor.
Shooter.RightTiltMotor.cancel_INFO [123.526756443] Cancel: stopping motor.
TaskAutoShoot.autoTask_INFO [123.596508858] <Event name="StateInfo" time="123.595997575" tag="vvvvv" TaskAutoShoot.state="START" />
TaskAutoShoot.runTaskState_INFO [123.597485429] ***** Wait for left Shooter ready.
TaskAutoShoot.runTaskState_INFO [123.59775866] ***** Wait for right Shooter ready.
TaskAutoShoot.runTaskState_INFO [123.598757877] ***** Wait for Turret ready.
TaskAutoShoot.autoTask_INFO [123.599434548] <Event name="StateInfo" time="123.598930204" tag="^^^^^" TaskAutoShoot.state="START" />
FrcTeleOp.operatorControllerButtonEvent_INFO [123.602472897] ##### button=Y, pressed=false
Shooter.TurretMotor.pidCtrlTask_INFO [123.631805068] controlMode: Position,onTarget=true(102.06612787696382/102.05026866420253), stalled=false, expired=false, event=(TaskAutoShoot.turretReady=SIGNALED)
TaskAutoShoot.autoTask_INFO [123.680762782] <Event name="StateInfo" time="123.680016409" tag="vvvvv" TaskAutoShoot.state="SHOOT" />
TaskAutoShoot.autoTask_INFO [123.682970895] <Event name="StateInfo" time="123.682703685" tag="^^^^^" TaskAutoShoot.state="SHOOT" />
Shooter.LeftShooter.goalTrackingTask_INFO [123.775089646] Shooter.LeftShooter is Ready: rpm1=4777.247596/4841.919952, rpm2=2969.531250/0.000000, tilt=23.391614/23.613214, pan=null/null
TaskAutoShoot.autoTask_INFO [123.792611241] <Event name="StateInfo" time="123.792447462" tag="vvvvv" TaskAutoShoot.state="SHOOT" />
TaskAutoShoot.runTaskState_INFO [123.7928569] ***** Start left shooter shooting.
Shooter.shoot_INFO [123.793309565] shoot(owner=null, event=(TaskAutoShoot.leftShooterDone=CLEARED), shooter=leftShooter, autoStop=false)
Shooter.LeftTransferMotor.cancel_INFO [123.79370208] Cancel: stopping motor.
TaskAutoShoot.autoTask_INFO [123.799969911] <Event name="StateInfo" time="123.799541193" tag="^^^^^" TaskAutoShoot.state="SHOOT" />
Shooter.RightShooter.goalTrackingTask_INFO [123.876689049] Shooter.RightShooter is Ready: rpm1=4771.757813/4840.170756, rpm2=2982.656250/0.000000, tilt=23.589251/23.601167, pan=null/null
TaskAutoShoot.autoTask_INFO [123.877925012] <Event name="StateInfo" time="123.877697305" tag="vvvvv" TaskAutoShoot.state="SHOOT" />
TaskAutoShoot.runTaskState_INFO [123.880472767] ***** Start right shooter shooting.
Shooter.shoot_INFO [123.881454256] shoot(owner=null, event=(TaskAutoShoot.rightShooterDone=CLEARED), shooter=rightShooter, autoStop=false)
Shooter.RightTransferMotor.cancel_INFO [123.882466394] Cancel: stopping motor.
TaskAutoShoot.autoTask_INFO [123.885723761] <Event name="StateInfo" time="123.883914884" tag="^^^^^" TaskAutoShoot.state="SHOOT" />
FrcTeleOp.driverControllerButtonEvent_INFO [124.234827412] ##### button=A, pressed=true
FrcTeleOp.driverControllerButtonEvent_INFO [124.303307906] ##### button=A, pressed=false
FrcTeleOp.operatorControllerButtonEvent_INFO [126.769151957] ##### button=Y, pressed=true
FrcTeleOp.shoot_INFO [126.770495114] >>>>> Stop Auto Shoot.
TaskAutoShoot.cancel_INFO [126.770977011] Canceling auto task operation.
TaskAutoShoot.stopSubsystems_INFO [126.771307111] Stopping subsystems.
Shooter.LeftTransferMotor.cancel_INFO [126.771625041] Cancel: stopping motor.
Shooter.RightTransferMotor.cancel_INFO [126.772098319] Cancel: stopping motor.
Shooter.FeederMotor.cancel_INFO [126.772438397] Cancel: stopping motor.
TaskAutoShoot.stopSubsystems_INFO [126.774066651] No previous GoalTracking, disable it.
Shooter.LeftShooter.disableGoalTracking_INFO [126.774649729] Disable Goal Tracking.
Shooter.LeftShooter.stopGoalTracking_INFO [126.775094985] Stop GoalTracking.
Shooter.LeftTiltMotor.cancel_INFO [126.775685763] Cancel: stopping motor.
Shooter.LeftPrimaryMotor.cancel_INFO [126.777178821] Cancel: stopping motor.
Shooter.RightShooter.disableGoalTracking_INFO [126.778259724] Disable Goal Tracking.
Shooter.RightShooter.stopGoalTracking_INFO [126.778452001] Stop GoalTracking.
Shooter.RightTiltMotor.cancel_INFO [126.778796022] Cancel: stopping motor.
Shooter.RightPrimaryMotor.cancel_INFO [126.780439012] Cancel: stopping motor.
Shooter.LeftShooter.cancel_INFO [126.781506898] owner=null
Shooter.LeftPrimaryMotor.cancel_INFO [126.782060712] Cancel: stopping motor.
Shooter.LeftTiltMotor.cancel_INFO [126.782611342] Cancel: stopping motor.
Shooter.RightShooter.cancel_INFO [126.782923549] owner=null
Shooter.RightPrimaryMotor.cancel_INFO [126.783372315] Cancel: stopping motor.
Shooter.RightTiltMotor.cancel_INFO [126.783862787] Cancel: stopping motor.
Shooter.LeftTransferMotor.cancel_INFO [126.784813496] Cancel: stopping motor.
Shooter.RightTransferMotor.cancel_INFO [126.785189724] Cancel: stopping motor.
Shooter.FeederMotor.cancel_INFO [126.785908736] Cancel: stopping motor.
FrcTeleOp.operatorControllerButtonEvent_INFO [126.906989295] ##### button=Y, pressed=false
FrcTeleOp.operatorControllerButtonEvent_INFO [127.111188265] ##### button=DpadUp, pressed=true
FrcTeleOp.operatorControllerButtonEvent_INFO [127.130337358] >>>>> Extend climber.
FrcTeleOp.operatorControllerButtonEvent_INFO [127.263177134] ##### button=DpadUp, pressed=false
FrcTeleOp.driverControllerButtonEvent_INFO [128.444748298] ##### button=RightBumper, pressed=true
FrcTeleOp.driverControllerButtonEvent_INFO [128.445319687] >>>>> Slow Drive
FrcTeleOp.driverControllerButtonEvent_INFO [129.008861803] ##### button=RightBumper, pressed=false
FrcTeleOp.driverControllerButtonEvent_INFO [129.009723461] >>>>> Normal Drive
FrcTeleOp.driverControllerButtonEvent_INFO [129.36281509] ##### button=RightBumper, pressed=true
FrcTeleOp.driverControllerButtonEvent_INFO [129.363407334] >>>>> Slow Drive
FrcTeleOp.driverControllerButtonEvent_INFO [131.006809276] ##### button=RightBumper, pressed=false
FrcTeleOp.driverControllerButtonEvent_INFO [131.008243454] >>>>> Normal Drive
FrcTeleOp.operatorControllerButtonEvent_INFO [131.218540564] ##### button=DpadDown, pressed=true
FrcTeleOp.operatorControllerButtonEvent_INFO [131.241266667] >>>>> Retract climber.
FrcTeleOp.operatorControllerButtonEvent_INFO [131.423131565] ##### button=DpadDown, pressed=false
FrcRobot.startCompetition_INFO [139.917536243] *** Transitioning from TELEOP_MODE to DISABLED_MODE ***
Robot.cancelAll_INFO [139.928447599] Cancel all operations.
Shooter.LeftShooter.cancel_INFO [139.935253258] owner=null
Shooter.LeftPrimaryMotor.cancel_INFO [139.94061895] Cancel: stopping motor.
Shooter.LeftTiltMotor.cancel_INFO [139.943269593] Cancel: stopping motor.
Shooter.RightShooter.cancel_INFO [139.945011317] owner=null
Shooter.RightPrimaryMotor.cancel_INFO [139.946884879] Cancel: stopping motor.
Shooter.RightTiltMotor.cancel_INFO [139.948699215] Cancel: stopping motor.
Shooter.LeftTransferMotor.cancel_INFO [139.951455063] Cancel: stopping motor.
Shooter.RightTransferMotor.cancel_INFO [139.952302284] Cancel: stopping motor.
Shooter.FeederMotor.cancel_INFO [139.954685789] Cancel: stopping motor.
Intake.IntakeMotor.cancel_INFO [139.991166002] Cancel: stopping motor.
Climber.Motor.cancel_INFO [139.991587015] Cancel: stopping motor.
TaskAutoShoot.cancel_INFO [139.991919052] Canceling auto task operation.
TaskAutoClimb.cancel_INFO [139.992602314] Canceling auto task operation.
FrcRobot.printPerformanceMetrics_INFO [139.995694243] [FrcRobot] Loop Performance Metrics:
Average Loop Interval = 0.001769s (freq=565.348Hz, min=0.000614s, max=0.633254s)
[03]                StartTask=0.000000s
[04]          PrePeriodicTask=0.000181s
[07]               UpdateTask=0.000872s
[02]                StartMode=0.000000s
[06]         PostPeriodicTask=0.000471s
[08]                 StopTask=0.000000s
[09]                 StopMode=0.000000s
[00]                RobotInit=13.525108s
[01]           RobotStartMode=0.000005s
[05]                 Periodic=0.000172s
[10]            RobotStopMode=0.000002s

TrcTaskMgr.printTaskPerformanceMetrics_INFO [139.997508939] FrcDashboard.task: STANDALONE_TASK=5.666311378988769E-4/0.010644248678344079
TrcTaskMgr.printTaskPerformanceMetrics_INFO [139.998449132] TrcWatchdogMgr: STANDALONE_TASK=2.3331276425855513E-4/0.996589692053232
TrcTaskMgr.printTaskPerformanceMetrics_INFO [139.998954417] DriverController.buttonEventTask: PRE_PERIODIC_TASK=1.0271796924991113E-5/0.0031068855112868824
TrcTaskMgr.printTaskPerformanceMetrics_INFO [139.999883833] OperatorController.buttonEventTask: PRE_PERIODIC_TASK=9.604811233558478E-5/0.0031068760680101315
TrcTaskMgr.printTaskPerformanceMetrics_INFO [140.000228759] flDriveMotor.pidCtrlTask: OUTPUT_TASK=7.597153754339247E-5/0.012483359700175946
TrcTaskMgr.printTaskPerformanceMetrics_INFO [140.00289005] flDriveMotor.odometryCleanupTask: STOP_TASK=1.2042275E-4/41.21144622375
TrcTaskMgr.printTaskPerformanceMetrics_INFO [140.00504721] frDriveMotor.pidCtrlTask: OUTPUT_TASK=4.593578996671422E-5/0.012483206759676652
TrcTaskMgr.printTaskPerformanceMetrics_INFO [140.005363566] blDriveMotor.pidCtrlTask: OUTPUT_TASK=4.529055454113171E-5/0.012483206355539705
TrcTaskMgr.printTaskPerformanceMetrics_INFO [140.008601794] brDriveMotor.pidCtrlTask: OUTPUT_TASK=4.2849390061816454E-5/0.012483206053304803
TrcTaskMgr.printTaskPerformanceMetrics_INFO [140.00893601] flSteerMotor.pidCtrlTask: OUTPUT_TASK=5.49270899191631E-5/0.01248320579866857
TrcTaskMgr.printTaskPerformanceMetrics_INFO [140.009179839] frSteerMotor.pidCtrlTask: OUTPUT_TASK=4.827693157394199E-5/0.012483209643128863
TrcTaskMgr.printTaskPerformanceMetrics_INFO [140.011769665] blSteerMotor.pidCtrlTask: OUTPUT_TASK=4.6996146647646224E-5/0.012483211105325725
TrcTaskMgr.printTaskPerformanceMetrics_INFO [140.013196943] brSteerMotor.pidCtrlTask: OUTPUT_TASK=4.649547070851165E-5/0.012483212348026629
TrcTaskMgr.printTaskPerformanceMetrics_INFO [140.015380788] FrcSwerveDrive.odometryTask: INPUT_TASK=0.0017378639963516037/0.013956162126506026
TrcTaskMgr.printTaskPerformanceMetrics_INFO [140.016660505] FrcSwerveDrive.stopTask: STOP_TASK=0.00218491025/41.2114617505
TrcTaskMgr.printTaskPerformanceMetrics_INFO [140.017008136] purePursuitDrive.driveTask: POST_PERIODIC_TASK=0.006370601231974921/0.060535683686520375
TrcTaskMgr.printTaskPerformanceMetrics_INFO [140.017317459] LED: OUTPUT_TASK=5.360507137083353E-5/0.012483073976510866
TrcTaskMgr.printTaskPerformanceMetrics_INFO [140.01755847] Shooter.LeftPrimaryMotor.pidCtrlTask: OUTPUT_TASK=3.7597256954020255E-5/0.012483059605059198
TrcTaskMgr.printTaskPerformanceMetrics_INFO [140.022470984] Shooter.LeftFollowerMotor.pidCtrlTask: OUTPUT_TASK=5.967867623983643E-6/0.012483058986971614
TrcTaskMgr.printTaskPerformanceMetrics_INFO [140.023651211] Shooter.LeftTiltMotor.pidCtrlTask: OUTPUT_TASK=7.860949893966051E-4/0.012483058619846894
TrcTaskMgr.printTaskPerformanceMetrics_INFO [140.025022442] Shooter.LeftShooter.ShooterMotor1VelTrigger.triggerTask: PRE_PERIODIC_TASK=2.805671333333334E-4/0.06586232925
TrcTaskMgr.printTaskPerformanceMetrics_INFO [140.027293158] Shooter.LeftShooter.goalTracking: POST_PERIODIC_TASK=0.03540220876754386/0.13207454270350877
TrcTaskMgr.printTaskPerformanceMetrics_INFO [140.028727694] Shooter.LeftTransferMotor.pidCtrlTask: OUTPUT_TASK=7.272040319513123E-6/0.012482915058767592
TrcTaskMgr.printTaskPerformanceMetrics_INFO [140.029737369] Shooter.RightPrimaryMotor.pidCtrlTask: OUTPUT_TASK=3.5220972850893876E-5/0.012482914403195131
TrcTaskMgr.printTaskPerformanceMetrics_INFO [140.031605933] Shooter.RightFollowerMotor.pidCtrlTask: OUTPUT_TASK=5.919147584632941E-6/0.012482914047261316
TrcTaskMgr.printTaskPerformanceMetrics_INFO [140.031938437] Shooter.RightTiltMotor.pidCtrlTask: OUTPUT_TASK=7.996368813236972E-4/0.0124829136696938
TrcTaskMgr.printTaskPerformanceMetrics_INFO [140.033883012] Shooter.RightShooter.ShooterMotor1VelTrigger.triggerTask: PRE_PERIODIC_TASK=2.2376217460317463E-4/0.06495023034920636
TrcTaskMgr.printTaskPerformanceMetrics_INFO [140.035514566] Shooter.RightShooter.goalTracking: POST_PERIODIC_TASK=0.014314199718285214/0.1316021825126859
TrcTaskMgr.printTaskPerformanceMetrics_INFO [140.035898626] Shooter.RightTransferMotor.pidCtrlTask: OUTPUT_TASK=6.713376046025104E-6/0.01248290973535565
TrcTaskMgr.printTaskPerformanceMetrics_INFO [140.038086275] Shooter.TurretMotor.pidCtrlTask: OUTPUT_TASK=8.285029036230506E-4/0.012482909251949411
TrcTaskMgr.printTaskPerformanceMetrics_INFO [140.03901228] Shooter.FeederMotor.pidCtrlTask: OUTPUT_TASK=6.738474730185898E-6/0.012482836630580517
TrcTaskMgr.printTaskPerformanceMetrics_INFO [140.039340448] ShooterfieldLengthTrigger.triggerTask: PRE_PERIODIC_TASK=5.336023682525561E-5/0.0017662147902285487
TrcTaskMgr.printTaskPerformanceMetrics_INFO [140.040449788] ShooterfieldWidthTrigger.triggerTask: PRE_PERIODIC_TASK=6.9299163987571694E-6/0.0017662141674451206
TrcTaskMgr.printTaskPerformanceMetrics_INFO [140.042403547] Intake.IntakeMotor.pidCtrlTask: OUTPUT_TASK=6.020833737460182E-6/0.012482835922550279
TrcTaskMgr.printTaskPerformanceMetrics_INFO [140.043474106] Climber.Motor.pidCtrlTask: OUTPUT_TASK=7.097502676746066E-5/0.012482835592545047
TrcTaskMgr.printTaskPerformanceMetrics_INFO [140.045394718] TaskAutoShoot: POST_PERIODIC_TASK=9.264154521193092E-4/0.07363946185138671
