Robot.robotStartMode_INFO [0.035846419] Sun Mar 08 23:01:56 UTC 2026: ***** TELEOP_MODE *****
Robot.robotStartMode_INFO [0.041566544] <BuildInfo Host="TRC492-DS2024" User="User" Timestamp="2026-03-08 15:48:21" Branch="dev" />
FrcTeleOp.driverControllerButtonEvent_INFO [0.52907931] ##### button=X, pressed=true
FrcTeleOp.driverControllerButtonEvent_INFO [0.534239236] >>>>> Reset field forward heading (heading=178.98101806640625)
FrcTeleOp.driverControllerButtonEvent_INFO [0.630104873] ##### button=X, pressed=false
FrcTeleOp.driverControllerButtonEvent_INFO [1.743913365] ##### button=A, pressed=true
FrcTeleOp.driverControllerButtonEvent_INFO [1.794092857] ##### button=A, pressed=false
FrcTeleOp.driverControllerButtonEvent_INFO [2.86963294] ##### button=A, pressed=true
FrcTeleOp.driverControllerButtonEvent_INFO [2.921961313] ##### button=A, pressed=false
FrcTeleOp.operatorControllerButtonEvent_INFO [13.81352844] ##### button=Y, pressed=true
FrcTeleOp.shoot_INFO [13.815109352] >>>>> Start Auto Shoot.
TaskAutoShoot.autoShoot_INFO [13.818404437] autoShoot(owner=null, event=null, taskParams=(autoStop=false, noPassback=false))
Shooter.setupGoalTrackingMode_INFO [13.819569342] GoalTracking(trackingMode=AllianceHub, goalPose=(x=-158.838583,y=469.110472,angle=180.000000), noPassback=false).
Shooter.LeftShooter.enableGoalTracking_INFO [13.820319859] Enable GoalTracking (trackingParams=(trackFlywheel=true,trackTiltPos=true,trackPanPos=true)).
Shooter.LeftPrimaryMotor.cancel_INFO [13.82149284] Cancel: stopping motor.
Shooter.LeftTiltMotor.cancel_INFO [13.822251868] Cancel: stopping motor.
Shooter.RightShooter.enableGoalTracking_INFO [13.82541765] Enable GoalTracking (trackingParams=(trackFlywheel=true,trackTiltPos=true,trackPanPos=true)).
Shooter.RightPrimaryMotor.cancel_INFO [13.826302586] Cancel: stopping motor.
Shooter.RightTiltMotor.cancel_INFO [13.827950626] Cancel: stopping motor.
TaskAutoShoot.autoTask_INFO [13.932396554] <Event name="StateInfo" time="13.931917437" tag="vvvvv" TaskAutoShoot.state="START" />
TaskAutoShoot.runTaskState_INFO [13.933079785] ***** Wait for left Shooter ready.
TaskAutoShoot.runTaskState_INFO [13.934826916] ***** Wait for right Shooter ready.
TaskAutoShoot.runTaskState_INFO [13.93745523] ***** Wait for Turret ready.
TaskAutoShoot.autoTask_INFO [13.944240182] <Event name="StateInfo" time="13.94397153" tag="^^^^^" TaskAutoShoot.state="START" />
FrcTeleOp.operatorControllerButtonEvent_INFO [14.029276114] ##### button=Y, pressed=false
FrcTeleOp.shoot_INFO [14.034943569] >>>>> Stop Auto Shoot.
TaskAutoShoot.cancel_INFO [14.036814133] Canceling auto task operation.
TaskAutoShoot.stopSubsystems_INFO [14.039208948] Stopping subsystems.
Shooter.LeftTransferMotor.cancel_INFO [14.041010965] Cancel: stopping motor.
Shooter.RightTransferMotor.cancel_INFO [14.042718115] Cancel: stopping motor.
Shooter.FeederMotor.cancel_INFO [14.043972657] Cancel: stopping motor.
Shooter.LeftShooter.disableGoalTracking_INFO [14.047596133] Disable Goal Tracking.
Shooter.LeftShooter.stopGoalTracking_INFO [14.049217375] Stop GoalTracking.
Shooter.LeftTiltMotor.cancel_INFO [14.050914011] Cancel: stopping motor.
Shooter.LeftPrimaryMotor.cancel_INFO [14.052885641] Cancel: stopping motor.
Shooter.RightShooter.disableGoalTracking_INFO [14.055234794] Disable Goal Tracking.
Shooter.RightShooter.stopGoalTracking_INFO [14.068080425] Stop GoalTracking.
Shooter.RightTiltMotor.cancel_INFO [14.070648462] Cancel: stopping motor.
Shooter.RightPrimaryMotor.cancel_INFO [14.073576351] Cancel: stopping motor.
Shooter.LeftShooter.cancel_INFO [14.075479292] owner=null
Shooter.LeftPrimaryMotor.cancel_INFO [14.077081599] Cancel: stopping motor.
Shooter.LeftTiltMotor.cancel_INFO [14.080212868] Cancel: stopping motor.
Shooter.RightShooter.cancel_INFO [14.08249425] owner=null
Shooter.RightPrimaryMotor.cancel_INFO [14.084720638] Cancel: stopping motor.
Shooter.RightTiltMotor.cancel_INFO [14.086755353] Cancel: stopping motor.
Shooter.LeftTransferMotor.cancel_INFO [14.08909378] Cancel: stopping motor.
Shooter.RightTransferMotor.cancel_INFO [14.092978939] Cancel: stopping motor.
Shooter.FeederMotor.cancel_INFO [14.095017893] Cancel: stopping motor.
Shooter.TurretMotor.pidCtrlTask_INFO [14.117278782] controlMode: Position,onTarget=true(-52.09870735073136/-54.30530723895149), stalled=false, expired=false, event=(TaskAutoShoot.turretReady=SIGNALED)
FrcTeleOp.driverControllerButtonEvent_INFO [20.500107274] ##### button=A, pressed=true
FrcTeleOp.driverControllerButtonEvent_INFO [20.600989771] ##### button=A, pressed=false
FrcTeleOp.operatorControllerButtonEvent_INFO [32.059533102] ##### button=Y, pressed=true
FrcTeleOp.shoot_INFO [32.061755712] >>>>> Start Auto Shoot.
TaskAutoShoot.autoShoot_INFO [32.064838485] autoShoot(owner=null, event=null, taskParams=(autoStop=false, noPassback=false))
Shooter.setupGoalTrackingMode_INFO [32.068255787] GoalTracking(trackingMode=AllianceHub, goalPose=(x=-158.838583,y=469.110472,angle=180.000000), noPassback=false).
Shooter.LeftShooter.enableGoalTracking_INFO [32.070186345] Enable GoalTracking (trackingParams=(trackFlywheel=true,trackTiltPos=true,trackPanPos=true)).
Shooter.LeftPrimaryMotor.cancel_INFO [32.072137471] Cancel: stopping motor.
Shooter.LeftTiltMotor.cancel_INFO [32.074120222] Cancel: stopping motor.
Shooter.RightShooter.enableGoalTracking_INFO [32.076211628] Enable GoalTracking (trackingParams=(trackFlywheel=true,trackTiltPos=true,trackPanPos=true)).
Shooter.RightPrimaryMotor.cancel_INFO [32.07883675] Cancel: stopping motor.
Shooter.RightTiltMotor.cancel_INFO [32.081155164] Cancel: stopping motor.
Shooter.LeftShooter.goalTrackingTask_INFO [32.157136648] Shooter.LeftShooter is TimedOut: rpm1=189.492188/4840.014553, rpm2=142.031250/0.000000, tilt=16.988186/23.600091, pan=null/null
TrcWatchdogMgr.checkForExpiration_WARN [33.266179082] ([1.7730109746633823E9]FrcDashboard.task:threshold=1.0,expiredTime=1.7730109746128004E9,expired=true,paused=false) expired.
TrcDbgTrace.checkForExpiration_INFO [33.272280334] Thread stack: 
app//trclib.motor.TrcMotor.getPidTarget(TrcMotor.java:1332)
app//teamcode.subsystems.Shooter.updateStatus(Shooter.java:1424)
app//trclib.subsystem.TrcSubsystem.updateStatusAll(TrcSubsystem.java:242)
app//frclib.driverio.FrcDashboard.dashboardTask(FrcDashboard.java:207)
app//frclib.driverio.FrcDashboard$$Lambda$19/0xab4838e0.runTask(Unknown Source)
app//trclib.robotcore.TrcTaskMgr$TaskObject.standaloneTask(TrcTaskMgr.java:425)
app//trclib.robotcore.TrcTaskMgr$TaskObject$$Lambda$20/0xab4895d0.runPeriodic(Unknown Source)
app//trclib.robotcore.TrcPeriodicThread.run(TrcPeriodicThread.java:351)
app//trclib.robotcore.TrcPeriodicThread$$Lambda$21/0xab48a2f0.run(Unknown Source)
java.base@17.0.9.7-frc/java.lang.Thread.run(Unknown Source)
TrcWatchdogMgr.checkForExpiration_WARN [33.273664523] ([1.7730109746714199E9]main.watchdog:threshold=1.0,expiredTime=1.7730109744568532E9,expired=true,paused=false) expired.
TrcDbgTrace.checkForExpiration_INFO [33.280047288] Thread stack: 
app//com.revrobotics.jni.CANSparkJNI.c_Spark_Configure(Native Method)
app//com.revrobotics.spark.SparkBase.configure(SparkBase.java:339)
app//com.revrobotics.spark.SparkMax.configure(SparkMax.java:132)
app//frclib.motor.FrcCANSparkMax.setMotorPosition(FrcCANSparkMax.java:650)
app//trclib.motor.TrcMotor.setControllerMotorPosition(TrcMotor.java:1536)
app//trclib.motor.TrcMotor.delayPositionExpiredCallback(TrcMotor.java:2193)
app//trclib.motor.TrcMotor.setPosition(TrcMotor.java:2265)
app//trclib.subsystem.TrcShooter.setTiltAngle(TrcShooter.java:1163)
app//trclib.subsystem.TrcShooter.setTiltAngle(TrcShooter.java:1199)
app//trclib.subsystem.TrcShooter.goalTrackingTask(TrcShooter.java:381)
app//trclib.subsystem.TrcShooter$$Lambda$89/0xab89f1a0.runTask(Unknown Source)
app//trclib.robotcore.TrcTaskMgr.executeTaskType(TrcTaskMgr.java:599)
app//frclib.robotcore.FrcRobot.startCompetition(FrcRobot.java:634)
app//edu.wpi.first.wpilibj.RobotBase.runRobot(RobotBase.java:436)
app//edu.wpi.first.wpilibj.RobotBase.startRobot(RobotBase.java:527)
app//teamcode.Main.main(Main.java:33)
TrcWatchdogMgr.checkForExpiration_WARN [33.28233798] ([1.7730109746793058E9]TrcTaskMgr.ioThread:threshold=1.0,expiredTime=1.7730109745517297E9,expired=true,paused=false) expired.
TrcDbgTrace.checkForExpiration_INFO [33.291933011] Thread stack: 
app//trclib.motor.TrcMotor.pidCtrlTask(TrcMotor.java:3280)
app//trclib.motor.TrcMotor$$Lambda$50/0xab6aec78.runTask(Unknown Source)
app//trclib.robotcore.TrcTaskMgr.executeTaskType(TrcTaskMgr.java:599)
app//trclib.robotcore.TrcTaskMgr.ioTask(TrcTaskMgr.java:667)
app//trclib.robotcore.TrcTaskMgr$TaskObject$$Lambda$51/0xab6af000.runPeriodic(Unknown Source)
app//trclib.robotcore.TrcPeriodicThread.run(TrcPeriodicThread.java:351)
app//trclib.robotcore.TrcPeriodicThread$$Lambda$21/0xab48a2f0.run(Unknown Source)
java.base@17.0.9.7-frc/java.lang.Thread.run(Unknown Source)
Shooter.RightTiltMotor.isMotorStalled_INFO [33.761824317] Stall detection triggered.
Shooter.RightTiltMotor.checkStallReset_INFO [33.764728571] Resetting stall.
Shooter.RightShooter.goalTrackingTask_INFO [33.770231593] Shooter.RightShooter is TimedOut: rpm1=0.000000/4297.985291, rpm2=0.000000/0.000000, tilt=16.000000/23.600091, pan=null/null
Shooter.TurretMotor.isMotorStalled_INFO [33.772493791] Stall detection triggered.
Climber.Motor.isMotorStalled_INFO [33.773007447] Stall detection triggered.
TaskAutoShoot.autoTask_INFO [33.773066125] <Event name="StateInfo" time="33.772653336" tag="vvvvv" TaskAutoShoot.state="START" />
TaskAutoShoot.runTaskState_INFO [33.778193561] ***** Wait for left Shooter ready.
TaskAutoShoot.runTaskState_INFO [33.778933444] ***** Wait for right Shooter ready.
TaskAutoShoot.runTaskState_INFO [33.780210528] ***** Wait for Turret ready.
Climber.Motor.checkStallReset_INFO [33.779657932] Resetting stall.
TaskAutoShoot.autoTask_INFO [33.782914516] <Event name="StateInfo" time="33.78207794" tag="^^^^^" TaskAutoShoot.state="START" />
FrcTeleOp.operatorControllerButtonEvent_INFO [33.789771641] ##### button=Y, pressed=false
Shooter.LeftTiltMotor.isMotorStalled_INFO [33.79292714] Stall detection triggered.
FrcTeleOp.shoot_INFO [33.795092148] >>>>> Stop Auto Shoot.
Shooter.LeftTiltMotor.checkStallReset_INFO [33.798064636] Resetting stall.
TaskAutoShoot.cancel_INFO [33.798331433] Canceling auto task operation.
TaskAutoShoot.stopSubsystems_INFO [33.801133022] Stopping subsystems.
Shooter.LeftTransferMotor.cancel_INFO [33.804610221] Cancel: stopping motor.
Shooter.RightTransferMotor.cancel_INFO [33.808820981] Cancel: stopping motor.
Shooter.FeederMotor.cancel_INFO [33.815542888] Cancel: stopping motor.
Shooter.LeftShooter.disableGoalTracking_INFO [33.821686858] Disable Goal Tracking.
Shooter.LeftShooter.stopGoalTracking_INFO [33.826272448] Stop GoalTracking.
Shooter.LeftTiltMotor.cancel_INFO [33.828354679] Cancel: stopping motor.
Shooter.LeftPrimaryMotor.cancel_INFO [33.829857986] Cancel: stopping motor.
Shooter.RightShooter.disableGoalTracking_INFO [33.832238979] Disable Goal Tracking.
Shooter.RightShooter.stopGoalTracking_INFO [33.83691505] Stop GoalTracking.
Shooter.RightTiltMotor.cancel_INFO [33.842339518] Cancel: stopping motor.
Shooter.RightPrimaryMotor.cancel_INFO [33.848792034] Cancel: stopping motor.
Shooter.LeftShooter.cancel_INFO [33.852165619] owner=null
Shooter.LeftPrimaryMotor.cancel_INFO [33.853989614] Cancel: stopping motor.
Shooter.LeftTiltMotor.cancel_INFO [33.859109182] Cancel: stopping motor.
Shooter.RightShooter.cancel_INFO [33.861908553] owner=null
Shooter.RightPrimaryMotor.cancel_INFO [33.866431905] Cancel: stopping motor.
Shooter.RightTiltMotor.cancel_INFO [33.872550511] Cancel: stopping motor.
Shooter.LeftTransferMotor.cancel_INFO [33.879752881] Cancel: stopping motor.
Shooter.RightTransferMotor.cancel_INFO [33.886937941] Cancel: stopping motor.
Shooter.FeederMotor.cancel_INFO [33.893563379] Cancel: stopping motor.
TrcWatchdogMgr.checkForExpiration_WARN [35.266600154] ([1.773010976664281E9]FrcDashboard.task:threshold=1.0,expiredTime=1.7730109763982818E9,expired=true,paused=false) expired.
TrcDbgTrace.checkForExpiration_INFO [35.270339382] Thread stack: 
app//trclib.motor.TrcMotor.getPidTarget(TrcMotor.java:1332)
app//teamcode.subsystems.Shooter.updateStatus(Shooter.java:1424)
app//trclib.subsystem.TrcSubsystem.updateStatusAll(TrcSubsystem.java:242)
app//frclib.driverio.FrcDashboard.dashboardTask(FrcDashboard.java:207)
app//frclib.driverio.FrcDashboard$$Lambda$19/0xab4838e0.runTask(Unknown Source)
app//trclib.robotcore.TrcTaskMgr$TaskObject.standaloneTask(TrcTaskMgr.java:425)
app//trclib.robotcore.TrcTaskMgr$TaskObject$$Lambda$20/0xab4895d0.runPeriodic(Unknown Source)
app//trclib.robotcore.TrcPeriodicThread.run(TrcPeriodicThread.java:351)
app//trclib.robotcore.TrcPeriodicThread$$Lambda$21/0xab48a2f0.run(Unknown Source)
java.base@17.0.9.7-frc/java.lang.Thread.run(Unknown Source)
TrcWatchdogMgr.checkForExpiration_WARN [35.271086126] ([1.7730109766689057E9]main.watchdog:threshold=1.0,expiredTime=1.7730109761874793E9,expired=true,paused=false) expired.
TrcDbgTrace.checkForExpiration_INFO [35.299268242] Thread stack: 
app//com.revrobotics.jni.CANSparkJNI.c_Spark_Configure(Native Method)
app//com.revrobotics.spark.SparkBase.configure(SparkBase.java:339)
app//com.revrobotics.spark.SparkMax.configure(SparkMax.java:132)
app//frclib.motor.FrcCANSparkMax.setMotorPosition(FrcCANSparkMax.java:650)
app//trclib.motor.TrcMotor.setControllerMotorPosition(TrcMotor.java:1536)
app//trclib.motor.TrcMotor.delayPositionExpiredCallback(TrcMotor.java:2193)
app//trclib.motor.TrcMotor.setPosition(TrcMotor.java:2265)
app//trclib.subsystem.TrcShooter.setTiltAngle(TrcShooter.java:1163)
app//trclib.subsystem.TrcShooter.setTiltAngle(TrcShooter.java:1199)
app//teamcode.subsystems.Shooter.stopTilt(Shooter.java:675)
app//teamcode.subsystems.Shooter.cancel(Shooter.java:1247)
app//teamcode.autotasks.TaskAutoShoot.stopSubsystems(TaskAutoShoot.java:169)
app//trclib.robotcore.TrcAutoTask.stopAutoTask(TrcAutoTask.java:181)
app//trclib.robotcore.TrcAutoTask.cancel(TrcAutoTask.java:138)
app//teamcode.FrcTeleOp.shoot(FrcTeleOp.java:699)
app//teamcode.FrcTeleOp.operatorControllerButtonEvent(FrcTeleOp.java:554)
app//teamcode.FrcTeleOp$$Lambda$146/0xabe13800.buttonEvent(Unknown Source)
app//frclib.driverio.FrcXboxController.notifyButtonEvent(FrcXboxController.java:590)
app//trclib.driverio.TrcGameController.buttonEventTask(TrcGameController.java:274)
app//trclib.driverio.TrcGameController$$Lambda$36/0xab4b2f60.runTask(Unknown Source)
app//trclib.robotcore.TrcTaskMgr.executeTaskType(TrcTaskMgr.java:599)
app//frclib.robotcore.FrcRobot.startCompetition(FrcRobot.java:588)
app//edu.wpi.first.wpilibj.RobotBase.runRobot(RobotBase.java:436)
app//edu.wpi.first.wpilibj.RobotBase.startRobot(RobotBase.java:527)
app//teamcode.Main.main(Main.java:33)
TrcWatchdogMgr.checkForExpiration_WARN [35.302889812] ([1.7730109767006047E9]TrcTaskMgr.ioThread:threshold=1.0,expiredTime=1.7730109762931147E9,expired=true,paused=false) expired.
TrcDbgTrace.checkForExpiration_INFO [35.309825138] Thread stack: 
app//trclib.motor.TrcMotor.pidCtrlTask(TrcMotor.java:3280)
app//trclib.motor.TrcMotor$$Lambda$50/0xab6aec78.runTask(Unknown Source)
app//trclib.robotcore.TrcTaskMgr.executeTaskType(TrcTaskMgr.java:599)
app//trclib.robotcore.TrcTaskMgr.ioTask(TrcTaskMgr.java:667)
app//trclib.robotcore.TrcTaskMgr$TaskObject$$Lambda$51/0xab6af000.runPeriodic(Unknown Source)
app//trclib.robotcore.TrcPeriodicThread.run(TrcPeriodicThread.java:351)
app//trclib.robotcore.TrcPeriodicThread$$Lambda$21/0xab48a2f0.run(Unknown Source)
java.base@17.0.9.7-frc/java.lang.Thread.run(Unknown Source)
Shooter.RightTiltMotor.isMotorStalled_INFO [35.522233833] Stall detection triggered.
Shooter.RightTiltMotor.checkStallReset_INFO [35.523092747] Resetting stall.
Shooter.TurretMotor.isMotorStalled_INFO [35.523679854] Stall detection triggered.
Climber.Motor.isMotorStalled_INFO [35.525781617] Stall detection triggered.
Climber.Motor.checkStallReset_INFO [35.526858794] Resetting stall.
Shooter.LeftTiltMotor.isMotorStalled_INFO [35.543639168] Stall detection triggered.
Shooter.LeftTiltMotor.checkStallReset_INFO [35.54693314] Resetting stall.
Shooter.RightTiltMotor.isMotorStalled_INFO [37.129034628] Stall detection triggered.
Shooter.RightTiltMotor.checkStallReset_INFO [37.129613722] Resetting stall.
Shooter.TurretMotor.isMotorStalled_INFO [37.131660645] Stall detection triggered.
Climber.Motor.isMotorStalled_INFO [37.133162088] Stall detection triggered.
Climber.Motor.checkStallReset_INFO [37.135305687] Resetting stall.
Shooter.LeftTiltMotor.isMotorStalled_INFO [37.143669563] Stall detection triggered.
Shooter.LeftTiltMotor.checkStallReset_INFO [37.149898968] Resetting stall.
FrcTeleOp.operatorControllerButtonEvent_INFO [38.733253496] ##### button=Y, pressed=true
FrcTeleOp.shoot_INFO [38.735509715] >>>>> Start Auto Shoot.
TaskAutoShoot.autoShoot_INFO [38.737695171] autoShoot(owner=null, event=null, taskParams=(autoStop=false, noPassback=false))
Shooter.setupGoalTrackingMode_INFO [38.740234611] GoalTracking(trackingMode=AllianceHub, goalPose=(x=-158.838583,y=469.110472,angle=180.000000), noPassback=false).
Shooter.LeftShooter.enableGoalTracking_INFO [38.741993331] Enable GoalTracking (trackingParams=(trackFlywheel=true,trackTiltPos=true,trackPanPos=true)).
Shooter.LeftPrimaryMotor.cancel_INFO [38.743708547] Cancel: stopping motor.
Shooter.LeftTiltMotor.cancel_INFO [38.746518963] Cancel: stopping motor.
Shooter.RightShooter.enableGoalTracking_INFO [38.749581688] Enable GoalTracking (trackingParams=(trackFlywheel=true,trackTiltPos=true,trackPanPos=true)).
Shooter.RightPrimaryMotor.cancel_INFO [38.753308877] Cancel: stopping motor.
Shooter.RightTiltMotor.cancel_INFO [38.757304909] Cancel: stopping motor.
Shooter.LeftShooter.goalTrackingTask_INFO [38.82862185] Shooter.LeftShooter is TimedOut: rpm1=326.736779/5535.257808, rpm2=166.992188/0.000000, tilt=17.818262/28.980174, pan=null/null
TrcWatchdogMgr.checkForExpiration_WARN [40.269493943] ([1.7730109816670592E9]FrcDashboard.task:threshold=1.0,expiredTime=1.7730109813713145E9,expired=true,paused=false) expired.
TrcDbgTrace.checkForExpiration_INFO [40.272319387] Thread stack: 
app//trclib.motor.TrcMotor.getPidTarget(TrcMotor.java:1332)
app//teamcode.subsystems.Shooter.updateStatus(Shooter.java:1424)
app//trclib.subsystem.TrcSubsystem.updateStatusAll(TrcSubsystem.java:242)
app//frclib.driverio.FrcDashboard.dashboardTask(FrcDashboard.java:207)
app//frclib.driverio.FrcDashboard$$Lambda$19/0xab4838e0.runTask(Unknown Source)
app//trclib.robotcore.TrcTaskMgr$TaskObject.standaloneTask(TrcTaskMgr.java:425)
app//trclib.robotcore.TrcTaskMgr$TaskObject$$Lambda$20/0xab4895d0.runPeriodic(Unknown Source)
app//trclib.robotcore.TrcPeriodicThread.run(TrcPeriodicThread.java:351)
app//trclib.robotcore.TrcPeriodicThread$$Lambda$21/0xab48a2f0.run(Unknown Source)
java.base@17.0.9.7-frc/java.lang.Thread.run(Unknown Source)
TrcWatchdogMgr.checkForExpiration_WARN [40.273085423] ([1.773010981670889E9]main.watchdog:threshold=1.0,expiredTime=1.7730109811308048E9,expired=true,paused=false) expired.
TrcDbgTrace.checkForExpiration_INFO [40.280890812] Thread stack: 
app//com.revrobotics.jni.CANSparkJNI.c_Spark_Configure(Native Method)
app//com.revrobotics.spark.SparkBase.configure(SparkBase.java:339)
app//com.revrobotics.spark.SparkMax.configure(SparkMax.java:132)
app//frclib.motor.FrcCANSparkMax.setMotorPosition(FrcCANSparkMax.java:650)
app//trclib.motor.TrcMotor.setControllerMotorPosition(TrcMotor.java:1536)
app//trclib.motor.TrcMotor.delayPositionExpiredCallback(TrcMotor.java:2193)
app//trclib.motor.TrcMotor.setPosition(TrcMotor.java:2265)
app//trclib.subsystem.TrcShooter.setTiltAngle(TrcShooter.java:1163)
app//trclib.subsystem.TrcShooter.setTiltAngle(TrcShooter.java:1199)
app//trclib.subsystem.TrcShooter.goalTrackingTask(TrcShooter.java:381)
app//trclib.subsystem.TrcShooter$$Lambda$89/0xab89f1a0.runTask(Unknown Source)
app//trclib.robotcore.TrcTaskMgr.executeTaskType(TrcTaskMgr.java:599)
app//frclib.robotcore.FrcRobot.startCompetition(FrcRobot.java:634)
app//edu.wpi.first.wpilibj.RobotBase.runRobot(RobotBase.java:436)
app//edu.wpi.first.wpilibj.RobotBase.startRobot(RobotBase.java:527)
app//teamcode.Main.main(Main.java:33)
TrcWatchdogMgr.checkForExpiration_WARN [40.291053935] ([1.7730109816887817E9]TrcTaskMgr.ioThread:threshold=1.0,expiredTime=1.773010981218065E9,expired=true,paused=false) expired.
TrcDbgTrace.checkForExpiration_INFO [40.293363697] Thread stack: 
app//trclib.motor.TrcMotor.pidCtrlTask(TrcMotor.java:3280)
app//trclib.motor.TrcMotor$$Lambda$50/0xab6aec78.runTask(Unknown Source)
app//trclib.robotcore.TrcTaskMgr.executeTaskType(TrcTaskMgr.java:599)
app//trclib.robotcore.TrcTaskMgr.ioTask(TrcTaskMgr.java:667)
app//trclib.robotcore.TrcTaskMgr$TaskObject$$Lambda$51/0xab6af000.runPeriodic(Unknown Source)
app//trclib.robotcore.TrcPeriodicThread.run(TrcPeriodicThread.java:351)
app//trclib.robotcore.TrcPeriodicThread$$Lambda$21/0xab48a2f0.run(Unknown Source)
java.base@17.0.9.7-frc/java.lang.Thread.run(Unknown Source)
Shooter.RightTiltMotor.isMotorStalled_INFO [40.414026111] Stall detection triggered.
Shooter.RightTiltMotor.checkStallReset_INFO [40.414908074] Resetting stall.
Shooter.TurretMotor.isMotorStalled_INFO [40.415858151] Stall detection triggered.
Shooter.TurretMotor.pidCtrlTask_INFO [40.420150787] controlMode: Position,onTarget=true(-132.56241264238184/-132.43692959103063), stalled=false, expired=false, event=(TaskAutoShoot.turretReady=SIGNALED)
Climber.Motor.isMotorStalled_INFO [40.431556706] Stall detection triggered.
Climber.Motor.checkStallReset_INFO [40.435291291] Resetting stall.
Shooter.RightShooter.goalTrackingTask_INFO [40.436635628] Shooter.RightShooter is TimedOut: rpm1=0.000000/5470.273833, rpm2=0.000000/0.000000, tilt=16.000000/28.980174, pan=null/null
TaskAutoShoot.autoTask_INFO [40.437231151] <Event name="StateInfo" time="40.436964188" tag="vvvvv" TaskAutoShoot.state="START" />
TaskAutoShoot.runTaskState_INFO [40.443591529] ***** Wait for left Shooter ready.
TaskAutoShoot.runTaskState_INFO [40.446446403] ***** Wait for right Shooter ready.
TaskAutoShoot.runTaskState_INFO [40.45871095] ***** Wait for Turret ready.
Shooter.LeftTiltMotor.isMotorStalled_INFO [40.458393781] Stall detection triggered.
TaskAutoShoot.autoTask_INFO [40.46110082] <Event name="StateInfo" time="40.460835474" tag="^^^^^" TaskAutoShoot.state="START" />
Shooter.LeftTiltMotor.checkStallReset_INFO [40.464517284] Resetting stall.
FrcTeleOp.operatorControllerButtonEvent_INFO [40.474080301] ##### button=Y, pressed=false
FrcTeleOp.shoot_INFO [40.477748736] >>>>> Stop Auto Shoot.
TaskAutoShoot.cancel_INFO [40.48069613] Canceling auto task operation.
TaskAutoShoot.stopSubsystems_INFO [40.489486299] Stopping subsystems.
Shooter.LeftTransferMotor.cancel_INFO [40.492249876] Cancel: stopping motor.
Shooter.RightTransferMotor.cancel_INFO [40.494884028] Cancel: stopping motor.
Shooter.FeederMotor.cancel_INFO [40.496867843] Cancel: stopping motor.
Shooter.LeftShooter.disableGoalTracking_INFO [40.499541101] Disable Goal Tracking.
Shooter.LeftShooter.stopGoalTracking_INFO [40.50090845] Stop GoalTracking.
Shooter.LeftTiltMotor.cancel_INFO [40.502146846] Cancel: stopping motor.
Shooter.LeftPrimaryMotor.cancel_INFO [40.504753984] Cancel: stopping motor.
Shooter.RightShooter.disableGoalTracking_INFO [40.506864007] Disable Goal Tracking.
Shooter.RightShooter.stopGoalTracking_INFO [40.508375303] Stop GoalTracking.
Shooter.RightTiltMotor.cancel_INFO [40.513748391] Cancel: stopping motor.
Shooter.RightPrimaryMotor.cancel_INFO [40.515484717] Cancel: stopping motor.
Shooter.LeftShooter.cancel_INFO [40.518444431] owner=null
Shooter.LeftPrimaryMotor.cancel_INFO [40.520069746] Cancel: stopping motor.
Shooter.LeftTiltMotor.cancel_INFO [40.522074778] Cancel: stopping motor.
Shooter.RightShooter.cancel_INFO [40.5250737] owner=null
Shooter.RightPrimaryMotor.cancel_INFO [40.527393962] Cancel: stopping motor.
Shooter.RightTiltMotor.cancel_INFO [40.540283393] Cancel: stopping motor.
Shooter.LeftTransferMotor.cancel_INFO [40.542308024] Cancel: stopping motor.
Shooter.RightTransferMotor.cancel_INFO [40.544564922] Cancel: stopping motor.
Shooter.FeederMotor.cancel_INFO [40.549064749] Cancel: stopping motor.
Shooter.RightTiltMotor.isMotorStalled_INFO [42.197098468] Stall detection triggered.
Shooter.RightTiltMotor.checkStallReset_INFO [42.200565189] Resetting stall.
Shooter.TurretMotor.isMotorStalled_INFO [42.205464194] Stall detection triggered.
Climber.Motor.isMotorStalled_INFO [42.209737643] Stall detection triggered.
Climber.Motor.checkStallReset_INFO [42.210328459] Resetting stall.
Shooter.LeftTiltMotor.isMotorStalled_INFO [42.236089494] Stall detection triggered.
Shooter.LeftTiltMotor.checkStallReset_INFO [42.239823243] Resetting stall.
TrcWatchdogMgr.checkForExpiration_WARN [42.270832164] ([1.773010983668257E9]main.watchdog:threshold=1.0,expiredTime=1.7730109828707187E9,expired=true,paused=false) expired.
TrcDbgTrace.checkForExpiration_INFO [42.274654051] Thread stack: 
app//com.revrobotics.jni.CANSparkJNI.c_Spark_Configure(Native Method)
app//com.revrobotics.spark.SparkBase.configure(SparkBase.java:339)
app//com.revrobotics.spark.SparkMax.configure(SparkMax.java:132)
app//frclib.motor.FrcCANSparkMax.setMotorPosition(FrcCANSparkMax.java:650)
app//trclib.motor.TrcMotor.setControllerMotorPosition(TrcMotor.java:1536)
app//trclib.motor.TrcMotor.delayPositionExpiredCallback(TrcMotor.java:2193)
app//trclib.motor.TrcMotor.setPosition(TrcMotor.java:2265)
app//trclib.subsystem.TrcShooter.setTiltAngle(TrcShooter.java:1163)
app//trclib.subsystem.TrcShooter.setTiltAngle(TrcShooter.java:1199)
app//teamcode.subsystems.Shooter.stopTilt(Shooter.java:675)
app//teamcode.subsystems.Shooter.resetState(Shooter.java:1368)
app//teamcode.FrcTeleOp.shoot(FrcTeleOp.java:700)
app//teamcode.FrcTeleOp.operatorControllerButtonEvent(FrcTeleOp.java:554)
app//teamcode.FrcTeleOp$$Lambda$146/0xabe13800.buttonEvent(Unknown Source)
app//frclib.driverio.FrcXboxController.notifyButtonEvent(FrcXboxController.java:590)
app//trclib.driverio.TrcGameController.buttonEventTask(TrcGameController.java:274)
app//trclib.driverio.TrcGameController$$Lambda$36/0xab4b2f60.runTask(Unknown Source)
app//trclib.robotcore.TrcTaskMgr.executeTaskType(TrcTaskMgr.java:599)
app//frclib.robotcore.FrcRobot.startCompetition(FrcRobot.java:588)
app//edu.wpi.first.wpilibj.RobotBase.runRobot(RobotBase.java:436)
app//edu.wpi.first.wpilibj.RobotBase.startRobot(RobotBase.java:527)
app//teamcode.Main.main(Main.java:33)
TrcWatchdogMgr.checkForExpiration_WARN [43.271312036] ([1.7730109846690502E9]TrcTaskMgr.ioThread:threshold=1.0,expiredTime=1.7730109846085997E9,expired=true,paused=false) expired.
TrcDbgTrace.checkForExpiration_INFO [43.275269712] Thread stack: 
app//trclib.motor.TrcMotor.pidCtrlTask(TrcMotor.java:3280)
app//trclib.motor.TrcMotor$$Lambda$50/0xab6aec78.runTask(Unknown Source)
app//trclib.robotcore.TrcTaskMgr.executeTaskType(TrcTaskMgr.java:599)
app//trclib.robotcore.TrcTaskMgr.ioTask(TrcTaskMgr.java:667)
app//trclib.robotcore.TrcTaskMgr$TaskObject$$Lambda$51/0xab6af000.runPeriodic(Unknown Source)
app//trclib.robotcore.TrcPeriodicThread.run(TrcPeriodicThread.java:351)
app//trclib.robotcore.TrcPeriodicThread$$Lambda$21/0xab48a2f0.run(Unknown Source)
java.base@17.0.9.7-frc/java.lang.Thread.run(Unknown Source)
Shooter.RightTiltMotor.isMotorStalled_INFO [43.814099076] Stall detection triggered.
Shooter.RightTiltMotor.checkStallReset_INFO [43.815280164] Resetting stall.
Shooter.TurretMotor.isMotorStalled_INFO [43.822322759] Stall detection triggered.
Climber.Motor.isMotorStalled_INFO [43.825450857] Stall detection triggered.
Climber.Motor.checkStallReset_INFO [43.826033064] Resetting stall.
Shooter.LeftTiltMotor.isMotorStalled_INFO [43.833014468] Stall detection triggered.
Shooter.LeftTiltMotor.checkStallReset_INFO [43.834459573] Resetting stall.
FrcTeleOp.operatorControllerButtonEvent_INFO [45.190830049] ##### button=Y, pressed=true
FrcTeleOp.shoot_INFO [45.191973374] >>>>> Start Auto Shoot.
TaskAutoShoot.autoShoot_INFO [45.193496744] autoShoot(owner=null, event=null, taskParams=(autoStop=false, noPassback=false))
Shooter.setupGoalTrackingMode_INFO [45.194200385] GoalTracking(trackingMode=AllianceHub, goalPose=(x=-158.838583,y=469.110472,angle=180.000000), noPassback=false).
Shooter.LeftShooter.enableGoalTracking_INFO [45.194911607] Enable GoalTracking (trackingParams=(trackFlywheel=true,trackTiltPos=true,trackPanPos=true)).
Shooter.LeftPrimaryMotor.cancel_INFO [45.195482682] Cancel: stopping motor.
Shooter.LeftTiltMotor.cancel_INFO [45.196457352] Cancel: stopping motor.
Shooter.RightShooter.enableGoalTracking_INFO [45.197453647] Enable GoalTracking (trackingParams=(trackFlywheel=true,trackTiltPos=true,trackPanPos=true)).
Shooter.RightPrimaryMotor.cancel_INFO [45.20082559] Cancel: stopping motor.
Shooter.RightTiltMotor.cancel_INFO [45.2016226] Cancel: stopping motor.
Shooter.LeftShooter.goalTrackingTask_INFO [45.254587331] Shooter.LeftShooter is TimedOut: rpm1=66.445313/5472.653084, rpm2=0.000000/0.000000, tilt=16.988186/28.435006, pan=null/null
TrcWatchdogMgr.checkForExpiration_WARN [46.272946792] ([1.7730109876704633E9]FrcDashboard.task:threshold=1.0,expiredTime=1.7730109876486418E9,expired=true,paused=false) expired.
TrcDbgTrace.checkForExpiration_INFO [46.2765581] Thread stack: 
app//trclib.motor.TrcMotor.getPidTarget(TrcMotor.java:1332)
app//teamcode.subsystems.Shooter.updateStatus(Shooter.java:1424)
app//trclib.subsystem.TrcSubsystem.updateStatusAll(TrcSubsystem.java:242)
app//frclib.driverio.FrcDashboard.dashboardTask(FrcDashboard.java:207)
app//frclib.driverio.FrcDashboard$$Lambda$19/0xab4838e0.runTask(Unknown Source)
app//trclib.robotcore.TrcTaskMgr$TaskObject.standaloneTask(TrcTaskMgr.java:425)
app//trclib.robotcore.TrcTaskMgr$TaskObject$$Lambda$20/0xab4895d0.runPeriodic(Unknown Source)
app//trclib.robotcore.TrcPeriodicThread.run(TrcPeriodicThread.java:351)
app//trclib.robotcore.TrcPeriodicThread$$Lambda$21/0xab48a2f0.run(Unknown Source)
java.base@17.0.9.7-frc/java.lang.Thread.run(Unknown Source)
TrcWatchdogMgr.checkForExpiration_WARN [46.277926427] ([1.7730109876748278E9]main.watchdog:threshold=1.0,expiredTime=1.7730109875883837E9,expired=true,paused=false) expired.
TrcDbgTrace.checkForExpiration_INFO [46.281197992] Thread stack: 
app//com.revrobotics.jni.CANSparkJNI.c_Spark_Configure(Native Method)
app//com.revrobotics.spark.SparkBase.configure(SparkBase.java:339)
app//com.revrobotics.spark.SparkMax.configure(SparkMax.java:132)
app//frclib.motor.FrcCANSparkMax.setMotorPosition(FrcCANSparkMax.java:650)
app//trclib.motor.TrcMotor.setControllerMotorPosition(TrcMotor.java:1536)
app//trclib.motor.TrcMotor.delayPositionExpiredCallback(TrcMotor.java:2193)
app//trclib.motor.TrcMotor.setPosition(TrcMotor.java:2265)
app//trclib.subsystem.TrcShooter.setTiltAngle(TrcShooter.java:1163)
app//trclib.subsystem.TrcShooter.setTiltAngle(TrcShooter.java:1199)
app//trclib.subsystem.TrcShooter.goalTrackingTask(TrcShooter.java:381)
app//trclib.subsystem.TrcShooter$$Lambda$89/0xab89f1a0.runTask(Unknown Source)
app//trclib.robotcore.TrcTaskMgr.executeTaskType(TrcTaskMgr.java:599)
app//frclib.robotcore.FrcRobot.startCompetition(FrcRobot.java:634)
app//edu.wpi.first.wpilibj.RobotBase.runRobot(RobotBase.java:436)
app//edu.wpi.first.wpilibj.RobotBase.startRobot(RobotBase.java:527)
app//teamcode.Main.main(Main.java:33)
TrcWatchdogMgr.checkForExpiration_WARN [46.282013983] ([1.7730109876797838E9]TrcTaskMgr.ioThread:threshold=1.0,expiredTime=1.7730109876524441E9,expired=true,paused=false) expired.
TrcDbgTrace.checkForExpiration_INFO [46.288432095] Thread stack: 
app//trclib.motor.TrcMotor.pidCtrlTask(TrcMotor.java:3280)
app//trclib.motor.TrcMotor$$Lambda$50/0xab6aec78.runTask(Unknown Source)
app//trclib.robotcore.TrcTaskMgr.executeTaskType(TrcTaskMgr.java:599)
app//trclib.robotcore.TrcTaskMgr.ioTask(TrcTaskMgr.java:667)
app//trclib.robotcore.TrcTaskMgr$TaskObject$$Lambda$51/0xab6af000.runPeriodic(Unknown Source)
app//trclib.robotcore.TrcPeriodicThread.run(TrcPeriodicThread.java:351)
app//trclib.robotcore.TrcPeriodicThread$$Lambda$21/0xab48a2f0.run(Unknown Source)
java.base@17.0.9.7-frc/java.lang.Thread.run(Unknown Source)
Shooter.RightTiltMotor.isMotorStalled_INFO [46.888919731] Stall detection triggered.
Shooter.RightTiltMotor.checkStallReset_INFO [46.889482632] Resetting stall.
Shooter.RightShooter.goalTrackingTask_INFO [46.892187845] Shooter.RightShooter is TimedOut: rpm1=0.000000/5398.771367, rpm2=0.000000/0.000000, tilt=16.000000/28.435006, pan=null/null
Shooter.TurretMotor.isMotorStalled_INFO [46.897979565] Stall detection triggered.
TaskAutoShoot.autoTask_INFO [46.898525634] <Event name="StateInfo" time="46.898205506" tag="vvvvv" TaskAutoShoot.state="START" />
Shooter.TurretMotor.pidCtrlTask_INFO [46.901227007] controlMode: Position,onTarget=true(136.0960703321113/136.0563720268899), stalled=false, expired=false, event=(TaskAutoShoot.turretReady=SIGNALED)
TaskAutoShoot.runTaskState_INFO [46.901220956] ***** Wait for left Shooter ready.
Climber.Motor.isMotorStalled_INFO [46.901741334] Stall detection triggered.
TaskAutoShoot.runTaskState_INFO [46.905810707] ***** Wait for right Shooter ready.
TaskAutoShoot.runTaskState_INFO [46.907191446] ***** Wait for Turret ready.
Climber.Motor.checkStallReset_INFO [46.907654122] Resetting stall.
TaskAutoShoot.autoTask_INFO [46.910787013] <Event name="StateInfo" time="46.90960585" tag="^^^^^" TaskAutoShoot.state="START" />
FrcTeleOp.operatorControllerButtonEvent_INFO [46.914525899] ##### button=Y, pressed=false
FrcTeleOp.shoot_INFO [46.917217704] >>>>> Stop Auto Shoot.
Shooter.LeftTiltMotor.isMotorStalled_INFO [46.918101606] Stall detection triggered.
Shooter.LeftTiltMotor.checkStallReset_INFO [46.920265647] Resetting stall.
TaskAutoShoot.cancel_INFO [46.921978995] Canceling auto task operation.
TaskAutoShoot.stopSubsystems_INFO [46.925447704] Stopping subsystems.
Shooter.LeftTransferMotor.cancel_INFO [46.928034648] Cancel: stopping motor.
Shooter.RightTransferMotor.cancel_INFO [46.930419954] Cancel: stopping motor.
Shooter.FeederMotor.cancel_INFO [46.932598718] Cancel: stopping motor.
Shooter.LeftShooter.disableGoalTracking_INFO [46.93450349] Disable Goal Tracking.
Shooter.LeftShooter.stopGoalTracking_INFO [46.939712743] Stop GoalTracking.
Shooter.LeftTiltMotor.cancel_INFO [46.941500263] Cancel: stopping motor.
Shooter.LeftPrimaryMotor.cancel_INFO [46.943424302] Cancel: stopping motor.
Shooter.RightShooter.disableGoalTracking_INFO [46.945314597] Disable Goal Tracking.
Shooter.RightShooter.stopGoalTracking_INFO [46.948842828] Stop GoalTracking.
Shooter.RightTiltMotor.cancel_INFO [46.951047378] Cancel: stopping motor.
Shooter.RightPrimaryMotor.cancel_INFO [46.95314252] Cancel: stopping motor.
Shooter.LeftShooter.cancel_INFO [46.957547106] owner=null
Shooter.LeftPrimaryMotor.cancel_INFO [46.960712432] Cancel: stopping motor.
Shooter.LeftTiltMotor.cancel_INFO [46.964669155] Cancel: stopping motor.
Shooter.RightShooter.cancel_INFO [46.967930919] owner=null
Shooter.RightPrimaryMotor.cancel_INFO [46.969601944] Cancel: stopping motor.
Shooter.RightTiltMotor.cancel_INFO [46.97177022] Cancel: stopping motor.
Shooter.LeftTransferMotor.cancel_INFO [46.973530241] Cancel: stopping motor.
Shooter.RightTransferMotor.cancel_INFO [46.976134135] Cancel: stopping motor.
Shooter.FeederMotor.cancel_INFO [46.978587618] Cancel: stopping motor.
TrcWatchdogMgr.checkForExpiration_WARN [48.28225386] ([1.7730109896710665E9]FrcDashboard.task:threshold=1.0,expiredTime=1.7730109894866443E9,expired=true,paused=false) expired.
TrcDbgTrace.checkForExpiration_INFO [48.288066342] Thread stack: 
app//trclib.motor.TrcMotor.getPidTarget(TrcMotor.java:1332)
app//teamcode.subsystems.Shooter.updateStatus(Shooter.java:1424)
app//trclib.subsystem.TrcSubsystem.updateStatusAll(TrcSubsystem.java:242)
app//frclib.driverio.FrcDashboard.dashboardTask(FrcDashboard.java:207)
app//frclib.driverio.FrcDashboard$$Lambda$19/0xab4838e0.runTask(Unknown Source)
app//trclib.robotcore.TrcTaskMgr$TaskObject.standaloneTask(TrcTaskMgr.java:425)
app//trclib.robotcore.TrcTaskMgr$TaskObject$$Lambda$20/0xab4895d0.runPeriodic(Unknown Source)
app//trclib.robotcore.TrcPeriodicThread.run(TrcPeriodicThread.java:351)
app//trclib.robotcore.TrcPeriodicThread$$Lambda$21/0xab48a2f0.run(Unknown Source)
java.base@17.0.9.7-frc/java.lang.Thread.run(Unknown Source)
TrcWatchdogMgr.checkForExpiration_WARN [48.289009237] ([1.773010989686765E9]main.watchdog:threshold=1.0,expiredTime=1.7730109893118963E9,expired=true,paused=false) expired.
TrcDbgTrace.checkForExpiration_INFO [48.298014289] Thread stack: 
app//com.revrobotics.jni.CANSparkJNI.c_Spark_Configure(Native Method)
app//com.revrobotics.spark.SparkBase.configure(SparkBase.java:339)
app//com.revrobotics.spark.SparkMax.configure(SparkMax.java:132)
app//frclib.motor.FrcCANSparkMax.setMotorPosition(FrcCANSparkMax.java:650)
app//trclib.motor.TrcMotor.setControllerMotorPosition(TrcMotor.java:1536)
app//trclib.motor.TrcMotor.delayPositionExpiredCallback(TrcMotor.java:2193)
app//trclib.motor.TrcMotor.setPosition(TrcMotor.java:2265)
app//trclib.subsystem.TrcShooter.setTiltAngle(TrcShooter.java:1163)
app//trclib.subsystem.TrcShooter.setTiltAngle(TrcShooter.java:1199)
app//teamcode.subsystems.Shooter.stopTilt(Shooter.java:675)
app//teamcode.subsystems.Shooter.cancel(Shooter.java:1247)
app//teamcode.autotasks.TaskAutoShoot.stopSubsystems(TaskAutoShoot.java:169)
app//trclib.robotcore.TrcAutoTask.stopAutoTask(TrcAutoTask.java:181)
app//trclib.robotcore.TrcAutoTask.cancel(TrcAutoTask.java:138)
app//teamcode.FrcTeleOp.shoot(FrcTeleOp.java:699)
app//teamcode.FrcTeleOp.operatorControllerButtonEvent(FrcTeleOp.java:554)
app//teamcode.FrcTeleOp$$Lambda$146/0xabe13800.buttonEvent(Unknown Source)
app//frclib.driverio.FrcXboxController.notifyButtonEvent(FrcXboxController.java:590)
app//trclib.driverio.TrcGameController.buttonEventTask(TrcGameController.java:274)
app//trclib.driverio.TrcGameController$$Lambda$36/0xab4b2f60.runTask(Unknown Source)
app//trclib.robotcore.TrcTaskMgr.executeTaskType(TrcTaskMgr.java:599)
app//frclib.robotcore.FrcRobot.startCompetition(FrcRobot.java:588)
app//edu.wpi.first.wpilibj.RobotBase.runRobot(RobotBase.java:436)
app//edu.wpi.first.wpilibj.RobotBase.startRobot(RobotBase.java:527)
app//teamcode.Main.main(Main.java:33)
TrcWatchdogMgr.checkForExpiration_WARN [48.299889827] ([1.773010989697647E9]TrcTaskMgr.ioThread:threshold=1.0,expiredTime=1.7730109894132774E9,expired=true,paused=false) expired.
TrcDbgTrace.checkForExpiration_INFO [48.314618468] Thread stack: 
app//trclib.motor.TrcMotor.pidCtrlTask(TrcMotor.java:3280)
app//trclib.motor.TrcMotor$$Lambda$50/0xab6aec78.runTask(Unknown Source)
app//trclib.robotcore.TrcTaskMgr.executeTaskType(TrcTaskMgr.java:599)
app//trclib.robotcore.TrcTaskMgr.ioTask(TrcTaskMgr.java:667)
app//trclib.robotcore.TrcTaskMgr$TaskObject$$Lambda$51/0xab6af000.runPeriodic(Unknown Source)
app//trclib.robotcore.TrcPeriodicThread.run(TrcPeriodicThread.java:351)
app//trclib.robotcore.TrcPeriodicThread$$Lambda$21/0xab48a2f0.run(Unknown Source)
java.base@17.0.9.7-frc/java.lang.Thread.run(Unknown Source)
Shooter.RightTiltMotor.isMotorStalled_INFO [48.659795866] Stall detection triggered.
Shooter.RightTiltMotor.checkStallReset_INFO [48.660514094] Resetting stall.
Shooter.TurretMotor.isMotorStalled_INFO [48.662712265] Stall detection triggered.
Climber.Motor.isMotorStalled_INFO [48.663135732] Stall detection triggered.
Climber.Motor.checkStallReset_INFO [48.66345948] Resetting stall.
Shooter.LeftTiltMotor.isMotorStalled_INFO [48.687923313] Stall detection triggered.
Shooter.LeftTiltMotor.checkStallReset_INFO [48.690613124] Resetting stall.
TrcWatchdogMgr.checkForExpiration_WARN [50.274142349] ([1.7730109916719086E9]FrcDashboard.task:threshold=1.0,expiredTime=1.773010991077711E9,expired=true,paused=false) expired.
TrcDbgTrace.checkForExpiration_INFO [50.278699718] Thread stack: 
app//trclib.motor.TrcMotor.getPidTarget(TrcMotor.java:1332)
app//teamcode.subsystems.Shooter.updateStatus(Shooter.java:1424)
app//trclib.subsystem.TrcSubsystem.updateStatusAll(TrcSubsystem.java:242)
app//frclib.driverio.FrcDashboard.dashboardTask(FrcDashboard.java:207)
app//frclib.driverio.FrcDashboard$$Lambda$19/0xab4838e0.runTask(Unknown Source)
app//trclib.robotcore.TrcTaskMgr$TaskObject.standaloneTask(TrcTaskMgr.java:425)
app//trclib.robotcore.TrcTaskMgr$TaskObject$$Lambda$20/0xab4895d0.runPeriodic(Unknown Source)
app//trclib.robotcore.TrcPeriodicThread.run(TrcPeriodicThread.java:351)
app//trclib.robotcore.TrcPeriodicThread$$Lambda$21/0xab48a2f0.run(Unknown Source)
java.base@17.0.9.7-frc/java.lang.Thread.run(Unknown Source)
TrcWatchdogMgr.checkForExpiration_WARN [50.280984523] ([1.7730109916787252E9]TrcTaskMgr.ioThread:threshold=1.0,expiredTime=1.7730109910616472E9,expired=true,paused=false) expired.
TrcDbgTrace.checkForExpiration_INFO [50.286117327] Thread stack: 
app//trclib.motor.TrcMotor.pidCtrlTask(TrcMotor.java:3280)
app//trclib.motor.TrcMotor$$Lambda$50/0xab6aec78.runTask(Unknown Source)
app//trclib.robotcore.TrcTaskMgr.executeTaskType(TrcTaskMgr.java:599)
app//trclib.robotcore.TrcTaskMgr.ioTask(TrcTaskMgr.java:667)
app//trclib.robotcore.TrcTaskMgr$TaskObject$$Lambda$51/0xab6af000.runPeriodic(Unknown Source)
app//trclib.robotcore.TrcPeriodicThread.run(TrcPeriodicThread.java:351)
app//trclib.robotcore.TrcPeriodicThread$$Lambda$21/0xab48a2f0.run(Unknown Source)
java.base@17.0.9.7-frc/java.lang.Thread.run(Unknown Source)
Shooter.RightTiltMotor.isMotorStalled_INFO [50.288577447] Stall detection triggered.
Shooter.RightTiltMotor.checkStallReset_INFO [50.289053584] Resetting stall.
Shooter.TurretMotor.isMotorStalled_INFO [50.289475271] Stall detection triggered.
Climber.Motor.isMotorStalled_INFO [50.289877898] Stall detection triggered.
Climber.Motor.checkStallReset_INFO [50.293483264] Resetting stall.
Shooter.LeftTiltMotor.isMotorStalled_INFO [50.313235024] Stall detection triggered.
Shooter.LeftTiltMotor.checkStallReset_INFO [50.319808952] Resetting stall.
TrcWatchdogMgr.checkForExpiration_WARN [56.277738319] ([1.7730109976750336E9]FrcDashboard.task:threshold=1.0,expiredTime=1.7730109974231193E9,expired=true,paused=false) expired.
TrcDbgTrace.checkForExpiration_INFO [56.281045643] Thread stack: 
app//trclib.motor.TrcMotor.getPidTarget(TrcMotor.java:1332)
app//teamcode.subsystems.Shooter.updateStatus(Shooter.java:1424)
app//trclib.subsystem.TrcSubsystem.updateStatusAll(TrcSubsystem.java:242)
app//frclib.driverio.FrcDashboard.dashboardTask(FrcDashboard.java:207)
app//frclib.driverio.FrcDashboard$$Lambda$19/0xab4838e0.runTask(Unknown Source)
app//trclib.robotcore.TrcTaskMgr$TaskObject.standaloneTask(TrcTaskMgr.java:425)
app//trclib.robotcore.TrcTaskMgr$TaskObject$$Lambda$20/0xab4895d0.runPeriodic(Unknown Source)
app//trclib.robotcore.TrcPeriodicThread.run(TrcPeriodicThread.java:351)
app//trclib.robotcore.TrcPeriodicThread$$Lambda$21/0xab48a2f0.run(Unknown Source)
java.base@17.0.9.7-frc/java.lang.Thread.run(Unknown Source)
TrcWatchdogMgr.checkForExpiration_WARN [56.290015666] ([1.7730109976877685E9]main.watchdog:threshold=1.0,expiredTime=1.7730109973109758E9,expired=true,paused=false) expired.
TrcDbgTrace.checkForExpiration_INFO [56.293066191] Thread stack: 
app//com.revrobotics.jni.CANSparkJNI.c_Spark_Configure(Native Method)
app//com.revrobotics.spark.SparkBase.configure(SparkBase.java:339)
app//com.revrobotics.spark.SparkMax.configure(SparkMax.java:132)
app//frclib.motor.FrcCANSparkMax.setMotorPosition(FrcCANSparkMax.java:650)
app//trclib.motor.TrcMotor.setControllerMotorPosition(TrcMotor.java:1536)
app//trclib.motor.TrcMotor.delayPositionExpiredCallback(TrcMotor.java:2193)
app//trclib.motor.TrcMotor.setPosition(TrcMotor.java:2265)
app//trclib.motor.TrcMotor.setPosition(TrcMotor.java:2285)
app//trclib.motor.TrcMotor.setPidPower(TrcMotor.java:2448)
app//trclib.motor.TrcMotor.setPidPower(TrcMotor.java:2486)
app//teamcode.FrcTeleOp.periodic(FrcTeleOp.java:266)
app//frclib.robotcore.FrcRobot.startCompetition(FrcRobot.java:625)
app//edu.wpi.first.wpilibj.RobotBase.runRobot(RobotBase.java:436)
app//edu.wpi.first.wpilibj.RobotBase.startRobot(RobotBase.java:527)
app//teamcode.Main.main(Main.java:33)
TrcWatchdogMgr.checkForExpiration_WARN [56.299310934] ([1.7730109976968436E9]TrcTaskMgr.ioThread:threshold=1.0,expiredTime=1.7730109973329594E9,expired=true,paused=false) expired.
TrcDbgTrace.checkForExpiration_INFO [56.302537609] Thread stack: 
app//trclib.motor.TrcMotor.pidCtrlTask(TrcMotor.java:3280)
app//trclib.motor.TrcMotor$$Lambda$50/0xab6aec78.runTask(Unknown Source)
app//trclib.robotcore.TrcTaskMgr.executeTaskType(TrcTaskMgr.java:599)
app//trclib.robotcore.TrcTaskMgr.ioTask(TrcTaskMgr.java:667)
app//trclib.robotcore.TrcTaskMgr$TaskObject$$Lambda$51/0xab6af000.runPeriodic(Unknown Source)
app//trclib.robotcore.TrcPeriodicThread.run(TrcPeriodicThread.java:351)
app//trclib.robotcore.TrcPeriodicThread$$Lambda$21/0xab48a2f0.run(Unknown Source)
java.base@17.0.9.7-frc/java.lang.Thread.run(Unknown Source)
Shooter.RightTiltMotor.isMotorStalled_INFO [56.55799747] Stall detection triggered.
Shooter.RightTiltMotor.checkStallReset_INFO [56.560441376] Resetting stall.
Shooter.TurretMotor.isMotorStalled_INFO [56.563106804] Stall detection triggered.
Climber.Motor.isMotorStalled_INFO [56.563595068] Stall detection triggered.
Climber.Motor.checkStallReset_INFO [56.569518333] Resetting stall.
Shooter.LeftTiltMotor.isMotorStalled_INFO [56.57924131] Stall detection triggered.
Shooter.LeftTiltMotor.checkStallReset_INFO [56.582132749] Resetting stall.
Shooter.RightTiltMotor.isMotorStalled_INFO [58.208018354] Stall detection triggered.
Shooter.RightTiltMotor.checkStallReset_INFO [58.208573238] Resetting stall.
Shooter.TurretMotor.isMotorStalled_INFO [58.212253041] Stall detection triggered.
Climber.Motor.isMotorStalled_INFO [58.212834729] Stall detection triggered.
Climber.Motor.checkStallReset_INFO [58.214189569] Resetting stall.
Shooter.LeftTiltMotor.isMotorStalled_INFO [58.218999042] Stall detection triggered.
Shooter.LeftTiltMotor.checkStallReset_INFO [58.220071678] Resetting stall.
TrcWatchdogMgr.checkForExpiration_WARN [60.279635592] ([1.7730110016773076E9]FrcDashboard.task:threshold=1.0,expiredTime=1.7730110014183815E9,expired=true,paused=false) expired.
TrcDbgTrace.checkForExpiration_INFO [60.28589145] Thread stack: 
app//trclib.motor.TrcMotor.getPidTarget(TrcMotor.java:1332)
app//teamcode.subsystems.Shooter.updateStatus(Shooter.java:1424)
app//trclib.subsystem.TrcSubsystem.updateStatusAll(TrcSubsystem.java:242)
app//frclib.driverio.FrcDashboard.dashboardTask(FrcDashboard.java:207)
app//frclib.driverio.FrcDashboard$$Lambda$19/0xab4838e0.runTask(Unknown Source)
app//trclib.robotcore.TrcTaskMgr$TaskObject.standaloneTask(TrcTaskMgr.java:425)
app//trclib.robotcore.TrcTaskMgr$TaskObject$$Lambda$20/0xab4895d0.runPeriodic(Unknown Source)
app//trclib.robotcore.TrcPeriodicThread.run(TrcPeriodicThread.java:351)
app//trclib.robotcore.TrcPeriodicThread$$Lambda$21/0xab48a2f0.run(Unknown Source)
java.base@17.0.9.7-frc/java.lang.Thread.run(Unknown Source)
TrcWatchdogMgr.checkForExpiration_WARN [60.286892366] ([1.773011001684649E9]main.watchdog:threshold=1.0,expiredTime=1.7730110013195856E9,expired=true,paused=false) expired.
TrcDbgTrace.checkForExpiration_INFO [60.290330015] Thread stack: 
app//com.revrobotics.jni.CANSparkJNI.c_Spark_Configure(Native Method)
app//com.revrobotics.spark.SparkBase.configure(SparkBase.java:339)
app//com.revrobotics.spark.SparkMax.configure(SparkMax.java:132)
app//frclib.motor.FrcCANSparkMax.setMotorPosition(FrcCANSparkMax.java:650)
app//trclib.motor.TrcMotor.setControllerMotorPosition(TrcMotor.java:1536)
app//trclib.motor.TrcMotor.delayPositionExpiredCallback(TrcMotor.java:2193)
app//trclib.motor.TrcMotor.setPosition(TrcMotor.java:2265)
app//trclib.motor.TrcMotor.setPosition(TrcMotor.java:2285)
app//trclib.motor.TrcMotor.setPidPower(TrcMotor.java:2448)
app//trclib.motor.TrcMotor.setPidPower(TrcMotor.java:2486)
app//teamcode.FrcTeleOp.periodic(FrcTeleOp.java:266)
app//frclib.robotcore.FrcRobot.startCompetition(FrcRobot.java:625)
app//edu.wpi.first.wpilibj.RobotBase.runRobot(RobotBase.java:436)
app//edu.wpi.first.wpilibj.RobotBase.startRobot(RobotBase.java:527)
app//teamcode.Main.main(Main.java:33)
TrcWatchdogMgr.checkForExpiration_WARN [60.292149042] ([1.7730110016897404E9]TrcTaskMgr.ioThread:threshold=1.0,expiredTime=1.7730110013422656E9,expired=true,paused=false) expired.
TrcDbgTrace.checkForExpiration_INFO [60.294534677] Thread stack: 
app//trclib.motor.TrcMotor.pidCtrlTask(TrcMotor.java:3280)
app//trclib.motor.TrcMotor$$Lambda$50/0xab6aec78.runTask(Unknown Source)
app//trclib.robotcore.TrcTaskMgr.executeTaskType(TrcTaskMgr.java:599)
app//trclib.robotcore.TrcTaskMgr.ioTask(TrcTaskMgr.java:667)
app//trclib.robotcore.TrcTaskMgr$TaskObject$$Lambda$51/0xab6af000.runPeriodic(Unknown Source)
app//trclib.robotcore.TrcPeriodicThread.run(TrcPeriodicThread.java:351)
app//trclib.robotcore.TrcPeriodicThread$$Lambda$21/0xab48a2f0.run(Unknown Source)
java.base@17.0.9.7-frc/java.lang.Thread.run(Unknown Source)
Shooter.RightTiltMotor.isMotorStalled_INFO [60.563300647] Stall detection triggered.
Shooter.RightTiltMotor.checkStallReset_INFO [60.564829454] Resetting stall.
Shooter.TurretMotor.isMotorStalled_INFO [60.565759413] Stall detection triggered.
Climber.Motor.isMotorStalled_INFO [60.566569233] Stall detection triggered.
Climber.Motor.checkStallReset_INFO [60.566972366] Resetting stall.
Shooter.LeftTiltMotor.isMotorStalled_INFO [60.575369468] Stall detection triggered.
Shooter.LeftTiltMotor.checkStallReset_INFO [60.575906066] Resetting stall.
Shooter.RightTiltMotor.isMotorStalled_INFO [62.203068577] Stall detection triggered.
Shooter.RightTiltMotor.checkStallReset_INFO [62.208078429] Resetting stall.
Shooter.TurretMotor.isMotorStalled_INFO [62.210329124] Stall detection triggered.
Climber.Motor.isMotorStalled_INFO [62.210932848] Stall detection triggered.
Climber.Motor.checkStallReset_INFO [62.211333577] Resetting stall.
Shooter.LeftTiltMotor.isMotorStalled_INFO [62.222276019] Stall detection triggered.
Shooter.LeftTiltMotor.checkStallReset_INFO [62.224930606] Resetting stall.
FrcTeleOp.operatorControllerButtonEvent_INFO [62.731842247] ##### button=Y, pressed=true
FrcTeleOp.shoot_INFO [62.733308432] >>>>> Start Auto Shoot.
TaskAutoShoot.autoShoot_INFO [62.735213522] autoShoot(owner=null, event=null, taskParams=(autoStop=false, noPassback=false))
Shooter.setupGoalTrackingMode_INFO [62.736681002] GoalTracking(trackingMode=AllianceHub, goalPose=(x=-158.838583,y=469.110472,angle=180.000000), noPassback=false).
Shooter.LeftShooter.enableGoalTracking_INFO [62.738211157] Enable GoalTracking (trackingParams=(trackFlywheel=true,trackTiltPos=true,trackPanPos=true)).
Shooter.LeftPrimaryMotor.cancel_INFO [62.739766948] Cancel: stopping motor.
Shooter.LeftTiltMotor.cancel_INFO [62.740879653] Cancel: stopping motor.
Shooter.RightShooter.enableGoalTracking_INFO [62.741992699] Enable GoalTracking (trackingParams=(trackFlywheel=true,trackTiltPos=true,trackPanPos=true)).
Shooter.RightPrimaryMotor.cancel_INFO [62.743022753] Cancel: stopping motor.
Shooter.RightTiltMotor.cancel_INFO [62.74529437] Cancel: stopping motor.
Shooter.LeftShooter.goalTrackingTask_INFO [62.78811404] Shooter.LeftShooter is TimedOut: rpm1=95.787260/5384.181495, rpm2=83.906250/0.000000, tilt=16.988186/27.689524, pan=null/null
TrcWatchdogMgr.checkForExpiration_WARN [64.280767625] ([1.7730110056782575E9]FrcDashboard.task:threshold=1.0,expiredTime=1.7730110052365637E9,expired=true,paused=false) expired.
TrcDbgTrace.checkForExpiration_INFO [64.284888083] Thread stack: 
app//trclib.motor.TrcMotor.getPidTarget(TrcMotor.java:1332)
app//teamcode.subsystems.Shooter.updateStatus(Shooter.java:1424)
app//trclib.subsystem.TrcSubsystem.updateStatusAll(TrcSubsystem.java:242)
app//frclib.driverio.FrcDashboard.dashboardTask(FrcDashboard.java:207)
app//frclib.driverio.FrcDashboard$$Lambda$19/0xab4838e0.runTask(Unknown Source)
app//trclib.robotcore.TrcTaskMgr$TaskObject.standaloneTask(TrcTaskMgr.java:425)
app//trclib.robotcore.TrcTaskMgr$TaskObject$$Lambda$20/0xab4895d0.runPeriodic(Unknown Source)
app//trclib.robotcore.TrcPeriodicThread.run(TrcPeriodicThread.java:351)
app//trclib.robotcore.TrcPeriodicThread$$Lambda$21/0xab48a2f0.run(Unknown Source)
java.base@17.0.9.7-frc/java.lang.Thread.run(Unknown Source)
TrcWatchdogMgr.checkForExpiration_WARN [64.285750826] ([1.7730110056835248E9]main.watchdog:threshold=1.0,expiredTime=1.77301100512947E9,expired=true,paused=false) expired.
TrcDbgTrace.checkForExpiration_INFO [64.293779373] Thread stack: 
app//com.revrobotics.jni.CANSparkJNI.c_Spark_Configure(Native Method)
app//com.revrobotics.spark.SparkBase.configure(SparkBase.java:339)
app//com.revrobotics.spark.SparkMax.configure(SparkMax.java:132)
app//frclib.motor.FrcCANSparkMax.setMotorPosition(FrcCANSparkMax.java:650)
app//trclib.motor.TrcMotor.setControllerMotorPosition(TrcMotor.java:1536)
app//trclib.motor.TrcMotor.delayPositionExpiredCallback(TrcMotor.java:2193)
app//trclib.motor.TrcMotor.setPosition(TrcMotor.java:2265)
app//trclib.subsystem.TrcShooter.setTiltAngle(TrcShooter.java:1163)
app//trclib.subsystem.TrcShooter.setTiltAngle(TrcShooter.java:1199)
app//trclib.subsystem.TrcShooter.goalTrackingTask(TrcShooter.java:381)
app//trclib.subsystem.TrcShooter$$Lambda$89/0xab89f1a0.runTask(Unknown Source)
app//trclib.robotcore.TrcTaskMgr.executeTaskType(TrcTaskMgr.java:599)
app//frclib.robotcore.FrcRobot.startCompetition(FrcRobot.java:634)
app//edu.wpi.first.wpilibj.RobotBase.runRobot(RobotBase.java:436)
app//edu.wpi.first.wpilibj.RobotBase.startRobot(RobotBase.java:527)
app//teamcode.Main.main(Main.java:33)
TrcWatchdogMgr.checkForExpiration_WARN [64.300594011] ([1.773011005698347E9]TrcTaskMgr.ioThread:threshold=1.0,expiredTime=1.7730110051896815E9,expired=true,paused=false) expired.
TrcDbgTrace.checkForExpiration_INFO [64.303492016] Thread stack: 
app//trclib.motor.TrcMotor.pidCtrlTask(TrcMotor.java:3280)
app//trclib.motor.TrcMotor$$Lambda$50/0xab6aec78.runTask(Unknown Source)
app//trclib.robotcore.TrcTaskMgr.executeTaskType(TrcTaskMgr.java:599)
app//trclib.robotcore.TrcTaskMgr.ioTask(TrcTaskMgr.java:667)
app//trclib.robotcore.TrcTaskMgr$TaskObject$$Lambda$51/0xab6af000.runPeriodic(Unknown Source)
app//trclib.robotcore.TrcPeriodicThread.run(TrcPeriodicThread.java:351)
app//trclib.robotcore.TrcPeriodicThread$$Lambda$21/0xab48a2f0.run(Unknown Source)
java.base@17.0.9.7-frc/java.lang.Thread.run(Unknown Source)
Shooter.RightTiltMotor.isMotorStalled_INFO [64.419172673] Stall detection triggered.
Shooter.RightTiltMotor.checkStallReset_INFO [64.420846025] Resetting stall.
Shooter.TurretMotor.isMotorStalled_INFO [64.421696716] Stall detection triggered.
Shooter.TurretMotor.pidCtrlTask_INFO [64.422290241] controlMode: Position,onTarget=true(-159.8440282122/-159.59613130212963), stalled=false, expired=false, event=(TaskAutoShoot.turretReady=SIGNALED)
Climber.Motor.isMotorStalled_INFO [64.423221381] Stall detection triggered.
Climber.Motor.checkStallReset_INFO [64.423726528] Resetting stall.
Shooter.RightShooter.goalTrackingTask_INFO [64.435640454] Shooter.RightShooter is TimedOut: rpm1=0.000000/5385.840410, rpm2=0.000000/0.000000, tilt=16.000000/27.689524, pan=null/null
Shooter.LeftTiltMotor.isMotorStalled_INFO [64.437842223] Stall detection triggered.
TaskAutoShoot.autoTask_INFO [64.438482979] <Event name="StateInfo" time="64.437096134" tag="vvvvv" TaskAutoShoot.state="START" />
Shooter.LeftTiltMotor.checkStallReset_INFO [64.444900399] Resetting stall.
TaskAutoShoot.runTaskState_INFO [64.44603346] ***** Wait for left Shooter ready.
TaskAutoShoot.runTaskState_INFO [64.450626379] ***** Wait for right Shooter ready.
TaskAutoShoot.runTaskState_INFO [64.452712621] ***** Wait for Turret ready.
TaskAutoShoot.autoTask_INFO [64.457758286] <Event name="StateInfo" time="64.45480621" tag="^^^^^" TaskAutoShoot.state="START" />
FrcTeleOp.operatorControllerButtonEvent_INFO [64.469767379] ##### button=Y, pressed=false
FrcTeleOp.shoot_INFO [64.471153365] >>>>> Stop Auto Shoot.
TaskAutoShoot.cancel_INFO [64.474264587] Canceling auto task operation.
TaskAutoShoot.stopSubsystems_INFO [64.475562585] Stopping subsystems.
Shooter.LeftTransferMotor.cancel_INFO [64.476377736] Cancel: stopping motor.
Shooter.RightTransferMotor.cancel_INFO [64.480537591] Cancel: stopping motor.
Shooter.FeederMotor.cancel_INFO [64.48173131] Cancel: stopping motor.
Shooter.LeftShooter.disableGoalTracking_INFO [64.483021949] Disable Goal Tracking.
Shooter.LeftShooter.stopGoalTracking_INFO [64.491384348] Stop GoalTracking.
Shooter.LeftTiltMotor.cancel_INFO [64.492424623] Cancel: stopping motor.
Shooter.LeftPrimaryMotor.cancel_INFO [64.495264329] Cancel: stopping motor.
Shooter.RightShooter.disableGoalTracking_INFO [64.496217537] Disable Goal Tracking.
Shooter.RightShooter.stopGoalTracking_INFO [64.496615051] Stop GoalTracking.
Shooter.RightTiltMotor.cancel_INFO [64.498311242] Cancel: stopping motor.
Shooter.RightPrimaryMotor.cancel_INFO [64.502172546] Cancel: stopping motor.
Shooter.LeftShooter.cancel_INFO [64.504900668] owner=null
Shooter.LeftPrimaryMotor.cancel_INFO [64.505812146] Cancel: stopping motor.
Shooter.LeftTiltMotor.cancel_INFO [64.506918496] Cancel: stopping motor.
Shooter.RightShooter.cancel_INFO [64.519326835] owner=null
Shooter.RightPrimaryMotor.cancel_INFO [64.520731504] Cancel: stopping motor.
Shooter.RightTiltMotor.cancel_INFO [64.522437076] Cancel: stopping motor.
Shooter.LeftTransferMotor.cancel_INFO [64.524012902] Cancel: stopping motor.
Shooter.RightTransferMotor.cancel_INFO [64.530116185] Cancel: stopping motor.
Shooter.FeederMotor.cancel_INFO [64.530960018] Cancel: stopping motor.
Shooter.RightTiltMotor.isMotorStalled_INFO [66.17267615] Stall detection triggered.
Shooter.RightTiltMotor.checkStallReset_INFO [66.17332196] Resetting stall.
Shooter.TurretMotor.isMotorStalled_INFO [66.174104429] Stall detection triggered.
Climber.Motor.isMotorStalled_INFO [66.175692669] Stall detection triggered.
Climber.Motor.checkStallReset_INFO [66.177250536] Resetting stall.
Shooter.LeftTiltMotor.isMotorStalled_INFO [66.203440948] Stall detection triggered.
Shooter.LeftTiltMotor.checkStallReset_INFO [66.204159992] Resetting stall.
TrcWatchdogMgr.checkForExpiration_WARN [66.28111321] ([1.7730110076788797E9]main.watchdog:threshold=1.0,expiredTime=1.7730110068658369E9,expired=true,paused=false) expired.
TrcDbgTrace.checkForExpiration_INFO [66.284282713] Thread stack: 
app//com.revrobotics.jni.CANSparkJNI.c_Spark_Configure(Native Method)
app//com.revrobotics.spark.SparkBase.configure(SparkBase.java:339)
app//com.revrobotics.spark.SparkMax.configure(SparkMax.java:132)
app//frclib.motor.FrcCANSparkMax.setMotorPosition(FrcCANSparkMax.java:650)
app//trclib.motor.TrcMotor.setControllerMotorPosition(TrcMotor.java:1536)
app//trclib.motor.TrcMotor.delayPositionExpiredCallback(TrcMotor.java:2193)
app//trclib.motor.TrcMotor.setPosition(TrcMotor.java:2265)
app//trclib.subsystem.TrcShooter.setTiltAngle(TrcShooter.java:1163)
app//trclib.subsystem.TrcShooter.setTiltAngle(TrcShooter.java:1199)
app//teamcode.subsystems.Shooter.stopTilt(Shooter.java:675)
app//teamcode.subsystems.Shooter.resetState(Shooter.java:1368)
app//teamcode.FrcTeleOp.shoot(FrcTeleOp.java:700)
app//teamcode.FrcTeleOp.operatorControllerButtonEvent(FrcTeleOp.java:554)
app//teamcode.FrcTeleOp$$Lambda$146/0xabe13800.buttonEvent(Unknown Source)
app//frclib.driverio.FrcXboxController.notifyButtonEvent(FrcXboxController.java:590)
app//trclib.driverio.TrcGameController.buttonEventTask(TrcGameController.java:274)
app//trclib.driverio.TrcGameController$$Lambda$36/0xab4b2f60.runTask(Unknown Source)
app//trclib.robotcore.TrcTaskMgr.executeTaskType(TrcTaskMgr.java:599)
app//frclib.robotcore.FrcRobot.startCompetition(FrcRobot.java:588)
app//edu.wpi.first.wpilibj.RobotBase.runRobot(RobotBase.java:436)
app//edu.wpi.first.wpilibj.RobotBase.startRobot(RobotBase.java:527)
app//teamcode.Main.main(Main.java:33)
TrcWatchdogMgr.checkForExpiration_WARN [67.282350139] ([1.773011008679989E9]FrcDashboard.task:threshold=1.0,expiredTime=1.7730110085731921E9,expired=true,paused=false) expired.
TrcDbgTrace.checkForExpiration_INFO [67.288398444] Thread stack: 
app//trclib.motor.TrcMotor.getPidTarget(TrcMotor.java:1332)
app//teamcode.subsystems.Shooter.updateStatus(Shooter.java:1424)
app//trclib.subsystem.TrcSubsystem.updateStatusAll(TrcSubsystem.java:242)
app//frclib.driverio.FrcDashboard.dashboardTask(FrcDashboard.java:207)
app//frclib.driverio.FrcDashboard$$Lambda$19/0xab4838e0.runTask(Unknown Source)
app//trclib.robotcore.TrcTaskMgr$TaskObject.standaloneTask(TrcTaskMgr.java:425)
app//trclib.robotcore.TrcTaskMgr$TaskObject$$Lambda$20/0xab4895d0.runPeriodic(Unknown Source)
app//trclib.robotcore.TrcPeriodicThread.run(TrcPeriodicThread.java:351)
app//trclib.robotcore.TrcPeriodicThread$$Lambda$21/0xab48a2f0.run(Unknown Source)
java.base@17.0.9.7-frc/java.lang.Thread.run(Unknown Source)
TrcWatchdogMgr.checkForExpiration_WARN [67.288984702] ([1.7730110086867645E9]TrcTaskMgr.ioThread:threshold=1.0,expiredTime=1.7730110085757668E9,expired=true,paused=false) expired.
TrcDbgTrace.checkForExpiration_INFO [67.295483823] Thread stack: 
app//trclib.motor.TrcMotor.pidCtrlTask(TrcMotor.java:3280)
app//trclib.motor.TrcMotor$$Lambda$50/0xab6aec78.runTask(Unknown Source)
app//trclib.robotcore.TrcTaskMgr.executeTaskType(TrcTaskMgr.java:599)
app//trclib.robotcore.TrcTaskMgr.ioTask(TrcTaskMgr.java:667)
app//trclib.robotcore.TrcTaskMgr$TaskObject$$Lambda$51/0xab6af000.runPeriodic(Unknown Source)
app//trclib.robotcore.TrcPeriodicThread.run(TrcPeriodicThread.java:351)
app//trclib.robotcore.TrcPeriodicThread$$Lambda$21/0xab48a2f0.run(Unknown Source)
java.base@17.0.9.7-frc/java.lang.Thread.run(Unknown Source)
Shooter.RightTiltMotor.isMotorStalled_INFO [67.84408919] Stall detection triggered.
Shooter.RightTiltMotor.checkStallReset_INFO [67.846155112] Resetting stall.
Shooter.TurretMotor.isMotorStalled_INFO [67.849063499] Stall detection triggered.
Climber.Motor.isMotorStalled_INFO [67.849967402] Stall detection triggered.
Climber.Motor.checkStallReset_INFO [67.854745093] Resetting stall.
Shooter.LeftTiltMotor.isMotorStalled_INFO [67.863872704] Stall detection triggered.
Shooter.LeftTiltMotor.checkStallReset_INFO [67.867246906] Resetting stall.
FrcTeleOp.operatorControllerButtonEvent_INFO [68.062755209] ##### button=Y, pressed=true
FrcTeleOp.shoot_INFO [68.063991899] >>>>> Start Auto Shoot.
TaskAutoShoot.autoShoot_INFO [68.065535756] autoShoot(owner=null, event=null, taskParams=(autoStop=false, noPassback=false))
Shooter.setupGoalTrackingMode_INFO [68.067714137] GoalTracking(trackingMode=AllianceHub, goalPose=(x=-158.838583,y=469.110472,angle=180.000000), noPassback=false).
Shooter.LeftShooter.enableGoalTracking_INFO [68.069019696] Enable GoalTracking (trackingParams=(trackFlywheel=true,trackTiltPos=true,trackPanPos=true)).
Shooter.LeftPrimaryMotor.cancel_INFO [68.070017992] Cancel: stopping motor.
Shooter.LeftTiltMotor.cancel_INFO [68.071185852] Cancel: stopping motor.
Shooter.RightShooter.enableGoalTracking_INFO [68.07210406] Enable GoalTracking (trackingParams=(trackFlywheel=true,trackTiltPos=true,trackPanPos=true)).
Shooter.RightPrimaryMotor.cancel_INFO [68.072768009] Cancel: stopping motor.
Shooter.RightTiltMotor.cancel_INFO [68.074630443] Cancel: stopping motor.
Shooter.LeftShooter.goalTrackingTask_INFO [68.142018623] Shooter.LeftShooter is TimedOut: rpm1=341.691707/5411.486143, rpm2=361.171875/0.000000, tilt=16.988186/27.916647, pan=null/null
TrcWatchdogMgr.checkForExpiration_WARN [69.283606024] ([1.7730110106812496E9]FrcDashboard.task:threshold=1.0,expiredTime=1.7730110106474648E9,expired=true,paused=false) expired.
TrcDbgTrace.checkForExpiration_INFO [69.286006753] Thread stack: 
app//trclib.motor.TrcMotor.getPidTarget(TrcMotor.java:1332)
app//teamcode.subsystems.Shooter.updateStatus(Shooter.java:1424)
app//trclib.subsystem.TrcSubsystem.updateStatusAll(TrcSubsystem.java:242)
app//frclib.driverio.FrcDashboard.dashboardTask(FrcDashboard.java:207)
app//frclib.driverio.FrcDashboard$$Lambda$19/0xab4838e0.runTask(Unknown Source)
app//trclib.robotcore.TrcTaskMgr$TaskObject.standaloneTask(TrcTaskMgr.java:425)
app//trclib.robotcore.TrcTaskMgr$TaskObject$$Lambda$20/0xab4895d0.runPeriodic(Unknown Source)
app//trclib.robotcore.TrcPeriodicThread.run(TrcPeriodicThread.java:351)
app//trclib.robotcore.TrcPeriodicThread$$Lambda$21/0xab48a2f0.run(Unknown Source)
java.base@17.0.9.7-frc/java.lang.Thread.run(Unknown Source)
TrcWatchdogMgr.checkForExpiration_WARN [69.291396] ([1.7730110106889634E9]main.watchdog:threshold=1.0,expiredTime=1.7730110104601169E9,expired=true,paused=false) expired.
TrcDbgTrace.checkForExpiration_INFO [69.295794014] Thread stack: 
app//com.revrobotics.jni.CANSparkJNI.c_Spark_Configure(Native Method)
app//com.revrobotics.spark.SparkBase.configure(SparkBase.java:339)
app//com.revrobotics.spark.SparkMax.configure(SparkMax.java:132)
app//frclib.motor.FrcCANSparkMax.setMotorPosition(FrcCANSparkMax.java:650)
app//trclib.motor.TrcMotor.setControllerMotorPosition(TrcMotor.java:1536)
app//trclib.motor.TrcMotor.delayPositionExpiredCallback(TrcMotor.java:2193)
app//trclib.motor.TrcMotor.setPosition(TrcMotor.java:2265)
app//trclib.subsystem.TrcShooter.setTiltAngle(TrcShooter.java:1163)
app//trclib.subsystem.TrcShooter.setTiltAngle(TrcShooter.java:1199)
app//trclib.subsystem.TrcShooter.goalTrackingTask(TrcShooter.java:381)
app//trclib.subsystem.TrcShooter$$Lambda$89/0xab89f1a0.runTask(Unknown Source)
app//trclib.robotcore.TrcTaskMgr.executeTaskType(TrcTaskMgr.java:599)
app//frclib.robotcore.FrcRobot.startCompetition(FrcRobot.java:634)
app//edu.wpi.first.wpilibj.RobotBase.runRobot(RobotBase.java:436)
app//edu.wpi.first.wpilibj.RobotBase.startRobot(RobotBase.java:527)
app//teamcode.Main.main(Main.java:33)
TrcWatchdogMgr.checkForExpiration_WARN [69.302741615] ([1.773011010700288E9]TrcTaskMgr.ioThread:threshold=1.0,expiredTime=1.773011010539054E9,expired=true,paused=false) expired.
TrcDbgTrace.checkForExpiration_INFO [69.305848105] Thread stack: 
app//trclib.motor.TrcMotor.pidCtrlTask(TrcMotor.java:3280)
app//trclib.motor.TrcMotor$$Lambda$50/0xab6aec78.runTask(Unknown Source)
app//trclib.robotcore.TrcTaskMgr.executeTaskType(TrcTaskMgr.java:599)
app//trclib.robotcore.TrcTaskMgr.ioTask(TrcTaskMgr.java:667)
app//trclib.robotcore.TrcTaskMgr$TaskObject$$Lambda$51/0xab6af000.runPeriodic(Unknown Source)
app//trclib.robotcore.TrcPeriodicThread.run(TrcPeriodicThread.java:351)
app//trclib.robotcore.TrcPeriodicThread$$Lambda$21/0xab48a2f0.run(Unknown Source)
java.base@17.0.9.7-frc/java.lang.Thread.run(Unknown Source)
Shooter.RightTiltMotor.isMotorStalled_INFO [69.767405484] Stall detection triggered.
Shooter.RightTiltMotor.checkStallReset_INFO [69.770762911] Resetting stall.
Shooter.TurretMotor.isMotorStalled_INFO [69.773705549] Stall detection triggered.
Shooter.TurretMotor.pidCtrlTask_INFO [69.777057738] controlMode: Position,onTarget=true(121.07867931547425/120.95541839853222), stalled=false, expired=false, event=(TaskAutoShoot.turretReady=SIGNALED)
Shooter.RightShooter.goalTrackingTask_INFO [69.779960646] Shooter.RightShooter is TimedOut: rpm1=0.000000/5412.106562, rpm2=0.000000/0.000000, tilt=16.000000/27.916647, pan=null/null
Climber.Motor.isMotorStalled_INFO [69.781251119] Stall detection triggered.
TaskAutoShoot.autoTask_INFO [69.786727412] <Event name="StateInfo" time="69.783836171" tag="vvvvv" TaskAutoShoot.state="START" />
TaskAutoShoot.runTaskState_INFO [69.789342899] ***** Wait for left Shooter ready.
Climber.Motor.checkStallReset_INFO [69.788764488] Resetting stall.
TaskAutoShoot.runTaskState_INFO [69.791552342] ***** Wait for right Shooter ready.
TaskAutoShoot.runTaskState_INFO [69.796282091] ***** Wait for Turret ready.
TaskAutoShoot.autoTask_INFO [69.801012332] <Event name="StateInfo" time="69.798840576" tag="^^^^^" TaskAutoShoot.state="START" />
Shooter.LeftTiltMotor.isMotorStalled_INFO [69.802650973] Stall detection triggered.
Shooter.LeftTiltMotor.checkStallReset_INFO [69.803989682] Resetting stall.
Shooter.TurretMotor.pidCtrlTask_INFO [69.838529783] controlMode: Position,onTarget=true(121.07867931547425/120.40767511994214), stalled=false, expired=false, event=(TaskAutoShoot.turretReady=SIGNALED)
Shooter.LeftShooter.goalTrackingTask_INFO [69.856370601] Shooter.LeftShooter is Ready: rpm1=5340.045072/5412.520819, rpm2=3303.046875/0.000000, tilt=27.937290/27.925304, pan=null/null
TrcWatchdogMgr.checkForExpiration_WARN [71.285050863] ([1.7730110126826422E9]FrcDashboard.task:threshold=1.0,expiredTime=1.7730110123843613E9,expired=true,paused=false) expired.
TrcDbgTrace.checkForExpiration_INFO [71.290925514] Thread stack: 
app//trclib.motor.TrcMotor.getPidTarget(TrcMotor.java:1332)
app//teamcode.subsystems.Shooter.updateStatus(Shooter.java:1424)
app//trclib.subsystem.TrcSubsystem.updateStatusAll(TrcSubsystem.java:242)
app//frclib.driverio.FrcDashboard.dashboardTask(FrcDashboard.java:207)
app//frclib.driverio.FrcDashboard$$Lambda$19/0xab4838e0.runTask(Unknown Source)
app//trclib.robotcore.TrcTaskMgr$TaskObject.standaloneTask(TrcTaskMgr.java:425)
app//trclib.robotcore.TrcTaskMgr$TaskObject$$Lambda$20/0xab4895d0.runPeriodic(Unknown Source)
app//trclib.robotcore.TrcPeriodicThread.run(TrcPeriodicThread.java:351)
app//trclib.robotcore.TrcPeriodicThread$$Lambda$21/0xab48a2f0.run(Unknown Source)
java.base@17.0.9.7-frc/java.lang.Thread.run(Unknown Source)
TrcWatchdogMgr.checkForExpiration_WARN [71.293001659] ([1.7730110126892776E9]main.watchdog:threshold=1.0,expiredTime=1.773011012204136E9,expired=true,paused=false) expired.
TrcDbgTrace.checkForExpiration_INFO [71.295828038] Thread stack: 
app//com.revrobotics.jni.CANSparkJNI.c_Spark_Configure(Native Method)
app//com.revrobotics.spark.SparkBase.configure(SparkBase.java:339)
app//com.revrobotics.spark.SparkMax.configure(SparkMax.java:132)
app//frclib.motor.FrcCANSparkMax.setMotorPosition(FrcCANSparkMax.java:650)
app//trclib.motor.TrcMotor.setControllerMotorPosition(TrcMotor.java:1536)
app//trclib.motor.TrcMotor.delayPositionExpiredCallback(TrcMotor.java:2193)
app//trclib.motor.TrcMotor.setPosition(TrcMotor.java:2265)
app//trclib.subsystem.TrcShooter.setTiltAngle(TrcShooter.java:1163)
app//trclib.subsystem.TrcShooter.setTiltAngle(TrcShooter.java:1199)
app//trclib.subsystem.TrcShooter.goalTrackingTask(TrcShooter.java:381)
app//trclib.subsystem.TrcShooter$$Lambda$89/0xab89f1a0.runTask(Unknown Source)
app//trclib.robotcore.TrcTaskMgr.executeTaskType(TrcTaskMgr.java:599)
app//frclib.robotcore.FrcRobot.startCompetition(FrcRobot.java:634)
app//edu.wpi.first.wpilibj.RobotBase.runRobot(RobotBase.java:436)
app//edu.wpi.first.wpilibj.RobotBase.startRobot(RobotBase.java:527)
app//teamcode.Main.main(Main.java:33)
TrcWatchdogMgr.checkForExpiration_WARN [71.298314844] ([1.773011012696071E9]TrcTaskMgr.ioThread:threshold=1.0,expiredTime=1.7730110122611413E9,expired=true,paused=false) expired.
TrcDbgTrace.checkForExpiration_INFO [71.301190042] Thread stack: 
app//trclib.motor.TrcMotor.pidCtrlTask(TrcMotor.java:3280)
app//trclib.motor.TrcMotor$$Lambda$50/0xab6aec78.runTask(Unknown Source)
app//trclib.robotcore.TrcTaskMgr.executeTaskType(TrcTaskMgr.java:599)
app//trclib.robotcore.TrcTaskMgr.ioTask(TrcTaskMgr.java:667)
app//trclib.robotcore.TrcTaskMgr$TaskObject$$Lambda$51/0xab6af000.runPeriodic(Unknown Source)
app//trclib.robotcore.TrcPeriodicThread.run(TrcPeriodicThread.java:351)
app//trclib.robotcore.TrcPeriodicThread$$Lambda$21/0xab48a2f0.run(Unknown Source)
java.base@17.0.9.7-frc/java.lang.Thread.run(Unknown Source)
Shooter.RightTiltMotor.isMotorStalled_INFO [71.481571458] Stall detection triggered.
Shooter.RightTiltMotor.checkStallReset_INFO [71.482472707] Resetting stall.
Shooter.TurretMotor.isMotorStalled_INFO [71.482925589] Stall detection triggered.
Climber.Motor.isMotorStalled_INFO [71.483536571] Stall detection triggered.
Climber.Motor.checkStallReset_INFO [71.483926705] Resetting stall.
TaskAutoShoot.autoTask_INFO [71.485526017] <Event name="StateInfo" time="71.485361086" tag="vvvvv" TaskAutoShoot.state="SHOOT" />
TaskAutoShoot.runTaskState_INFO [71.48656409] ***** Start left shooter shooting.
Shooter.LeftTiltMotor.isMotorStalled_INFO [71.491391688] Stall detection triggered.
Shooter.LeftTiltMotor.checkStallReset_INFO [71.491960451] Resetting stall.
Shooter.shoot_INFO [71.493174981] shoot(owner=null, event=(TaskAutoShoot.leftShooterDone=CLEARED), shooter=leftShooter, autoStop=false)
Shooter.LeftTransferMotor.cancel_INFO [71.494172995] Cancel: stopping motor.
TaskAutoShoot.autoTask_INFO [71.496766629] <Event name="StateInfo" time="71.496549831" tag="^^^^^" TaskAutoShoot.state="SHOOT" />
FrcTeleOp.operatorControllerButtonEvent_INFO [71.503707759] ##### button=Y, pressed=false
FrcTeleOp.shoot_INFO [71.507484002] >>>>> Stop Auto Shoot.
TaskAutoShoot.cancel_INFO [71.514973761] Canceling auto task operation.
TaskAutoShoot.stopSubsystems_INFO [71.517989555] Stopping subsystems.
Shooter.LeftTransferMotor.cancel_INFO [71.520546886] Cancel: stopping motor.
Shooter.RightTransferMotor.cancel_INFO [71.522415067] Cancel: stopping motor.
Shooter.FeederMotor.cancel_INFO [71.526044634] Cancel: stopping motor.
Shooter.LeftShooter.disableGoalTracking_INFO [71.52798454] Disable Goal Tracking.
Shooter.LeftShooter.stopGoalTracking_INFO [71.530715313] Stop GoalTracking.
Shooter.LeftTiltMotor.cancel_INFO [71.533266647] Cancel: stopping motor.
Shooter.LeftPrimaryMotor.cancel_INFO [71.53530784] Cancel: stopping motor.
Shooter.RightShooter.disableGoalTracking_INFO [71.536948568] Disable Goal Tracking.
Shooter.RightShooter.stopGoalTracking_INFO [71.538930358] Stop GoalTracking.
Shooter.RightTiltMotor.cancel_INFO [71.541258587] Cancel: stopping motor.
Shooter.RightPrimaryMotor.cancel_INFO [71.542847211] Cancel: stopping motor.
Shooter.LeftShooter.cancel_INFO [71.544653936] owner=null
Shooter.LeftPrimaryMotor.cancel_INFO [71.54667328] Cancel: stopping motor.
Shooter.LeftTiltMotor.cancel_INFO [71.55513835] Cancel: stopping motor.
Shooter.RightShooter.cancel_INFO [71.556719902] owner=null
Shooter.RightPrimaryMotor.cancel_INFO [71.559916771] Cancel: stopping motor.
Shooter.RightTiltMotor.cancel_INFO [71.564748477] Cancel: stopping motor.
Shooter.LeftTransferMotor.cancel_INFO [71.571964081] Cancel: stopping motor.
Shooter.RightTransferMotor.cancel_INFO [71.580170958] Cancel: stopping motor.
Shooter.FeederMotor.cancel_INFO [71.583846731] Cancel: stopping motor.
Shooter.RightTiltMotor.isMotorStalled_INFO [73.193681523] Stall detection triggered.
Shooter.RightTiltMotor.checkStallReset_INFO [73.195175728] Resetting stall.
Shooter.TurretMotor.isMotorStalled_INFO [73.195804099] Stall detection triggered.
Climber.Motor.isMotorStalled_INFO [73.196543848] Stall detection triggered.
Climber.Motor.checkStallReset_INFO [73.196977161] Resetting stall.
Shooter.LeftTiltMotor.isMotorStalled_INFO [73.218651017] Stall detection triggered.
Shooter.LeftTiltMotor.checkStallReset_INFO [73.22171065] Resetting stall.
TrcWatchdogMgr.checkForExpiration_WARN [73.285455431] ([1.7730110146829693E9]main.watchdog:threshold=1.0,expiredTime=1.7730110139000046E9,expired=true,paused=false) expired.
TrcDbgTrace.checkForExpiration_INFO [73.289307461] Thread stack: 
app//com.revrobotics.jni.CANSparkJNI.c_Spark_Configure(Native Method)
app//com.revrobotics.spark.SparkBase.configure(SparkBase.java:339)
app//com.revrobotics.spark.SparkMax.configure(SparkMax.java:132)
app//frclib.motor.FrcCANSparkMax.setMotorPosition(FrcCANSparkMax.java:650)
app//trclib.motor.TrcMotor.setControllerMotorPosition(TrcMotor.java:1536)
app//trclib.motor.TrcMotor.delayPositionExpiredCallback(TrcMotor.java:2193)
app//trclib.motor.TrcMotor.setPosition(TrcMotor.java:2265)
app//trclib.subsystem.TrcShooter.setTiltAngle(TrcShooter.java:1163)
app//trclib.subsystem.TrcShooter.setTiltAngle(TrcShooter.java:1199)
app//teamcode.subsystems.Shooter.stopTilt(Shooter.java:675)
app//teamcode.subsystems.Shooter.resetState(Shooter.java:1368)
app//teamcode.FrcTeleOp.shoot(FrcTeleOp.java:700)
app//teamcode.FrcTeleOp.operatorControllerButtonEvent(FrcTeleOp.java:554)
app//teamcode.FrcTeleOp$$Lambda$146/0xabe13800.buttonEvent(Unknown Source)
app//frclib.driverio.FrcXboxController.notifyButtonEvent(FrcXboxController.java:590)
app//trclib.driverio.TrcGameController.buttonEventTask(TrcGameController.java:274)
app//trclib.driverio.TrcGameController$$Lambda$36/0xab4b2f60.runTask(Unknown Source)
app//trclib.robotcore.TrcTaskMgr.executeTaskType(TrcTaskMgr.java:599)
app//frclib.robotcore.FrcRobot.startCompetition(FrcRobot.java:588)
app//edu.wpi.first.wpilibj.RobotBase.runRobot(RobotBase.java:436)
app//edu.wpi.first.wpilibj.RobotBase.startRobot(RobotBase.java:527)
app//teamcode.Main.main(Main.java:33)
TrcWatchdogMgr.checkForExpiration_WARN [74.287335163] ([1.7730110156850138E9]FrcDashboard.task:threshold=1.0,expiredTime=1.7730110155997503E9,expired=true,paused=false) expired.
TrcDbgTrace.checkForExpiration_INFO [74.292460349] Thread stack: 
app//trclib.motor.TrcMotor.getPidTarget(TrcMotor.java:1332)
app//teamcode.subsystems.Shooter.updateStatus(Shooter.java:1424)
app//trclib.subsystem.TrcSubsystem.updateStatusAll(TrcSubsystem.java:242)
app//frclib.driverio.FrcDashboard.dashboardTask(FrcDashboard.java:207)
app//frclib.driverio.FrcDashboard$$Lambda$19/0xab4838e0.runTask(Unknown Source)
app//trclib.robotcore.TrcTaskMgr$TaskObject.standaloneTask(TrcTaskMgr.java:425)
app//trclib.robotcore.TrcTaskMgr$TaskObject$$Lambda$20/0xab4895d0.runPeriodic(Unknown Source)
app//trclib.robotcore.TrcPeriodicThread.run(TrcPeriodicThread.java:351)
app//trclib.robotcore.TrcPeriodicThread$$Lambda$21/0xab48a2f0.run(Unknown Source)
java.base@17.0.9.7-frc/java.lang.Thread.run(Unknown Source)
TrcWatchdogMgr.checkForExpiration_WARN [74.292999518] ([1.7730110156907935E9]TrcTaskMgr.ioThread:threshold=1.0,expiredTime=1.7730110155955896E9,expired=true,paused=false) expired.
TrcDbgTrace.checkForExpiration_INFO [74.298069613] Thread stack: 
app//trclib.motor.TrcMotor.pidCtrlTask(TrcMotor.java:3280)
app//trclib.motor.TrcMotor$$Lambda$50/0xab6aec78.runTask(Unknown Source)
app//trclib.robotcore.TrcTaskMgr.executeTaskType(TrcTaskMgr.java:599)
app//trclib.robotcore.TrcTaskMgr.ioTask(TrcTaskMgr.java:667)
app//trclib.robotcore.TrcTaskMgr$TaskObject$$Lambda$51/0xab6af000.runPeriodic(Unknown Source)
app//trclib.robotcore.TrcPeriodicThread.run(TrcPeriodicThread.java:351)
app//trclib.robotcore.TrcPeriodicThread$$Lambda$21/0xab48a2f0.run(Unknown Source)
java.base@17.0.9.7-frc/java.lang.Thread.run(Unknown Source)
Shooter.RightTiltMotor.isMotorStalled_INFO [74.821709875] Stall detection triggered.
Shooter.RightTiltMotor.checkStallReset_INFO [74.822251809] Resetting stall.
Shooter.TurretMotor.isMotorStalled_INFO [74.822723819] Stall detection triggered.
Climber.Motor.isMotorStalled_INFO [74.824997312] Stall detection triggered.
Climber.Motor.checkStallReset_INFO [74.829312805] Resetting stall.
Shooter.LeftTiltMotor.isMotorStalled_INFO [74.835658993] Stall detection triggered.
Shooter.LeftTiltMotor.checkStallReset_INFO [74.838499883] Resetting stall.
FrcTeleOp.operatorControllerButtonEvent_INFO [76.450573981] ##### button=Y, pressed=true
FrcTeleOp.shoot_INFO [76.451685497] >>>>> Start Auto Shoot.
TaskAutoShoot.autoShoot_INFO [76.453050185] autoShoot(owner=null, event=null, taskParams=(autoStop=false, noPassback=false))
Shooter.setupGoalTrackingMode_INFO [76.454291851] GoalTracking(trackingMode=AllianceHub, goalPose=(x=-158.838583,y=469.110472,angle=180.000000), noPassback=false).
Shooter.LeftShooter.enableGoalTracking_INFO [76.455505699] Enable GoalTracking (trackingParams=(trackFlywheel=true,trackTiltPos=true,trackPanPos=true)).
Shooter.LeftPrimaryMotor.cancel_INFO [76.456631138] Cancel: stopping motor.
Shooter.LeftTiltMotor.cancel_INFO [76.459802498] Cancel: stopping motor.
Shooter.RightShooter.enableGoalTracking_INFO [76.461118199] Enable GoalTracking (trackingParams=(trackFlywheel=true,trackTiltPos=true,trackPanPos=true)).
Shooter.RightPrimaryMotor.cancel_INFO [76.461968597] Cancel: stopping motor.
Shooter.RightTiltMotor.cancel_INFO [76.463056845] Cancel: stopping motor.
Shooter.RightTiltMotor.isMotorStalled_INFO [78.097061356] Stall detection triggered.
Shooter.RightTiltMotor.checkStallReset_INFO [78.100039803] Resetting stall.
Shooter.TurretMotor.isMotorStalled_INFO [78.103134268] Stall detection triggered.
Climber.Motor.isMotorStalled_INFO [78.103693842] Stall detection triggered.
Climber.Motor.checkStallReset_INFO [78.107096126] Resetting stall.
Shooter.RightShooter.goalTrackingTask_INFO [78.130978445] Shooter.RightShooter is TimedOut: rpm1=0.000000/5390.993916, rpm2=0.000000/0.000000, tilt=16.000000/29.709981, pan=null/null
TaskAutoShoot.autoTask_INFO [78.132864153] <Event name="StateInfo" time="78.132624781" tag="vvvvv" TaskAutoShoot.state="START" />
TaskAutoShoot.runTaskState_INFO [78.133248629] ***** Wait for left Shooter ready.
Shooter.LeftTiltMotor.isMotorStalled_INFO [78.133767248] Stall detection triggered.
Shooter.LeftTiltMotor.checkStallReset_INFO [78.135431029] Resetting stall.
TaskAutoShoot.runTaskState_INFO [78.136232745] ***** Wait for right Shooter ready.
TaskAutoShoot.runTaskState_INFO [78.136580489] ***** Wait for Turret ready.
TaskAutoShoot.autoTask_INFO [78.137788143] <Event name="StateInfo" time="78.137510496" tag="^^^^^" TaskAutoShoot.state="START" />
FrcTeleOp.operatorControllerButtonEvent_INFO [78.143197866] ##### button=Y, pressed=false
FrcTeleOp.shoot_INFO [78.145922156] >>>>> Stop Auto Shoot.
TaskAutoShoot.cancel_INFO [78.149292458] Canceling auto task operation.
TaskAutoShoot.stopSubsystems_INFO [78.155954514] Stopping subsystems.
Shooter.LeftTransferMotor.cancel_INFO [78.157835226] Cancel: stopping motor.
Shooter.RightTransferMotor.cancel_INFO [78.159077466] Cancel: stopping motor.
Shooter.FeederMotor.cancel_INFO [78.160529796] Cancel: stopping motor.
Shooter.LeftShooter.disableGoalTracking_INFO [78.164822708] Disable Goal Tracking.
Shooter.LeftShooter.stopGoalTracking_INFO [78.166611251] Stop GoalTracking.
Shooter.LeftTiltMotor.cancel_INFO [78.167079701] Cancel: stopping motor.
Shooter.LeftPrimaryMotor.cancel_INFO [78.169740812] Cancel: stopping motor.
Shooter.RightShooter.disableGoalTracking_INFO [78.174385813] Disable Goal Tracking.
Shooter.RightShooter.stopGoalTracking_INFO [78.176411785] Stop GoalTracking.
Shooter.RightTiltMotor.cancel_INFO [78.176872866] Cancel: stopping motor.
Shooter.RightPrimaryMotor.cancel_INFO [78.180206838] Cancel: stopping motor.
Shooter.LeftShooter.cancel_INFO [78.185989903] owner=null
Shooter.LeftPrimaryMotor.cancel_INFO [78.187364155] Cancel: stopping motor.
Shooter.LeftTiltMotor.cancel_INFO [78.190247547] Cancel: stopping motor.
Shooter.RightShooter.cancel_INFO [78.190692193] owner=null
Shooter.RightPrimaryMotor.cancel_INFO [78.19121526] Cancel: stopping motor.
Shooter.RightTiltMotor.cancel_INFO [78.195349297] Cancel: stopping motor.
Shooter.LeftTransferMotor.cancel_INFO [78.198517126] Cancel: stopping motor.
Shooter.RightTransferMotor.cancel_INFO [78.200059807] Cancel: stopping motor.
Shooter.FeederMotor.cancel_INFO [78.206785043] Cancel: stopping motor.
TrcWatchdogMgr.checkForExpiration_WARN [79.288575068] ([1.7730110206862662E9]main.watchdog:threshold=1.0,expiredTime=1.7730110205391667E9,expired=true,paused=false) expired.
TrcDbgTrace.checkForExpiration_INFO [79.292964714] Thread stack: 
app//com.revrobotics.jni.CANSparkJNI.c_Spark_Configure(Native Method)
app//com.revrobotics.spark.SparkBase.configure(SparkBase.java:339)
app//com.revrobotics.spark.SparkMax.configure(SparkMax.java:132)
app//frclib.motor.FrcCANSparkMax.setMotorPosition(FrcCANSparkMax.java:650)
app//trclib.motor.TrcMotor.setControllerMotorPosition(TrcMotor.java:1536)
app//trclib.motor.TrcMotor.delayPositionExpiredCallback(TrcMotor.java:2193)
app//trclib.motor.TrcMotor.setPosition(TrcMotor.java:2265)
app//trclib.subsystem.TrcShooter.setTiltAngle(TrcShooter.java:1163)
app//trclib.subsystem.TrcShooter.setTiltAngle(TrcShooter.java:1199)
app//teamcode.subsystems.Shooter.stopTilt(Shooter.java:675)
app//teamcode.subsystems.Shooter.cancel(Shooter.java:1247)
app//teamcode.autotasks.TaskAutoShoot.stopSubsystems(TaskAutoShoot.java:169)
app//trclib.robotcore.TrcAutoTask.stopAutoTask(TrcAutoTask.java:181)
app//trclib.robotcore.TrcAutoTask.cancel(TrcAutoTask.java:138)
app//teamcode.FrcTeleOp.shoot(FrcTeleOp.java:699)
app//teamcode.FrcTeleOp.operatorControllerButtonEvent(FrcTeleOp.java:554)
app//teamcode.FrcTeleOp$$Lambda$146/0xabe13800.buttonEvent(Unknown Source)
app//frclib.driverio.FrcXboxController.notifyButtonEvent(FrcXboxController.java:590)
app//trclib.driverio.TrcGameController.buttonEventTask(TrcGameController.java:274)
app//trclib.driverio.TrcGameController$$Lambda$36/0xab4b2f60.runTask(Unknown Source)
app//trclib.robotcore.TrcTaskMgr.executeTaskType(TrcTaskMgr.java:599)
app//frclib.robotcore.FrcRobot.startCompetition(FrcRobot.java:588)
app//edu.wpi.first.wpilibj.RobotBase.runRobot(RobotBase.java:436)
app//edu.wpi.first.wpilibj.RobotBase.startRobot(RobotBase.java:527)
app//teamcode.Main.main(Main.java:33)
TrcWatchdogMgr.checkForExpiration_WARN [79.295315858] ([1.7730110206930692E9]TrcTaskMgr.ioThread:threshold=1.0,expiredTime=1.7730110206038358E9,expired=true,paused=false) expired.
TrcDbgTrace.checkForExpiration_INFO [79.299553706] Thread stack: 
app//trclib.motor.TrcMotor.pidCtrlTask(TrcMotor.java:3280)
app//trclib.motor.TrcMotor$$Lambda$50/0xab6aec78.runTask(Unknown Source)
app//trclib.robotcore.TrcTaskMgr.executeTaskType(TrcTaskMgr.java:599)
app//trclib.robotcore.TrcTaskMgr.ioTask(TrcTaskMgr.java:667)
app//trclib.robotcore.TrcTaskMgr$TaskObject$$Lambda$51/0xab6af000.runPeriodic(Unknown Source)
app//trclib.robotcore.TrcPeriodicThread.run(TrcPeriodicThread.java:351)
app//trclib.robotcore.TrcPeriodicThread$$Lambda$21/0xab48a2f0.run(Unknown Source)
java.base@17.0.9.7-frc/java.lang.Thread.run(Unknown Source)
Shooter.RightTiltMotor.isMotorStalled_INFO [79.82863633] Stall detection triggered.
Shooter.RightTiltMotor.checkStallReset_INFO [79.833530651] Resetting stall.
Shooter.TurretMotor.isMotorStalled_INFO [79.834103507] Stall detection triggered.
Climber.Motor.isMotorStalled_INFO [79.83814865] Stall detection triggered.
Climber.Motor.checkStallReset_INFO [79.838642288] Resetting stall.
Shooter.LeftTiltMotor.isMotorStalled_INFO [79.857977473] Stall detection triggered.
Shooter.LeftTiltMotor.checkStallReset_INFO [79.858405303] Resetting stall.
TrcWatchdogMgr.checkForExpiration_WARN [81.289057428] ([1.7730110226868153E9]FrcDashboard.task:threshold=1.0,expiredTime=1.7730110222296903E9,expired=true,paused=false) expired.
TrcDbgTrace.checkForExpiration_INFO [81.29182557] Thread stack: 
app//trclib.motor.TrcMotor.getPidTarget(TrcMotor.java:1332)
app//teamcode.subsystems.Shooter.updateStatus(Shooter.java:1424)
app//trclib.subsystem.TrcSubsystem.updateStatusAll(TrcSubsystem.java:242)
app//frclib.driverio.FrcDashboard.dashboardTask(FrcDashboard.java:207)
app//frclib.driverio.FrcDashboard$$Lambda$19/0xab4838e0.runTask(Unknown Source)
app//trclib.robotcore.TrcTaskMgr$TaskObject.standaloneTask(TrcTaskMgr.java:425)
app//trclib.robotcore.TrcTaskMgr$TaskObject$$Lambda$20/0xab4895d0.runPeriodic(Unknown Source)
app//trclib.robotcore.TrcPeriodicThread.run(TrcPeriodicThread.java:351)
app//trclib.robotcore.TrcPeriodicThread$$Lambda$21/0xab48a2f0.run(Unknown Source)
java.base@17.0.9.7-frc/java.lang.Thread.run(Unknown Source)
TrcWatchdogMgr.checkForExpiration_WARN [81.292395625] ([1.7730110226901937E9]TrcTaskMgr.ioThread:threshold=1.0,expiredTime=1.7730110222599735E9,expired=true,paused=false) expired.
TrcDbgTrace.checkForExpiration_INFO [81.297650365] Thread stack: 
app//trclib.motor.TrcMotor.pidCtrlTask(TrcMotor.java:3280)
app//trclib.motor.TrcMotor$$Lambda$50/0xab6aec78.runTask(Unknown Source)
app//trclib.robotcore.TrcTaskMgr.executeTaskType(TrcTaskMgr.java:599)
app//trclib.robotcore.TrcTaskMgr.ioTask(TrcTaskMgr.java:667)
app//trclib.robotcore.TrcTaskMgr$TaskObject$$Lambda$51/0xab6af000.runPeriodic(Unknown Source)
app//trclib.robotcore.TrcPeriodicThread.run(TrcPeriodicThread.java:351)
app//trclib.robotcore.TrcPeriodicThread$$Lambda$21/0xab48a2f0.run(Unknown Source)
java.base@17.0.9.7-frc/java.lang.Thread.run(Unknown Source)
Shooter.RightTiltMotor.isMotorStalled_INFO [81.469438639] Stall detection triggered.
Shooter.RightTiltMotor.checkStallReset_INFO [81.47112964] Resetting stall.
Shooter.TurretMotor.isMotorStalled_INFO [81.474870264] Stall detection triggered.
Climber.Motor.isMotorStalled_INFO [81.478073403] Stall detection triggered.
Climber.Motor.checkStallReset_INFO [81.478859214] Resetting stall.
Shooter.LeftTiltMotor.isMotorStalled_INFO [81.486534705] Stall detection triggered.
Shooter.LeftTiltMotor.checkStallReset_INFO [81.488361642] Resetting stall.
FrcTeleOp.driverControllerButtonEvent_INFO [84.269740689] ##### button=X, pressed=true
FrcTeleOp.driverControllerButtonEvent_INFO [84.271152168] >>>>> Reset field forward heading (heading=-173.17199707031247)
FrcTeleOp.driverControllerButtonEvent_INFO [84.370503228] ##### button=X, pressed=false
FrcTeleOp.operatorControllerButtonEvent_INFO [85.497953897] ##### button=Y, pressed=true
FrcTeleOp.shoot_INFO [85.499315152] >>>>> Start Auto Shoot.
TaskAutoShoot.autoShoot_INFO [85.50022546] autoShoot(owner=null, event=null, taskParams=(autoStop=false, noPassback=false))
Shooter.setupGoalTrackingMode_INFO [85.514668917] GoalTracking(trackingMode=AllianceHub, goalPose=(x=-158.838583,y=469.110472,angle=180.000000), noPassback=false).
Shooter.LeftShooter.enableGoalTracking_INFO [85.52598746] Enable GoalTracking (trackingParams=(trackFlywheel=true,trackTiltPos=true,trackPanPos=true)).
Shooter.LeftPrimaryMotor.cancel_INFO [85.531565856] Cancel: stopping motor.
Shooter.LeftTiltMotor.cancel_INFO [85.54040726] Cancel: stopping motor.
Shooter.RightShooter.enableGoalTracking_INFO [85.547068666] Enable GoalTracking (trackingParams=(trackFlywheel=true,trackTiltPos=true,trackPanPos=true)).
Shooter.RightPrimaryMotor.cancel_INFO [85.553501861] Cancel: stopping motor.
Shooter.RightTiltMotor.cancel_INFO [85.557711784] Cancel: stopping motor.
Shooter.LeftShooter.goalTrackingTask_INFO [85.607068722] Shooter.LeftShooter is TimedOut: rpm1=72.881611/6556.553409, rpm2=56.367188/0.000000, tilt=16.988186/43.687453, pan=null/null
Shooter.RightTiltMotor.isMotorStalled_INFO [87.192532739] Stall detection triggered.
Shooter.RightTiltMotor.checkStallReset_INFO [87.193146774] Resetting stall.
Shooter.TurretMotor.isMotorStalled_INFO [87.193916808] Stall detection triggered.
Shooter.TurretMotor.pidCtrlTask_INFO [87.194323707] controlMode: Position,onTarget=true(42.825021027713404/42.678181467164215), stalled=false, expired=false, event=(TaskAutoShoot.turretReady=SIGNALED)
Climber.Motor.isMotorStalled_INFO [87.198016605] Stall detection triggered.
Climber.Motor.checkStallReset_INFO [87.198552068] Resetting stall.
Shooter.LeftTiltMotor.isMotorStalled_INFO [87.211009222] Stall detection triggered.
Shooter.LeftTiltMotor.checkStallReset_INFO [87.211514845] Resetting stall.
Shooter.RightShooter.goalTrackingTask_INFO [87.216431065] Shooter.RightShooter is TimedOut: rpm1=0.000000/6533.018411, rpm2=0.000000/0.000000, tilt=16.000000/43.687453, pan=null/null
TaskAutoShoot.autoTask_INFO [87.219936604] <Event name="StateInfo" time="87.216731019" tag="vvvvv" TaskAutoShoot.state="START" />
TaskAutoShoot.runTaskState_INFO [87.220524722] ***** Wait for left Shooter ready.
TaskAutoShoot.runTaskState_INFO [87.22218095] ***** Wait for right Shooter ready.
TaskAutoShoot.runTaskState_INFO [87.222547862] ***** Wait for Turret ready.
TaskAutoShoot.autoTask_INFO [87.22368033] <Event name="StateInfo" time="87.223210991" tag="^^^^^" TaskAutoShoot.state="START" />
FrcTeleOp.operatorControllerButtonEvent_INFO [87.231817361] ##### button=Y, pressed=false
FrcTeleOp.shoot_INFO [87.232584076] >>>>> Stop Auto Shoot.
TaskAutoShoot.cancel_INFO [87.233439277] Canceling auto task operation.
TaskAutoShoot.stopSubsystems_INFO [87.234597355] Stopping subsystems.
Shooter.LeftTransferMotor.cancel_INFO [87.235651029] Cancel: stopping motor.
Shooter.RightTransferMotor.cancel_INFO [87.236648769] Cancel: stopping motor.
Shooter.FeederMotor.cancel_INFO [87.243733521] Cancel: stopping motor.
Shooter.LeftShooter.disableGoalTracking_INFO [87.245416218] Disable Goal Tracking.
Shooter.LeftShooter.stopGoalTracking_INFO [87.250654057] Stop GoalTracking.
Shooter.LeftTiltMotor.cancel_INFO [87.251178932] Cancel: stopping motor.
Shooter.LeftPrimaryMotor.cancel_INFO [87.252454131] Cancel: stopping motor.
Shooter.RightShooter.disableGoalTracking_INFO [87.253342156] Disable Goal Tracking.
Shooter.RightShooter.stopGoalTracking_INFO [87.253795837] Stop GoalTracking.
Shooter.RightTiltMotor.cancel_INFO [87.25419462] Cancel: stopping motor.
Shooter.RightPrimaryMotor.cancel_INFO [87.25616523] Cancel: stopping motor.
Shooter.LeftShooter.cancel_INFO [87.257548214] owner=null
Shooter.LeftPrimaryMotor.cancel_INFO [87.261533663] Cancel: stopping motor.
Shooter.LeftTiltMotor.cancel_INFO [87.262872439] Cancel: stopping motor.
Shooter.RightShooter.cancel_INFO [87.267298307] owner=null
Shooter.RightPrimaryMotor.cancel_INFO [87.268658507] Cancel: stopping motor.
Shooter.RightTiltMotor.cancel_INFO [87.269413886] Cancel: stopping motor.
Shooter.LeftTransferMotor.cancel_INFO [87.272883527] Cancel: stopping motor.
Shooter.RightTransferMotor.cancel_INFO [87.274091357] Cancel: stopping motor.
Shooter.FeederMotor.cancel_INFO [87.275051726] Cancel: stopping motor.
TrcWatchdogMgr.checkForExpiration_WARN [88.291529329] ([1.7730110296891687E9]main.watchdog:threshold=1.0,expiredTime=1.7730110296292846E9,expired=true,paused=false) expired.
TrcDbgTrace.checkForExpiration_INFO [88.297392501] Thread stack: 
app//com.revrobotics.jni.CANSparkJNI.c_Spark_Configure(Native Method)
app//com.revrobotics.spark.SparkBase.configure(SparkBase.java:339)
app//com.revrobotics.spark.SparkMax.configure(SparkMax.java:132)
app//frclib.motor.FrcCANSparkMax.setMotorPosition(FrcCANSparkMax.java:650)
app//trclib.motor.TrcMotor.setControllerMotorPosition(TrcMotor.java:1536)
app//trclib.motor.TrcMotor.delayPositionExpiredCallback(TrcMotor.java:2193)
app//trclib.motor.TrcMotor.setPosition(TrcMotor.java:2265)
app//trclib.subsystem.TrcShooter.setTiltAngle(TrcShooter.java:1163)
app//trclib.subsystem.TrcShooter.setTiltAngle(TrcShooter.java:1199)
app//teamcode.subsystems.Shooter.stopTilt(Shooter.java:675)
app//teamcode.subsystems.Shooter.cancel(Shooter.java:1247)
app//teamcode.autotasks.TaskAutoShoot.stopSubsystems(TaskAutoShoot.java:169)
app//trclib.robotcore.TrcAutoTask.stopAutoTask(TrcAutoTask.java:181)
app//trclib.robotcore.TrcAutoTask.cancel(TrcAutoTask.java:138)
app//teamcode.FrcTeleOp.shoot(FrcTeleOp.java:699)
app//teamcode.FrcTeleOp.operatorControllerButtonEvent(FrcTeleOp.java:554)
app//teamcode.FrcTeleOp$$Lambda$146/0xabe13800.buttonEvent(Unknown Source)
app//frclib.driverio.FrcXboxController.notifyButtonEvent(FrcXboxController.java:590)
app//trclib.driverio.TrcGameController.buttonEventTask(TrcGameController.java:274)
app//trclib.driverio.TrcGameController$$Lambda$36/0xab4b2f60.runTask(Unknown Source)
app//trclib.robotcore.TrcTaskMgr.executeTaskType(TrcTaskMgr.java:599)
app//frclib.robotcore.FrcRobot.startCompetition(FrcRobot.java:588)
app//edu.wpi.first.wpilibj.RobotBase.runRobot(RobotBase.java:436)
app//edu.wpi.first.wpilibj.RobotBase.startRobot(RobotBase.java:527)
app//teamcode.Main.main(Main.java:33)
Shooter.RightTiltMotor.isMotorStalled_INFO [88.914388338] Stall detection triggered.
Shooter.RightTiltMotor.checkStallReset_INFO [88.914870828] Resetting stall.
Shooter.TurretMotor.isMotorStalled_INFO [88.915546225] Stall detection triggered.
Climber.Motor.isMotorStalled_INFO [88.916113922] Stall detection triggered.
Climber.Motor.checkStallReset_INFO [88.91642322] Resetting stall.
Shooter.LeftTiltMotor.isMotorStalled_INFO [88.951117925] Stall detection triggered.
Shooter.LeftTiltMotor.checkStallReset_INFO [88.952281768] Resetting stall.
TrcWatchdogMgr.checkForExpiration_WARN [90.292200313] ([1.773011031689865E9]FrcDashboard.task:threshold=1.0,expiredTime=1.7730110313206167E9,expired=true,paused=false) expired.
TrcDbgTrace.checkForExpiration_INFO [90.296527402] Thread stack: 
app//trclib.motor.TrcMotor.getPidTarget(TrcMotor.java:1332)
app//teamcode.subsystems.Shooter.updateStatus(Shooter.java:1424)
app//trclib.subsystem.TrcSubsystem.updateStatusAll(TrcSubsystem.java:242)
app//frclib.driverio.FrcDashboard.dashboardTask(FrcDashboard.java:207)
app//frclib.driverio.FrcDashboard$$Lambda$19/0xab4838e0.runTask(Unknown Source)
app//trclib.robotcore.TrcTaskMgr$TaskObject.standaloneTask(TrcTaskMgr.java:425)
app//trclib.robotcore.TrcTaskMgr$TaskObject$$Lambda$20/0xab4895d0.runPeriodic(Unknown Source)
app//trclib.robotcore.TrcPeriodicThread.run(TrcPeriodicThread.java:351)
app//trclib.robotcore.TrcPeriodicThread$$Lambda$21/0xab48a2f0.run(Unknown Source)
java.base@17.0.9.7-frc/java.lang.Thread.run(Unknown Source)
TrcWatchdogMgr.checkForExpiration_WARN [90.296998866] ([1.773011031694812E9]TrcTaskMgr.ioThread:threshold=1.0,expiredTime=1.7730110313188202E9,expired=true,paused=false) expired.
TrcDbgTrace.checkForExpiration_INFO [90.301924898] Thread stack: 
app//trclib.motor.TrcMotor.pidCtrlTask(TrcMotor.java:3280)
app//trclib.motor.TrcMotor$$Lambda$50/0xab6aec78.runTask(Unknown Source)
app//trclib.robotcore.TrcTaskMgr.executeTaskType(TrcTaskMgr.java:599)
app//trclib.robotcore.TrcTaskMgr.ioTask(TrcTaskMgr.java:667)
app//trclib.robotcore.TrcTaskMgr$TaskObject$$Lambda$51/0xab6af000.runPeriodic(Unknown Source)
app//trclib.robotcore.TrcPeriodicThread.run(TrcPeriodicThread.java:351)
app//trclib.robotcore.TrcPeriodicThread$$Lambda$21/0xab48a2f0.run(Unknown Source)
java.base@17.0.9.7-frc/java.lang.Thread.run(Unknown Source)
Shooter.RightTiltMotor.isMotorStalled_INFO [90.534653625] Stall detection triggered.
Shooter.RightTiltMotor.checkStallReset_INFO [90.535866135] Resetting stall.
Shooter.TurretMotor.isMotorStalled_INFO [90.536913733] Stall detection triggered.
Climber.Motor.isMotorStalled_INFO [90.542476215] Stall detection triggered.
Climber.Motor.checkStallReset_INFO [90.542928504] Resetting stall.
Shooter.LeftTiltMotor.isMotorStalled_INFO [90.548723595] Stall detection triggered.
Shooter.LeftTiltMotor.checkStallReset_INFO [90.550086488] Resetting stall.
FrcTeleOp.operatorControllerButtonEvent_INFO [96.532289116] ##### button=Y, pressed=true
FrcTeleOp.shoot_INFO [96.533610323] >>>>> Start Auto Shoot.
TaskAutoShoot.autoShoot_INFO [96.535135818] autoShoot(owner=null, event=null, taskParams=(autoStop=false, noPassback=false))
Shooter.setupGoalTrackingMode_INFO [96.53640462] GoalTracking(trackingMode=AllianceHub, goalPose=(x=-158.838583,y=469.110472,angle=180.000000), noPassback=false).
Shooter.LeftShooter.enableGoalTracking_INFO [96.537325622] Enable GoalTracking (trackingParams=(trackFlywheel=true,trackTiltPos=true,trackPanPos=true)).
Shooter.LeftPrimaryMotor.cancel_INFO [96.538498761] Cancel: stopping motor.
Shooter.LeftTiltMotor.cancel_INFO [96.539430277] Cancel: stopping motor.
Shooter.RightShooter.enableGoalTracking_INFO [96.540443746] Enable GoalTracking (trackingParams=(trackFlywheel=true,trackTiltPos=true,trackPanPos=true)).
Shooter.RightPrimaryMotor.cancel_INFO [96.541579572] Cancel: stopping motor.
Shooter.RightTiltMotor.cancel_INFO [96.542653216] Cancel: stopping motor.
Shooter.LeftShooter.goalTrackingTask_INFO [96.594914184] Shooter.LeftShooter is TimedOut: rpm1=82.157452/6291.986681, rpm2=110.742188/0.000000, tilt=16.988184/37.632130, pan=null/null
Shooter.RightTiltMotor.isMotorStalled_INFO [98.206016231] Stall detection triggered.
Shooter.RightTiltMotor.checkStallReset_INFO [98.208103742] Resetting stall.
Shooter.TurretMotor.isMotorStalled_INFO [98.213525132] Stall detection triggered.
Shooter.TurretMotor.pidCtrlTask_INFO [98.215607679] controlMode: Position,onTarget=true(48.4736068852157/48.377775873867435), stalled=false, expired=false, event=(TaskAutoShoot.turretReady=SIGNALED)
Climber.Motor.isMotorStalled_INFO [98.216758142] Stall detection triggered.
Climber.Motor.checkStallReset_INFO [98.217973553] Resetting stall.
Shooter.RightShooter.goalTrackingTask_INFO [98.221215245] Shooter.RightShooter is TimedOut: rpm1=0.000000/6291.598962, rpm2=0.000000/0.000000, tilt=16.000000/37.632130, pan=null/null
TaskAutoShoot.autoTask_INFO [98.223470825] <Event name="StateInfo" time="98.223227278" tag="vvvvv" TaskAutoShoot.state="START" />
Shooter.LeftTiltMotor.isMotorStalled_INFO [98.22295242] Stall detection triggered.
Shooter.LeftTiltMotor.checkStallReset_INFO [98.226472306] Resetting stall.
TaskAutoShoot.runTaskState_INFO [98.226751886] ***** Wait for left Shooter ready.
TaskAutoShoot.runTaskState_INFO [98.229591376] ***** Wait for right Shooter ready.
TaskAutoShoot.runTaskState_INFO [98.231257216] ***** Wait for Turret ready.
TaskAutoShoot.autoTask_INFO [98.235084217] <Event name="StateInfo" time="98.234028914" tag="^^^^^" TaskAutoShoot.state="START" />
FrcTeleOp.operatorControllerButtonEvent_INFO [98.24185471] ##### button=Y, pressed=false
FrcTeleOp.shoot_INFO [98.24586067] >>>>> Stop Auto Shoot.
TaskAutoShoot.cancel_INFO [98.250647038] Canceling auto task operation.
TaskAutoShoot.stopSubsystems_INFO [98.253269491] Stopping subsystems.
Shooter.LeftTransferMotor.cancel_INFO [98.254773885] Cancel: stopping motor.
Shooter.RightTransferMotor.cancel_INFO [98.26059271] Cancel: stopping motor.
Shooter.FeederMotor.cancel_INFO [98.264427139] Cancel: stopping motor.
Shooter.LeftShooter.disableGoalTracking_INFO [98.270111401] Disable Goal Tracking.
Shooter.LeftShooter.stopGoalTracking_INFO [98.272294162] Stop GoalTracking.
Shooter.LeftTiltMotor.cancel_INFO [98.293558017] Cancel: stopping motor.
Shooter.LeftPrimaryMotor.cancel_INFO [98.29501166] Cancel: stopping motor.
Shooter.RightShooter.disableGoalTracking_INFO [98.299838796] Disable Goal Tracking.
Shooter.RightShooter.stopGoalTracking_INFO [98.301187677] Stop GoalTracking.
Shooter.RightTiltMotor.cancel_INFO [98.304060749] Cancel: stopping motor.
Shooter.RightPrimaryMotor.cancel_INFO [98.311323876] Cancel: stopping motor.
Shooter.LeftShooter.cancel_INFO [98.314696772] owner=null
Shooter.LeftPrimaryMotor.cancel_INFO [98.318101506] Cancel: stopping motor.
Shooter.LeftTiltMotor.cancel_INFO [98.32074932] Cancel: stopping motor.
Shooter.RightShooter.cancel_INFO [98.327385837] owner=null
Shooter.RightPrimaryMotor.cancel_INFO [98.332360103] Cancel: stopping motor.
Shooter.RightTiltMotor.cancel_INFO [98.334992841] Cancel: stopping motor.
Shooter.LeftTransferMotor.cancel_INFO [98.338646725] Cancel: stopping motor.
Shooter.RightTransferMotor.cancel_INFO [98.340082417] Cancel: stopping motor.
Shooter.FeederMotor.cancel_INFO [98.341926122] Cancel: stopping motor.
TrcWatchdogMgr.checkForExpiration_WARN [99.295631812] ([1.773011040693222E9]main.watchdog:threshold=1.0,expiredTime=1.773011040638063E9,expired=true,paused=false) expired.
TrcDbgTrace.checkForExpiration_INFO [99.300364245] Thread stack: 
app//com.revrobotics.jni.CANSparkJNI.c_Spark_Configure(Native Method)
app//com.revrobotics.spark.SparkBase.configure(SparkBase.java:339)
app//com.revrobotics.spark.SparkMax.configure(SparkMax.java:132)
app//frclib.motor.FrcCANSparkMax.setMotorPosition(FrcCANSparkMax.java:650)
app//trclib.motor.TrcMotor.setControllerMotorPosition(TrcMotor.java:1536)
app//trclib.motor.TrcMotor.delayPositionExpiredCallback(TrcMotor.java:2193)
app//trclib.motor.TrcMotor.setPosition(TrcMotor.java:2265)
app//trclib.subsystem.TrcShooter.setTiltAngle(TrcShooter.java:1163)
app//trclib.subsystem.TrcShooter.setTiltAngle(TrcShooter.java:1199)
app//teamcode.subsystems.Shooter.stopTilt(Shooter.java:675)
app//teamcode.subsystems.Shooter.cancel(Shooter.java:1247)
app//teamcode.autotasks.TaskAutoShoot.stopSubsystems(TaskAutoShoot.java:169)
app//trclib.robotcore.TrcAutoTask.stopAutoTask(TrcAutoTask.java:181)
app//trclib.robotcore.TrcAutoTask.cancel(TrcAutoTask.java:138)
app//teamcode.FrcTeleOp.shoot(FrcTeleOp.java:699)
app//teamcode.FrcTeleOp.operatorControllerButtonEvent(FrcTeleOp.java:554)
app//teamcode.FrcTeleOp$$Lambda$146/0xabe13800.buttonEvent(Unknown Source)
app//frclib.driverio.FrcXboxController.notifyButtonEvent(FrcXboxController.java:590)
app//trclib.driverio.TrcGameController.buttonEventTask(TrcGameController.java:274)
app//trclib.driverio.TrcGameController$$Lambda$36/0xab4b2f60.runTask(Unknown Source)
app//trclib.robotcore.TrcTaskMgr.executeTaskType(TrcTaskMgr.java:599)
app//frclib.robotcore.FrcRobot.startCompetition(FrcRobot.java:588)
app//edu.wpi.first.wpilibj.RobotBase.runRobot(RobotBase.java:436)
app//edu.wpi.first.wpilibj.RobotBase.startRobot(RobotBase.java:527)
app//teamcode.Main.main(Main.java:33)
Shooter.RightTiltMotor.isMotorStalled_INFO [100.011069394] Stall detection triggered.
Shooter.RightTiltMotor.checkStallReset_INFO [100.011774791] Resetting stall.
Shooter.TurretMotor.isMotorStalled_INFO [100.01212728] Stall detection triggered.
Climber.Motor.isMotorStalled_INFO [100.013593781] Stall detection triggered.
Climber.Motor.checkStallReset_INFO [100.018182549] Resetting stall.
Shooter.LeftTiltMotor.isMotorStalled_INFO [100.044804227] Stall detection triggered.
Shooter.LeftTiltMotor.checkStallReset_INFO [100.045594736] Resetting stall.
TrcWatchdogMgr.checkForExpiration_WARN [101.296587454] ([1.7730110426940134E9]FrcDashboard.task:threshold=1.0,expiredTime=1.7730110424176323E9,expired=true,paused=false) expired.
TrcDbgTrace.checkForExpiration_INFO [101.299706014] Thread stack: 
app//trclib.motor.TrcMotor.getPidTarget(TrcMotor.java:1332)
app//teamcode.subsystems.Shooter.updateStatus(Shooter.java:1424)
app//trclib.subsystem.TrcSubsystem.updateStatusAll(TrcSubsystem.java:242)
app//frclib.driverio.FrcDashboard.dashboardTask(FrcDashboard.java:207)
app//frclib.driverio.FrcDashboard$$Lambda$19/0xab4838e0.runTask(Unknown Source)
app//trclib.robotcore.TrcTaskMgr$TaskObject.standaloneTask(TrcTaskMgr.java:425)
app//trclib.robotcore.TrcTaskMgr$TaskObject$$Lambda$20/0xab4895d0.runPeriodic(Unknown Source)
app//trclib.robotcore.TrcPeriodicThread.run(TrcPeriodicThread.java:351)
app//trclib.robotcore.TrcPeriodicThread$$Lambda$21/0xab48a2f0.run(Unknown Source)
java.base@17.0.9.7-frc/java.lang.Thread.run(Unknown Source)
TrcWatchdogMgr.checkForExpiration_WARN [101.300164721] ([1.773011042697999E9]TrcTaskMgr.ioThread:threshold=1.0,expiredTime=1.7730110424466283E9,expired=true,paused=false) expired.
TrcDbgTrace.checkForExpiration_INFO [101.305778278] Thread stack: 
app//trclib.motor.TrcMotor.pidCtrlTask(TrcMotor.java:3280)
app//trclib.motor.TrcMotor$$Lambda$50/0xab6aec78.runTask(Unknown Source)
app//trclib.robotcore.TrcTaskMgr.executeTaskType(TrcTaskMgr.java:599)
app//trclib.robotcore.TrcTaskMgr.ioTask(TrcTaskMgr.java:667)
app//trclib.robotcore.TrcTaskMgr$TaskObject$$Lambda$51/0xab6af000.runPeriodic(Unknown Source)
app//trclib.robotcore.TrcPeriodicThread.run(TrcPeriodicThread.java:351)
app//trclib.robotcore.TrcPeriodicThread$$Lambda$21/0xab48a2f0.run(Unknown Source)
java.base@17.0.9.7-frc/java.lang.Thread.run(Unknown Source)
Shooter.RightTiltMotor.isMotorStalled_INFO [101.620444757] Stall detection triggered.
Shooter.RightTiltMotor.checkStallReset_INFO [101.62131751] Resetting stall.
Shooter.TurretMotor.isMotorStalled_INFO [101.621700989] Stall detection triggered.
Climber.Motor.isMotorStalled_INFO [101.622144495] Stall detection triggered.
Climber.Motor.checkStallReset_INFO [101.622441832] Resetting stall.
Shooter.LeftTiltMotor.isMotorStalled_INFO [101.627829871] Stall detection triggered.
Shooter.LeftTiltMotor.checkStallReset_INFO [101.630995863] Resetting stall.
FrcTeleOp.operatorControllerButtonEvent_INFO [101.631698253] ##### button=A, pressed=true
FrcTeleOp.operatorControllerButtonEvent_INFO [101.63287423] ##### button=LeftBumper, pressed=true
FrcTeleOp.operatorControllerButtonEvent_INFO [101.63650838] >>>>> OperatorAltFunc=true
FrcTeleOp.operatorControllerButtonEvent_INFO [101.832505701] ##### button=LeftBumper, pressed=false
FrcTeleOp.operatorControllerButtonEvent_INFO [101.833204975] >>>>> OperatorAltFunc=false
FrcTeleOp.operatorControllerButtonEvent_INFO [101.883336753] ##### button=A, pressed=false
FrcTeleOp.operatorControllerButtonEvent_INFO [102.340692593] ##### button=LeftBumper, pressed=true
FrcTeleOp.operatorControllerButtonEvent_INFO [102.347996384] >>>>> OperatorAltFunc=true
FrcTeleOp.operatorControllerButtonEvent_INFO [102.442029586] ##### button=A, pressed=true
FrcTeleOp.operatorControllerButtonEvent_INFO [102.694847219] ##### button=LeftBumper, pressed=false
FrcTeleOp.operatorControllerButtonEvent_INFO [102.696135701] >>>>> OperatorAltFunc=false
FrcTeleOp.operatorControllerButtonEvent_INFO [102.795600843] ##### button=A, pressed=false
FrcTeleOp.operatorControllerButtonEvent_INFO [104.075595908] ##### button=LeftBumper, pressed=true
FrcTeleOp.operatorControllerButtonEvent_INFO [104.076631822] >>>>> OperatorAltFunc=true
FrcTeleOp.operatorControllerButtonEvent_INFO [104.227976427] ##### button=A, pressed=true
FrcTeleOp.operatorControllerButtonEvent_INFO [104.431823324] ##### button=LeftBumper, pressed=false
FrcTeleOp.operatorControllerButtonEvent_INFO [104.43244669] >>>>> OperatorAltFunc=false
FrcTeleOp.operatorControllerButtonEvent_INFO [104.481924237] ##### button=A, pressed=false
FrcTeleOp.operatorControllerButtonEvent_INFO [105.4545405] ##### button=A, pressed=true
FrcTeleOp.operatorControllerButtonEvent_INFO [105.561536815] ##### button=LeftBumper, pressed=true
FrcTeleOp.operatorControllerButtonEvent_INFO [105.569495471] >>>>> OperatorAltFunc=true
FrcTeleOp.operatorControllerButtonEvent_INFO [105.867424914] ##### button=A, pressed=false
FrcTeleOp.operatorControllerButtonEvent_INFO [105.869913282] ##### button=LeftBumper, pressed=false
FrcTeleOp.operatorControllerButtonEvent_INFO [105.870846289] >>>>> OperatorAltFunc=false
FrcTeleOp.operatorControllerButtonEvent_INFO [106.071194303] ##### button=LeftBumper, pressed=true
FrcTeleOp.operatorControllerButtonEvent_INFO [106.07222805] >>>>> OperatorAltFunc=true
FrcTeleOp.operatorControllerButtonEvent_INFO [106.226029459] ##### button=A, pressed=true
FrcTeleOp.operatorControllerButtonEvent_INFO [106.533887099] ##### button=A, pressed=false
FrcTeleOp.operatorControllerButtonEvent_INFO [106.535131217] ##### button=LeftBumper, pressed=false
FrcTeleOp.operatorControllerButtonEvent_INFO [106.536180682] >>>>> OperatorAltFunc=false
FrcTeleOp.operatorControllerButtonEvent_INFO [106.594547026] ##### button=LeftBumper, pressed=true
FrcTeleOp.operatorControllerButtonEvent_INFO [106.595598021] >>>>> OperatorAltFunc=true
FrcTeleOp.operatorControllerButtonEvent_INFO [106.745881588] ##### button=A, pressed=true
FrcTeleOp.operatorControllerButtonEvent_INFO [106.9483973] ##### button=A, pressed=false
FrcTeleOp.operatorControllerButtonEvent_INFO [106.949442041] ##### button=LeftBumper, pressed=false
FrcTeleOp.operatorControllerButtonEvent_INFO [106.950412282] >>>>> OperatorAltFunc=false
FrcTeleOp.operatorControllerButtonEvent_INFO [108.582313888] ##### button=LeftBumper, pressed=true
FrcTeleOp.operatorControllerButtonEvent_INFO [108.583640805] >>>>> OperatorAltFunc=true
FrcTeleOp.operatorControllerButtonEvent_INFO [108.736103833] ##### button=A, pressed=true
FrcTeleOp.operatorControllerButtonEvent_INFO [109.092146306] ##### button=A, pressed=false
FrcTeleOp.operatorControllerButtonEvent_INFO [109.093892689] ##### button=LeftBumper, pressed=false
FrcTeleOp.operatorControllerButtonEvent_INFO [109.095219552] >>>>> OperatorAltFunc=false
FrcTeleOp.operatorControllerButtonEvent_INFO [109.193480296] ##### button=LeftBumper, pressed=true
FrcTeleOp.operatorControllerButtonEvent_INFO [109.199751083] >>>>> OperatorAltFunc=true
FrcTeleOp.operatorControllerButtonEvent_INFO [109.345520917] ##### button=A, pressed=true
FrcTeleOp.operatorControllerButtonEvent_INFO [109.650144228] ##### button=LeftBumper, pressed=false
FrcTeleOp.operatorControllerButtonEvent_INFO [109.651690942] >>>>> OperatorAltFunc=false
FrcTeleOp.operatorControllerButtonEvent_INFO [109.700419851] ##### button=A, pressed=false
FrcTeleOp.operatorControllerButtonEvent_INFO [109.80146063] ##### button=LeftBumper, pressed=true
FrcTeleOp.operatorControllerButtonEvent_INFO [109.802311096] >>>>> OperatorAltFunc=true
FrcTeleOp.operatorControllerButtonEvent_INFO [109.953955234] ##### button=A, pressed=true
FrcTeleOp.operatorControllerButtonEvent_INFO [110.206838732] ##### button=A, pressed=false
FrcTeleOp.operatorControllerButtonEvent_INFO [110.213991542] ##### button=LeftBumper, pressed=false
FrcTeleOp.operatorControllerButtonEvent_INFO [110.219365424] >>>>> OperatorAltFunc=false
FrcTeleOp.operatorControllerButtonEvent_INFO [110.310162549] ##### button=LeftBumper, pressed=true
FrcTeleOp.operatorControllerButtonEvent_INFO [110.312431917] >>>>> OperatorAltFunc=true
FrcTeleOp.operatorControllerButtonEvent_INFO [110.46109232] ##### button=A, pressed=true
FrcTeleOp.operatorControllerButtonEvent_INFO [110.561901645] ##### button=LeftBumper, pressed=false
FrcTeleOp.operatorControllerButtonEvent_INFO [110.563573748] >>>>> OperatorAltFunc=false
FrcTeleOp.operatorControllerButtonEvent_INFO [110.613963076] ##### button=A, pressed=false
FrcTeleOp.operatorControllerButtonEvent_INFO [130.863539416] ##### button=B, pressed=true
FrcTeleOp.operatorControllerButtonEvent_INFO [130.871534169] >>>>> Enable GoalTracking.
Shooter.setupGoalTrackingMode_INFO [130.878272702] GoalTracking(trackingMode=AllianceHub, goalPose=(x=-158.838583,y=469.110472,angle=180.000000), noPassback=false).
Shooter.LeftShooter.enableGoalTracking_INFO [130.880559686] Enable GoalTracking (trackingParams=(trackFlywheel=true,trackTiltPos=false,trackPanPos=true)).
Shooter.LeftPrimaryMotor.cancel_INFO [130.881090667] Cancel: stopping motor.
Shooter.LeftTiltMotor.cancel_INFO [130.886894001] Cancel: stopping motor.
Shooter.RightShooter.enableGoalTracking_INFO [130.887678448] Enable GoalTracking (trackingParams=(trackFlywheel=true,trackTiltPos=false,trackPanPos=true)).
Shooter.RightPrimaryMotor.cancel_INFO [130.892194602] Cancel: stopping motor.
Shooter.RightTiltMotor.cancel_INFO [130.892931573] Cancel: stopping motor.
Shooter.TurretMotor.pidCtrlTask_INFO [130.921249298] controlMode: Position,onTarget=true(6.178132065211656/5.009473904896715), stalled=false, expired=false, event=(TaskAutoShoot.turretReady=SIGNALED)
Shooter.LeftShooter.goalTrackingTask_INFO [130.922219639] Shooter.LeftShooter is TimedOut: rpm1=0.000000/5894.520177, rpm2=0.000000/0.000000, tilt=16.988184/0.000000, pan=null/null
Shooter.RightShooter.goalTrackingTask_INFO [130.961016433] Shooter.RightShooter is TimedOut: rpm1=0.000000/6036.161848, rpm2=0.000000/0.000000, tilt=16.000000/0.000000, pan=null/null
FrcTeleOp.operatorControllerButtonEvent_INFO [131.046338006] ##### button=B, pressed=false
FrcTeleOp.operatorControllerButtonEvent_INFO [131.247764554] ##### button=Y, pressed=true
FrcTeleOp.shoot_INFO [131.248674443] >>>>> Start Auto Shoot.
TaskAutoShoot.autoShoot_INFO [131.249459723] autoShoot(owner=null, event=null, taskParams=(autoStop=false, noPassback=false))
Shooter.setupGoalTrackingMode_INFO [131.261050692] GoalTracking(trackingMode=AllianceHub, goalPose=(x=-158.838583,y=469.110472,angle=180.000000), noPassback=false).
Shooter.LeftShooter.enableGoalTracking_INFO [131.261544676] Enable GoalTracking (trackingParams=(trackFlywheel=true,trackTiltPos=true,trackPanPos=true)).
Shooter.LeftPrimaryMotor.cancel_INFO [131.262547572] Cancel: stopping motor.
Shooter.LeftTiltMotor.cancel_INFO [131.263104515] Cancel: stopping motor.
Shooter.RightShooter.enableGoalTracking_INFO [131.263600844] Enable GoalTracking (trackingParams=(trackFlywheel=true,trackTiltPos=true,trackPanPos=true)).
Shooter.RightPrimaryMotor.cancel_INFO [131.265745087] Cancel: stopping motor.
Shooter.RightTiltMotor.cancel_INFO [131.267713807] Cancel: stopping motor.
TrcWatchdogMgr.checkForExpiration_WARN [132.309444727] ([1.7730110737069614E9]main.watchdog:threshold=1.0,expiredTime=1.7730110736450894E9,expired=true,paused=false) expired.
TrcDbgTrace.checkForExpiration_INFO [132.31542175] Thread stack: 
app//com.revrobotics.jni.CANSparkJNI.c_Spark_Configure(Native Method)
app//com.revrobotics.spark.SparkBase.configure(SparkBase.java:339)
app//com.revrobotics.spark.SparkMax.configure(SparkMax.java:132)
app//frclib.motor.FrcCANSparkMax.setMotorPosition(FrcCANSparkMax.java:650)
app//trclib.motor.TrcMotor.setControllerMotorPosition(TrcMotor.java:1536)
app//trclib.motor.TrcMotor.delayPositionExpiredCallback(TrcMotor.java:2193)
app//trclib.motor.TrcMotor.setPosition(TrcMotor.java:2265)
app//trclib.subsystem.TrcShooter.setTiltAngle(TrcShooter.java:1163)
app//trclib.subsystem.TrcShooter.setTiltAngle(TrcShooter.java:1199)
app//trclib.subsystem.TrcShooter.goalTrackingTask(TrcShooter.java:381)
app//trclib.subsystem.TrcShooter$$Lambda$89/0xab89f1a0.runTask(Unknown Source)
app//trclib.robotcore.TrcTaskMgr.executeTaskType(TrcTaskMgr.java:599)
app//frclib.robotcore.FrcRobot.startCompetition(FrcRobot.java:634)
app//edu.wpi.first.wpilibj.RobotBase.runRobot(RobotBase.java:436)
app//edu.wpi.first.wpilibj.RobotBase.startRobot(RobotBase.java:527)
app//teamcode.Main.main(Main.java:33)
TrcWatchdogMgr.checkForExpiration_WARN [132.315991387] ([1.7730110737137797E9]TrcTaskMgr.ioThread:threshold=1.0,expiredTime=1.77301107371169E9,expired=true,paused=false) expired.
TrcDbgTrace.checkForExpiration_INFO [132.320152662] Thread stack: 
app//trclib.motor.TrcMotor.pidCtrlTask(TrcMotor.java:3280)
app//trclib.motor.TrcMotor$$Lambda$50/0xab6aec78.runTask(Unknown Source)
app//trclib.robotcore.TrcTaskMgr.executeTaskType(TrcTaskMgr.java:599)
app//trclib.robotcore.TrcTaskMgr.ioTask(TrcTaskMgr.java:667)
app//trclib.robotcore.TrcTaskMgr$TaskObject$$Lambda$51/0xab6af000.runPeriodic(Unknown Source)
app//trclib.robotcore.TrcPeriodicThread.run(TrcPeriodicThread.java:351)
app//trclib.robotcore.TrcPeriodicThread$$Lambda$21/0xab48a2f0.run(Unknown Source)
java.base@17.0.9.7-frc/java.lang.Thread.run(Unknown Source)
Shooter.RightTiltMotor.isMotorStalled_INFO [132.921411464] Stall detection triggered.
Shooter.RightTiltMotor.checkStallReset_INFO [132.922371235] Resetting stall.
Shooter.TurretMotor.isMotorStalled_INFO [132.923079134] Stall detection triggered.
Climber.Motor.isMotorStalled_INFO [132.923610524] Stall detection triggered.
Climber.Motor.checkStallReset_INFO [132.928787975] Resetting stall.
Shooter.LeftTiltMotor.isMotorStalled_INFO [132.930993021] Stall detection triggered.
Shooter.LeftTiltMotor.checkStallReset_INFO [132.939435782] Resetting stall.
TaskAutoShoot.autoTask_INFO [132.93167052] <Event name="StateInfo" time="132.931398988" tag="vvvvv" TaskAutoShoot.state="START" />
TaskAutoShoot.runTaskState_INFO [132.940722512] ***** Wait for left Shooter ready.
TaskAutoShoot.runTaskState_INFO [132.941206283] ***** Wait for right Shooter ready.
TaskAutoShoot.runTaskState_INFO [132.941580051] ***** Wait for Turret ready.
TaskAutoShoot.autoTask_INFO [132.941973215] <Event name="StateInfo" time="132.941759686" tag="^^^^^" TaskAutoShoot.state="START" />
Shooter.TurretMotor.pidCtrlTask_INFO [132.977654424] controlMode: Position,onTarget=true(13.342176833363368/12.99509645487451), stalled=false, expired=false, event=(TaskAutoShoot.turretReady=SIGNALED)
Shooter.LeftShooter.goalTrackingTask_INFO [132.995883017] Shooter.LeftShooter is Ready: rpm1=5983.864183/6045.171802, rpm2=3683.554688/0.000000, tilt=34.222222/34.200630, pan=null/null
TrcWatchdogMgr.checkForExpiration_WARN [134.310506718] ([1.773011075708189E9]FrcDashboard.task:threshold=1.0,expiredTime=1.7730110755435596E9,expired=true,paused=false) expired.
TrcDbgTrace.checkForExpiration_INFO [134.313428685] Thread stack: 
app//trclib.motor.TrcMotor.getPidTarget(TrcMotor.java:1332)
app//teamcode.subsystems.Shooter.updateStatus(Shooter.java:1424)
app//trclib.subsystem.TrcSubsystem.updateStatusAll(TrcSubsystem.java:242)
app//frclib.driverio.FrcDashboard.dashboardTask(FrcDashboard.java:207)
app//frclib.driverio.FrcDashboard$$Lambda$19/0xab4838e0.runTask(Unknown Source)
app//trclib.robotcore.TrcTaskMgr$TaskObject.standaloneTask(TrcTaskMgr.java:425)
app//trclib.robotcore.TrcTaskMgr$TaskObject$$Lambda$20/0xab4895d0.runPeriodic(Unknown Source)
app//trclib.robotcore.TrcPeriodicThread.run(TrcPeriodicThread.java:351)
app//trclib.robotcore.TrcPeriodicThread$$Lambda$21/0xab48a2f0.run(Unknown Source)
java.base@17.0.9.7-frc/java.lang.Thread.run(Unknown Source)
TrcWatchdogMgr.checkForExpiration_WARN [134.314027744] ([1.7730110757118492E9]main.watchdog:threshold=1.0,expiredTime=1.7730110753415656E9,expired=true,paused=false) expired.
TrcDbgTrace.checkForExpiration_INFO [134.321463279] Thread stack: 
app//com.revrobotics.jni.CANSparkJNI.c_Spark_Configure(Native Method)
app//com.revrobotics.spark.SparkBase.configure(SparkBase.java:339)
app//com.revrobotics.spark.SparkMax.configure(SparkMax.java:132)
app//frclib.motor.FrcCANSparkMax.setMotorPosition(FrcCANSparkMax.java:650)
app//trclib.motor.TrcMotor.setControllerMotorPosition(TrcMotor.java:1536)
app//trclib.motor.TrcMotor.delayPositionExpiredCallback(TrcMotor.java:2193)
app//trclib.motor.TrcMotor.setPosition(TrcMotor.java:2265)
app//trclib.subsystem.TrcShooter.setTiltAngle(TrcShooter.java:1163)
app//trclib.subsystem.TrcShooter.setTiltAngle(TrcShooter.java:1199)
app//trclib.subsystem.TrcShooter.goalTrackingTask(TrcShooter.java:381)
app//trclib.subsystem.TrcShooter$$Lambda$89/0xab89f1a0.runTask(Unknown Source)
app//trclib.robotcore.TrcTaskMgr.executeTaskType(TrcTaskMgr.java:599)
app//frclib.robotcore.FrcRobot.startCompetition(FrcRobot.java:634)
app//edu.wpi.first.wpilibj.RobotBase.runRobot(RobotBase.java:436)
app//edu.wpi.first.wpilibj.RobotBase.startRobot(RobotBase.java:527)
app//teamcode.Main.main(Main.java:33)
TrcWatchdogMgr.checkForExpiration_WARN [134.32600143] ([1.7730110757197704E9]TrcTaskMgr.ioThread:threshold=1.0,expiredTime=1.7730110753935378E9,expired=true,paused=false) expired.
TrcDbgTrace.checkForExpiration_INFO [134.330327612] Thread stack: 
app//trclib.motor.TrcMotor.pidCtrlTask(TrcMotor.java:3280)
app//trclib.motor.TrcMotor$$Lambda$50/0xab6aec78.runTask(Unknown Source)
app//trclib.robotcore.TrcTaskMgr.executeTaskType(TrcTaskMgr.java:599)
app//trclib.robotcore.TrcTaskMgr.ioTask(TrcTaskMgr.java:667)
app//trclib.robotcore.TrcTaskMgr$TaskObject$$Lambda$51/0xab6af000.runPeriodic(Unknown Source)
app//trclib.robotcore.TrcPeriodicThread.run(TrcPeriodicThread.java:351)
app//trclib.robotcore.TrcPeriodicThread$$Lambda$21/0xab48a2f0.run(Unknown Source)
java.base@17.0.9.7-frc/java.lang.Thread.run(Unknown Source)
Shooter.RightTiltMotor.isMotorStalled_INFO [134.597958106] Stall detection triggered.
Shooter.RightTiltMotor.checkStallReset_INFO [134.599518484] Resetting stall.
Shooter.TurretMotor.isMotorStalled_INFO [134.601122344] Stall detection triggered.
Climber.Motor.isMotorStalled_INFO [134.60307957] Stall detection triggered.
TaskAutoShoot.autoTask_INFO [134.606295021] <Event name="StateInfo" time="134.606005394" tag="vvvvv" TaskAutoShoot.state="SHOOT" />
TaskAutoShoot.runTaskState_INFO [134.606689008] ***** Start left shooter shooting.
Climber.Motor.checkStallReset_INFO [134.606299301] Resetting stall.
Shooter.shoot_INFO [134.607106031] shoot(owner=null, event=(TaskAutoShoot.leftShooterDone=CLEARED), shooter=leftShooter, autoStop=false)
Shooter.LeftTransferMotor.cancel_INFO [134.614783558] Cancel: stopping motor.
TaskAutoShoot.autoTask_INFO [134.61717936] <Event name="StateInfo" time="134.616654621" tag="^^^^^" TaskAutoShoot.state="SHOOT" />
Shooter.LeftTiltMotor.isMotorStalled_INFO [134.612230304] Stall detection triggered.
Shooter.LeftTiltMotor.checkStallReset_INFO [134.619403422] Resetting stall.
FrcTeleOp.driverControllerButtonEvent_INFO [134.623230939] ##### button=Y, pressed=true
FrcTeleOp.shoot_INFO [134.62933768] >>>>> Stop Auto Shoot.
TaskAutoShoot.cancel_INFO [134.632716755] Canceling auto task operation.
TaskAutoShoot.stopSubsystems_INFO [134.635888177] Stopping subsystems.
Shooter.LeftTransferMotor.cancel_INFO [134.637907325] Cancel: stopping motor.
Shooter.RightTransferMotor.cancel_INFO [134.640181798] Cancel: stopping motor.
Shooter.FeederMotor.cancel_INFO [134.641891004] Cancel: stopping motor.
Shooter.LeftShooter.disableGoalTracking_INFO [134.643561737] Disable Goal Tracking.
Shooter.LeftShooter.stopGoalTracking_INFO [134.645104018] Stop GoalTracking.
Shooter.LeftTiltMotor.cancel_INFO [134.646376279] Cancel: stopping motor.
Shooter.LeftPrimaryMotor.cancel_INFO [134.650697871] Cancel: stopping motor.
Shooter.RightShooter.disableGoalTracking_INFO [134.65275322] Disable Goal Tracking.
Shooter.RightShooter.stopGoalTracking_INFO [134.65468492] Stop GoalTracking.
Shooter.RightTiltMotor.cancel_INFO [134.658824597] Cancel: stopping motor.
Shooter.RightPrimaryMotor.cancel_INFO [134.662009416] Cancel: stopping motor.
Shooter.LeftShooter.cancel_INFO [134.668586752] owner=null
Shooter.LeftPrimaryMotor.cancel_INFO [134.671999446] Cancel: stopping motor.
Shooter.LeftTiltMotor.cancel_INFO [134.674057208] Cancel: stopping motor.
Shooter.RightShooter.cancel_INFO [134.675460183] owner=null
Shooter.RightPrimaryMotor.cancel_INFO [134.677364491] Cancel: stopping motor.
Shooter.RightTiltMotor.cancel_INFO [134.679318677] Cancel: stopping motor.
Shooter.LeftTransferMotor.cancel_INFO [134.680903056] Cancel: stopping motor.
Shooter.RightTransferMotor.cancel_INFO [134.682139829] Cancel: stopping motor.
Shooter.FeederMotor.cancel_INFO [134.684511964] Cancel: stopping motor.
Shooter.RightTiltMotor.isMotorStalled_INFO [136.30212456] Stall detection triggered.
Shooter.RightTiltMotor.checkStallReset_INFO [136.30811719] Resetting stall.
Shooter.TurretMotor.isMotorStalled_INFO [136.308656629] Stall detection triggered.
TrcWatchdogMgr.checkForExpiration_WARN [136.311673011] ([1.7730110777091675E9]FrcDashboard.task:threshold=1.0,expiredTime=1.7730110772494965E9,expired=true,paused=false) expired.
Climber.Motor.isMotorStalled_INFO [136.314654402] Stall detection triggered.
Climber.Motor.checkStallReset_INFO [136.31654884] Resetting stall.
TrcDbgTrace.checkForExpiration_INFO [136.31667877] Thread stack: 
app//org.photonvision.struct.PnpResultSerde.unpack(PnpResultSerde.java:83)
app//org.photonvision.struct.MultiTargetPNPResultSerde.unpack(MultiTargetPNPResultSerde.java:72)
app//org.photonvision.struct.MultiTargetPNPResultSerde.unpack(MultiTargetPNPResultSerde.java:43)
app//org.photonvision.common.dataflow.structures.Packet.decodeOptional(Packet.java:428)
app//org.photonvision.struct.PhotonPipelineResultSerde.unpack(PhotonPipelineResultSerde.java:81)
app//org.photonvision.struct.PhotonPipelineResultSerde.unpack(PhotonPipelineResultSerde.java:43)
app//org.photonvision.common.networktables.PacketSubscriber.parse(PacketSubscriber.java:66)
app//org.photonvision.common.networktables.PacketSubscriber.getAllChanges(PacketSubscriber.java:110)
app//org.photonvision.PhotonCamera.getAllUnreadResults(PhotonCamera.java:262)
app//frclib.vision.FrcPhotonVision.getDetectedAprilTag(FrcPhotonVision.java:633)
app//teamcode.vision.Vision.updateStatus(Vision.java:429)
app//teamcode.vision.Vision$$Lambda$82/0xab846478.statusUpdate(Unknown Source)
app//frclib.driverio.FrcDashboard.dashboardTask(FrcDashboard.java:212)
app//frclib.driverio.FrcDashboard$$Lambda$19/0xab4838e0.runTask(Unknown Source)
app//trclib.robotcore.TrcTaskMgr$TaskObject.standaloneTask(TrcTaskMgr.java:425)
app//trclib.robotcore.TrcTaskMgr$TaskObject$$Lambda$20/0xab4895d0.runPeriodic(Unknown Source)
app//trclib.robotcore.TrcPeriodicThread.run(TrcPeriodicThread.java:351)
app//trclib.robotcore.TrcPeriodicThread$$Lambda$21/0xab48a2f0.run(Unknown Source)
java.base@17.0.9.7-frc/java.lang.Thread.run(Unknown Source)
TrcWatchdogMgr.checkForExpiration_WARN [136.321285616] ([1.7730110777148635E9]main.watchdog:threshold=1.0,expiredTime=1.773011077020892E9,expired=true,paused=false) expired.
TrcDbgTrace.checkForExpiration_INFO [136.331707279] Thread stack: 
app//com.revrobotics.jni.CANSparkJNI.c_Spark_Configure(Native Method)
app//com.revrobotics.spark.SparkBase.configure(SparkBase.java:339)
app//com.revrobotics.spark.SparkMax.configure(SparkMax.java:132)
app//frclib.motor.FrcCANSparkMax.setMotorPosition(FrcCANSparkMax.java:650)
app//trclib.motor.TrcMotor.setControllerMotorPosition(TrcMotor.java:1536)
app//trclib.motor.TrcMotor.delayPositionExpiredCallback(TrcMotor.java:2193)
app//trclib.motor.TrcMotor.setPosition(TrcMotor.java:2265)
app//trclib.subsystem.TrcShooter.setTiltAngle(TrcShooter.java:1163)
app//trclib.subsystem.TrcShooter.setTiltAngle(TrcShooter.java:1199)
app//teamcode.subsystems.Shooter.stopTilt(Shooter.java:674)
app//teamcode.subsystems.Shooter.resetState(Shooter.java:1368)
app//teamcode.FrcTeleOp.shoot(FrcTeleOp.java:700)
app//teamcode.FrcTeleOp.driverControllerButtonEvent(FrcTeleOp.java:408)
app//teamcode.FrcTeleOp$$Lambda$145/0xabe17b98.buttonEvent(Unknown Source)
app//frclib.driverio.FrcXboxController.notifyButtonEvent(FrcXboxController.java:590)
app//trclib.driverio.TrcGameController.buttonEventTask(TrcGameController.java:274)
app//trclib.driverio.TrcGameController$$Lambda$36/0xab4b2f60.runTask(Unknown Source)
app//trclib.robotcore.TrcTaskMgr.executeTaskType(TrcTaskMgr.java:599)
app//frclib.robotcore.FrcRobot.startCompetition(FrcRobot.java:588)
app//edu.wpi.first.wpilibj.RobotBase.runRobot(RobotBase.java:436)
app//edu.wpi.first.wpilibj.RobotBase.startRobot(RobotBase.java:527)
app//teamcode.Main.main(Main.java:33)
Shooter.LeftTiltMotor.isMotorStalled_INFO [136.353342121] Stall detection triggered.
Shooter.LeftTiltMotor.checkStallReset_INFO [136.353735763] Resetting stall.
Shooter.RightTiltMotor.isMotorStalled_INFO [137.93960795] Stall detection triggered.
Shooter.RightTiltMotor.checkStallReset_INFO [137.942109053] Resetting stall.
Shooter.TurretMotor.isMotorStalled_INFO [137.944130139] Stall detection triggered.
Climber.Motor.isMotorStalled_INFO [137.94848865] Stall detection triggered.
Climber.Motor.checkStallReset_INFO [137.948853482] Resetting stall.
FrcTeleOp.operatorControllerButtonEvent_INFO [137.94631841] ##### button=Y, pressed=false
Shooter.LeftTiltMotor.isMotorStalled_INFO [137.951990397] Stall detection triggered.
Shooter.LeftTiltMotor.checkStallReset_INFO [137.953093101] Resetting stall.
FrcTeleOp.shoot_INFO [137.955428621] >>>>> Stop Auto Shoot.
TaskAutoShoot.cancel_INFO [137.958174367] Canceling auto task operation.
TrcWatchdogMgr.checkForExpiration_WARN [139.313350748] ([1.7730110807110374E9]FrcDashboard.task:threshold=1.0,expiredTime=1.773011080374666E9,expired=true,paused=false) expired.
TrcDbgTrace.checkForExpiration_INFO [139.316432976] Thread stack: 
app//trclib.motor.TrcMotor.getPidTarget(TrcMotor.java:1332)
app//teamcode.subsystems.Shooter.updateStatus(Shooter.java:1424)
app//trclib.subsystem.TrcSubsystem.updateStatusAll(TrcSubsystem.java:242)
app//frclib.driverio.FrcDashboard.dashboardTask(FrcDashboard.java:207)
app//frclib.driverio.FrcDashboard$$Lambda$19/0xab4838e0.runTask(Unknown Source)
app//trclib.robotcore.TrcTaskMgr$TaskObject.standaloneTask(TrcTaskMgr.java:425)
app//trclib.robotcore.TrcTaskMgr$TaskObject$$Lambda$20/0xab4895d0.runPeriodic(Unknown Source)
app//trclib.robotcore.TrcPeriodicThread.run(TrcPeriodicThread.java:351)
app//trclib.robotcore.TrcPeriodicThread$$Lambda$21/0xab48a2f0.run(Unknown Source)
java.base@17.0.9.7-frc/java.lang.Thread.run(Unknown Source)
TrcWatchdogMgr.checkForExpiration_WARN [139.320960516] ([1.773011080718485E9]TrcTaskMgr.ioThread:threshold=1.0,expiredTime=1.7730110803529131E9,expired=true,paused=false) expired.
TrcDbgTrace.checkForExpiration_INFO [139.323427739] Thread stack: 
app//trclib.motor.TrcMotor.pidCtrlTask(TrcMotor.java:3280)
app//trclib.motor.TrcMotor$$Lambda$50/0xab6aec78.runTask(Unknown Source)
app//trclib.robotcore.TrcTaskMgr.executeTaskType(TrcTaskMgr.java:599)
app//trclib.robotcore.TrcTaskMgr.ioTask(TrcTaskMgr.java:667)
app//trclib.robotcore.TrcTaskMgr$TaskObject$$Lambda$51/0xab6af000.runPeriodic(Unknown Source)
app//trclib.robotcore.TrcPeriodicThread.run(TrcPeriodicThread.java:351)
app//trclib.robotcore.TrcPeriodicThread$$Lambda$21/0xab48a2f0.run(Unknown Source)
java.base@17.0.9.7-frc/java.lang.Thread.run(Unknown Source)
Shooter.RightTiltMotor.isMotorStalled_INFO [139.573981028] Stall detection triggered.
Shooter.RightTiltMotor.checkStallReset_INFO [139.57803845] Resetting stall.
Shooter.TurretMotor.isMotorStalled_INFO [139.578561474] Stall detection triggered.
Climber.Motor.isMotorStalled_INFO [139.578901402] Stall detection triggered.
Climber.Motor.checkStallReset_INFO [139.579147153] Resetting stall.
Shooter.LeftTiltMotor.isMotorStalled_INFO [139.588917467] Stall detection triggered.
FrcTeleOp.driverControllerButtonEvent_INFO [139.58960432] ##### button=Y, pressed=false
Shooter.LeftTiltMotor.checkStallReset_INFO [139.590324082] Resetting stall.
FrcTeleOp.shoot_INFO [139.594069513] >>>>> Stop Auto Shoot.
TaskAutoShoot.cancel_INFO [139.598113255] Canceling auto task operation.
Shooter.RightTiltMotor.isMotorStalled_INFO [141.213512031] Stall detection triggered.
Shooter.RightTiltMotor.checkStallReset_INFO [141.215047424] Resetting stall.
Shooter.TurretMotor.isMotorStalled_INFO [141.21546847] Stall detection triggered.
Climber.Motor.isMotorStalled_INFO [141.220398603] Stall detection triggered.
Climber.Motor.checkStallReset_INFO [141.220737487] Resetting stall.
Shooter.LeftTiltMotor.isMotorStalled_INFO [141.228298941] Stall detection triggered.
FrcRobot.startCompetition_INFO [141.228425576] *** Transitioning from TELEOP_MODE to DISABLED_MODE ***
Shooter.LeftTiltMotor.checkStallReset_INFO [141.231528545] Resetting stall.
Robot.cancelAll_INFO [141.242437028] Cancel all operations.
Shooter.LeftShooter.cancel_INFO [141.249456758] owner=null
Shooter.LeftPrimaryMotor.cancel_INFO [141.253535696] Cancel: stopping motor.
Shooter.LeftTiltMotor.cancel_INFO [141.256904745] Cancel: stopping motor.
Shooter.RightShooter.cancel_INFO [141.257392402] owner=null
Shooter.RightPrimaryMotor.cancel_INFO [141.260119199] Cancel: stopping motor.
Shooter.RightTiltMotor.cancel_INFO [141.262111407] Cancel: stopping motor.
Shooter.LeftTransferMotor.cancel_INFO [141.268056934] Cancel: stopping motor.
Shooter.RightTransferMotor.cancel_INFO [141.271162781] Cancel: stopping motor.
Shooter.FeederMotor.cancel_INFO [141.282049409] Cancel: stopping motor.
TrcWatchdogMgr.checkForExpiration_WARN [142.314978862] ([1.7730110837126613E9]main.watchdog:threshold=1.0,expiredTime=1.7730110836262646E9,expired=true,paused=false) expired.
TrcDbgTrace.checkForExpiration_INFO [142.319894312] Thread stack: 
app//com.revrobotics.jni.CANSparkJNI.c_Spark_Configure(Native Method)
app//com.revrobotics.spark.SparkBase.configure(SparkBase.java:339)
app//com.revrobotics.spark.SparkMax.configure(SparkMax.java:132)
app//frclib.motor.FrcCANSparkMax.setMotorPosition(FrcCANSparkMax.java:650)
app//trclib.motor.TrcMotor.setControllerMotorPosition(TrcMotor.java:1536)
app//trclib.motor.TrcMotor.delayPositionExpiredCallback(TrcMotor.java:2193)
app//trclib.motor.TrcMotor.setPosition(TrcMotor.java:2265)
app//trclib.subsystem.TrcShooter.setTiltAngle(TrcShooter.java:1163)
app//trclib.subsystem.TrcShooter.setTiltAngle(TrcShooter.java:1199)
app//teamcode.subsystems.Shooter.stopTilt(Shooter.java:675)
app//teamcode.subsystems.Shooter.cancel(Shooter.java:1247)
app//trclib.subsystem.TrcSubsystem.cancelAll(TrcSubsystem.java:163)
app//teamcode.Robot.cancelAll(Robot.java:489)
app//teamcode.Robot.robotStopMode(Robot.java:363)
app//frclib.robotcore.FrcRobot.startCompetition(FrcRobot.java:480)
app//edu.wpi.first.wpilibj.RobotBase.runRobot(RobotBase.java:436)
app//edu.wpi.first.wpilibj.RobotBase.startRobot(RobotBase.java:527)
app//teamcode.Main.main(Main.java:33)
TrcWatchdogMgr.checkForExpiration_WARN [142.320346012] ([1.7730110837181525E9]TrcTaskMgr.ioThread:threshold=1.0,expiredTime=1.7730110836878676E9,expired=true,paused=false) expired.
TrcDbgTrace.checkForExpiration_INFO [142.323231454] Thread stack: 
app//trclib.motor.TrcMotor.pidCtrlTask(TrcMotor.java:3280)
app//trclib.motor.TrcMotor$$Lambda$50/0xab6aec78.runTask(Unknown Source)
app//trclib.robotcore.TrcTaskMgr.executeTaskType(TrcTaskMgr.java:599)
app//trclib.robotcore.TrcTaskMgr.ioTask(TrcTaskMgr.java:667)
app//trclib.robotcore.TrcTaskMgr$TaskObject$$Lambda$51/0xab6af000.runPeriodic(Unknown Source)
app//trclib.robotcore.TrcPeriodicThread.run(TrcPeriodicThread.java:351)
app//trclib.robotcore.TrcPeriodicThread$$Lambda$21/0xab48a2f0.run(Unknown Source)
java.base@17.0.9.7-frc/java.lang.Thread.run(Unknown Source)
Shooter.RightTiltMotor.isMotorStalled_INFO [142.900112553] Stall detection triggered.
Shooter.RightTiltMotor.checkStallReset_INFO [142.900953504] Resetting stall.
Shooter.TurretMotor.isMotorStalled_INFO [142.901377371] Stall detection triggered.
Intake.IntakeMotor.cancel_INFO [142.906161005] Cancel: stopping motor.
Climber.Motor.isMotorStalled_INFO [142.907188002] Stall detection triggered.
Climber.Motor.checkStallReset_INFO [142.908992952] Resetting stall.
Climber.Motor.cancel_INFO [142.909723164] Cancel: stopping motor.
TaskAutoShoot.cancel_INFO [142.913831897] Canceling auto task operation.
TaskAutoClimb.cancel_INFO [142.914147961] Canceling auto task operation.
Shooter.LeftTiltMotor.isMotorStalled_INFO [142.915270582] Stall detection triggered.
Shooter.LeftTiltMotor.checkStallReset_INFO [142.918953326] Resetting stall.
FrcRobot.printPerformanceMetrics_INFO [142.926279248] [FrcRobot] Loop Performance Metrics:
Average Loop Interval = 0.001341s (freq=745.790Hz, min=0.000577s, max=4.966419s)
[03]                StartTask=0.000000s
[04]          PrePeriodicTask=0.000239s
[07]               UpdateTask=0.000829s
[02]                StartMode=0.000000s
[06]         PostPeriodicTask=0.000169s
[08]                 StopTask=0.000000s
[09]                 StopMode=0.000000s
[00]                RobotInit=13.473394s
[01]           RobotStartMode=0.000002s
[05]                 Periodic=0.000045s
[10]            RobotStopMode=0.000001s

TrcTaskMgr.printTaskPerformanceMetrics_INFO [142.933372102] FrcDashboard.task: STANDALONE_TASK=0.0022390939628243274/0.012304033017340116
TrcTaskMgr.printTaskPerformanceMetrics_INFO [142.935497517] TrcWatchdogMgr: STANDALONE_TASK=0.0014764645388601035/0.9978146179170984
TrcTaskMgr.printTaskPerformanceMetrics_INFO [142.938068044] DriverController.buttonEventTask: PRE_PERIODIC_TASK=9.287479041170383E-5/0.0024473736902836498
TrcTaskMgr.printTaskPerformanceMetrics_INFO [142.940148456] OperatorController.buttonEventTask: PRE_PERIODIC_TASK=5.110348009191853E-4/0.002475822657129826
TrcTaskMgr.printTaskPerformanceMetrics_INFO [142.942271678] flDriveMotor.pidCtrlTask: OUTPUT_TASK=4.587536483546839E-5/0.013330351232933945
TrcTaskMgr.printTaskPerformanceMetrics_INFO [142.946223403] flDriveMotor.odometryCleanupTask: STOP_TASK=3.3759E-5/41.4954247725
TrcTaskMgr.printTaskPerformanceMetrics_INFO [142.948659774] frDriveMotor.pidCtrlTask: OUTPUT_TASK=2.842456173606795E-5/0.01333024823727643
TrcTaskMgr.printTaskPerformanceMetrics_INFO [142.954246882] blDriveMotor.pidCtrlTask: OUTPUT_TASK=2.735385066639044E-5/0.013330247894620537
TrcTaskMgr.printTaskPerformanceMetrics_INFO [142.956921655] brDriveMotor.pidCtrlTask: OUTPUT_TASK=2.618579598107931E-5/0.013330164149017712
TrcTaskMgr.printTaskPerformanceMetrics_INFO [142.96087529] flSteerMotor.pidCtrlTask: OUTPUT_TASK=3.5269610330421575E-5/0.013330163924317231
TrcTaskMgr.printTaskPerformanceMetrics_INFO [142.964466055] frSteerMotor.pidCtrlTask: OUTPUT_TASK=2.9132428339605703E-5/0.013330166730932569
TrcTaskMgr.printTaskPerformanceMetrics_INFO [142.970290343] blSteerMotor.pidCtrlTask: OUTPUT_TASK=2.88655904916448E-5/0.013330069011082723
TrcTaskMgr.printTaskPerformanceMetrics_INFO [142.972549991] brSteerMotor.pidCtrlTask: OUTPUT_TASK=2.9977220584173456E-5/0.013330069909646457
TrcTaskMgr.printTaskPerformanceMetrics_INFO [142.978728242] FrcSwerveDrive.odometryTask: INPUT_TASK=0.0017116403792746114/0.01926413041773172
TrcTaskMgr.printTaskPerformanceMetrics_INFO [142.9817414] FrcSwerveDrive.stopTask: STOP_TASK=0.00444569125/41.49540479025
TrcTaskMgr.printTaskPerformanceMetrics_INFO [142.985171351] purePursuitDrive.driveTask: POST_PERIODIC_TASK=0.006056852878787879/0.05480815922038568
TrcTaskMgr.printTaskPerformanceMetrics_INFO [142.991140456] LED: OUTPUT_TASK=4.686167782917904E-5/0.013329932844472831
TrcTaskMgr.printTaskPerformanceMetrics_INFO [142.994430385] Shooter.LeftPrimaryMotor.pidCtrlTask: OUTPUT_TASK=1.8274357902368293E-5/0.013329918084098598
TrcTaskMgr.printTaskPerformanceMetrics_INFO [143.004795072] Shooter.LeftFollowerMotor.pidCtrlTask: OUTPUT_TASK=5.353841889046157E-6/0.013329827726102115
TrcTaskMgr.printTaskPerformanceMetrics_INFO [143.006503622] Shooter.LeftTiltMotor.pidCtrlTask: OUTPUT_TASK=2.000179314047019E-4/0.013329827387613492
TrcTaskMgr.printTaskPerformanceMetrics_INFO [143.009258426] Shooter.LeftShooter.ShooterMotor1VelTrigger.triggerTask: PRE_PERIODIC_TASK=3.0924238888888886E-4/0.06423192027777777
TrcTaskMgr.printTaskPerformanceMetrics_INFO [143.010580445] Shooter.LeftShooter.goalTracking: POST_PERIODIC_TASK=0.025570648295964126/0.3523610416278027
TrcTaskMgr.printTaskPerformanceMetrics_INFO [143.013030646] Shooter.LeftTransferMotor.pidCtrlTask: OUTPUT_TASK=7.968982463407899E-6/0.01332970025814692
TrcTaskMgr.printTaskPerformanceMetrics_INFO [143.015809646] Shooter.RightPrimaryMotor.pidCtrlTask: OUTPUT_TASK=1.578756911074289E-5/0.013329699694697598
TrcTaskMgr.printTaskPerformanceMetrics_INFO [143.021339068] Shooter.RightFollowerMotor.pidCtrlTask: OUTPUT_TASK=5.1584351893403295E-6/0.013329621069453554
TrcTaskMgr.printTaskPerformanceMetrics_INFO [143.024802981] Shooter.RightTiltMotor.pidCtrlTask: OUTPUT_TASK=0.002134448135800338/0.013329621063067417
TrcTaskMgr.printTaskPerformanceMetrics_INFO [143.026817767] Shooter.RightShooter.ShooterMotor1VelTrigger.triggerTask: PRE_PERIODIC_TASK=2.0973410843373494E-4/0.050403505361445784
TrcTaskMgr.printTaskPerformanceMetrics_INFO [143.028463152] Shooter.RightShooter.goalTracking: POST_PERIODIC_TASK=0.041793952071578946/0.3306776026694737
TrcTaskMgr.printTaskPerformanceMetrics_INFO [143.030930405] Shooter.RightTransferMotor.pidCtrlTask: OUTPUT_TASK=7.1540918568124545E-6/0.013329614948738307
TrcTaskMgr.printTaskPerformanceMetrics_INFO [143.03259115] Shooter.TurretMotor.pidCtrlTask: OUTPUT_TASK=2.991009973075595E-4/0.013329510666137384
TrcTaskMgr.printTaskPerformanceMetrics_INFO [143.035095949] Shooter.FeederMotor.pidCtrlTask: OUTPUT_TASK=6.929256851915775E-6/0.01332950762098723
TrcTaskMgr.printTaskPerformanceMetrics_INFO [143.036644328] ShooterfieldLengthTrigger.triggerTask: PRE_PERIODIC_TASK=3.2931280837138884E-5/0.001339588584395921
TrcTaskMgr.printTaskPerformanceMetrics_INFO [143.038077437] ShooterfieldWidthTrigger.triggerTask: PRE_PERIODIC_TASK=6.260301650485098E-6/0.0013395882457900594
TrcTaskMgr.printTaskPerformanceMetrics_INFO [143.039473376] Intake.IntakeMotor.pidCtrlTask: OUTPUT_TASK=6.801104176734554E-6/0.01332950713531239
TrcTaskMgr.printTaskPerformanceMetrics_INFO [143.04134977] Climber.Motor.pidCtrlTask: OUTPUT_TASK=7.613781018294789E-5/0.013329506842043494
TrcTaskMgr.printTaskPerformanceMetrics_INFO [143.043373565] TaskAutoShoot: POST_PERIODIC_TASK=1.803349570230608E-4/0.07684574409433963
