Robot.robotStartMode_INFO [0.048578463] Sun Mar 08 20:32:38 UTC 2026: ***** TELEOP_MODE *****
Robot.robotStartMode_INFO [0.051854602] <BuildInfo Host="TRC492-DS2024" User="User" Timestamp="2026-03-08 13:00:07" Branch="dev" />
FrcTeleOp.driverControllerButtonEvent_INFO [0.68928691] ##### button=X, pressed=true
FrcTeleOp.driverControllerButtonEvent_INFO [0.698731937] >>>>> Reset field forward heading (heading=-175.56152343750003)
FrcTeleOp.driverControllerButtonEvent_INFO [0.839185164] ##### button=X, pressed=false
FrcTeleOp.driverControllerButtonEvent_INFO [1.985418485] ##### button=A, pressed=true
FrcTeleOp.operatorControllerButtonEvent_INFO [1.98789565] ##### button=B, pressed=true
FrcTeleOp.operatorControllerButtonEvent_INFO [1.994435595] >>>>> Enable GoalTracking.
Shooter.setupGoalTrackingMode_INFO [1.996399425] GoalTracking(trackingMode=Passback, goalPose=(x=-60.000000,y=603.220472,angle=180.000000), noPassback=false).
Shooter.LeftShooter.enableGoalTracking_INFO [1.997772077] Enable GoalTracking (trackingParams=(trackFlywheel=true,trackTiltPos=false,trackPanPos=true)).
Shooter.LeftPrimaryMotor.cancel_INFO [1.998708467] Cancel: stopping motor.
Shooter.LeftTiltMotor.cancel_INFO [2.000011891] Cancel: stopping motor.
Shooter.RightShooter.enableGoalTracking_INFO [2.000687023] Enable GoalTracking (trackingParams=(trackFlywheel=true,trackTiltPos=false,trackPanPos=true)).
Shooter.RightPrimaryMotor.cancel_INFO [2.001837894] Cancel: stopping motor.
Shooter.RightTiltMotor.cancel_INFO [2.003258286] Cancel: stopping motor.
FrcTeleOp.driverControllerButtonEvent_INFO [2.093161768] ##### button=A, pressed=false
FrcTeleOp.operatorControllerButtonEvent_INFO [2.096309419] ##### button=B, pressed=false
FrcTeleOp.operatorControllerButtonEvent_INFO [2.65938056] ##### button=B, pressed=true
FrcTeleOp.operatorControllerButtonEvent_INFO [2.666685421] >>>>> Disable GoalTracking.
Shooter.LeftShooter.disableGoalTracking_INFO [2.675965862] Disable Goal Tracking.
Shooter.LeftShooter.stopGoalTracking_INFO [2.679901919] Stop GoalTracking.
Shooter.LeftTiltMotor.cancel_INFO [2.683094921] Cancel: stopping motor.
Shooter.LeftPrimaryMotor.cancel_INFO [2.686299576] Cancel: stopping motor.
Shooter.RightShooter.disableGoalTracking_INFO [2.689348763] Disable Goal Tracking.
Shooter.RightShooter.stopGoalTracking_INFO [2.692945255] Stop GoalTracking.
Shooter.RightTiltMotor.cancel_INFO [2.69600285] Cancel: stopping motor.
Shooter.RightPrimaryMotor.cancel_INFO [2.697926051] Cancel: stopping motor.
FrcTeleOp.operatorControllerButtonEvent_INFO [2.712815338] ##### button=B, pressed=false
FrcTeleOp.driverControllerButtonEvent_INFO [3.016239234] ##### button=A, pressed=true
FrcTeleOp.driverControllerButtonEvent_INFO [3.126896996] ##### button=A, pressed=false
FrcTeleOp.operatorControllerButtonEvent_INFO [7.250605101] ##### button=B, pressed=true
FrcTeleOp.operatorControllerButtonEvent_INFO [7.253068978] >>>>> Enable GoalTracking.
Shooter.setupGoalTrackingMode_INFO [7.255027367] GoalTracking(trackingMode=AllianceHub, goalPose=(x=-158.838583,y=469.110472,angle=180.000000), noPassback=false).
Shooter.LeftShooter.enableGoalTracking_INFO [7.256606809] Enable GoalTracking (trackingParams=(trackFlywheel=true,trackTiltPos=false,trackPanPos=true)).
Shooter.LeftPrimaryMotor.cancel_INFO [7.257885365] Cancel: stopping motor.
Shooter.LeftTiltMotor.cancel_INFO [7.259174472] Cancel: stopping motor.
Shooter.RightShooter.enableGoalTracking_INFO [7.260626015] Enable GoalTracking (trackingParams=(trackFlywheel=true,trackTiltPos=false,trackPanPos=true)).
Shooter.RightPrimaryMotor.cancel_INFO [7.262210627] Cancel: stopping motor.
Shooter.RightTiltMotor.cancel_INFO [7.263528397] Cancel: stopping motor.
FrcTeleOp.operatorControllerButtonEvent_INFO [7.390299566] ##### button=B, pressed=false
Shooter.setupGoalTrackingMode_INFO [8.439424203] GoalTracking(trackingMode=AllianceHub, goalPose=(x=-158.838583,y=469.110472,angle=180.000000), noPassback=false).
FrcTeleOp.operatorControllerButtonEvent_INFO [9.337655498] ##### button=Y, pressed=true
FrcTeleOp.shoot_INFO [9.344056704] >>>>> Start Auto Shoot.
TaskAutoShoot.autoShoot_INFO [9.346432565] autoShoot(owner=null, event=null, taskParams=(autoStop=false, noPassback=false))
Shooter.setupGoalTrackingMode_INFO [9.348160164] GoalTracking(trackingMode=AllianceHub, goalPose=(x=-158.838583,y=469.110472,angle=180.000000), noPassback=false).
Shooter.LeftShooter.enableGoalTracking_INFO [9.351069772] Enable GoalTracking (trackingParams=(trackFlywheel=true,trackTiltPos=true,trackPanPos=true)).
Shooter.LeftPrimaryMotor.cancel_INFO [9.354782535] Cancel: stopping motor.
Shooter.LeftTiltMotor.cancel_INFO [9.356622677] Cancel: stopping motor.
Shooter.RightShooter.enableGoalTracking_INFO [9.358447245] Enable GoalTracking (trackingParams=(trackFlywheel=true,trackTiltPos=true,trackPanPos=true)).
Shooter.RightPrimaryMotor.cancel_INFO [9.359789115] Cancel: stopping motor.
Shooter.RightTiltMotor.cancel_INFO [9.36162082] Cancel: stopping motor.
TaskAutoShoot.autoTask_INFO [9.45238693] <Event name="StateInfo" time="9.45121033" tag="vvvvv" TaskAutoShoot.state="START" />
TaskAutoShoot.runTaskState_INFO [9.453649279] ***** Wait for left Shooter ready.
TaskAutoShoot.runTaskState_INFO [9.454293003] ***** Wait for right Shooter ready.
TaskAutoShoot.runTaskState_INFO [9.465756608] ***** Wait for Turret ready.
TaskAutoShoot.autoTask_INFO [9.469063014] <Event name="StateInfo" time="9.467736868" tag="^^^^^" TaskAutoShoot.state="START" />
Shooter.TurretMotor.pidCtrlTask_INFO [9.511785996] controlMode: Position,onTarget=true(-90.26211475381791/-92.9542334656014), stalled=false, expired=false, event=(TaskAutoShoot.turretReady=SIGNALED)
TaskAutoShoot.autoTask_INFO [9.547447876] <Event name="StateInfo" time="9.547163808" tag="vvvvv" TaskAutoShoot.state="SHOOT" />
TaskAutoShoot.autoTask_INFO [9.549416878] <Event name="StateInfo" time="9.549202241" tag="^^^^^" TaskAutoShoot.state="SHOOT" />
Shooter.RightShooter.goalTrackingTask_INFO [9.633805707] Shooter.RightShooter is Ready: rpm1=5885.615986/5951.682520, rpm2=3619.218750/0.000000, tilt=29.557933/30.257049, pan=null/null
TaskAutoShoot.autoTask_INFO [9.636188011] <Event name="StateInfo" time="9.635743331" tag="vvvvv" TaskAutoShoot.state="SHOOT" />
TaskAutoShoot.runTaskState_INFO [9.637735268] ***** Start right shooter shooting.
Shooter.shoot_INFO [9.643534852] shoot(owner=null, event=(TaskAutoShoot.rightShooterDone=CLEARED), shooter=rightShooter, autoStop=false)
Shooter.RightTransferMotor.cancel_INFO [9.653075021] Cancel: stopping motor.
TaskAutoShoot.autoTask_INFO [9.663596116] <Event name="StateInfo" time="9.663241917" tag="^^^^^" TaskAutoShoot.state="SHOOT" />
TaskAutoShoot.autoTask_INFO [9.736790009] <Event name="StateInfo" time="9.736472082" tag="vvvvv" TaskAutoShoot.state="SHOOT" />
TaskAutoShoot.autoTask_INFO [9.743475996] <Event name="StateInfo" time="9.73765915" tag="^^^^^" TaskAutoShoot.state="SHOOT" />
TaskAutoShoot.autoTask_INFO [9.814021062] <Event name="StateInfo" time="9.813681665" tag="vvvvv" TaskAutoShoot.state="SHOOT" />
TaskAutoShoot.autoTask_INFO [9.822680979] <Event name="StateInfo" time="9.822416308" tag="^^^^^" TaskAutoShoot.state="SHOOT" />
TaskAutoShoot.autoTask_INFO [9.904202367] <Event name="StateInfo" time="9.903976908" tag="vvvvv" TaskAutoShoot.state="SHOOT" />
TaskAutoShoot.autoTask_INFO [9.907036774] <Event name="StateInfo" time="9.906716415" tag="^^^^^" TaskAutoShoot.state="SHOOT" />
Shooter.LeftShooter.goalTrackingTask_INFO [9.954576457] Shooter.LeftShooter is Ready: rpm1=5952.250601/6016.298151, rpm2=3699.960938/0.000000, tilt=33.392137/33.853475, pan=null/null
TaskAutoShoot.autoTask_INFO [9.975831104] <Event name="StateInfo" time="9.975623366" tag="vvvvv" TaskAutoShoot.state="SHOOT" />
TaskAutoShoot.runTaskState_INFO [9.978441335] ***** Start left shooter shooting.
Shooter.shoot_INFO [9.97914292] shoot(owner=null, event=(TaskAutoShoot.leftShooterDone=CLEARED), shooter=leftShooter, autoStop=false)
Shooter.LeftTransferMotor.cancel_INFO [9.979955721] Cancel: stopping motor.
TaskAutoShoot.autoTask_INFO [9.980760836] <Event name="StateInfo" time="9.980556801" tag="^^^^^" TaskAutoShoot.state="SHOOT" />
FrcTeleOp.operatorControllerButtonEvent_INFO [10.057156098] ##### button=Y, pressed=false
FrcTeleOp.shoot_INFO [10.058906317] >>>>> Stop Auto Shoot.
TaskAutoShoot.cancel_INFO [10.063467041] Canceling auto task operation.
TaskAutoShoot.stopSubsystems_INFO [10.079612965] Stopping subsystems.
Shooter.LeftTransferMotor.cancel_INFO [10.082672919] Cancel: stopping motor.
Shooter.RightTransferMotor.cancel_INFO [10.085054469] Cancel: stopping motor.
Shooter.FeederMotor.cancel_INFO [10.088633931] Cancel: stopping motor.
Shooter.LeftShooter.disableGoalTracking_INFO [10.090026162] Disable Goal Tracking.
Shooter.LeftShooter.stopGoalTracking_INFO [10.091429982] Stop GoalTracking.
Shooter.LeftTiltMotor.cancel_INFO [10.09316503] Cancel: stopping motor.
Shooter.LeftPrimaryMotor.cancel_INFO [10.09945446] Cancel: stopping motor.
Shooter.RightShooter.disableGoalTracking_INFO [10.101496854] Disable Goal Tracking.
Shooter.RightShooter.stopGoalTracking_INFO [10.109781721] Stop GoalTracking.
Shooter.RightTiltMotor.cancel_INFO [10.111406091] Cancel: stopping motor.
Shooter.RightPrimaryMotor.cancel_INFO [10.113963266] Cancel: stopping motor.
Shooter.LeftShooter.cancel_INFO [10.120395218] owner=null
Shooter.LeftPrimaryMotor.cancel_INFO [10.122322081] Cancel: stopping motor.
Shooter.LeftTiltMotor.cancel_INFO [10.124372666] Cancel: stopping motor.
Shooter.RightShooter.cancel_INFO [10.126058359] owner=null
Shooter.RightPrimaryMotor.cancel_INFO [10.128018435] Cancel: stopping motor.
Shooter.RightTiltMotor.cancel_INFO [10.131744564] Cancel: stopping motor.
Shooter.LeftTransferMotor.cancel_INFO [10.13348425] Cancel: stopping motor.
Shooter.RightTransferMotor.cancel_INFO [10.135192813] Cancel: stopping motor.
Shooter.FeederMotor.cancel_INFO [10.137361912] Cancel: stopping motor.
FrcTeleOp.operatorControllerButtonEvent_INFO [10.245747605] ##### button=Y, pressed=true
FrcTeleOp.shoot_INFO [10.246575414] >>>>> Start Auto Shoot.
TaskAutoShoot.autoShoot_INFO [10.248516338] autoShoot(owner=null, event=null, taskParams=(autoStop=false, noPassback=false))
Shooter.setupGoalTrackingMode_INFO [10.250454437] GoalTracking(trackingMode=AllianceHub, goalPose=(x=-158.838583,y=469.110472,angle=180.000000), noPassback=false).
Shooter.LeftShooter.enableGoalTracking_INFO [10.251634669] Enable GoalTracking (trackingParams=(trackFlywheel=true,trackTiltPos=true,trackPanPos=true)).
Shooter.LeftPrimaryMotor.cancel_INFO [10.25492362] Cancel: stopping motor.
Shooter.LeftTiltMotor.cancel_INFO [10.256511986] Cancel: stopping motor.
Shooter.RightShooter.enableGoalTracking_INFO [10.258255012] Enable GoalTracking (trackingParams=(trackFlywheel=true,trackTiltPos=true,trackPanPos=true)).
Shooter.RightPrimaryMotor.cancel_INFO [10.26018172] Cancel: stopping motor.
Shooter.RightTiltMotor.cancel_INFO [10.261707973] Cancel: stopping motor.
TaskAutoShoot.autoTask_INFO [10.34769316] <Event name="StateInfo" time="10.346122163" tag="vvvvv" TaskAutoShoot.state="START" />
TaskAutoShoot.runTaskState_INFO [10.349588668] ***** Wait for left Shooter ready.
TaskAutoShoot.runTaskState_INFO [10.353761783] ***** Wait for right Shooter ready.
TaskAutoShoot.runTaskState_INFO [10.356929057] ***** Wait for Turret ready.
TaskAutoShoot.autoTask_INFO [10.359402587] <Event name="StateInfo" time="10.358607898" tag="^^^^^" TaskAutoShoot.state="START" />
FrcTeleOp.operatorControllerButtonEvent_INFO [10.367693465] ##### button=Y, pressed=false
FrcTeleOp.shoot_INFO [10.372956077] >>>>> Stop Auto Shoot.
TaskAutoShoot.cancel_INFO [10.376462041] Canceling auto task operation.
TaskAutoShoot.stopSubsystems_INFO [10.379711699] Stopping subsystems.
Shooter.LeftTransferMotor.cancel_INFO [10.383380733] Cancel: stopping motor.
Shooter.RightTransferMotor.cancel_INFO [10.386285121] Cancel: stopping motor.
Shooter.FeederMotor.cancel_INFO [10.392021486] Cancel: stopping motor.
Shooter.LeftShooter.disableGoalTracking_INFO [10.395424183] Disable Goal Tracking.
Shooter.LeftShooter.stopGoalTracking_INFO [10.398393315] Stop GoalTracking.
Shooter.LeftTiltMotor.cancel_INFO [10.401795599] Cancel: stopping motor.
Shooter.LeftPrimaryMotor.cancel_INFO [10.405674329] Cancel: stopping motor.
Shooter.RightShooter.disableGoalTracking_INFO [10.408954451] Disable Goal Tracking.
Shooter.RightShooter.stopGoalTracking_INFO [10.410672761] Stop GoalTracking.
Shooter.RightTiltMotor.cancel_INFO [10.417966797] Cancel: stopping motor.
Shooter.RightPrimaryMotor.cancel_INFO [10.421287379] Cancel: stopping motor.
Shooter.LeftShooter.cancel_INFO [10.426643529] owner=null
Shooter.LeftPrimaryMotor.cancel_INFO [10.428492482] Cancel: stopping motor.
Shooter.LeftTiltMotor.cancel_INFO [10.433240803] Cancel: stopping motor.
Shooter.RightShooter.cancel_INFO [10.437821097] owner=null
Shooter.RightPrimaryMotor.cancel_INFO [10.44129479] Cancel: stopping motor.
Shooter.RightTiltMotor.cancel_INFO [10.443844437] Cancel: stopping motor.
Shooter.LeftTransferMotor.cancel_INFO [10.44869766] Cancel: stopping motor.
Shooter.RightTransferMotor.cancel_INFO [10.451287105] Cancel: stopping motor.
Shooter.FeederMotor.cancel_INFO [10.455025525] Cancel: stopping motor.
FrcTeleOp.driverControllerButtonEvent_INFO [16.020565992] ##### button=A, pressed=true
FrcTeleOp.driverControllerButtonEvent_INFO [16.12256523] ##### button=A, pressed=false
FrcTeleOp.operatorControllerButtonEvent_INFO [23.80747249] ##### button=Y, pressed=true
FrcTeleOp.shoot_INFO [23.808663804] >>>>> Start Auto Shoot.
TaskAutoShoot.autoShoot_INFO [23.812532117] autoShoot(owner=null, event=null, taskParams=(autoStop=false, noPassback=false))
Shooter.setupGoalTrackingMode_INFO [23.81898599] GoalTracking(trackingMode=AllianceHub, goalPose=(x=-158.838583,y=469.110472,angle=180.000000), noPassback=false).
Shooter.LeftShooter.enableGoalTracking_INFO [23.820428927] Enable GoalTracking (trackingParams=(trackFlywheel=true,trackTiltPos=true,trackPanPos=true)).
Shooter.LeftPrimaryMotor.cancel_INFO [23.822586107] Cancel: stopping motor.
Shooter.LeftTiltMotor.cancel_INFO [23.82408875] Cancel: stopping motor.
Shooter.RightShooter.enableGoalTracking_INFO [23.826109326] Enable GoalTracking (trackingParams=(trackFlywheel=true,trackTiltPos=true,trackPanPos=true)).
Shooter.RightPrimaryMotor.cancel_INFO [23.827459157] Cancel: stopping motor.
Shooter.RightTiltMotor.cancel_INFO [23.828716513] Cancel: stopping motor.
Shooter.LeftShooter.goalTrackingTask_INFO [23.889191229] Shooter.LeftShooter is TimedOut: rpm1=113.771034/4339.141476, rpm2=65.625000/0.000000, tilt=16.988186/20.365803, pan=null/null
Shooter.RightShooter.goalTrackingTask_INFO [23.926296144] Shooter.RightShooter is TimedOut: rpm1=183.245192/4961.429749, rpm2=118.710938/0.000000, tilt=16.988186/20.365803, pan=null/null
TaskAutoShoot.autoTask_INFO [23.9287522] <Event name="StateInfo" time="23.928494341" tag="vvvvv" TaskAutoShoot.state="START" />
TaskAutoShoot.runTaskState_INFO [23.935837635] ***** Wait for left Shooter ready.
TaskAutoShoot.runTaskState_INFO [23.937418164] ***** Wait for right Shooter ready.
TaskAutoShoot.runTaskState_INFO [23.940698565] ***** Wait for Turret ready.
TaskAutoShoot.autoTask_INFO [23.949981774] <Event name="StateInfo" time="23.949723996" tag="^^^^^" TaskAutoShoot.state="START" />
FrcTeleOp.operatorControllerButtonEvent_INFO [23.957522637] ##### button=Y, pressed=false
FrcTeleOp.shoot_INFO [23.961537994] >>>>> Stop Auto Shoot.
TaskAutoShoot.cancel_INFO [23.972578169] Canceling auto task operation.
TaskAutoShoot.stopSubsystems_INFO [23.979104886] Stopping subsystems.
Shooter.LeftTransferMotor.cancel_INFO [23.981858446] Cancel: stopping motor.
Shooter.RightTransferMotor.cancel_INFO [23.983817139] Cancel: stopping motor.
Shooter.FeederMotor.cancel_INFO [23.993955417] Cancel: stopping motor.
Shooter.LeftShooter.disableGoalTracking_INFO [23.997187232] Disable Goal Tracking.
Shooter.LeftShooter.stopGoalTracking_INFO [24.002844445] Stop GoalTracking.
Shooter.LeftTiltMotor.cancel_INFO [24.005443828] Cancel: stopping motor.
Shooter.LeftPrimaryMotor.cancel_INFO [24.009050557] Cancel: stopping motor.
Shooter.RightShooter.disableGoalTracking_INFO [24.019937684] Disable Goal Tracking.
Shooter.RightShooter.stopGoalTracking_INFO [24.023265506] Stop GoalTracking.
Shooter.RightTiltMotor.cancel_INFO [24.027596036] Cancel: stopping motor.
Shooter.RightPrimaryMotor.cancel_INFO [24.033678042] Cancel: stopping motor.
Shooter.LeftShooter.cancel_INFO [24.039732797] owner=null
Shooter.LeftPrimaryMotor.cancel_INFO [24.059363092] Cancel: stopping motor.
Shooter.LeftTiltMotor.cancel_INFO [24.065623702] Cancel: stopping motor.
Shooter.RightShooter.cancel_INFO [24.072430619] owner=null
Shooter.RightPrimaryMotor.cancel_INFO [24.079921709] Cancel: stopping motor.
Shooter.RightTiltMotor.cancel_INFO [24.082548779] Cancel: stopping motor.
Shooter.LeftTransferMotor.cancel_INFO [24.087507454] Cancel: stopping motor.
Shooter.RightTransferMotor.cancel_INFO [24.089913604] Cancel: stopping motor.
Shooter.FeederMotor.cancel_INFO [24.096237728] Cancel: stopping motor.
Shooter.TurretMotor.pidCtrlTask_INFO [24.172863732] controlMode: Position,onTarget=true(48.4736068852157/48.72838358040609), stalled=false, expired=false, event=(TaskAutoShoot.turretReady=SIGNALED)
FrcTeleOp.operatorControllerButtonEvent_INFO [24.661620005] ##### button=Y, pressed=true
FrcTeleOp.shoot_INFO [24.662857486] >>>>> Start Auto Shoot.
TaskAutoShoot.autoShoot_INFO [24.672586415] autoShoot(owner=null, event=null, taskParams=(autoStop=false, noPassback=false))
Shooter.setupGoalTrackingMode_INFO [24.676231385] GoalTracking(trackingMode=AllianceHub, goalPose=(x=-158.838583,y=469.110472,angle=180.000000), noPassback=false).
Shooter.LeftShooter.enableGoalTracking_INFO [24.677444899] Enable GoalTracking (trackingParams=(trackFlywheel=true,trackTiltPos=true,trackPanPos=true)).
Shooter.LeftPrimaryMotor.cancel_INFO [24.678786139] Cancel: stopping motor.
Shooter.LeftTiltMotor.cancel_INFO [24.680047913] Cancel: stopping motor.
Shooter.RightShooter.enableGoalTracking_INFO [24.681188569] Enable GoalTracking (trackingParams=(trackFlywheel=true,trackTiltPos=true,trackPanPos=true)).
Shooter.RightPrimaryMotor.cancel_INFO [24.682405581] Cancel: stopping motor.
Shooter.RightTiltMotor.cancel_INFO [24.683299117] Cancel: stopping motor.
Shooter.TurretMotor.pidCtrlTask_INFO [24.722089014] controlMode: Position,onTarget=true(48.886911854161895/49.75454350671385), stalled=false, expired=false, event=(TaskAutoShoot.turretReady=SIGNALED)
TaskAutoShoot.autoTask_INFO [24.763281177] <Event name="StateInfo" time="24.759954256" tag="vvvvv" TaskAutoShoot.state="START" />
TaskAutoShoot.runTaskState_INFO [24.76472667] ***** Wait for left Shooter ready.
TaskAutoShoot.runTaskState_INFO [24.766333389] ***** Wait for right Shooter ready.
TaskAutoShoot.runTaskState_INFO [24.767419234] ***** Wait for Turret ready.
TaskAutoShoot.autoTask_INFO [24.770444072] <Event name="StateInfo" time="24.769855613" tag="^^^^^" TaskAutoShoot.state="START" />
FrcTeleOp.operatorControllerButtonEvent_INFO [24.774912217] ##### button=Y, pressed=false
FrcTeleOp.shoot_INFO [24.777105745] >>>>> Stop Auto Shoot.
TaskAutoShoot.cancel_INFO [24.779296569] Canceling auto task operation.
TaskAutoShoot.stopSubsystems_INFO [24.788192599] Stopping subsystems.
Shooter.LeftTransferMotor.cancel_INFO [24.790711618] Cancel: stopping motor.
Shooter.RightTransferMotor.cancel_INFO [24.792482414] Cancel: stopping motor.
Shooter.FeederMotor.cancel_INFO [24.794269117] Cancel: stopping motor.
Shooter.LeftShooter.disableGoalTracking_INFO [24.79593486] Disable Goal Tracking.
Shooter.LeftShooter.stopGoalTracking_INFO [24.797062154] Stop GoalTracking.
Shooter.LeftTiltMotor.cancel_INFO [24.798390921] Cancel: stopping motor.
Shooter.LeftPrimaryMotor.cancel_INFO [24.799783369] Cancel: stopping motor.
Shooter.RightShooter.disableGoalTracking_INFO [24.801759633] Disable Goal Tracking.
Shooter.RightShooter.stopGoalTracking_INFO [24.803642809] Stop GoalTracking.
Shooter.RightTiltMotor.cancel_INFO [24.8069626] Cancel: stopping motor.
Shooter.RightPrimaryMotor.cancel_INFO [24.80845231] Cancel: stopping motor.
Shooter.LeftShooter.cancel_INFO [24.810043212] owner=null
Shooter.LeftPrimaryMotor.cancel_INFO [24.812245854] Cancel: stopping motor.
Shooter.LeftTiltMotor.cancel_INFO [24.814210757] Cancel: stopping motor.
Shooter.RightShooter.cancel_INFO [24.816950045] owner=null
Shooter.RightPrimaryMotor.cancel_INFO [24.818330964] Cancel: stopping motor.
Shooter.RightTiltMotor.cancel_INFO [24.81984073] Cancel: stopping motor.
Shooter.LeftTransferMotor.cancel_INFO [24.821768659] Cancel: stopping motor.
Shooter.RightTransferMotor.cancel_INFO [24.823152303] Cancel: stopping motor.
Shooter.FeederMotor.cancel_INFO [24.824539055] Cancel: stopping motor.
FrcTeleOp.driverControllerButtonEvent_INFO [27.933201578] ##### button=A, pressed=true
FrcTeleOp.driverControllerButtonEvent_INFO [27.983486319] ##### button=A, pressed=false
FrcTeleOp.operatorControllerButtonEvent_INFO [31.349171843] ##### button=B, pressed=true
FrcTeleOp.operatorControllerButtonEvent_INFO [31.34999139] >>>>> Enable GoalTracking.
Shooter.setupGoalTrackingMode_INFO [31.350693284] GoalTracking(trackingMode=AllianceHub, goalPose=(x=-158.838583,y=469.110472,angle=180.000000), noPassback=false).
Shooter.LeftShooter.enableGoalTracking_INFO [31.351342334] Enable GoalTracking (trackingParams=(trackFlywheel=true,trackTiltPos=false,trackPanPos=true)).
Shooter.LeftPrimaryMotor.cancel_INFO [31.351906712] Cancel: stopping motor.
Shooter.LeftTiltMotor.cancel_INFO [31.352812952] Cancel: stopping motor.
Shooter.RightShooter.enableGoalTracking_INFO [31.353579683] Enable GoalTracking (trackingParams=(trackFlywheel=true,trackTiltPos=false,trackPanPos=true)).
Shooter.RightPrimaryMotor.cancel_INFO [31.354114089] Cancel: stopping motor.
Shooter.RightTiltMotor.cancel_INFO [31.355097856] Cancel: stopping motor.
Shooter.LeftShooter.goalTrackingTask_INFO [31.392671954] Shooter.LeftShooter is TimedOut: rpm1=0.000000/6265.447007, rpm2=0.000000/0.000000, tilt=16.948658/0.000000, pan=null/null
Shooter.RightShooter.goalTrackingTask_INFO [31.400370898] Shooter.RightShooter is TimedOut: rpm1=0.000000/6310.250180, rpm2=0.000000/0.000000, tilt=16.988186/0.000000, pan=null/null
FrcTeleOp.operatorControllerButtonEvent_INFO [31.4697041] ##### button=B, pressed=false
Shooter.setupGoalTrackingMode_INFO [32.505796707] GoalTracking(trackingMode=AllianceHub, goalPose=(x=-158.838583,y=469.110472,angle=180.000000), noPassback=false).
FrcTeleOp.driverControllerButtonEvent_INFO [32.540225435] ##### button=RightBumper, pressed=true
FrcTeleOp.driverControllerButtonEvent_INFO [32.542424363] >>>>> Slow Drive
Shooter.setupGoalTrackingMode_INFO [33.075325422] GoalTracking(trackingMode=AllianceHub, goalPose=(x=-158.838583,y=469.110472,angle=180.000000), noPassback=false).
FrcTeleOp.operatorControllerButtonEvent_INFO [33.401384517] ##### button=Y, pressed=true
FrcTeleOp.shoot_INFO [33.403852878] >>>>> Start Auto Shoot.
TaskAutoShoot.autoShoot_INFO [33.406344023] autoShoot(owner=null, event=null, taskParams=(autoStop=false, noPassback=false))
Shooter.setupGoalTrackingMode_INFO [33.407848303] GoalTracking(trackingMode=AllianceHub, goalPose=(x=-158.838583,y=469.110472,angle=180.000000), noPassback=false).
Shooter.LeftShooter.enableGoalTracking_INFO [33.408884667] Enable GoalTracking (trackingParams=(trackFlywheel=true,trackTiltPos=true,trackPanPos=true)).
Shooter.LeftPrimaryMotor.cancel_INFO [33.410946341] Cancel: stopping motor.
Shooter.LeftTiltMotor.cancel_INFO [33.412538224] Cancel: stopping motor.
Shooter.RightShooter.enableGoalTracking_INFO [33.415582156] Enable GoalTracking (trackingParams=(trackFlywheel=true,trackTiltPos=true,trackPanPos=true)).
Shooter.RightPrimaryMotor.cancel_INFO [33.416856835] Cancel: stopping motor.
Shooter.RightTiltMotor.cancel_INFO [33.422281454] Cancel: stopping motor.
TaskAutoShoot.autoTask_INFO [33.50080777] <Event name="StateInfo" time="33.500310668" tag="vvvvv" TaskAutoShoot.state="START" />
TaskAutoShoot.runTaskState_INFO [33.502908128] ***** Wait for left Shooter ready.
TaskAutoShoot.runTaskState_INFO [33.504766637] ***** Wait for right Shooter ready.
TaskAutoShoot.runTaskState_INFO [33.506476416] ***** Wait for Turret ready.
TaskAutoShoot.autoTask_INFO [33.510225024] <Event name="StateInfo" time="33.509948454" tag="^^^^^" TaskAutoShoot.state="START" />
Shooter.TurretMotor.pidCtrlTask_INFO [33.550367374] controlMode: Position,onTarget=true(-22.47809115447589/-22.850093060053702), stalled=false, expired=false, event=(TaskAutoShoot.turretReady=SIGNALED)
TaskAutoShoot.autoTask_INFO [33.603592623] <Event name="StateInfo" time="33.60318502" tag="vvvvv" TaskAutoShoot.state="SHOOT" />
TaskAutoShoot.autoTask_INFO [33.611841645] <Event name="StateInfo" time="33.608678828" tag="^^^^^" TaskAutoShoot.state="SHOOT" />
FrcTeleOp.operatorControllerButtonEvent_INFO [33.618456114] ##### button=Y, pressed=false
FrcTeleOp.shoot_INFO [33.620710049] >>>>> Stop Auto Shoot.
TaskAutoShoot.cancel_INFO [33.622748288] Canceling auto task operation.
TaskAutoShoot.stopSubsystems_INFO [33.626080074] Stopping subsystems.
Shooter.LeftTransferMotor.cancel_INFO [33.627618029] Cancel: stopping motor.
Shooter.RightTransferMotor.cancel_INFO [33.634491853] Cancel: stopping motor.
Shooter.FeederMotor.cancel_INFO [33.636710441] Cancel: stopping motor.
Shooter.LeftShooter.disableGoalTracking_INFO [33.640201451] Disable Goal Tracking.
Shooter.LeftShooter.stopGoalTracking_INFO [33.640991157] Stop GoalTracking.
Shooter.LeftTiltMotor.cancel_INFO [33.647821349] Cancel: stopping motor.
Shooter.LeftPrimaryMotor.cancel_INFO [33.649691692] Cancel: stopping motor.
Shooter.RightShooter.disableGoalTracking_INFO [33.651607292] Disable Goal Tracking.
Shooter.RightShooter.stopGoalTracking_INFO [33.65429825] Stop GoalTracking.
Shooter.RightTiltMotor.cancel_INFO [33.656933129] Cancel: stopping motor.
Shooter.RightPrimaryMotor.cancel_INFO [33.658017546] Cancel: stopping motor.
Shooter.LeftShooter.cancel_INFO [33.660573348] owner=null
Shooter.LeftPrimaryMotor.cancel_INFO [33.662691789] Cancel: stopping motor.
Shooter.LeftTiltMotor.cancel_INFO [33.665720706] Cancel: stopping motor.
Shooter.RightShooter.cancel_INFO [33.668207236] owner=null
Shooter.RightPrimaryMotor.cancel_INFO [33.670429885] Cancel: stopping motor.
Shooter.RightTiltMotor.cancel_INFO [33.672911926] Cancel: stopping motor.
Shooter.LeftTransferMotor.cancel_INFO [33.676711133] Cancel: stopping motor.
Shooter.RightTransferMotor.cancel_INFO [33.67861911] Cancel: stopping motor.
Shooter.FeederMotor.cancel_INFO [33.681381388] Cancel: stopping motor.
FrcTeleOp.driverControllerButtonEvent_INFO [34.138448237] ##### button=A, pressed=true
FrcTeleOp.operatorControllerButtonEvent_INFO [34.14311969] ##### button=Y, pressed=true
FrcTeleOp.shoot_INFO [34.1448902] >>>>> Start Auto Shoot.
TaskAutoShoot.autoShoot_INFO [34.147128583] autoShoot(owner=null, event=null, taskParams=(autoStop=false, noPassback=false))
Shooter.setupGoalTrackingMode_INFO [34.149295591] GoalTracking(trackingMode=AllianceHub, goalPose=(x=-158.838583,y=469.110472,angle=180.000000), noPassback=false).
Shooter.LeftShooter.enableGoalTracking_INFO [34.151099551] Enable GoalTracking (trackingParams=(trackFlywheel=true,trackTiltPos=true,trackPanPos=true)).
Shooter.LeftPrimaryMotor.cancel_INFO [34.153142325] Cancel: stopping motor.
Shooter.LeftTiltMotor.cancel_INFO [34.15483187] Cancel: stopping motor.
Shooter.RightShooter.enableGoalTracking_INFO [34.156653251] Enable GoalTracking (trackingParams=(trackFlywheel=true,trackTiltPos=true,trackPanPos=true)).
Shooter.RightPrimaryMotor.cancel_INFO [34.158438265] Cancel: stopping motor.
Shooter.RightTiltMotor.cancel_INFO [34.16020601] Cancel: stopping motor.
TaskAutoShoot.autoTask_INFO [34.258703149] <Event name="StateInfo" time="34.25824099" tag="vvvvv" TaskAutoShoot.state="START" />
TaskAutoShoot.runTaskState_INFO [34.261427288] ***** Wait for left Shooter ready.
TaskAutoShoot.runTaskState_INFO [34.267342208] ***** Wait for right Shooter ready.
TaskAutoShoot.runTaskState_INFO [34.269483315] ***** Wait for Turret ready.
TaskAutoShoot.autoTask_INFO [34.271584896] <Event name="StateInfo" time="34.271151241" tag="^^^^^" TaskAutoShoot.state="START" />
FrcTeleOp.driverControllerButtonEvent_INFO [34.277010763] ##### button=A, pressed=false
FrcTeleOp.operatorControllerButtonEvent_INFO [34.27868027] ##### button=Y, pressed=false
FrcTeleOp.shoot_INFO [34.288894981] >>>>> Stop Auto Shoot.
TaskAutoShoot.cancel_INFO [34.291699612] Canceling auto task operation.
TaskAutoShoot.stopSubsystems_INFO [34.295999115] Stopping subsystems.
Shooter.LeftTransferMotor.cancel_INFO [34.29807902] Cancel: stopping motor.
Shooter.RightTransferMotor.cancel_INFO [34.300056182] Cancel: stopping motor.
Shooter.FeederMotor.cancel_INFO [34.303169983] Cancel: stopping motor.
Shooter.LeftShooter.disableGoalTracking_INFO [34.306005119] Disable Goal Tracking.
Shooter.LeftShooter.stopGoalTracking_INFO [34.308190887] Stop GoalTracking.
Shooter.LeftTiltMotor.cancel_INFO [34.310064814] Cancel: stopping motor.
Shooter.LeftPrimaryMotor.cancel_INFO [34.312614362] Cancel: stopping motor.
Shooter.RightShooter.disableGoalTracking_INFO [34.319612328] Disable Goal Tracking.
Shooter.RightShooter.stopGoalTracking_INFO [34.320992314] Stop GoalTracking.
Shooter.RightTiltMotor.cancel_INFO [34.323837461] Cancel: stopping motor.
Shooter.RightPrimaryMotor.cancel_INFO [34.326195925] Cancel: stopping motor.
Shooter.LeftShooter.cancel_INFO [34.332837736] owner=null
Shooter.LeftPrimaryMotor.cancel_INFO [34.336378278] Cancel: stopping motor.
Shooter.LeftTiltMotor.cancel_INFO [34.340961589] Cancel: stopping motor.
Shooter.RightShooter.cancel_INFO [34.347957033] owner=null
Shooter.RightPrimaryMotor.cancel_INFO [34.358785427] Cancel: stopping motor.
Shooter.RightTiltMotor.cancel_INFO [34.362768564] Cancel: stopping motor.
Shooter.LeftTransferMotor.cancel_INFO [34.378185114] Cancel: stopping motor.
Shooter.RightTransferMotor.cancel_INFO [34.384773176] Cancel: stopping motor.
Shooter.FeederMotor.cancel_INFO [34.388201242] Cancel: stopping motor.
FrcTeleOp.driverControllerButtonEvent_INFO [34.510409108] ##### button=RightBumper, pressed=false
FrcTeleOp.driverControllerButtonEvent_INFO [34.514270885] >>>>> Normal Drive
FrcTeleOp.operatorControllerButtonEvent_INFO [34.814342796] ##### button=B, pressed=true
FrcTeleOp.operatorControllerButtonEvent_INFO [34.816036721] >>>>> Enable GoalTracking.
Shooter.setupGoalTrackingMode_INFO [34.818863208] GoalTracking(trackingMode=AllianceHub, goalPose=(x=-158.838583,y=469.110472,angle=180.000000), noPassback=false).
Shooter.LeftShooter.enableGoalTracking_INFO [34.820281834] Enable GoalTracking (trackingParams=(trackFlywheel=true,trackTiltPos=false,trackPanPos=true)).
Shooter.LeftPrimaryMotor.cancel_INFO [34.821684553] Cancel: stopping motor.
Shooter.LeftTiltMotor.cancel_INFO [34.822929461] Cancel: stopping motor.
Shooter.RightShooter.enableGoalTracking_INFO [34.824123743] Enable GoalTracking (trackingParams=(trackFlywheel=true,trackTiltPos=false,trackPanPos=true)).
Shooter.RightPrimaryMotor.cancel_INFO [34.825987786] Cancel: stopping motor.
Shooter.RightTiltMotor.cancel_INFO [34.82757842] Cancel: stopping motor.
FrcTeleOp.operatorControllerButtonEvent_INFO [35.090846471] ##### button=B, pressed=false
FrcTeleOp.operatorControllerButtonEvent_INFO [35.799894908] ##### button=B, pressed=true
FrcTeleOp.operatorControllerButtonEvent_INFO [35.801532559] >>>>> Disable GoalTracking.
Shooter.LeftShooter.disableGoalTracking_INFO [35.803051344] Disable Goal Tracking.
Shooter.LeftShooter.stopGoalTracking_INFO [35.805498121] Stop GoalTracking.
Shooter.LeftTiltMotor.cancel_INFO [35.807168922] Cancel: stopping motor.
Shooter.LeftPrimaryMotor.cancel_INFO [35.811378019] Cancel: stopping motor.
Shooter.RightShooter.disableGoalTracking_INFO [35.814477264] Disable Goal Tracking.
Shooter.RightShooter.stopGoalTracking_INFO [35.816050199] Stop GoalTracking.
Shooter.RightTiltMotor.cancel_INFO [35.817029708] Cancel: stopping motor.
Shooter.RightPrimaryMotor.cancel_INFO [35.818256062] Cancel: stopping motor.
FrcTeleOp.operatorControllerButtonEvent_INFO [35.954139107] ##### button=B, pressed=false
FrcTeleOp.operatorControllerButtonEvent_INFO [36.514425157] ##### button=B, pressed=true
FrcTeleOp.operatorControllerButtonEvent_INFO [36.51547908] >>>>> Enable GoalTracking.
Shooter.setupGoalTrackingMode_INFO [36.516090207] GoalTracking(trackingMode=AllianceHub, goalPose=(x=-158.838583,y=469.110472,angle=180.000000), noPassback=false).
Shooter.LeftShooter.enableGoalTracking_INFO [36.518441935] Enable GoalTracking (trackingParams=(trackFlywheel=true,trackTiltPos=false,trackPanPos=true)).
Shooter.LeftPrimaryMotor.cancel_INFO [36.519734527] Cancel: stopping motor.
Shooter.LeftTiltMotor.cancel_INFO [36.520684119] Cancel: stopping motor.
Shooter.RightShooter.enableGoalTracking_INFO [36.530239108] Enable GoalTracking (trackingParams=(trackFlywheel=true,trackTiltPos=false,trackPanPos=true)).
Shooter.RightPrimaryMotor.cancel_INFO [36.534129589] Cancel: stopping motor.
Shooter.RightTiltMotor.cancel_INFO [36.535624502] Cancel: stopping motor.
Shooter.LeftShooter.goalTrackingTask_INFO [36.567348481] Shooter.LeftShooter is TimedOut: rpm1=4974.501202/6134.750121, rpm2=3058.945313/0.000000, tilt=16.948658/0.000000, pan=null/null
Shooter.RightShooter.goalTrackingTask_INFO [36.569950198] Shooter.RightShooter is TimedOut: rpm1=4574.125601/6154.346674, rpm2=2819.882813/0.000000, tilt=16.988186/0.000000, pan=null/null
FrcTeleOp.operatorControllerButtonEvent_INFO [36.933493156] ##### button=B, pressed=false
FrcTeleOp.operatorControllerButtonEvent_INFO [37.556788772] ##### button=B, pressed=true
FrcTeleOp.operatorControllerButtonEvent_INFO [37.558397192] >>>>> Disable GoalTracking.
Shooter.LeftShooter.disableGoalTracking_INFO [37.559481916] Disable Goal Tracking.
Shooter.LeftShooter.stopGoalTracking_INFO [37.561045147] Stop GoalTracking.
Shooter.LeftTiltMotor.cancel_INFO [37.562376432] Cancel: stopping motor.
Shooter.LeftPrimaryMotor.cancel_INFO [37.563475878] Cancel: stopping motor.
Shooter.RightShooter.disableGoalTracking_INFO [37.565544833] Disable Goal Tracking.
Shooter.RightShooter.stopGoalTracking_INFO [37.567390364] Stop GoalTracking.
Shooter.RightTiltMotor.cancel_INFO [37.568394826] Cancel: stopping motor.
Shooter.RightPrimaryMotor.cancel_INFO [37.56950049] Cancel: stopping motor.
FrcTeleOp.operatorControllerButtonEvent_INFO [37.70961388] ##### button=B, pressed=false
FrcTeleOp.operatorControllerButtonEvent_INFO [38.854445538] ##### button=LeftBumper, pressed=true
FrcTeleOp.operatorControllerButtonEvent_INFO [38.856116982] >>>>> OperatorAltFunc=true
FrcTeleOp.driverControllerButtonEvent_INFO [38.956109342] ##### button=RightBumper, pressed=true
FrcTeleOp.driverControllerButtonEvent_INFO [38.957531642] >>>>> Slow Drive
FrcTeleOp.operatorControllerButtonEvent_INFO [39.058299719] ##### button=A, pressed=true
FrcTeleOp.driverControllerButtonEvent_INFO [39.313840866] ##### button=RightBumper, pressed=false
FrcTeleOp.driverControllerButtonEvent_INFO [39.315080731] >>>>> Normal Drive
FrcTeleOp.driverControllerButtonEvent_INFO [39.72490544] ##### button=RightBumper, pressed=true
FrcTeleOp.driverControllerButtonEvent_INFO [39.726225154] >>>>> Slow Drive
FrcTeleOp.operatorControllerButtonEvent_INFO [39.726617044] ##### button=A, pressed=false
FrcTeleOp.operatorControllerButtonEvent_INFO [40.185257915] ##### button=LeftBumper, pressed=false
FrcTeleOp.operatorControllerButtonEvent_INFO [40.185962814] >>>>> OperatorAltFunc=false
FrcTeleOp.operatorControllerButtonEvent_INFO [40.34918861] ##### button=LeftBumper, pressed=true
FrcTeleOp.operatorControllerButtonEvent_INFO [40.35068903] >>>>> OperatorAltFunc=true
FrcTeleOp.operatorControllerButtonEvent_INFO [40.556062263] ##### button=Y, pressed=true
FrcTeleOp.shoot_INFO [40.558430414] >>>>> Start Manual Shoot.
TaskAutoShoot.cancel_INFO [40.559827122] Canceling auto task operation.
Shooter.LeftTiltMotor.pidCtrlTask_INFO [40.652511184] controlMode: Position,onTarget=true(17.897316581324528/18.0), stalled=false, expired=false, event=(Shooter.LeftShooter.tiltOnTarget=SIGNALED)
Shooter.RightTiltMotor.pidCtrlTask_INFO [40.670349515] controlMode: Position,onTarget=true(17.620624324253626/18.0), stalled=false, expired=false, event=(Shooter.RightShooter.tiltOnTarget=SIGNALED)
FrcTeleOp.driverControllerButtonEvent_INFO [41.01885248] ##### button=RightBumper, pressed=false
FrcTeleOp.driverControllerButtonEvent_INFO [41.020050364] >>>>> Normal Drive
Shooter.LeftPrimaryMotor.pidCtrlTask_INFO [41.050694382] controlMode: Velocity,onTarget=true(64.95297475961539/65.83333333333333), stalled=false, expired=false, event=(Shooter.LeftShooter.shooter1OnTarget=SIGNALED)
Shooter.shoot_INFO [41.052192683] shoot(owner=null, event=(Shooter.LeftShooter.shootCompletionEvent=CLEARED), shooter=leftShooter, autoStop=false)
Shooter.LeftTransferMotor.cancel_INFO [41.056388486] Cancel: stopping motor.
Shooter.RightPrimaryMotor.pidCtrlTask_INFO [41.232480548] controlMode: Velocity,onTarget=true(64.37875600961539/65.83333333333333), stalled=false, expired=false, event=(Shooter.RightShooter.shooter1OnTarget=SIGNALED)
Shooter.shoot_INFO [41.234616165] shoot(owner=null, event=(Shooter.RightShooter.shootCompletionEvent=CLEARED), shooter=rightShooter, autoStop=false)
Shooter.RightTransferMotor.cancel_INFO [41.235712397] Cancel: stopping motor.
FrcTeleOp.operatorControllerButtonEvent_INFO [41.274701099] ##### button=Y, pressed=false
FrcTeleOp.shoot_INFO [41.278059205] >>>>> Stop Manual Shoot.
Shooter.LeftShooter.cancel_INFO [41.279249169] owner=null
Shooter.LeftPrimaryMotor.cancel_INFO [41.280521123] Cancel: stopping motor.
Shooter.LeftTiltMotor.cancel_INFO [41.282746488] Cancel: stopping motor.
Shooter.RightShooter.cancel_INFO [41.285086797] owner=null
Shooter.RightPrimaryMotor.cancel_INFO [41.286775435] Cancel: stopping motor.
Shooter.RightTiltMotor.cancel_INFO [41.288868639] Cancel: stopping motor.
Shooter.LeftTransferMotor.cancel_INFO [41.291200384] Cancel: stopping motor.
Shooter.RightTransferMotor.cancel_INFO [41.293959129] Cancel: stopping motor.
Shooter.FeederMotor.cancel_INFO [41.296048567] Cancel: stopping motor.
FrcTeleOp.operatorControllerButtonEvent_INFO [41.374399515] ##### button=Y, pressed=true
FrcTeleOp.shoot_INFO [41.378358451] >>>>> Start Manual Shoot.
TaskAutoShoot.cancel_INFO [41.381275995] Canceling auto task operation.
Shooter.LeftTiltMotor.pidCtrlTask_INFO [41.432299387] controlMode: Position,onTarget=true(17.22534985506445/18.0), stalled=false, expired=false, event=(Shooter.LeftShooter.tiltOnTarget=SIGNALED)
Shooter.RightTiltMotor.pidCtrlTask_INFO [41.480415864] controlMode: Position,onTarget=true(17.581096887229975/18.0), stalled=false, expired=false, event=(Shooter.RightShooter.tiltOnTarget=SIGNALED)
Shooter.RightPrimaryMotor.pidCtrlTask_INFO [41.590720422] controlMode: Velocity,onTarget=true(64.37244591346153/65.83333333333333), stalled=false, expired=false, event=(Shooter.RightShooter.shooter1OnTarget=SIGNALED)
Shooter.shoot_INFO [41.596799786] shoot(owner=null, event=(Shooter.RightShooter.shootCompletionEvent=CLEARED), shooter=rightShooter, autoStop=false)
Shooter.RightTransferMotor.cancel_INFO [41.598115122] Cancel: stopping motor.
Shooter.LeftPrimaryMotor.pidCtrlTask_INFO [41.616958923] controlMode: Velocity,onTarget=true(64.53966346153847/65.83333333333333), stalled=false, expired=false, event=(Shooter.LeftShooter.shooter1OnTarget=SIGNALED)
Shooter.shoot_INFO [41.623548647] shoot(owner=null, event=(Shooter.LeftShooter.shootCompletionEvent=CLEARED), shooter=leftShooter, autoStop=false)
Shooter.LeftTransferMotor.cancel_INFO [41.626702776] Cancel: stopping motor.
FrcTeleOp.driverControllerButtonEvent_INFO [42.208722275] ##### button=RightBumper, pressed=true
FrcTeleOp.driverControllerButtonEvent_INFO [42.210641419] >>>>> Slow Drive
FrcTeleOp.driverControllerButtonEvent_INFO [46.169110465] ##### button=RightBumper, pressed=false
FrcTeleOp.driverControllerButtonEvent_INFO [46.171722202] >>>>> Normal Drive
FrcTeleOp.operatorControllerButtonEvent_INFO [46.679995386] ##### button=Y, pressed=false
FrcTeleOp.shoot_INFO [46.680678671] >>>>> Stop Manual Shoot.
Shooter.LeftShooter.cancel_INFO [46.681103648] owner=null
Shooter.LeftPrimaryMotor.cancel_INFO [46.681584218] Cancel: stopping motor.
Shooter.LeftTiltMotor.cancel_INFO [46.683173771] Cancel: stopping motor.
Shooter.RightShooter.cancel_INFO [46.683603618] owner=null
Shooter.RightPrimaryMotor.cancel_INFO [46.684139958] Cancel: stopping motor.
Shooter.RightTiltMotor.cancel_INFO [46.684933672] Cancel: stopping motor.
Shooter.LeftTransferMotor.cancel_INFO [46.686134559] Cancel: stopping motor.
Shooter.RightTransferMotor.cancel_INFO [46.687019535] Cancel: stopping motor.
Shooter.FeederMotor.cancel_INFO [46.687564772] Cancel: stopping motor.
FrcTeleOp.operatorControllerButtonEvent_INFO [46.753996166] ##### button=LeftBumper, pressed=false
FrcTeleOp.operatorControllerButtonEvent_INFO [46.75635871] >>>>> OperatorAltFunc=false
FrcTeleOp.driverControllerButtonEvent_INFO [47.116867749] ##### button=A, pressed=true
FrcTeleOp.driverControllerButtonEvent_INFO [47.217063593] ##### button=A, pressed=false
FrcTeleOp.operatorControllerButtonEvent_INFO [48.439759314] ##### button=Back, pressed=true
Robot.cancelAll_INFO [48.440960691] Cancel all operations.
Shooter.LeftShooter.cancel_INFO [48.444058831] owner=null
Shooter.LeftPrimaryMotor.cancel_INFO [48.445635947] Cancel: stopping motor.
Shooter.LeftTiltMotor.cancel_INFO [48.446504615] Cancel: stopping motor.
Shooter.RightShooter.cancel_INFO [48.447269625] owner=null
Shooter.RightPrimaryMotor.cancel_INFO [48.448065049] Cancel: stopping motor.
Shooter.RightTiltMotor.cancel_INFO [48.448815529] Cancel: stopping motor.
Shooter.LeftTransferMotor.cancel_INFO [48.450336395] Cancel: stopping motor.
Shooter.RightTransferMotor.cancel_INFO [48.451077492] Cancel: stopping motor.
Shooter.FeederMotor.cancel_INFO [48.452464831] Cancel: stopping motor.
Intake.IntakeMotor.cancel_INFO [48.505592273] Cancel: stopping motor.
Climber.Motor.cancel_INFO [48.51025745] Cancel: stopping motor.
TaskAutoShoot.cancel_INFO [48.514680692] Canceling auto task operation.
TaskAutoClimb.cancel_INFO [48.518999093] Canceling auto task operation.
Robot.zeroCalibrate_INFO [48.519923785] Zero calibrate all subsystems.
TrcSubsystem.zeroCalibrateAll_INFO [48.522894021] ZeroCalibrate(Subsystem=Shooter, owner=null, event=null)
Shooter.zeroCalibrate_INFO [48.526006516] ZeroCalibrate left shooter.
Shooter.zeroCalibrate_INFO [48.536425315] ZeroCalibrate right shooter.
Shooter.zeroCalibrate_INFO [48.539318661] ZeroCalibrate turret.
TrcSubsystem.zeroCalibrateAll_INFO [48.541569443] ZeroCalibrate(Subsystem=Climber, owner=null, event=null)
FrcTeleOp.operatorControllerButtonEvent_INFO [48.543422809] >>>>> Cancel All and Zero Calibrate
FrcTeleOp.operatorControllerButtonEvent_INFO [48.551007838] ##### button=Back, pressed=false
Climber.Motor.isMotorStalled_INFO [48.637019884] Stall detection triggered.
Climber.Motor.zeroCalibratingMotor_WARN [48.645725769] Stalled, lower limit switch may not exist or might have failed!
Climber.Motor.pidCtrlTask_INFO [48.647473412] Zero calibration done, event=null
FrcTeleOp.driverControllerButtonEvent_INFO [48.708422345] ##### button=A, pressed=true
Shooter.LeftTiltMotor.isMotorStalled_INFO [48.761025966] Stall detection triggered.
Shooter.RightTiltMotor.isMotorStalled_INFO [48.761629426] Stall detection triggered.
Shooter.LeftTiltMotor.zeroCalibratingMotor_WARN [48.771323111] Stalled, lower limit switch may not exist or might have failed!
Shooter.LeftTiltMotor.pidCtrlTask_INFO [48.773268284] Zero calibration done, event=(Shooter.leftTiltZeroCalCallback=CLEARED)
Shooter.LeftTiltMotor.pidCtrlTask_INFO [48.775766871] controlMode: Power,onTarget=false(-0.09037507325410843/null), stalled=false, expired=false, event=(Shooter.leftTiltZeroCalCallback=SIGNALED)
Shooter.RightTiltMotor.zeroCalibratingMotor_WARN [48.776371209] Stalled, lower limit switch may not exist or might have failed!
Shooter.RightTiltMotor.pidCtrlTask_INFO [48.778239101] Zero calibration done, event=(Shooter.rightTiltZeroCalCallback=CLEARED)
Shooter.RightTiltMotor.pidCtrlTask_INFO [48.778707731] controlMode: Power,onTarget=false(-0.0914539024233818/null), stalled=false, expired=false, event=(Shooter.rightTiltZeroCalCallback=SIGNALED)
Shooter.LeftTiltMotor.isMotorStalled_INFO [48.782984903] Stall detection triggered.
Shooter.LeftTiltMotor.checkStallReset_INFO [48.793434351] Resetting stall.
Shooter.RightTiltMotor.isMotorStalled_INFO [48.796097513] Stall detection triggered.
Shooter.RightTiltMotor.checkStallReset_INFO [48.798271648] Resetting stall.
FrcTeleOp.driverControllerButtonEvent_INFO [48.814187703] ##### button=A, pressed=false
Shooter.TurretMotor.isMotorStalled_INFO [49.899375671] Stall detection triggered.
Shooter.TurretMotor.zeroCalibratingMotor_WARN [49.91780888] Stalled, lower limit switch may not exist or might have failed!
Shooter.TurretMotor.pidCtrlTask_INFO [49.93583231] Zero calibration done, event=(Shooter.turretZeroCalCallback=CLEARED)
Shooter.TurretMotor.pidCtrlTask_INFO [49.938443439] controlMode: Power,onTarget=false(0.0/null), stalled=false, expired=false, event=(Shooter.turretZeroCalCallback=SIGNALED)
Shooter.TurretMotor.isMotorStalled_INFO [49.958440662] Stall detection triggered.
FrcTeleOp.operatorControllerButtonEvent_INFO [54.220571121] ##### button=B, pressed=true
FrcTeleOp.operatorControllerButtonEvent_INFO [54.223088922] >>>>> Enable GoalTracking.
Shooter.setupGoalTrackingMode_INFO [54.224289651] GoalTracking(trackingMode=AllianceHub, goalPose=(x=-158.838583,y=469.110472,angle=180.000000), noPassback=false).
Shooter.LeftShooter.enableGoalTracking_INFO [54.224747714] Enable GoalTracking (trackingParams=(trackFlywheel=true,trackTiltPos=false,trackPanPos=true)).
Shooter.LeftPrimaryMotor.cancel_INFO [54.225887243] Cancel: stopping motor.
Shooter.LeftTiltMotor.cancel_INFO [54.226412052] Cancel: stopping motor.
Shooter.RightShooter.enableGoalTracking_INFO [54.227111929] Enable GoalTracking (trackingParams=(trackFlywheel=true,trackTiltPos=false,trackPanPos=true)).
Shooter.RightPrimaryMotor.cancel_INFO [54.227705876] Cancel: stopping motor.
Shooter.RightTiltMotor.cancel_INFO [54.239632258] Cancel: stopping motor.
FrcTeleOp.operatorControllerButtonEvent_INFO [54.402729165] ##### button=B, pressed=false
Shooter.setupGoalTrackingMode_INFO [54.735318572] GoalTracking(trackingMode=AllianceHub, goalPose=(x=-158.838583,y=469.110472,angle=180.000000), noPassback=false).
FrcTeleOp.driverControllerButtonEvent_INFO [55.244816155] ##### button=RightBumper, pressed=true
FrcTeleOp.driverControllerButtonEvent_INFO [55.247091946] >>>>> Slow Drive
FrcTeleOp.operatorControllerButtonEvent_INFO [55.303078116] ##### button=Y, pressed=true
FrcTeleOp.shoot_INFO [55.305346591] >>>>> Start Auto Shoot.
TaskAutoShoot.autoShoot_INFO [55.309265087] autoShoot(owner=null, event=null, taskParams=(autoStop=false, noPassback=false))
Shooter.setupGoalTrackingMode_INFO [55.310939787] GoalTracking(trackingMode=AllianceHub, goalPose=(x=-158.838583,y=469.110472,angle=180.000000), noPassback=false).
Shooter.LeftShooter.enableGoalTracking_INFO [55.31191034] Enable GoalTracking (trackingParams=(trackFlywheel=true,trackTiltPos=true,trackPanPos=true)).
Shooter.LeftPrimaryMotor.cancel_INFO [55.314195477] Cancel: stopping motor.
Shooter.LeftTiltMotor.cancel_INFO [55.317515351] Cancel: stopping motor.
Shooter.RightShooter.enableGoalTracking_INFO [55.318858273] Enable GoalTracking (trackingParams=(trackFlywheel=true,trackTiltPos=true,trackPanPos=true)).
Shooter.RightPrimaryMotor.cancel_INFO [55.32009281] Cancel: stopping motor.
Shooter.RightTiltMotor.cancel_INFO [55.321645218] Cancel: stopping motor.
TaskAutoShoot.autoTask_INFO [55.422375906] <Event name="StateInfo" time="55.421744646" tag="vvvvv" TaskAutoShoot.state="START" />
TaskAutoShoot.runTaskState_INFO [55.423572945] ***** Wait for left Shooter ready.
TaskAutoShoot.runTaskState_INFO [55.42472116] ***** Wait for right Shooter ready.
TaskAutoShoot.runTaskState_INFO [55.426065066] ***** Wait for Turret ready.
TaskAutoShoot.autoTask_INFO [55.427127513] <Event name="StateInfo" time="55.426916549" tag="^^^^^" TaskAutoShoot.state="START" />
Shooter.TurretMotor.pidCtrlTask_INFO [55.466591727] controlMode: Position,onTarget=true(11.13775513326459/12.91354046785702), stalled=false, expired=false, event=(TaskAutoShoot.turretReady=SIGNALED)
TaskAutoShoot.autoTask_INFO [55.518217006] <Event name="StateInfo" time="55.517385206" tag="vvvvv" TaskAutoShoot.state="SHOOT" />
TaskAutoShoot.autoTask_INFO [55.521170516] <Event name="StateInfo" time="55.519569824" tag="^^^^^" TaskAutoShoot.state="SHOOT" />
FrcTeleOp.driverControllerButtonEvent_INFO [55.536208796] ##### button=RightBumper, pressed=false
FrcTeleOp.driverControllerButtonEvent_INFO [55.561145362] >>>>> Normal Drive
Shooter.LeftShooter.goalTrackingTask_INFO [55.628690716] Shooter.LeftShooter is Ready: rpm1=4927.743389/4968.794698, rpm2=3006.796875/0.000000, tilt=24.735543/24.503502, pan=null/null
TaskAutoShoot.autoTask_INFO [55.655705832] <Event name="StateInfo" time="55.655297306" tag="vvvvv" TaskAutoShoot.state="SHOOT" />
TaskAutoShoot.runTaskState_INFO [55.656932403] ***** Start left shooter shooting.
Shooter.shoot_INFO [55.661380609] shoot(owner=null, event=(TaskAutoShoot.leftShooterDone=CLEARED), shooter=leftShooter, autoStop=false)
Shooter.LeftTransferMotor.cancel_INFO [55.664653981] Cancel: stopping motor.
TaskAutoShoot.autoTask_INFO [55.667302152] <Event name="StateInfo" time="55.666866123" tag="^^^^^" TaskAutoShoot.state="SHOOT" />
FrcTeleOp.operatorControllerButtonEvent_INFO [55.67016028] ##### button=Y, pressed=false
FrcTeleOp.shoot_INFO [55.675329479] >>>>> Stop Auto Shoot.
TaskAutoShoot.cancel_INFO [55.676958995] Canceling auto task operation.
TaskAutoShoot.stopSubsystems_INFO [55.678349565] Stopping subsystems.
Shooter.LeftTransferMotor.cancel_INFO [55.679807588] Cancel: stopping motor.
Shooter.RightTransferMotor.cancel_INFO [55.685845903] Cancel: stopping motor.
Shooter.FeederMotor.cancel_INFO [55.686973386] Cancel: stopping motor.
Shooter.LeftShooter.disableGoalTracking_INFO [55.688114073] Disable Goal Tracking.
Shooter.LeftShooter.stopGoalTracking_INFO [55.689324426] Stop GoalTracking.
Shooter.LeftTiltMotor.cancel_INFO [55.690424913] Cancel: stopping motor.
Shooter.LeftPrimaryMotor.cancel_INFO [55.692556185] Cancel: stopping motor.
Shooter.RightShooter.disableGoalTracking_INFO [55.699100092] Disable Goal Tracking.
Shooter.RightShooter.stopGoalTracking_INFO [55.70104313] Stop GoalTracking.
Shooter.RightTiltMotor.cancel_INFO [55.708867649] Cancel: stopping motor.
Shooter.RightPrimaryMotor.cancel_INFO [55.711366981] Cancel: stopping motor.
Shooter.LeftShooter.cancel_INFO [55.7141219] owner=null
Shooter.LeftPrimaryMotor.cancel_INFO [55.719723489] Cancel: stopping motor.
Shooter.LeftTiltMotor.cancel_INFO [55.72165898] Cancel: stopping motor.
Shooter.RightShooter.cancel_INFO [55.723553803] owner=null
Shooter.RightPrimaryMotor.cancel_INFO [55.732729772] Cancel: stopping motor.
Shooter.RightTiltMotor.cancel_INFO [55.734591846] Cancel: stopping motor.
Shooter.LeftTransferMotor.cancel_INFO [55.736791123] Cancel: stopping motor.
Shooter.RightTransferMotor.cancel_INFO [55.738261534] Cancel: stopping motor.
Shooter.FeederMotor.cancel_INFO [55.742982775] Cancel: stopping motor.
FrcTeleOp.driverControllerButtonEvent_INFO [55.879612498] ##### button=A, pressed=true
FrcTeleOp.driverControllerButtonEvent_INFO [55.985263926] ##### button=A, pressed=false
FrcTeleOp.operatorControllerButtonEvent_INFO [55.987003859] ##### button=Y, pressed=true
FrcTeleOp.shoot_INFO [55.988094177] >>>>> Start Auto Shoot.
TaskAutoShoot.autoShoot_INFO [55.989515593] autoShoot(owner=null, event=null, taskParams=(autoStop=false, noPassback=false))
Shooter.setupGoalTrackingMode_INFO [55.990665939] GoalTracking(trackingMode=AllianceHub, goalPose=(x=-158.838583,y=469.110472,angle=180.000000), noPassback=false).
Shooter.LeftShooter.enableGoalTracking_INFO [55.992653635] Enable GoalTracking (trackingParams=(trackFlywheel=true,trackTiltPos=true,trackPanPos=true)).
Shooter.LeftPrimaryMotor.cancel_INFO [55.994172713] Cancel: stopping motor.
Shooter.LeftTiltMotor.cancel_INFO [56.00601678] Cancel: stopping motor.
Shooter.RightShooter.enableGoalTracking_INFO [56.008868679] Enable GoalTracking (trackingParams=(trackFlywheel=true,trackTiltPos=true,trackPanPos=true)).
Shooter.RightPrimaryMotor.cancel_INFO [56.010573076] Cancel: stopping motor.
Shooter.RightTiltMotor.cancel_INFO [56.01281508] Cancel: stopping motor.
TaskAutoShoot.autoTask_INFO [56.092709791] <Event name="StateInfo" time="56.092380883" tag="vvvvv" TaskAutoShoot.state="START" />
TaskAutoShoot.runTaskState_INFO [56.094620194] ***** Wait for left Shooter ready.
TaskAutoShoot.runTaskState_INFO [56.097165696] ***** Wait for right Shooter ready.
TaskAutoShoot.runTaskState_INFO [56.107707627] ***** Wait for Turret ready.
TaskAutoShoot.autoTask_INFO [56.113686509] <Event name="StateInfo" time="56.112707512" tag="^^^^^" TaskAutoShoot.state="START" />
FrcTeleOp.driverControllerButtonEvent_INFO [56.125664499] ##### button=RightBumper, pressed=true
FrcTeleOp.driverControllerButtonEvent_INFO [56.131002886] >>>>> Slow Drive
FrcTeleOp.operatorControllerButtonEvent_INFO [56.137454859] ##### button=Y, pressed=false
FrcTeleOp.shoot_INFO [56.141810215] >>>>> Stop Auto Shoot.
TaskAutoShoot.cancel_INFO [56.146765779] Canceling auto task operation.
TaskAutoShoot.stopSubsystems_INFO [56.152750025] Stopping subsystems.
Shooter.LeftTransferMotor.cancel_INFO [56.159158726] Cancel: stopping motor.
Shooter.RightTransferMotor.cancel_INFO [56.162946097] Cancel: stopping motor.
Shooter.FeederMotor.cancel_INFO [56.166230573] Cancel: stopping motor.
Shooter.LeftShooter.disableGoalTracking_INFO [56.168564315] Disable Goal Tracking.
Shooter.LeftShooter.stopGoalTracking_INFO [56.17123384] Stop GoalTracking.
Shooter.LeftTiltMotor.cancel_INFO [56.176613038] Cancel: stopping motor.
Shooter.LeftPrimaryMotor.cancel_INFO [56.17902787] Cancel: stopping motor.
Shooter.RightShooter.disableGoalTracking_INFO [56.182455266] Disable Goal Tracking.
Shooter.RightShooter.stopGoalTracking_INFO [56.186941217] Stop GoalTracking.
Shooter.RightTiltMotor.cancel_INFO [56.188955433] Cancel: stopping motor.
Shooter.RightPrimaryMotor.cancel_INFO [56.194173903] Cancel: stopping motor.
Shooter.LeftShooter.cancel_INFO [56.197818439] owner=null
Shooter.LeftPrimaryMotor.cancel_INFO [56.199455592] Cancel: stopping motor.
Shooter.LeftTiltMotor.cancel_INFO [56.201224286] Cancel: stopping motor.
Shooter.RightShooter.cancel_INFO [56.206400293] owner=null
Shooter.RightPrimaryMotor.cancel_INFO [56.223819018] Cancel: stopping motor.
Shooter.RightTiltMotor.cancel_INFO [56.228441893] Cancel: stopping motor.
Shooter.LeftTransferMotor.cancel_INFO [56.234805791] Cancel: stopping motor.
Shooter.RightTransferMotor.cancel_INFO [56.237335972] Cancel: stopping motor.
Shooter.FeederMotor.cancel_INFO [56.239784824] Cancel: stopping motor.
FrcTeleOp.operatorControllerButtonEvent_INFO [56.812950407] ##### button=Y, pressed=true
FrcTeleOp.shoot_INFO [56.814013759] >>>>> Start Auto Shoot.
TaskAutoShoot.autoShoot_INFO [56.814694803] autoShoot(owner=null, event=null, taskParams=(autoStop=false, noPassback=false))
Shooter.setupGoalTrackingMode_INFO [56.827546261] GoalTracking(trackingMode=AllianceHub, goalPose=(x=-158.838583,y=469.110472,angle=180.000000), noPassback=false).
Shooter.LeftShooter.enableGoalTracking_INFO [56.829694856] Enable GoalTracking (trackingParams=(trackFlywheel=true,trackTiltPos=true,trackPanPos=true)).
Shooter.LeftPrimaryMotor.cancel_INFO [56.832693264] Cancel: stopping motor.
Shooter.LeftTiltMotor.cancel_INFO [56.834571197] Cancel: stopping motor.
Shooter.RightShooter.enableGoalTracking_INFO [56.838111543] Enable GoalTracking (trackingParams=(trackFlywheel=true,trackTiltPos=true,trackPanPos=true)).
Shooter.RightPrimaryMotor.cancel_INFO [56.840863406] Cancel: stopping motor.
Shooter.RightTiltMotor.cancel_INFO [56.843605106] Cancel: stopping motor.
TaskAutoShoot.autoTask_INFO [56.919788714] <Event name="StateInfo" time="56.918604667" tag="vvvvv" TaskAutoShoot.state="START" />
TaskAutoShoot.runTaskState_INFO [56.921111958] ***** Wait for left Shooter ready.
TaskAutoShoot.runTaskState_INFO [56.922241415] ***** Wait for right Shooter ready.
TaskAutoShoot.runTaskState_INFO [56.923178871] ***** Wait for Turret ready.
TaskAutoShoot.autoTask_INFO [56.924583132] <Event name="StateInfo" time="56.924357476" tag="^^^^^" TaskAutoShoot.state="START" />
TaskAutoShoot.autoTask_INFO [57.006004017] <Event name="StateInfo" time="57.005804383" tag="vvvvv" TaskAutoShoot.state="SHOOT" />
TaskAutoShoot.autoTask_INFO [57.007427764] <Event name="StateInfo" time="57.007258864" tag="^^^^^" TaskAutoShoot.state="SHOOT" />
Shooter.TurretMotor.pidCtrlTask_INFO [57.006966198] controlMode: Position,onTarget=true(-10.216640279595595/-11.948060967950362), stalled=false, expired=false, event=(TaskAutoShoot.turretReady=CANCELED)
Shooter.LeftShooter.goalTrackingTask_INFO [57.080217033] Shooter.LeftShooter is Ready: rpm1=4351.126803/4412.968901, rpm2=2676.445313/0.000000, tilt=20.940921/20.818336, pan=null/null
TaskAutoShoot.autoTask_INFO [57.106976309] <Event name="StateInfo" time="57.106781323" tag="vvvvv" TaskAutoShoot.state="SHOOT" />
TaskAutoShoot.autoTask_INFO [57.10744375] <Event name="StateInfo" time="57.107255941" tag="^^^^^" TaskAutoShoot.state="SHOOT" />
Shooter.RightShooter.goalTrackingTask_INFO [57.177875352] Shooter.RightShooter is Ready: rpm1=4227.701322/4318.244414, rpm2=2579.531250/0.000000, tilt=20.822339/20.246291, pan=null/null
TaskAutoShoot.autoTask_INFO [57.179602938] <Event name="StateInfo" time="57.179314488" tag="vvvvv" TaskAutoShoot.state="SHOOT" />
TaskAutoShoot.autoTask_INFO [57.180996196] <Event name="StateInfo" time="57.180824437" tag="^^^^^" TaskAutoShoot.state="SHOOT" />
TaskAutoShoot.autoTask_INFO [57.254655091] <Event name="StateInfo" time="57.254447148" tag="vvvvv" TaskAutoShoot.state="SHOOT" />
TaskAutoShoot.autoTask_INFO [57.256175265] <Event name="StateInfo" time="57.256001304" tag="^^^^^" TaskAutoShoot.state="SHOOT" />
FrcTeleOp.driverControllerButtonEvent_INFO [57.259412646] ##### button=RightBumper, pressed=false
FrcTeleOp.driverControllerButtonEvent_INFO [57.26134247] >>>>> Normal Drive
TaskAutoShoot.autoTask_INFO [57.333538194] <Event name="StateInfo" time="57.33098445" tag="vvvvv" TaskAutoShoot.state="SHOOT" />
TaskAutoShoot.autoTask_INFO [57.34033822] <Event name="StateInfo" time="57.339864827" tag="^^^^^" TaskAutoShoot.state="SHOOT" />
TaskAutoShoot.autoTask_INFO [57.428933693] <Event name="StateInfo" time="57.42873081" tag="vvvvv" TaskAutoShoot.state="SHOOT" />
TaskAutoShoot.autoTask_INFO [57.430091252] <Event name="StateInfo" time="57.429888007" tag="^^^^^" TaskAutoShoot.state="SHOOT" />
TaskAutoShoot.autoTask_INFO [57.537665658] <Event name="StateInfo" time="57.536858547" tag="vvvvv" TaskAutoShoot.state="SHOOT" />
TaskAutoShoot.autoTask_INFO [57.539490193] <Event name="StateInfo" time="57.539042335" tag="^^^^^" TaskAutoShoot.state="SHOOT" />
TaskAutoShoot.autoTask_INFO [57.610974079] <Event name="StateInfo" time="57.609612418" tag="vvvvv" TaskAutoShoot.state="SHOOT" />
TaskAutoShoot.autoTask_INFO [57.611892095] <Event name="StateInfo" time="57.61157131" tag="^^^^^" TaskAutoShoot.state="SHOOT" />
TaskAutoShoot.autoTask_INFO [57.697524702] <Event name="StateInfo" time="57.69732249" tag="vvvvv" TaskAutoShoot.state="SHOOT" />
TaskAutoShoot.autoTask_INFO [57.699210586] <Event name="StateInfo" time="57.698945693" tag="^^^^^" TaskAutoShoot.state="SHOOT" />
TaskAutoShoot.autoTask_INFO [57.776324106] <Event name="StateInfo" time="57.773517027" tag="vvvvv" TaskAutoShoot.state="SHOOT" />
TaskAutoShoot.autoTask_INFO [57.777723685] <Event name="StateInfo" time="57.777540361" tag="^^^^^" TaskAutoShoot.state="SHOOT" />
TaskAutoShoot.autoTask_INFO [57.843166235] <Event name="StateInfo" time="57.84119787" tag="vvvvv" TaskAutoShoot.state="SHOOT" />
TaskAutoShoot.autoTask_INFO [57.843876598] <Event name="StateInfo" time="57.84369252" tag="^^^^^" TaskAutoShoot.state="SHOOT" />
TaskAutoShoot.autoTask_INFO [57.917918662] <Event name="StateInfo" time="57.917704827" tag="vvvvv" TaskAutoShoot.state="SHOOT" />
TaskAutoShoot.autoTask_INFO [57.919476678] <Event name="StateInfo" time="57.919276525" tag="^^^^^" TaskAutoShoot.state="SHOOT" />
TaskAutoShoot.autoTask_INFO [57.987611719] <Event name="StateInfo" time="57.987411961" tag="vvvvv" TaskAutoShoot.state="SHOOT" />
TaskAutoShoot.autoTask_INFO [57.997317315] <Event name="StateInfo" time="57.99705787" tag="^^^^^" TaskAutoShoot.state="SHOOT" />
TaskAutoShoot.autoTask_INFO [58.082889127] <Event name="StateInfo" time="58.082667951" tag="vvvvv" TaskAutoShoot.state="SHOOT" />
TaskAutoShoot.autoTask_INFO [58.085581733] <Event name="StateInfo" time="58.085304122" tag="^^^^^" TaskAutoShoot.state="SHOOT" />
TaskAutoShoot.autoTask_INFO [58.157163966] <Event name="StateInfo" time="58.156977901" tag="vvvvv" TaskAutoShoot.state="SHOOT" />
TaskAutoShoot.autoTask_INFO [58.16044403] <Event name="StateInfo" time="58.159670182" tag="^^^^^" TaskAutoShoot.state="SHOOT" />
TaskAutoShoot.autoTask_INFO [58.237409188] <Event name="StateInfo" time="58.237191857" tag="vvvvv" TaskAutoShoot.state="SHOOT" />
TaskAutoShoot.autoTask_INFO [58.242464629] <Event name="StateInfo" time="58.242265" tag="^^^^^" TaskAutoShoot.state="SHOOT" />
FrcTeleOp.operatorControllerButtonEvent_INFO [58.248281274] ##### button=Y, pressed=false
FrcTeleOp.shoot_INFO [58.249724655] >>>>> Stop Auto Shoot.
TaskAutoShoot.cancel_INFO [58.254730005] Canceling auto task operation.
TaskAutoShoot.stopSubsystems_INFO [58.256230205] Stopping subsystems.
Shooter.LeftTransferMotor.cancel_INFO [58.281726216] Cancel: stopping motor.
Shooter.RightTransferMotor.cancel_INFO [58.282847669] Cancel: stopping motor.
Shooter.FeederMotor.cancel_INFO [58.2855005] Cancel: stopping motor.
Shooter.LeftShooter.disableGoalTracking_INFO [58.287427114] Disable Goal Tracking.
Shooter.LeftShooter.stopGoalTracking_INFO [58.289591554] Stop GoalTracking.
Shooter.LeftTiltMotor.cancel_INFO [58.2909932] Cancel: stopping motor.
Shooter.LeftPrimaryMotor.cancel_INFO [58.294591723] Cancel: stopping motor.
Shooter.RightShooter.disableGoalTracking_INFO [58.297138065] Disable Goal Tracking.
Shooter.RightShooter.stopGoalTracking_INFO [58.298462579] Stop GoalTracking.
Shooter.RightTiltMotor.cancel_INFO [58.29965276] Cancel: stopping motor.
Shooter.RightPrimaryMotor.cancel_INFO [58.301198542] Cancel: stopping motor.
Shooter.LeftShooter.cancel_INFO [58.304319558] owner=null
Shooter.LeftPrimaryMotor.cancel_INFO [58.305924096] Cancel: stopping motor.
Shooter.LeftTiltMotor.cancel_INFO [58.307851855] Cancel: stopping motor.
Shooter.RightShooter.cancel_INFO [58.308597371] owner=null
Shooter.RightPrimaryMotor.cancel_INFO [58.309553388] Cancel: stopping motor.
Shooter.RightTiltMotor.cancel_INFO [58.312584366] Cancel: stopping motor.
Shooter.LeftTransferMotor.cancel_INFO [58.316293294] Cancel: stopping motor.
Shooter.RightTransferMotor.cancel_INFO [58.317448744] Cancel: stopping motor.
Shooter.FeederMotor.cancel_INFO [58.318400077] Cancel: stopping motor.
FrcTeleOp.operatorControllerButtonEvent_INFO [58.592573522] ##### button=Y, pressed=true
FrcTeleOp.shoot_INFO [58.594506007] >>>>> Start Auto Shoot.
TaskAutoShoot.autoShoot_INFO [58.59622347] autoShoot(owner=null, event=null, taskParams=(autoStop=false, noPassback=false))
Shooter.setupGoalTrackingMode_INFO [58.597421608] GoalTracking(trackingMode=AllianceHub, goalPose=(x=-158.838583,y=469.110472,angle=180.000000), noPassback=false).
Shooter.LeftShooter.enableGoalTracking_INFO [58.59873882] Enable GoalTracking (trackingParams=(trackFlywheel=true,trackTiltPos=true,trackPanPos=true)).
Shooter.LeftPrimaryMotor.cancel_INFO [58.600447761] Cancel: stopping motor.
Shooter.LeftTiltMotor.cancel_INFO [58.601752846] Cancel: stopping motor.
Shooter.RightShooter.enableGoalTracking_INFO [58.603223575] Enable GoalTracking (trackingParams=(trackFlywheel=true,trackTiltPos=true,trackPanPos=true)).
Shooter.RightPrimaryMotor.cancel_INFO [58.604795615] Cancel: stopping motor.
Shooter.RightTiltMotor.cancel_INFO [58.606987193] Cancel: stopping motor.
TaskAutoShoot.autoTask_INFO [58.714038706] <Event name="StateInfo" time="58.703449086" tag="vvvvv" TaskAutoShoot.state="START" />
TaskAutoShoot.runTaskState_INFO [58.716893155] ***** Wait for left Shooter ready.
TaskAutoShoot.runTaskState_INFO [58.718034817] ***** Wait for right Shooter ready.
TaskAutoShoot.runTaskState_INFO [58.718900801] ***** Wait for Turret ready.
TaskAutoShoot.autoTask_INFO [58.719877581] <Event name="StateInfo" time="58.719650714" tag="^^^^^" TaskAutoShoot.state="START" />
Shooter.TurretMotor.pidCtrlTask_INFO [58.7461848] controlMode: Position,onTarget=true(-6.634612377134658/-6.616085404348083), stalled=false, expired=false, event=(TaskAutoShoot.turretReady=SIGNALED)
TaskAutoShoot.autoTask_INFO [58.803823333] <Event name="StateInfo" time="58.802406232" tag="vvvvv" TaskAutoShoot.state="SHOOT" />
TaskAutoShoot.autoTask_INFO [58.8085046] <Event name="StateInfo" time="58.807300859" tag="^^^^^" TaskAutoShoot.state="SHOOT" />
Shooter.RightShooter.goalTrackingTask_INFO [58.894925311] Shooter.RightShooter is Ready: rpm1=4248.524639/4317.082533, rpm2=2592.421875/0.000000, tilt=20.268957/20.232021, pan=null/null
TaskAutoShoot.autoTask_INFO [58.90434553] <Event name="StateInfo" time="58.89684874" tag="vvvvv" TaskAutoShoot.state="SHOOT" />
TaskAutoShoot.runTaskState_INFO [58.907144052] ***** Start right shooter shooting.
Shooter.shoot_INFO [58.908572689] shoot(owner=null, event=(TaskAutoShoot.rightShooterDone=CLEARED), shooter=rightShooter, autoStop=false)
Shooter.RightTransferMotor.cancel_INFO [58.911404323] Cancel: stopping motor.
TaskAutoShoot.autoTask_INFO [58.914787134] <Event name="StateInfo" time="58.914536747" tag="^^^^^" TaskAutoShoot.state="SHOOT" />
Shooter.LeftShooter.goalTrackingTask_INFO [58.974830993] Shooter.LeftShooter is Ready: rpm1=4224.293870/4315.346357, rpm2=2594.414063/0.000000, tilt=20.268957/20.221519, pan=null/null
TaskAutoShoot.autoTask_INFO [59.002064255] <Event name="StateInfo" time="59.001744305" tag="vvvvv" TaskAutoShoot.state="SHOOT" />
TaskAutoShoot.runTaskState_INFO [59.004073553] ***** Start left shooter shooting.
Shooter.shoot_INFO [59.006892402] shoot(owner=null, event=(TaskAutoShoot.leftShooterDone=CLEARED), shooter=leftShooter, autoStop=false)
Shooter.LeftTransferMotor.cancel_INFO [59.008158889] Cancel: stopping motor.
TaskAutoShoot.autoTask_INFO [59.010644897] <Event name="StateInfo" time="59.01042856" tag="^^^^^" TaskAutoShoot.state="SHOOT" />
FrcTeleOp.operatorControllerButtonEvent_INFO [60.981102809] ##### button=Y, pressed=false
FrcTeleOp.shoot_INFO [60.982746082] >>>>> Stop Auto Shoot.
TaskAutoShoot.cancel_INFO [60.984579705] Canceling auto task operation.
TaskAutoShoot.stopSubsystems_INFO [60.986356095] Stopping subsystems.
Shooter.LeftTransferMotor.cancel_INFO [60.987374667] Cancel: stopping motor.
Shooter.RightTransferMotor.cancel_INFO [60.991140802] Cancel: stopping motor.
Shooter.FeederMotor.cancel_INFO [60.992912039] Cancel: stopping motor.
Shooter.LeftShooter.disableGoalTracking_INFO [60.994200682] Disable Goal Tracking.
Shooter.LeftShooter.stopGoalTracking_INFO [60.995563123] Stop GoalTracking.
Shooter.LeftTiltMotor.cancel_INFO [61.002255927] Cancel: stopping motor.
Shooter.LeftPrimaryMotor.cancel_INFO [61.003845964] Cancel: stopping motor.
Shooter.RightShooter.disableGoalTracking_INFO [61.005790088] Disable Goal Tracking.
Shooter.RightShooter.stopGoalTracking_INFO [61.007679186] Stop GoalTracking.
Shooter.RightTiltMotor.cancel_INFO [61.008778878] Cancel: stopping motor.
Shooter.RightPrimaryMotor.cancel_INFO [61.012854022] Cancel: stopping motor.
Shooter.LeftShooter.cancel_INFO [61.015178847] owner=null
Shooter.LeftPrimaryMotor.cancel_INFO [61.016600614] Cancel: stopping motor.
Shooter.LeftTiltMotor.cancel_INFO [61.018154679] Cancel: stopping motor.
Shooter.RightShooter.cancel_INFO [61.022936443] owner=null
Shooter.RightPrimaryMotor.cancel_INFO [61.024102781] Cancel: stopping motor.
Shooter.RightTiltMotor.cancel_INFO [61.026777713] Cancel: stopping motor.
Shooter.LeftTransferMotor.cancel_INFO [61.028552372] Cancel: stopping motor.
Shooter.RightTransferMotor.cancel_INFO [61.029919961] Cancel: stopping motor.
Shooter.FeederMotor.cancel_INFO [61.034556653] Cancel: stopping motor.
FrcTeleOp.operatorControllerButtonEvent_INFO [61.169807732] ##### button=Y, pressed=true
FrcTeleOp.shoot_INFO [61.171089842] >>>>> Start Auto Shoot.
TaskAutoShoot.autoShoot_INFO [61.172736819] autoShoot(owner=null, event=null, taskParams=(autoStop=false, noPassback=false))
Shooter.setupGoalTrackingMode_INFO [61.174557201] GoalTracking(trackingMode=AllianceHub, goalPose=(x=-158.838583,y=469.110472,angle=180.000000), noPassback=false).
Shooter.LeftShooter.enableGoalTracking_INFO [61.176329765] Enable GoalTracking (trackingParams=(trackFlywheel=true,trackTiltPos=true,trackPanPos=true)).
Shooter.LeftPrimaryMotor.cancel_INFO [61.177693828] Cancel: stopping motor.
Shooter.LeftTiltMotor.cancel_INFO [61.179782192] Cancel: stopping motor.
Shooter.RightShooter.enableGoalTracking_INFO [61.180946275] Enable GoalTracking (trackingParams=(trackFlywheel=true,trackTiltPos=true,trackPanPos=true)).
Shooter.RightPrimaryMotor.cancel_INFO [61.182110965] Cancel: stopping motor.
Shooter.RightTiltMotor.cancel_INFO [61.184130314] Cancel: stopping motor.
TaskAutoShoot.autoTask_INFO [61.26346604] <Event name="StateInfo" time="61.263101" tag="vvvvv" TaskAutoShoot.state="START" />
TaskAutoShoot.runTaskState_INFO [61.264953874] ***** Wait for left Shooter ready.
TaskAutoShoot.runTaskState_INFO [61.266680856] ***** Wait for right Shooter ready.
TaskAutoShoot.runTaskState_INFO [61.269308568] ***** Wait for Turret ready.
TaskAutoShoot.autoTask_INFO [61.274284481] <Event name="StateInfo" time="61.272381202" tag="^^^^^" TaskAutoShoot.state="START" />
FrcTeleOp.operatorControllerButtonEvent_INFO [61.27818902] ##### button=Y, pressed=false
FrcTeleOp.shoot_INFO [61.279791325] >>>>> Stop Auto Shoot.
TaskAutoShoot.cancel_INFO [61.28495048] Canceling auto task operation.
TaskAutoShoot.stopSubsystems_INFO [61.287354528] Stopping subsystems.
Shooter.LeftTransferMotor.cancel_INFO [61.289974904] Cancel: stopping motor.
Shooter.RightTransferMotor.cancel_INFO [61.291418273] Cancel: stopping motor.
Shooter.FeederMotor.cancel_INFO [61.297596124] Cancel: stopping motor.
Shooter.LeftShooter.disableGoalTracking_INFO [61.299738136] Disable Goal Tracking.
Shooter.LeftShooter.stopGoalTracking_INFO [61.30092435] Stop GoalTracking.
Shooter.LeftTiltMotor.cancel_INFO [61.302111277] Cancel: stopping motor.
Shooter.LeftPrimaryMotor.cancel_INFO [61.305666715] Cancel: stopping motor.
Shooter.RightShooter.disableGoalTracking_INFO [61.308130332] Disable Goal Tracking.
Shooter.RightShooter.stopGoalTracking_INFO [61.309882595] Stop GoalTracking.
Shooter.RightTiltMotor.cancel_INFO [61.310769859] Cancel: stopping motor.
Shooter.RightPrimaryMotor.cancel_INFO [61.313382256] Cancel: stopping motor.
Shooter.LeftShooter.cancel_INFO [61.318886241] owner=null
Shooter.LeftPrimaryMotor.cancel_INFO [61.320722285] Cancel: stopping motor.
Shooter.LeftTiltMotor.cancel_INFO [61.322169614] Cancel: stopping motor.
Shooter.RightShooter.cancel_INFO [61.32381906] owner=null
Shooter.RightPrimaryMotor.cancel_INFO [61.325864093] Cancel: stopping motor.
Shooter.RightTiltMotor.cancel_INFO [61.329313327] Cancel: stopping motor.
Shooter.LeftTransferMotor.cancel_INFO [61.336419942] Cancel: stopping motor.
Shooter.RightTransferMotor.cancel_INFO [61.344777252] Cancel: stopping motor.
Shooter.FeederMotor.cancel_INFO [61.346989591] Cancel: stopping motor.
FrcTeleOp.driverControllerButtonEvent_INFO [61.852852752] ##### button=A, pressed=true
FrcTeleOp.driverControllerButtonEvent_INFO [61.954686939] ##### button=A, pressed=false
FrcTeleOp.operatorControllerButtonEvent_INFO [65.902341181] ##### button=Y, pressed=true
FrcTeleOp.shoot_INFO [65.904003901] >>>>> Start Auto Shoot.
TaskAutoShoot.autoShoot_INFO [65.913406619] autoShoot(owner=null, event=null, taskParams=(autoStop=false, noPassback=false))
Shooter.setupGoalTrackingMode_INFO [65.915062739] GoalTracking(trackingMode=Passback, goalPose=(x=-257.677165,y=603.220472,angle=180.000000), noPassback=false).
Shooter.LeftShooter.enableGoalTracking_INFO [65.916413319] Enable GoalTracking (trackingParams=(trackFlywheel=true,trackTiltPos=true,trackPanPos=true)).
Shooter.LeftPrimaryMotor.cancel_INFO [65.917501359] Cancel: stopping motor.
Shooter.LeftTiltMotor.cancel_INFO [65.918836912] Cancel: stopping motor.
Shooter.RightShooter.enableGoalTracking_INFO [65.920169512] Enable GoalTracking (trackingParams=(trackFlywheel=true,trackTiltPos=true,trackPanPos=true)).
Shooter.RightPrimaryMotor.cancel_INFO [65.921290472] Cancel: stopping motor.
Shooter.RightTiltMotor.cancel_INFO [65.923372437] Cancel: stopping motor.
Shooter.LeftShooter.goalTrackingTask_INFO [65.988583759] Shooter.LeftShooter is TimedOut: rpm1=165.450721/6238.041559, rpm2=93.632813/0.000000, tilt=17.067239/36.792043, pan=null/null
Shooter.RightShooter.goalTrackingTask_INFO [66.018156961] Shooter.RightShooter is TimedOut: rpm1=233.789063/6268.748246, rpm2=144.609375/0.000000, tilt=16.988185/36.792043, pan=null/null
TaskAutoShoot.autoTask_INFO [66.02004409] <Event name="StateInfo" time="66.01979801" tag="vvvvv" TaskAutoShoot.state="START" />
TaskAutoShoot.runTaskState_INFO [66.021312627] ***** Wait for left Shooter ready.
TaskAutoShoot.runTaskState_INFO [66.024988529] ***** Wait for right Shooter ready.
TaskAutoShoot.runTaskState_INFO [66.027793958] ***** Wait for Turret ready.
TaskAutoShoot.autoTask_INFO [66.029244087] <Event name="StateInfo" time="66.028887197" tag="^^^^^" TaskAutoShoot.state="START" />
Shooter.TurretMotor.pidCtrlTask_INFO [66.073126708] controlMode: Position,onTarget=true(47.646883130631096/46.98165756166181), stalled=false, expired=false, event=(TaskAutoShoot.turretReady=CANCELED)
TaskAutoShoot.autoTask_INFO [66.122753994] <Event name="StateInfo" time="66.119513401" tag="vvvvv" TaskAutoShoot.state="SHOOT" />
TaskAutoShoot.autoTask_INFO [66.124179545] <Event name="StateInfo" time="66.123982106" tag="^^^^^" TaskAutoShoot.state="SHOOT" />
TaskAutoShoot.autoTask_INFO [66.197342536] <Event name="StateInfo" time="66.197008456" tag="vvvvv" TaskAutoShoot.state="SHOOT" />
TaskAutoShoot.autoTask_INFO [66.199450419] <Event name="StateInfo" time="66.199176378" tag="^^^^^" TaskAutoShoot.state="SHOOT" />
TaskAutoShoot.autoTask_INFO [66.268092119] <Event name="StateInfo" time="66.267884719" tag="vvvvv" TaskAutoShoot.state="SHOOT" />
TaskAutoShoot.autoTask_INFO [66.268881262] <Event name="StateInfo" time="66.268693589" tag="^^^^^" TaskAutoShoot.state="SHOOT" />
TaskAutoShoot.autoTask_INFO [66.333328463] <Event name="StateInfo" time="66.333104924" tag="vvvvv" TaskAutoShoot.state="SHOOT" />
TaskAutoShoot.autoTask_INFO [66.338638371] <Event name="StateInfo" time="66.338022715" tag="^^^^^" TaskAutoShoot.state="SHOOT" />
FrcTeleOp.operatorControllerButtonEvent_INFO [66.34912008] ##### button=Y, pressed=false
FrcTeleOp.shoot_INFO [66.352534454] >>>>> Stop Auto Shoot.
TaskAutoShoot.cancel_INFO [66.358820158] Canceling auto task operation.
TaskAutoShoot.stopSubsystems_INFO [66.362332307] Stopping subsystems.
Shooter.LeftTransferMotor.cancel_INFO [66.365408084] Cancel: stopping motor.
Shooter.RightTransferMotor.cancel_INFO [66.366714903] Cancel: stopping motor.
Shooter.FeederMotor.cancel_INFO [66.368493024] Cancel: stopping motor.
Shooter.LeftShooter.disableGoalTracking_INFO [66.371585761] Disable Goal Tracking.
Shooter.LeftShooter.stopGoalTracking_INFO [66.373630863] Stop GoalTracking.
Shooter.LeftTiltMotor.cancel_INFO [66.376124128] Cancel: stopping motor.
Shooter.LeftPrimaryMotor.cancel_INFO [66.376690803] Cancel: stopping motor.
Shooter.RightShooter.disableGoalTracking_INFO [66.380535435] Disable Goal Tracking.
Shooter.RightShooter.stopGoalTracking_INFO [66.382762187] Stop GoalTracking.
Shooter.RightTiltMotor.cancel_INFO [66.384218966] Cancel: stopping motor.
Shooter.RightPrimaryMotor.cancel_INFO [66.386672412] Cancel: stopping motor.
Shooter.LeftShooter.cancel_INFO [66.389362499] owner=null
Shooter.LeftPrimaryMotor.cancel_INFO [66.391252353] Cancel: stopping motor.
Shooter.LeftTiltMotor.cancel_INFO [66.392758845] Cancel: stopping motor.
Shooter.RightShooter.cancel_INFO [66.399575399] owner=null
Shooter.RightPrimaryMotor.cancel_INFO [66.401689635] Cancel: stopping motor.
Shooter.RightTiltMotor.cancel_INFO [66.404658084] Cancel: stopping motor.
Shooter.LeftTransferMotor.cancel_INFO [66.40749446] Cancel: stopping motor.
Shooter.RightTransferMotor.cancel_INFO [66.409103969] Cancel: stopping motor.
Shooter.FeederMotor.cancel_INFO [66.410991267] Cancel: stopping motor.
FrcTeleOp.operatorControllerButtonEvent_INFO [67.014878347] ##### button=Y, pressed=true
FrcTeleOp.shoot_INFO [67.025744195] >>>>> Start Auto Shoot.
TaskAutoShoot.autoShoot_INFO [67.030519168] autoShoot(owner=null, event=null, taskParams=(autoStop=false, noPassback=false))
Shooter.setupGoalTrackingMode_INFO [67.037301827] GoalTracking(trackingMode=Passback, goalPose=(x=-257.677165,y=603.220472,angle=180.000000), noPassback=false).
Shooter.LeftShooter.enableGoalTracking_INFO [67.037662178] Enable GoalTracking (trackingParams=(trackFlywheel=true,trackTiltPos=true,trackPanPos=true)).
Shooter.LeftPrimaryMotor.cancel_INFO [67.038305459] Cancel: stopping motor.
Shooter.LeftTiltMotor.cancel_INFO [67.038809814] Cancel: stopping motor.
Shooter.RightShooter.enableGoalTracking_INFO [67.042169459] Enable GoalTracking (trackingParams=(trackFlywheel=true,trackTiltPos=true,trackPanPos=true)).
Shooter.RightPrimaryMotor.cancel_INFO [67.043314734] Cancel: stopping motor.
Shooter.RightTiltMotor.cancel_INFO [67.044045449] Cancel: stopping motor.
TaskAutoShoot.autoTask_INFO [67.115675054] <Event name="StateInfo" time="67.113511811" tag="vvvvv" TaskAutoShoot.state="START" />
TaskAutoShoot.runTaskState_INFO [67.120629074] ***** Wait for left Shooter ready.
TaskAutoShoot.runTaskState_INFO [67.122667449] ***** Wait for right Shooter ready.
TaskAutoShoot.runTaskState_INFO [67.125550191] ***** Wait for Turret ready.
TaskAutoShoot.autoTask_INFO [67.130502859] <Event name="StateInfo" time="67.12736565" tag="^^^^^" TaskAutoShoot.state="START" />
Shooter.TurretMotor.pidCtrlTask_INFO [67.232238888] controlMode: Position,onTarget=true(6.040257283384079/5.193989773862818), stalled=false, expired=false, event=(TaskAutoShoot.turretReady=SIGNALED)
TaskAutoShoot.autoTask_INFO [67.302142039] <Event name="StateInfo" time="67.301711976" tag="vvvvv" TaskAutoShoot.state="SHOOT" />
TaskAutoShoot.autoTask_INFO [67.309780245] <Event name="StateInfo" time="67.309580994" tag="^^^^^" TaskAutoShoot.state="SHOOT" />
TaskAutoShoot.autoTask_INFO [67.374826029] <Event name="StateInfo" time="67.370297513" tag="vvvvv" TaskAutoShoot.state="SHOOT" />
TaskAutoShoot.autoTask_INFO [67.376565226] <Event name="StateInfo" time="67.376360878" tag="^^^^^" TaskAutoShoot.state="SHOOT" />
TaskAutoShoot.autoTask_INFO [67.458844986] <Event name="StateInfo" time="67.45760297" tag="vvvvv" TaskAutoShoot.state="SHOOT" />
TaskAutoShoot.autoTask_INFO [67.460826041] <Event name="StateInfo" time="67.460540995" tag="^^^^^" TaskAutoShoot.state="SHOOT" />
TaskAutoShoot.autoTask_INFO [67.532723435] <Event name="StateInfo" time="67.530841355" tag="vvvvv" TaskAutoShoot.state="SHOOT" />
TaskAutoShoot.autoTask_INFO [67.537928601] <Event name="StateInfo" time="67.537733708" tag="^^^^^" TaskAutoShoot.state="SHOOT" />
TaskAutoShoot.autoTask_INFO [67.625931164] <Event name="StateInfo" time="67.625746504" tag="vvvvv" TaskAutoShoot.state="SHOOT" />
TaskAutoShoot.autoTask_INFO [67.635869312] <Event name="StateInfo" time="67.627484185" tag="^^^^^" TaskAutoShoot.state="SHOOT" />
TaskAutoShoot.autoTask_INFO [67.702354372] <Event name="StateInfo" time="67.70218886" tag="vvvvv" TaskAutoShoot.state="SHOOT" />
TaskAutoShoot.autoTask_INFO [67.703169017] <Event name="StateInfo" time="67.703004645" tag="^^^^^" TaskAutoShoot.state="SHOOT" />
FrcTeleOp.operatorControllerButtonEvent_INFO [67.70880671] ##### button=Y, pressed=false
FrcTeleOp.shoot_INFO [67.709645944] >>>>> Stop Auto Shoot.
TaskAutoShoot.cancel_INFO [67.710349026] Canceling auto task operation.
TaskAutoShoot.stopSubsystems_INFO [67.711037071] Stopping subsystems.
Shooter.LeftTransferMotor.cancel_INFO [67.715800169] Cancel: stopping motor.
Shooter.RightTransferMotor.cancel_INFO [67.71674582] Cancel: stopping motor.
Shooter.FeederMotor.cancel_INFO [67.718082348] Cancel: stopping motor.
Shooter.LeftShooter.disableGoalTracking_INFO [67.719601458] Disable Goal Tracking.
Shooter.LeftShooter.stopGoalTracking_INFO [67.720204615] Stop GoalTracking.
Shooter.LeftTiltMotor.cancel_INFO [67.720745628] Cancel: stopping motor.
Shooter.LeftPrimaryMotor.cancel_INFO [67.721559242] Cancel: stopping motor.
Shooter.RightShooter.disableGoalTracking_INFO [67.726373506] Disable Goal Tracking.
Shooter.RightShooter.stopGoalTracking_INFO [67.726808872] Stop GoalTracking.
Shooter.RightTiltMotor.cancel_INFO [67.727346987] Cancel: stopping motor.
Shooter.RightPrimaryMotor.cancel_INFO [67.728624662] Cancel: stopping motor.
Shooter.LeftShooter.cancel_INFO [67.729720516] owner=null
Shooter.LeftPrimaryMotor.cancel_INFO [67.730586865] Cancel: stopping motor.
Shooter.LeftTiltMotor.cancel_INFO [67.731768514] Cancel: stopping motor.
Shooter.RightShooter.cancel_INFO [67.732688522] owner=null
Shooter.RightPrimaryMotor.cancel_INFO [67.733764548] Cancel: stopping motor.
Shooter.RightTiltMotor.cancel_INFO [67.738674588] Cancel: stopping motor.
Shooter.LeftTransferMotor.cancel_INFO [67.739615584] Cancel: stopping motor.
Shooter.RightTransferMotor.cancel_INFO [67.740766063] Cancel: stopping motor.
Shooter.FeederMotor.cancel_INFO [67.742139678] Cancel: stopping motor.
FrcTeleOp.operatorControllerButtonEvent_INFO [68.134721365] ##### button=Y, pressed=true
FrcTeleOp.shoot_INFO [68.136301922] >>>>> Start Auto Shoot.
TaskAutoShoot.autoShoot_INFO [68.137399287] autoShoot(owner=null, event=null, taskParams=(autoStop=false, noPassback=false))
Shooter.setupGoalTrackingMode_INFO [68.138289604] GoalTracking(trackingMode=Passback, goalPose=(x=-257.677165,y=603.220472,angle=180.000000), noPassback=false).
Shooter.LeftShooter.enableGoalTracking_INFO [68.138599756] Enable GoalTracking (trackingParams=(trackFlywheel=true,trackTiltPos=true,trackPanPos=true)).
Shooter.LeftPrimaryMotor.cancel_INFO [68.139890469] Cancel: stopping motor.
Shooter.LeftTiltMotor.cancel_INFO [68.140976024] Cancel: stopping motor.
Shooter.RightShooter.enableGoalTracking_INFO [68.142083102] Enable GoalTracking (trackingParams=(trackFlywheel=true,trackTiltPos=true,trackPanPos=true)).
Shooter.RightPrimaryMotor.cancel_INFO [68.142654238] Cancel: stopping motor.
Shooter.RightTiltMotor.cancel_INFO [68.143184709] Cancel: stopping motor.
TaskAutoShoot.autoTask_INFO [68.215940106] <Event name="StateInfo" time="68.215667572" tag="vvvvv" TaskAutoShoot.state="START" />
TaskAutoShoot.runTaskState_INFO [68.219247214] ***** Wait for left Shooter ready.
TaskAutoShoot.runTaskState_INFO [68.220606364] ***** Wait for right Shooter ready.
TaskAutoShoot.runTaskState_INFO [68.221148879] ***** Wait for Turret ready.
TaskAutoShoot.autoTask_INFO [68.223317284] <Event name="StateInfo" time="68.222527663" tag="^^^^^" TaskAutoShoot.state="START" />
FrcTeleOp.operatorControllerButtonEvent_INFO [68.229341418] ##### button=Y, pressed=false
FrcTeleOp.shoot_INFO [68.229969241] >>>>> Stop Auto Shoot.
TaskAutoShoot.cancel_INFO [68.232493264] Canceling auto task operation.
TaskAutoShoot.stopSubsystems_INFO [68.235705158] Stopping subsystems.
Shooter.LeftTransferMotor.cancel_INFO [68.237654007] Cancel: stopping motor.
Shooter.RightTransferMotor.cancel_INFO [68.240200728] Cancel: stopping motor.
Shooter.FeederMotor.cancel_INFO [68.242084645] Cancel: stopping motor.
Shooter.LeftShooter.disableGoalTracking_INFO [68.243639146] Disable Goal Tracking.
Shooter.LeftShooter.stopGoalTracking_INFO [68.246007556] Stop GoalTracking.
Shooter.LeftTiltMotor.cancel_INFO [68.248284542] Cancel: stopping motor.
Shooter.LeftPrimaryMotor.cancel_INFO [68.249080594] Cancel: stopping motor.
Shooter.RightShooter.disableGoalTracking_INFO [68.250861429] Disable Goal Tracking.
Shooter.RightShooter.stopGoalTracking_INFO [68.253844871] Stop GoalTracking.
Shooter.RightTiltMotor.cancel_INFO [68.254609774] Cancel: stopping motor.
Shooter.RightPrimaryMotor.cancel_INFO [68.258358431] Cancel: stopping motor.
Shooter.LeftShooter.cancel_INFO [68.25926106] owner=null
Shooter.LeftPrimaryMotor.cancel_INFO [68.260280245] Cancel: stopping motor.
Shooter.LeftTiltMotor.cancel_INFO [68.261456047] Cancel: stopping motor.
Shooter.RightShooter.cancel_INFO [68.264338287] owner=null
Shooter.RightPrimaryMotor.cancel_INFO [68.267463381] Cancel: stopping motor.
Shooter.RightTiltMotor.cancel_INFO [68.268508188] Cancel: stopping motor.
Shooter.LeftTransferMotor.cancel_INFO [68.269326609] Cancel: stopping motor.
Shooter.RightTransferMotor.cancel_INFO [68.27101596] Cancel: stopping motor.
Shooter.FeederMotor.cancel_INFO [68.272433979] Cancel: stopping motor.
FrcTeleOp.driverControllerButtonEvent_INFO [68.401398496] ##### button=A, pressed=true
FrcTeleOp.operatorControllerButtonEvent_INFO [68.407380228] ##### button=Y, pressed=true
FrcTeleOp.shoot_INFO [68.409447194] >>>>> Start Auto Shoot.
TaskAutoShoot.autoShoot_INFO [68.419390027] autoShoot(owner=null, event=null, taskParams=(autoStop=false, noPassback=false))
Shooter.setupGoalTrackingMode_INFO [68.423297869] GoalTracking(trackingMode=Passback, goalPose=(x=-257.677165,y=603.220472,angle=180.000000), noPassback=false).
Shooter.LeftShooter.enableGoalTracking_INFO [68.426042017] Enable GoalTracking (trackingParams=(trackFlywheel=true,trackTiltPos=true,trackPanPos=true)).
Shooter.LeftPrimaryMotor.cancel_INFO [68.429448379] Cancel: stopping motor.
Shooter.LeftTiltMotor.cancel_INFO [68.433696164] Cancel: stopping motor.
Shooter.RightShooter.enableGoalTracking_INFO [68.437766327] Enable GoalTracking (trackingParams=(trackFlywheel=true,trackTiltPos=true,trackPanPos=true)).
Shooter.RightPrimaryMotor.cancel_INFO [68.450941035] Cancel: stopping motor.
Shooter.RightTiltMotor.cancel_INFO [68.457108573] Cancel: stopping motor.
Shooter.TurretMotor.pidCtrlTask_INFO [68.494396208] controlMode: Position,onTarget=true(6.591334254235704/6.625942266046123), stalled=false, expired=false, event=(TaskAutoShoot.turretReady=SIGNALED)
TaskAutoShoot.autoTask_INFO [68.537782842] <Event name="StateInfo" time="68.537527509" tag="vvvvv" TaskAutoShoot.state="START" />
TaskAutoShoot.runTaskState_INFO [68.540090158] ***** Wait for left Shooter ready.
TaskAutoShoot.runTaskState_INFO [68.541246141] ***** Wait for right Shooter ready.
TaskAutoShoot.runTaskState_INFO [68.542292109] ***** Wait for Turret ready.
TaskAutoShoot.autoTask_INFO [68.543756839] <Event name="StateInfo" time="68.543536461" tag="^^^^^" TaskAutoShoot.state="START" />
FrcTeleOp.driverControllerButtonEvent_INFO [68.549001413] ##### button=A, pressed=false
Shooter.TurretMotor.pidCtrlTask_INFO [68.581174893] controlMode: Position,onTarget=true(6.591334254235704/6.686676728546695), stalled=false, expired=false, event=(TaskAutoShoot.turretReady=SIGNALED)
TaskAutoShoot.autoTask_INFO [68.635266364] <Event name="StateInfo" time="68.634328116" tag="vvvvv" TaskAutoShoot.state="SHOOT" />
TaskAutoShoot.autoTask_INFO [68.639336656] <Event name="StateInfo" time="68.63914005" tag="^^^^^" TaskAutoShoot.state="SHOOT" />
TaskAutoShoot.autoTask_INFO [68.700791318] <Event name="StateInfo" time="68.700410117" tag="vvvvv" TaskAutoShoot.state="SHOOT" />
TaskAutoShoot.autoTask_INFO [68.702605217] <Event name="StateInfo" time="68.702229377" tag="^^^^^" TaskAutoShoot.state="SHOOT" />
TaskAutoShoot.autoTask_INFO [68.769705657] <Event name="StateInfo" time="68.76938009" tag="vvvvv" TaskAutoShoot.state="SHOOT" />
TaskAutoShoot.autoTask_INFO [68.770483576] <Event name="StateInfo" time="68.770334305" tag="^^^^^" TaskAutoShoot.state="SHOOT" />
Shooter.LeftShooter.goalTrackingTask_INFO [68.824419506] Shooter.LeftShooter is Ready: rpm1=6301.703726/6283.214069, rpm2=3862.617188/0.000000, tilt=37.305335/37.490941, pan=null/null
TaskAutoShoot.autoTask_INFO [68.845249949] <Event name="StateInfo" time="68.84507326" tag="vvvvv" TaskAutoShoot.state="SHOOT" />
TaskAutoShoot.runTaskState_INFO [68.845807072] ***** Start left shooter shooting.
Shooter.shoot_INFO [68.846168768] shoot(owner=null, event=(TaskAutoShoot.leftShooterDone=CLEARED), shooter=leftShooter, autoStop=false)
Shooter.LeftTransferMotor.cancel_INFO [68.846906029] Cancel: stopping motor.
TaskAutoShoot.autoTask_INFO [68.847513536] <Event name="StateInfo" time="68.847348562" tag="^^^^^" TaskAutoShoot.state="SHOOT" />
TaskAutoShoot.autoTask_INFO [68.917638353] <Event name="StateInfo" time="68.917468267" tag="vvvvv" TaskAutoShoot.state="SHOOT" />
TaskAutoShoot.autoTask_INFO [68.91802026] <Event name="StateInfo" time="68.917872644" tag="^^^^^" TaskAutoShoot.state="SHOOT" />
Shooter.RightShooter.goalTrackingTask_INFO [69.009912548] Shooter.RightShooter is Ready: rpm1=6211.216947/6287.123069, rpm2=3879.609375/0.000000, tilt=37.542495/37.553618, pan=null/null
TaskAutoShoot.autoTask_INFO [69.010312532] <Event name="StateInfo" time="69.01017467" tag="vvvvv" TaskAutoShoot.state="SHOOT" />
TaskAutoShoot.runTaskState_INFO [69.01051748] ***** Start right shooter shooting.
Shooter.shoot_INFO [69.019648936] shoot(owner=null, event=(TaskAutoShoot.rightShooterDone=CLEARED), shooter=rightShooter, autoStop=false)
Shooter.RightTransferMotor.cancel_INFO [69.020106932] Cancel: stopping motor.
TaskAutoShoot.autoTask_INFO [69.020675787] <Event name="StateInfo" time="69.020508057" tag="^^^^^" TaskAutoShoot.state="SHOOT" />
FrcTeleOp.operatorControllerButtonEvent_INFO [70.027499434] ##### button=Y, pressed=false
FrcTeleOp.shoot_INFO [70.029229744] >>>>> Stop Auto Shoot.
TaskAutoShoot.cancel_INFO [70.030694143] Canceling auto task operation.
TaskAutoShoot.stopSubsystems_INFO [70.03342655] Stopping subsystems.
Shooter.LeftTransferMotor.cancel_INFO [70.034517246] Cancel: stopping motor.
Shooter.RightTransferMotor.cancel_INFO [70.037150221] Cancel: stopping motor.
Shooter.FeederMotor.cancel_INFO [70.038643919] Cancel: stopping motor.
Shooter.LeftShooter.disableGoalTracking_INFO [70.039900818] Disable Goal Tracking.
Shooter.LeftShooter.stopGoalTracking_INFO [70.04709131] Stop GoalTracking.
Shooter.LeftTiltMotor.cancel_INFO [70.050183269] Cancel: stopping motor.
Shooter.LeftPrimaryMotor.cancel_INFO [70.056048099] Cancel: stopping motor.
Shooter.RightShooter.disableGoalTracking_INFO [70.058218795] Disable Goal Tracking.
Shooter.RightShooter.stopGoalTracking_INFO [70.059540133] Stop GoalTracking.
Shooter.RightTiltMotor.cancel_INFO [70.060871425] Cancel: stopping motor.
Shooter.RightPrimaryMotor.cancel_INFO [70.062013793] Cancel: stopping motor.
Shooter.LeftShooter.cancel_INFO [70.065797471] owner=null
Shooter.LeftPrimaryMotor.cancel_INFO [70.077865428] Cancel: stopping motor.
Shooter.LeftTiltMotor.cancel_INFO [70.078829241] Cancel: stopping motor.
Shooter.RightShooter.cancel_INFO [70.080343055] owner=null
Shooter.RightPrimaryMotor.cancel_INFO [70.083758769] Cancel: stopping motor.
Shooter.RightTiltMotor.cancel_INFO [70.084793857] Cancel: stopping motor.
Shooter.LeftTransferMotor.cancel_INFO [70.089189192] Cancel: stopping motor.
Shooter.RightTransferMotor.cancel_INFO [70.090779083] Cancel: stopping motor.
Shooter.FeederMotor.cancel_INFO [70.096101028] Cancel: stopping motor.
FrcTeleOp.driverControllerButtonEvent_INFO [71.765792665] ##### button=A, pressed=true
FrcTeleOp.driverControllerButtonEvent_INFO [71.866880245] ##### button=A, pressed=false
FrcTeleOp.operatorControllerButtonEvent_INFO [82.632135421] ##### button=B, pressed=true
FrcTeleOp.operatorControllerButtonEvent_INFO [82.632658706] >>>>> Enable GoalTracking.
Shooter.setupGoalTrackingMode_INFO [82.633256744] GoalTracking(trackingMode=AllianceHub, goalPose=(x=-158.838583,y=469.110472,angle=180.000000), noPassback=false).
Shooter.LeftShooter.enableGoalTracking_INFO [82.633571246] Enable GoalTracking (trackingParams=(trackFlywheel=true,trackTiltPos=false,trackPanPos=true)).
Shooter.LeftPrimaryMotor.cancel_INFO [82.634008683] Cancel: stopping motor.
Shooter.LeftTiltMotor.cancel_INFO [82.634853513] Cancel: stopping motor.
Shooter.RightShooter.enableGoalTracking_INFO [82.635697944] Enable GoalTracking (trackingParams=(trackFlywheel=true,trackTiltPos=false,trackPanPos=true)).
Shooter.RightPrimaryMotor.cancel_INFO [82.636202777] Cancel: stopping motor.
Shooter.RightTiltMotor.cancel_INFO [82.636858494] Cancel: stopping motor.
FrcTeleOp.operatorControllerButtonEvent_INFO [82.856409547] ##### button=B, pressed=false
Shooter.setupGoalTrackingMode_INFO [83.258296994] GoalTracking(trackingMode=AllianceHub, goalPose=(x=-158.838583,y=469.110472,angle=180.000000), noPassback=false).
FrcTeleOp.driverControllerButtonEvent_INFO [83.56134145] ##### button=A, pressed=true
FrcTeleOp.driverControllerButtonEvent_INFO [83.70059131] ##### button=A, pressed=false
FrcTeleOp.operatorControllerButtonEvent_INFO [84.101338965] ##### button=Y, pressed=true
FrcTeleOp.shoot_INFO [84.1037498] >>>>> Start Auto Shoot.
TaskAutoShoot.autoShoot_INFO [84.105028751] autoShoot(owner=null, event=null, taskParams=(autoStop=false, noPassback=false))
Shooter.setupGoalTrackingMode_INFO [84.106442099] GoalTracking(trackingMode=AllianceHub, goalPose=(x=-158.838583,y=469.110472,angle=180.000000), noPassback=false).
Shooter.LeftShooter.enableGoalTracking_INFO [84.107460352] Enable GoalTracking (trackingParams=(trackFlywheel=true,trackTiltPos=true,trackPanPos=true)).
Shooter.LeftPrimaryMotor.cancel_INFO [84.110132459] Cancel: stopping motor.
Shooter.LeftTiltMotor.cancel_INFO [84.114930101] Cancel: stopping motor.
Shooter.RightShooter.enableGoalTracking_INFO [84.116607415] Enable GoalTracking (trackingParams=(trackFlywheel=true,trackTiltPos=true,trackPanPos=true)).
Shooter.RightPrimaryMotor.cancel_INFO [84.118152978] Cancel: stopping motor.
Shooter.RightTiltMotor.cancel_INFO [84.119532283] Cancel: stopping motor.
TaskAutoShoot.autoTask_INFO [84.197177202] <Event name="StateInfo" time="84.196307168" tag="vvvvv" TaskAutoShoot.state="START" />
TaskAutoShoot.runTaskState_INFO [84.199940902] ***** Wait for left Shooter ready.
TaskAutoShoot.runTaskState_INFO [84.201857477] ***** Wait for right Shooter ready.
TaskAutoShoot.runTaskState_INFO [84.20270725] ***** Wait for Turret ready.
TaskAutoShoot.autoTask_INFO [84.206694472] <Event name="StateInfo" time="84.206447604" tag="^^^^^" TaskAutoShoot.state="START" />
Shooter.TurretMotor.pidCtrlTask_INFO [84.241984557] controlMode: Position,onTarget=true(-4.430282420187837/-2.29094818103219), stalled=false, expired=false, event=(TaskAutoShoot.turretReady=SIGNALED)
TaskAutoShoot.autoTask_INFO [84.289087694] <Event name="StateInfo" time="84.288922916" tag="vvvvv" TaskAutoShoot.state="SHOOT" />
TaskAutoShoot.autoTask_INFO [84.290123744] <Event name="StateInfo" time="84.28993359" tag="^^^^^" TaskAutoShoot.state="SHOOT" />
FrcTeleOp.operatorControllerButtonEvent_INFO [84.293178319] ##### button=Y, pressed=false
FrcTeleOp.shoot_INFO [84.293976695] >>>>> Stop Auto Shoot.
TaskAutoShoot.cancel_INFO [84.295442283] Canceling auto task operation.
TaskAutoShoot.stopSubsystems_INFO [84.296472981] Stopping subsystems.
Shooter.LeftTransferMotor.cancel_INFO [84.297297679] Cancel: stopping motor.
Shooter.RightTransferMotor.cancel_INFO [84.299221692] Cancel: stopping motor.
Shooter.FeederMotor.cancel_INFO [84.29990131] Cancel: stopping motor.
Shooter.LeftShooter.disableGoalTracking_INFO [84.300781223] Disable Goal Tracking.
Shooter.LeftShooter.stopGoalTracking_INFO [84.302081444] Stop GoalTracking.
Shooter.LeftTiltMotor.cancel_INFO [84.303054224] Cancel: stopping motor.
Shooter.LeftPrimaryMotor.cancel_INFO [84.304110956] Cancel: stopping motor.
Shooter.RightShooter.disableGoalTracking_INFO [84.305406414] Disable Goal Tracking.
Shooter.RightShooter.stopGoalTracking_INFO [84.306220147] Stop GoalTracking.
Shooter.RightTiltMotor.cancel_INFO [84.306774164] Cancel: stopping motor.
Shooter.RightPrimaryMotor.cancel_INFO [84.307850691] Cancel: stopping motor.
Shooter.LeftShooter.cancel_INFO [84.309470133] owner=null
Shooter.LeftPrimaryMotor.cancel_INFO [84.310447046] Cancel: stopping motor.
Shooter.LeftTiltMotor.cancel_INFO [84.311843712] Cancel: stopping motor.
Shooter.RightShooter.cancel_INFO [84.312746576] owner=null
Shooter.RightPrimaryMotor.cancel_INFO [84.313662831] Cancel: stopping motor.
Shooter.RightTiltMotor.cancel_INFO [84.315339407] Cancel: stopping motor.
Shooter.LeftTransferMotor.cancel_INFO [84.316363607] Cancel: stopping motor.
Shooter.RightTransferMotor.cancel_INFO [84.317046234] Cancel: stopping motor.
Shooter.FeederMotor.cancel_INFO [84.318221195] Cancel: stopping motor.
FrcTeleOp.operatorControllerButtonEvent_INFO [84.560023272] ##### button=Y, pressed=true
FrcTeleOp.shoot_INFO [84.56145928] >>>>> Start Auto Shoot.
TaskAutoShoot.autoShoot_INFO [84.564253057] autoShoot(owner=null, event=null, taskParams=(autoStop=false, noPassback=false))
Shooter.setupGoalTrackingMode_INFO [84.566253997] GoalTracking(trackingMode=AllianceHub, goalPose=(x=-158.838583,y=469.110472,angle=180.000000), noPassback=false).
Shooter.LeftShooter.enableGoalTracking_INFO [84.567316544] Enable GoalTracking (trackingParams=(trackFlywheel=true,trackTiltPos=true,trackPanPos=true)).
Shooter.LeftPrimaryMotor.cancel_INFO [84.568398954] Cancel: stopping motor.
Shooter.LeftTiltMotor.cancel_INFO [84.569864334] Cancel: stopping motor.
Shooter.RightShooter.enableGoalTracking_INFO [84.571219247] Enable GoalTracking (trackingParams=(trackFlywheel=true,trackTiltPos=true,trackPanPos=true)).
Shooter.RightPrimaryMotor.cancel_INFO [84.572243837] Cancel: stopping motor.
Shooter.RightTiltMotor.cancel_INFO [84.573598353] Cancel: stopping motor.
TaskAutoShoot.autoTask_INFO [84.650452647] <Event name="StateInfo" time="84.650186667" tag="vvvvv" TaskAutoShoot.state="START" />
TaskAutoShoot.runTaskState_INFO [84.65190167] ***** Wait for left Shooter ready.
TaskAutoShoot.runTaskState_INFO [84.653867965] ***** Wait for right Shooter ready.
TaskAutoShoot.runTaskState_INFO [84.658518443] ***** Wait for Turret ready.
TaskAutoShoot.autoTask_INFO [84.660458561] <Event name="StateInfo" time="84.66021495" tag="^^^^^" TaskAutoShoot.state="START" />
Shooter.TurretMotor.pidCtrlTask_INFO [84.693656894] controlMode: Position,onTarget=true(-2.9148124727682614/-2.2287398577594355), stalled=false, expired=false, event=(TaskAutoShoot.turretReady=SIGNALED)
TaskAutoShoot.autoTask_INFO [84.737843475] <Event name="StateInfo" time="84.737489094" tag="vvvvv" TaskAutoShoot.state="SHOOT" />
TaskAutoShoot.autoTask_INFO [84.739292108] <Event name="StateInfo" time="84.738836581" tag="^^^^^" TaskAutoShoot.state="SHOOT" />
Shooter.RightShooter.goalTrackingTask_INFO [84.807223925] Shooter.RightShooter is Ready: rpm1=4771.568510/4790.266436, rpm2=2928.046875/0.000000, tilt=25.012233/25.190183, pan=null/null
TaskAutoShoot.autoTask_INFO [84.807626578] <Event name="StateInfo" time="84.807462813" tag="vvvvv" TaskAutoShoot.state="SHOOT" />
TaskAutoShoot.runTaskState_INFO [84.807815906] ***** Start right shooter shooting.
Shooter.shoot_INFO [84.80813946] shoot(owner=null, event=(TaskAutoShoot.rightShooterDone=CLEARED), shooter=rightShooter, autoStop=false)
Shooter.RightTransferMotor.cancel_INFO [84.813816649] Cancel: stopping motor.
TaskAutoShoot.autoTask_INFO [84.816001332] <Event name="StateInfo" time="84.815787695" tag="^^^^^" TaskAutoShoot.state="SHOOT" />
Shooter.LeftShooter.goalTrackingTask_INFO [84.865133355] Shooter.LeftShooter is Ready: rpm1=5123.482572/5088.486940, rpm2=3187.382813/0.000000, tilt=25.170342/25.375482, pan=null/null
TaskAutoShoot.autoTask_INFO [84.886818733] <Event name="StateInfo" time="84.88628033" tag="vvvvv" TaskAutoShoot.state="SHOOT" />
TaskAutoShoot.runTaskState_INFO [84.887230188] ***** Start left shooter shooting.
Shooter.shoot_INFO [84.887771291] shoot(owner=null, event=(TaskAutoShoot.leftShooterDone=CLEARED), shooter=leftShooter, autoStop=false)
Shooter.LeftTransferMotor.cancel_INFO [84.888494912] Cancel: stopping motor.
TaskAutoShoot.autoTask_INFO [84.890630773] <Event name="StateInfo" time="84.890422569" tag="^^^^^" TaskAutoShoot.state="SHOOT" />
FrcTeleOp.driverControllerButtonEvent_INFO [85.261039594] ##### button=RightBumper, pressed=true
FrcTeleOp.driverControllerButtonEvent_INFO [85.262978364] >>>>> Slow Drive
FrcTeleOp.driverControllerButtonEvent_INFO [86.247899855] ##### button=RightBumper, pressed=false
FrcTeleOp.driverControllerButtonEvent_INFO [86.250869555] >>>>> Normal Drive
FrcTeleOp.driverControllerButtonEvent_INFO [89.716481961] ##### button=A, pressed=true
FrcTeleOp.driverControllerButtonEvent_INFO [89.786505708] ##### button=A, pressed=false
FrcTeleOp.operatorControllerButtonEvent_INFO [90.9846801] ##### button=Y, pressed=false
FrcTeleOp.shoot_INFO [90.985525908] >>>>> Stop Auto Shoot.
TaskAutoShoot.cancel_INFO [90.990445735] Canceling auto task operation.
TaskAutoShoot.stopSubsystems_INFO [90.990831434] Stopping subsystems.
Shooter.LeftTransferMotor.cancel_INFO [90.991232977] Cancel: stopping motor.
Shooter.RightTransferMotor.cancel_INFO [91.000270016] Cancel: stopping motor.
Shooter.FeederMotor.cancel_INFO [91.002948213] Cancel: stopping motor.
Shooter.LeftShooter.disableGoalTracking_INFO [91.005352874] Disable Goal Tracking.
Shooter.LeftShooter.stopGoalTracking_INFO [91.005965373] Stop GoalTracking.
Shooter.LeftTiltMotor.cancel_INFO [91.006628158] Cancel: stopping motor.
Shooter.LeftPrimaryMotor.cancel_INFO [91.007105458] Cancel: stopping motor.
Shooter.RightShooter.disableGoalTracking_INFO [91.010168112] Disable Goal Tracking.
Shooter.RightShooter.stopGoalTracking_INFO [91.012313073] Stop GoalTracking.
Shooter.RightTiltMotor.cancel_INFO [91.012703823] Cancel: stopping motor.
Shooter.RightPrimaryMotor.cancel_INFO [91.013711938] Cancel: stopping motor.
Shooter.LeftShooter.cancel_INFO [91.016112485] owner=null
Shooter.LeftPrimaryMotor.cancel_INFO [91.01731807] Cancel: stopping motor.
Shooter.LeftTiltMotor.cancel_INFO [91.019265762] Cancel: stopping motor.
Shooter.RightShooter.cancel_INFO [91.019689533] owner=null
Shooter.RightPrimaryMotor.cancel_INFO [91.021523793] Cancel: stopping motor.
Shooter.RightTiltMotor.cancel_INFO [91.025658185] Cancel: stopping motor.
Shooter.LeftTransferMotor.cancel_INFO [91.027993824] Cancel: stopping motor.
Shooter.RightTransferMotor.cancel_INFO [91.02942049] Cancel: stopping motor.
Shooter.FeederMotor.cancel_INFO [91.031485385] Cancel: stopping motor.
FrcTeleOp.driverControllerButtonEvent_INFO [92.177963726] ##### button=A, pressed=true
FrcTeleOp.driverControllerButtonEvent_INFO [92.27948757] ##### button=A, pressed=false
FrcTeleOp.operatorControllerButtonEvent_INFO [92.73865081] ##### button=Y, pressed=true
FrcTeleOp.shoot_INFO [92.743944682] >>>>> Start Auto Shoot.
TaskAutoShoot.autoShoot_INFO [92.744911026] autoShoot(owner=null, event=null, taskParams=(autoStop=false, noPassback=false))
Shooter.setupGoalTrackingMode_INFO [92.745775361] GoalTracking(trackingMode=AllianceHub, goalPose=(x=-158.838583,y=469.110472,angle=180.000000), noPassback=false).
Shooter.LeftShooter.enableGoalTracking_INFO [92.746067099] Enable GoalTracking (trackingParams=(trackFlywheel=true,trackTiltPos=true,trackPanPos=true)).
Shooter.LeftPrimaryMotor.cancel_INFO [92.746871653] Cancel: stopping motor.
Shooter.LeftTiltMotor.cancel_INFO [92.747387727] Cancel: stopping motor.
Shooter.RightShooter.enableGoalTracking_INFO [92.748096308] Enable GoalTracking (trackingParams=(trackFlywheel=true,trackTiltPos=true,trackPanPos=true)).
Shooter.RightPrimaryMotor.cancel_INFO [92.749348758] Cancel: stopping motor.
Shooter.RightTiltMotor.cancel_INFO [92.749796023] Cancel: stopping motor.
TaskAutoShoot.autoTask_INFO [92.832566036] <Event name="StateInfo" time="92.832306811" tag="vvvvv" TaskAutoShoot.state="START" />
TaskAutoShoot.runTaskState_INFO [92.834396112] ***** Wait for left Shooter ready.
TaskAutoShoot.runTaskState_INFO [92.836713804] ***** Wait for right Shooter ready.
TaskAutoShoot.runTaskState_INFO [92.838350661] ***** Wait for Turret ready.
TaskAutoShoot.autoTask_INFO [92.841639252] <Event name="StateInfo" time="92.841403522" tag="^^^^^" TaskAutoShoot.state="START" />
TaskAutoShoot.autoTask_INFO [92.963329355] <Event name="StateInfo" time="92.963159343" tag="vvvvv" TaskAutoShoot.state="SHOOT" />
TaskAutoShoot.autoTask_INFO [92.966341611] <Event name="StateInfo" time="92.966168449" tag="^^^^^" TaskAutoShoot.state="SHOOT" />
TaskAutoShoot.autoTask_INFO [93.026463535] <Event name="StateInfo" time="93.026070826" tag="vvvvv" TaskAutoShoot.state="SHOOT" />
TaskAutoShoot.autoTask_INFO [93.027841257] <Event name="StateInfo" time="93.027597357" tag="^^^^^" TaskAutoShoot.state="SHOOT" />
TaskAutoShoot.autoTask_INFO [93.106123113] <Event name="StateInfo" time="93.104155335" tag="vvvvv" TaskAutoShoot.state="SHOOT" />
TaskAutoShoot.autoTask_INFO [93.107331421] <Event name="StateInfo" time="93.106365167" tag="^^^^^" TaskAutoShoot.state="SHOOT" />
TaskAutoShoot.autoTask_INFO [93.181134032] <Event name="StateInfo" time="93.180943581" tag="vvvvv" TaskAutoShoot.state="SHOOT" />
TaskAutoShoot.autoTask_INFO [93.186100456] <Event name="StateInfo" time="93.185914491" tag="^^^^^" TaskAutoShoot.state="SHOOT" />
TaskAutoShoot.autoTask_INFO [93.254589297] <Event name="StateInfo" time="93.25432642" tag="vvvvv" TaskAutoShoot.state="SHOOT" />
TaskAutoShoot.autoTask_INFO [93.257732514] <Event name="StateInfo" time="93.255730144" tag="^^^^^" TaskAutoShoot.state="SHOOT" />
TaskAutoShoot.autoTask_INFO [93.335583097] <Event name="StateInfo" time="93.332460976" tag="vvvvv" TaskAutoShoot.state="SHOOT" />
TaskAutoShoot.autoTask_INFO [93.338255094] <Event name="StateInfo" time="93.338055063" tag="^^^^^" TaskAutoShoot.state="SHOOT" />
TaskAutoShoot.autoTask_INFO [93.415440482] <Event name="StateInfo" time="93.415171116" tag="vvvvv" TaskAutoShoot.state="SHOOT" />
TaskAutoShoot.autoTask_INFO [93.416222616] <Event name="StateInfo" time="93.416047606" tag="^^^^^" TaskAutoShoot.state="SHOOT" />
FrcTeleOp.driverControllerButtonEvent_INFO [93.418196266] ##### button=RightBumper, pressed=true
FrcTeleOp.driverControllerButtonEvent_INFO [93.419223999] >>>>> Slow Drive
TaskAutoShoot.autoTask_INFO [93.481267332] <Event name="StateInfo" time="93.481099307" tag="vvvvv" TaskAutoShoot.state="SHOOT" />
TaskAutoShoot.autoTask_INFO [93.481619567] <Event name="StateInfo" time="93.481481784" tag="^^^^^" TaskAutoShoot.state="SHOOT" />
TaskAutoShoot.autoTask_INFO [93.555539829] <Event name="StateInfo" time="93.554812479" tag="vvvvv" TaskAutoShoot.state="SHOOT" />
TaskAutoShoot.autoTask_INFO [93.557221433] <Event name="StateInfo" time="93.556903509" tag="^^^^^" TaskAutoShoot.state="SHOOT" />
TaskAutoShoot.autoTask_INFO [93.628881733] <Event name="StateInfo" time="93.627792308" tag="vvvvv" TaskAutoShoot.state="SHOOT" />
TaskAutoShoot.autoTask_INFO [93.630677182] <Event name="StateInfo" time="93.629101277" tag="^^^^^" TaskAutoShoot.state="SHOOT" />
TaskAutoShoot.autoTask_INFO [93.693508594] <Event name="StateInfo" time="93.693078678" tag="vvvvv" TaskAutoShoot.state="SHOOT" />
TaskAutoShoot.autoTask_INFO [93.694331123] <Event name="StateInfo" time="93.693924556" tag="^^^^^" TaskAutoShoot.state="SHOOT" />
TaskAutoShoot.autoTask_INFO [93.786378588] <Event name="StateInfo" time="93.78510581" tag="vvvvv" TaskAutoShoot.state="SHOOT" />
TaskAutoShoot.autoTask_INFO [93.786836852] <Event name="StateInfo" time="93.78668504" tag="^^^^^" TaskAutoShoot.state="SHOOT" />
FrcTeleOp.driverControllerButtonEvent_INFO [93.791757964] ##### button=RightBumper, pressed=false
FrcTeleOp.driverControllerButtonEvent_INFO [93.79399148] >>>>> Normal Drive
TaskAutoShoot.autoTask_INFO [93.864296991] <Event name="StateInfo" time="93.864110848" tag="vvvvv" TaskAutoShoot.state="SHOOT" />
TaskAutoShoot.autoTask_INFO [93.872812058] <Event name="StateInfo" time="93.872373035" tag="^^^^^" TaskAutoShoot.state="SHOOT" />
Shooter.LeftShooter.goalTrackingTask_INFO [93.92780915] Shooter.LeftShooter is Ready: rpm1=5356.703726/5272.459782, rpm2=3323.320313/0.000000, tilt=27.107196/26.785525, pan=null/null
TaskAutoShoot.autoTask_INFO [93.961540248] <Event name="StateInfo" time="93.945844597" tag="vvvvv" TaskAutoShoot.state="SHOOT" />
TaskAutoShoot.autoTask_INFO [93.962345405] <Event name="StateInfo" time="93.961776298" tag="^^^^^" TaskAutoShoot.state="SHOOT" />
TaskAutoShoot.autoTask_INFO [94.034106731] <Event name="StateInfo" time="94.032539496" tag="vvvvv" TaskAutoShoot.state="SHOOT" />
TaskAutoShoot.autoTask_INFO [94.035882112] <Event name="StateInfo" time="94.03432712" tag="^^^^^" TaskAutoShoot.state="SHOOT" />
Shooter.RightShooter.goalTrackingTask_INFO [94.126643777] Shooter.RightShooter is Ready: rpm1=5174.405048/5228.859528, rpm2=3230.625000/0.000000, tilt=25.486561/24.556721, pan=null/null
TaskAutoShoot.autoTask_INFO [94.129005783] <Event name="StateInfo" time="94.128051753" tag="vvvvv" TaskAutoShoot.state="SHOOT" />
TaskAutoShoot.autoTask_INFO [94.130160538] <Event name="StateInfo" time="94.129948208" tag="^^^^^" TaskAutoShoot.state="SHOOT" />
TaskAutoShoot.autoTask_INFO [94.201029092] <Event name="StateInfo" time="94.200854917" tag="vvvvv" TaskAutoShoot.state="SHOOT" />
TaskAutoShoot.autoTask_INFO [94.203064006] <Event name="StateInfo" time="94.202886383" tag="^^^^^" TaskAutoShoot.state="SHOOT" />
TaskAutoShoot.autoTask_INFO [94.278145762] <Event name="StateInfo" time="94.277931903" tag="vvvvv" TaskAutoShoot.state="SHOOT" />
TaskAutoShoot.autoTask_INFO [94.27920599] <Event name="StateInfo" time="94.27873691" tag="^^^^^" TaskAutoShoot.state="SHOOT" />
TaskAutoShoot.autoTask_INFO [94.344623441] <Event name="StateInfo" time="94.343131082" tag="vvvvv" TaskAutoShoot.state="SHOOT" />
TaskAutoShoot.autoTask_INFO [94.346611749] <Event name="StateInfo" time="94.344848933" tag="^^^^^" TaskAutoShoot.state="SHOOT" />
TaskAutoShoot.autoTask_INFO [94.43226293] <Event name="StateInfo" time="94.432086338" tag="vvvvv" TaskAutoShoot.state="SHOOT" />
TaskAutoShoot.autoTask_INFO [94.43565881] <Event name="StateInfo" time="94.432463247" tag="^^^^^" TaskAutoShoot.state="SHOOT" />
TaskAutoShoot.autoTask_INFO [94.504676841] <Event name="StateInfo" time="94.504473995" tag="vvvvv" TaskAutoShoot.state="SHOOT" />
TaskAutoShoot.autoTask_INFO [94.516997544] <Event name="StateInfo" time="94.510973334" tag="^^^^^" TaskAutoShoot.state="SHOOT" />
TaskAutoShoot.autoTask_INFO [94.601091459] <Event name="StateInfo" time="94.600906145" tag="vvvvv" TaskAutoShoot.state="SHOOT" />
TaskAutoShoot.autoTask_INFO [94.608829099] <Event name="StateInfo" time="94.605106569" tag="^^^^^" TaskAutoShoot.state="SHOOT" />
TaskAutoShoot.autoTask_INFO [94.693054377] <Event name="StateInfo" time="94.692428819" tag="vvvvv" TaskAutoShoot.state="SHOOT" />
TaskAutoShoot.autoTask_INFO [94.697586046] <Event name="StateInfo" time="94.696782553" tag="^^^^^" TaskAutoShoot.state="SHOOT" />
TaskAutoShoot.autoTask_INFO [94.766439021] <Event name="StateInfo" time="94.766231583" tag="vvvvv" TaskAutoShoot.state="SHOOT" />
TaskAutoShoot.autoTask_INFO [94.768480782] <Event name="StateInfo" time="94.768288547" tag="^^^^^" TaskAutoShoot.state="SHOOT" />
TaskAutoShoot.autoTask_INFO [94.828053579] <Event name="StateInfo" time="94.827748255" tag="vvvvv" TaskAutoShoot.state="SHOOT" />
TaskAutoShoot.autoTask_INFO [94.829073556] <Event name="StateInfo" time="94.828889776" tag="^^^^^" TaskAutoShoot.state="SHOOT" />
Shooter.setupGoalTrackingMode_INFO [94.84011756] GoalTracking(trackingMode=AllianceHub, goalPose=(x=-158.838583,y=469.110472,angle=180.000000), noPassback=false).
TaskAutoShoot.autoTask_INFO [94.920688995] <Event name="StateInfo" time="94.920443865" tag="vvvvv" TaskAutoShoot.state="SHOOT" />
TaskAutoShoot.autoTask_INFO [94.921692516] <Event name="StateInfo" time="94.921508221" tag="^^^^^" TaskAutoShoot.state="SHOOT" />
TaskAutoShoot.autoTask_INFO [95.01222451] <Event name="StateInfo" time="95.01162138" tag="vvvvv" TaskAutoShoot.state="SHOOT" />
TaskAutoShoot.autoTask_INFO [95.021053711] <Event name="StateInfo" time="95.016927884" tag="^^^^^" TaskAutoShoot.state="SHOOT" />
TaskAutoShoot.autoTask_INFO [95.092942476] <Event name="StateInfo" time="95.092544586" tag="vvvvv" TaskAutoShoot.state="SHOOT" />
TaskAutoShoot.autoTask_INFO [95.093540037] <Event name="StateInfo" time="95.093366783" tag="^^^^^" TaskAutoShoot.state="SHOOT" />
TaskAutoShoot.autoTask_INFO [95.172684038] <Event name="StateInfo" time="95.171787449" tag="vvvvv" TaskAutoShoot.state="SHOOT" />
TaskAutoShoot.autoTask_INFO [95.175599789] <Event name="StateInfo" time="95.175405663" tag="^^^^^" TaskAutoShoot.state="SHOOT" />
TaskAutoShoot.autoTask_INFO [95.248096311] <Event name="StateInfo" time="95.247086571" tag="vvvvv" TaskAutoShoot.state="SHOOT" />
TaskAutoShoot.autoTask_INFO [95.249050842] <Event name="StateInfo" time="95.248868326" tag="^^^^^" TaskAutoShoot.state="SHOOT" />
TaskAutoShoot.autoTask_INFO [95.319132509] <Event name="StateInfo" time="95.318751541" tag="vvvvv" TaskAutoShoot.state="SHOOT" />
TaskAutoShoot.autoTask_INFO [95.319938466] <Event name="StateInfo" time="95.319755307" tag="^^^^^" TaskAutoShoot.state="SHOOT" />
TaskAutoShoot.autoTask_INFO [95.389102341] <Event name="StateInfo" time="95.388927729" tag="vvvvv" TaskAutoShoot.state="SHOOT" />
TaskAutoShoot.autoTask_INFO [95.402060273] <Event name="StateInfo" time="95.389292379" tag="^^^^^" TaskAutoShoot.state="SHOOT" />
TaskAutoShoot.autoTask_INFO [95.476622907] <Event name="StateInfo" time="95.476439423" tag="vvvvv" TaskAutoShoot.state="SHOOT" />
TaskAutoShoot.autoTask_INFO [95.477058244] <Event name="StateInfo" time="95.476820395" tag="^^^^^" TaskAutoShoot.state="SHOOT" />
TaskAutoShoot.autoTask_INFO [95.557699672] <Event name="StateInfo" time="95.557509222" tag="vvvvv" TaskAutoShoot.state="SHOOT" />
TaskAutoShoot.autoTask_INFO [95.559162608] <Event name="StateInfo" time="95.558995365" tag="^^^^^" TaskAutoShoot.state="SHOOT" />
TaskAutoShoot.autoTask_INFO [95.640488712] <Event name="StateInfo" time="95.638809062" tag="vvvvv" TaskAutoShoot.state="SHOOT" />
TaskAutoShoot.autoTask_INFO [95.641792597] <Event name="StateInfo" time="95.640976461" tag="^^^^^" TaskAutoShoot.state="SHOOT" />
TaskAutoShoot.autoTask_INFO [95.707531513] <Event name="StateInfo" time="95.707355747" tag="vvvvv" TaskAutoShoot.state="SHOOT" />
TaskAutoShoot.autoTask_INFO [95.708098924] <Event name="StateInfo" time="95.707956924" tag="^^^^^" TaskAutoShoot.state="SHOOT" />
FrcTeleOp.driverControllerButtonEvent_INFO [95.713704738] ##### button=RightBumper, pressed=true
FrcTeleOp.driverControllerButtonEvent_INFO [95.715701249] >>>>> Slow Drive
TaskAutoShoot.autoTask_INFO [95.799682572] <Event name="StateInfo" time="95.799523604" tag="vvvvv" TaskAutoShoot.state="SHOOT" />
TaskAutoShoot.autoTask_INFO [95.80013758] <Event name="StateInfo" time="95.799878186" tag="^^^^^" TaskAutoShoot.state="SHOOT" />
TaskAutoShoot.autoTask_INFO [95.864622066] <Event name="StateInfo" time="95.864330113" tag="vvvvv" TaskAutoShoot.state="SHOOT" />
TaskAutoShoot.autoTask_INFO [95.869671791] <Event name="StateInfo" time="95.869438089" tag="^^^^^" TaskAutoShoot.state="SHOOT" />
FrcTeleOp.driverControllerButtonEvent_INFO [95.876465995] ##### button=RightBumper, pressed=false
FrcTeleOp.driverControllerButtonEvent_INFO [95.879377345] >>>>> Normal Drive
TaskAutoShoot.autoTask_INFO [95.95188454] <Event name="StateInfo" time="95.950726672" tag="vvvvv" TaskAutoShoot.state="SHOOT" />
TaskAutoShoot.autoTask_INFO [95.957500706] <Event name="StateInfo" time="95.956747508" tag="^^^^^" TaskAutoShoot.state="SHOOT" />
TaskAutoShoot.autoTask_INFO [96.035873142] <Event name="StateInfo" time="96.035694109" tag="vvvvv" TaskAutoShoot.state="SHOOT" />
TaskAutoShoot.autoTask_INFO [96.0415008] <Event name="StateInfo" time="96.040809573" tag="^^^^^" TaskAutoShoot.state="SHOOT" />
FrcTeleOp.operatorControllerButtonEvent_INFO [96.045595297] ##### button=Y, pressed=false
FrcTeleOp.shoot_INFO [96.04906813] >>>>> Stop Auto Shoot.
TaskAutoShoot.cancel_INFO [96.053508259] Canceling auto task operation.
TaskAutoShoot.stopSubsystems_INFO [96.055494028] Stopping subsystems.
Shooter.LeftTransferMotor.cancel_INFO [96.056925158] Cancel: stopping motor.
Shooter.RightTransferMotor.cancel_INFO [96.058568756] Cancel: stopping motor.
Shooter.FeederMotor.cancel_INFO [96.059469206] Cancel: stopping motor.
Shooter.LeftShooter.disableGoalTracking_INFO [96.064506495] Disable Goal Tracking.
Shooter.LeftShooter.stopGoalTracking_INFO [96.066167758] Stop GoalTracking.
Shooter.LeftTiltMotor.cancel_INFO [96.067145426] Cancel: stopping motor.
Shooter.LeftPrimaryMotor.cancel_INFO [96.068679204] Cancel: stopping motor.
Shooter.RightShooter.disableGoalTracking_INFO [96.076329486] Disable Goal Tracking.
Shooter.RightShooter.stopGoalTracking_INFO [96.085547828] Stop GoalTracking.
Shooter.RightTiltMotor.cancel_INFO [96.094329604] Cancel: stopping motor.
Shooter.RightPrimaryMotor.cancel_INFO [96.100166242] Cancel: stopping motor.
Shooter.LeftShooter.cancel_INFO [96.102326766] owner=null
Shooter.LeftPrimaryMotor.cancel_INFO [96.104615575] Cancel: stopping motor.
Shooter.LeftTiltMotor.cancel_INFO [96.108432334] Cancel: stopping motor.
Shooter.RightShooter.cancel_INFO [96.110731416] owner=null
Shooter.RightPrimaryMotor.cancel_INFO [96.11954159] Cancel: stopping motor.
Shooter.RightTiltMotor.cancel_INFO [96.124899678] Cancel: stopping motor.
Shooter.LeftTransferMotor.cancel_INFO [96.126408673] Cancel: stopping motor.
Shooter.RightTransferMotor.cancel_INFO [96.128612372] Cancel: stopping motor.
Shooter.FeederMotor.cancel_INFO [96.130874801] Cancel: stopping motor.
FrcTeleOp.operatorControllerButtonEvent_INFO [96.237019527] ##### button=Y, pressed=true
FrcTeleOp.shoot_INFO [96.238202141] >>>>> Start Auto Shoot.
TaskAutoShoot.autoShoot_INFO [96.239745059] autoShoot(owner=null, event=null, taskParams=(autoStop=false, noPassback=false))
Shooter.setupGoalTrackingMode_INFO [96.240953358] GoalTracking(trackingMode=AllianceHub, goalPose=(x=-158.838583,y=469.110472,angle=180.000000), noPassback=false).
Shooter.LeftShooter.enableGoalTracking_INFO [96.24223187] Enable GoalTracking (trackingParams=(trackFlywheel=true,trackTiltPos=true,trackPanPos=true)).
Shooter.LeftPrimaryMotor.cancel_INFO [96.244367432] Cancel: stopping motor.
Shooter.LeftTiltMotor.cancel_INFO [96.246140409] Cancel: stopping motor.
Shooter.RightShooter.enableGoalTracking_INFO [96.247131318] Enable GoalTracking (trackingParams=(trackFlywheel=true,trackTiltPos=true,trackPanPos=true)).
Shooter.RightPrimaryMotor.cancel_INFO [96.247957746] Cancel: stopping motor.
Shooter.RightTiltMotor.cancel_INFO [96.249083716] Cancel: stopping motor.
TaskAutoShoot.autoTask_INFO [96.318271893] <Event name="StateInfo" time="96.318090651" tag="vvvvv" TaskAutoShoot.state="START" />
TaskAutoShoot.runTaskState_INFO [96.321522499] ***** Wait for left Shooter ready.
TaskAutoShoot.runTaskState_INFO [96.322715366] ***** Wait for right Shooter ready.
TaskAutoShoot.runTaskState_INFO [96.324513232] ***** Wait for Turret ready.
TaskAutoShoot.autoTask_INFO [96.328274073] <Event name="StateInfo" time="96.328072637" tag="^^^^^" TaskAutoShoot.state="START" />
Shooter.TurretMotor.pidCtrlTask_INFO [96.360285551] controlMode: Position,onTarget=true(132.10071193817322/132.4252278852135), stalled=false, expired=false, event=(TaskAutoShoot.turretReady=SIGNALED)
TaskAutoShoot.autoTask_INFO [96.403711892] <Event name="StateInfo" time="96.403520755" tag="vvvvv" TaskAutoShoot.state="SHOOT" />
TaskAutoShoot.autoTask_INFO [96.404428154] <Event name="StateInfo" time="96.404114559" tag="^^^^^" TaskAutoShoot.state="SHOOT" />
TaskAutoShoot.autoTask_INFO [96.478092137] <Event name="StateInfo" time="96.477927832" tag="vvvvv" TaskAutoShoot.state="SHOOT" />
TaskAutoShoot.autoTask_INFO [96.478412927] <Event name="StateInfo" time="96.478266518" tag="^^^^^" TaskAutoShoot.state="SHOOT" />
Shooter.LeftShooter.goalTrackingTask_INFO [96.534430405] Shooter.LeftShooter is Ready: rpm1=5344.020433/5275.645425, rpm2=3274.687500/0.000000, tilt=26.553806/26.810768, pan=null/null
Shooter.RightShooter.goalTrackingTask_INFO [96.56060947] Shooter.RightShooter is Ready: rpm1=5600.715144/5637.082145, rpm2=3517.265625/0.000000, tilt=26.514278/26.810768, pan=null/null
TaskAutoShoot.autoTask_INFO [96.560979485] <Event name="StateInfo" time="96.560813417" tag="vvvvv" TaskAutoShoot.state="SHOOT" />
TaskAutoShoot.runTaskState_INFO [96.564128807] ***** Start left shooter shooting.
Shooter.shoot_INFO [96.565747934] shoot(owner=null, event=(TaskAutoShoot.leftShooterDone=CLEARED), shooter=leftShooter, autoStop=false)
Shooter.LeftTransferMotor.cancel_INFO [96.566268273] Cancel: stopping motor.
TaskAutoShoot.runTaskState_INFO [96.567489513] ***** Start right shooter shooting.
Shooter.shoot_INFO [96.567905149] shoot(owner=null, event=(TaskAutoShoot.rightShooterDone=CLEARED), shooter=rightShooter, autoStop=false)
Shooter.RightTransferMotor.cancel_INFO [96.568535426] Cancel: stopping motor.
TaskAutoShoot.autoTask_INFO [96.577974349] <Event name="StateInfo" time="96.577765868" tag="^^^^^" TaskAutoShoot.state="SHOOT" />
FrcTeleOp.operatorControllerButtonEvent_INFO [102.096136634] ##### button=Y, pressed=false
FrcTeleOp.shoot_INFO [102.104424554] >>>>> Stop Auto Shoot.
TaskAutoShoot.cancel_INFO [102.10895484] Canceling auto task operation.
TaskAutoShoot.stopSubsystems_INFO [102.10956489] Stopping subsystems.
Shooter.LeftTransferMotor.cancel_INFO [102.113431228] Cancel: stopping motor.
Shooter.RightTransferMotor.cancel_INFO [102.113898485] Cancel: stopping motor.
Shooter.FeederMotor.cancel_INFO [102.114237958] Cancel: stopping motor.
Shooter.LeftShooter.disableGoalTracking_INFO [102.114875608] Disable Goal Tracking.
Shooter.LeftShooter.stopGoalTracking_INFO [102.115136343] Stop GoalTracking.
Shooter.LeftTiltMotor.cancel_INFO [102.115595827] Cancel: stopping motor.
Shooter.LeftPrimaryMotor.cancel_INFO [102.116196411] Cancel: stopping motor.
Shooter.RightShooter.disableGoalTracking_INFO [102.122178517] Disable Goal Tracking.
Shooter.RightShooter.stopGoalTracking_INFO [102.122487944] Stop GoalTracking.
Shooter.RightTiltMotor.cancel_INFO [102.128107849] Cancel: stopping motor.
Shooter.RightPrimaryMotor.cancel_INFO [102.129959355] Cancel: stopping motor.
Shooter.LeftShooter.cancel_INFO [102.130483872] owner=null
Shooter.LeftPrimaryMotor.cancel_INFO [102.133594942] Cancel: stopping motor.
Shooter.LeftTiltMotor.cancel_INFO [102.13408576] Cancel: stopping motor.
Shooter.RightShooter.cancel_INFO [102.138306719] owner=null
Shooter.RightPrimaryMotor.cancel_INFO [102.139986176] Cancel: stopping motor.
Shooter.RightTiltMotor.cancel_INFO [102.140413127] Cancel: stopping motor.
Shooter.LeftTransferMotor.cancel_INFO [102.143724765] Cancel: stopping motor.
Shooter.RightTransferMotor.cancel_INFO [102.145354072] Cancel: stopping motor.
Shooter.FeederMotor.cancel_INFO [102.149491785] Cancel: stopping motor.
Climber.Motor.isMotorStalled_INFO [102.185414236] Stall detection triggered.
Climber.Motor.checkStallReset_INFO [102.187127573] Resetting stall.
FrcTeleOp.operatorControllerButtonEvent_INFO [102.252112025] ##### button=Y, pressed=true
FrcTeleOp.shoot_INFO [102.253215723] >>>>> Start Auto Shoot.
TaskAutoShoot.autoShoot_INFO [102.254211001] autoShoot(owner=null, event=null, taskParams=(autoStop=false, noPassback=false))
Shooter.setupGoalTrackingMode_INFO [102.262259101] GoalTracking(trackingMode=AllianceHub, goalPose=(x=-158.838583,y=469.110472,angle=180.000000), noPassback=false).
Shooter.LeftShooter.enableGoalTracking_INFO [102.263263148] Enable GoalTracking (trackingParams=(trackFlywheel=true,trackTiltPos=true,trackPanPos=true)).
Shooter.LeftPrimaryMotor.cancel_INFO [102.264126421] Cancel: stopping motor.
Shooter.LeftTiltMotor.cancel_INFO [102.266369994] Cancel: stopping motor.
Shooter.RightShooter.enableGoalTracking_INFO [102.267606802] Enable GoalTracking (trackingParams=(trackFlywheel=true,trackTiltPos=true,trackPanPos=true)).
Shooter.RightPrimaryMotor.cancel_INFO [102.269366214] Cancel: stopping motor.
Shooter.RightTiltMotor.cancel_INFO [102.270341823] Cancel: stopping motor.
TaskAutoShoot.autoTask_INFO [102.357605262] <Event name="StateInfo" time="102.357384201" tag="vvvvv" TaskAutoShoot.state="START" />
TaskAutoShoot.runTaskState_INFO [102.358553414] ***** Wait for left Shooter ready.
TaskAutoShoot.runTaskState_INFO [102.359014173] ***** Wait for right Shooter ready.
TaskAutoShoot.runTaskState_INFO [102.362027086] ***** Wait for Turret ready.
TaskAutoShoot.autoTask_INFO [102.362749812] <Event name="StateInfo" time="102.362533939" tag="^^^^^" TaskAutoShoot.state="START" />
Shooter.TurretMotor.pidCtrlTask_INFO [102.418066582] controlMode: Position,onTarget=true(52.468848013470875/49.88681859137874), stalled=false, expired=false, event=(TaskAutoShoot.turretReady=SIGNALED)
Shooter.LeftShooter.goalTrackingTask_INFO [102.438537906] Shooter.LeftShooter is Ready: rpm1=5507.578125/5574.979980, rpm2=3418.476563/0.000000, tilt=28.688311/29.334333, pan=null/null
Shooter.RightShooter.goalTrackingTask_INFO [102.457327931] Shooter.RightShooter is Ready: rpm1=5485.808293/5571.897252, rpm2=3312.187500/0.000000, tilt=28.727839/29.334333, pan=null/null
TaskAutoShoot.autoTask_INFO [102.45774369] <Event name="StateInfo" time="102.45759993" tag="vvvvv" TaskAutoShoot.state="SHOOT" />
TaskAutoShoot.runTaskState_INFO [102.457939389] ***** Start left shooter shooting.
Shooter.shoot_INFO [102.46183199] shoot(owner=null, event=(TaskAutoShoot.leftShooterDone=CLEARED), shooter=leftShooter, autoStop=false)
Shooter.LeftTransferMotor.cancel_INFO [102.464104733] Cancel: stopping motor.
TaskAutoShoot.runTaskState_INFO [102.470034967] ***** Start right shooter shooting.
Shooter.shoot_INFO [102.470452045] shoot(owner=null, event=(TaskAutoShoot.rightShooterDone=CLEARED), shooter=rightShooter, autoStop=false)
Shooter.RightTransferMotor.cancel_INFO [102.471361539] Cancel: stopping motor.
TaskAutoShoot.autoTask_INFO [102.472136354] <Event name="StateInfo" time="102.471829841" tag="^^^^^" TaskAutoShoot.state="SHOOT" />
Shooter.setupGoalTrackingMode_INFO [107.939503482] GoalTracking(trackingMode=AllianceHub, goalPose=(x=-158.838583,y=469.110472,angle=180.000000), noPassback=false).
FrcTeleOp.operatorControllerButtonEvent_INFO [108.445069701] ##### button=Y, pressed=false
FrcTeleOp.shoot_INFO [108.449716854] >>>>> Stop Auto Shoot.
TaskAutoShoot.cancel_INFO [108.450729898] Canceling auto task operation.
TaskAutoShoot.stopSubsystems_INFO [108.45165385] Stopping subsystems.
Shooter.LeftTransferMotor.cancel_INFO [108.456641585] Cancel: stopping motor.
Shooter.RightTransferMotor.cancel_INFO [108.458039221] Cancel: stopping motor.
Shooter.FeederMotor.cancel_INFO [108.459455191] Cancel: stopping motor.
Shooter.LeftShooter.disableGoalTracking_INFO [108.46051006] Disable Goal Tracking.
Shooter.LeftShooter.stopGoalTracking_INFO [108.461225371] Stop GoalTracking.
Shooter.LeftTiltMotor.cancel_INFO [108.462363972] Cancel: stopping motor.
Shooter.LeftPrimaryMotor.cancel_INFO [108.463913039] Cancel: stopping motor.
Shooter.RightShooter.disableGoalTracking_INFO [108.467784772] Disable Goal Tracking.
Shooter.RightShooter.stopGoalTracking_INFO [108.470056425] Stop GoalTracking.
Shooter.RightTiltMotor.cancel_INFO [108.47271454] Cancel: stopping motor.
Shooter.RightPrimaryMotor.cancel_INFO [108.473878353] Cancel: stopping motor.
Shooter.LeftShooter.cancel_INFO [108.47738434] owner=null
Shooter.LeftPrimaryMotor.cancel_INFO [108.478453679] Cancel: stopping motor.
Shooter.LeftTiltMotor.cancel_INFO [108.479842023] Cancel: stopping motor.
Shooter.RightShooter.cancel_INFO [108.480675597] owner=null
Shooter.RightPrimaryMotor.cancel_INFO [108.48152669] Cancel: stopping motor.
Shooter.RightTiltMotor.cancel_INFO [108.482367853] Cancel: stopping motor.
Shooter.LeftTransferMotor.cancel_INFO [108.483631275] Cancel: stopping motor.
Shooter.RightTransferMotor.cancel_INFO [108.484742542] Cancel: stopping motor.
Shooter.FeederMotor.cancel_INFO [108.488231129] Cancel: stopping motor.
FrcTeleOp.operatorControllerButtonEvent_INFO [109.768279677] ##### button=Y, pressed=true
FrcTeleOp.shoot_INFO [109.769596808] >>>>> Start Auto Shoot.
TaskAutoShoot.autoShoot_INFO [109.77042686] autoShoot(owner=null, event=null, taskParams=(autoStop=false, noPassback=false))
Shooter.setupGoalTrackingMode_INFO [109.77278512] GoalTracking(trackingMode=AllianceHub, goalPose=(x=-158.838583,y=469.110472,angle=180.000000), noPassback=false).
Shooter.LeftShooter.enableGoalTracking_INFO [109.773781928] Enable GoalTracking (trackingParams=(trackFlywheel=true,trackTiltPos=true,trackPanPos=true)).
Shooter.LeftPrimaryMotor.cancel_INFO [109.774868563] Cancel: stopping motor.
Shooter.LeftTiltMotor.cancel_INFO [109.776814243] Cancel: stopping motor.
Shooter.RightShooter.enableGoalTracking_INFO [109.778211377] Enable GoalTracking (trackingParams=(trackFlywheel=true,trackTiltPos=true,trackPanPos=true)).
Shooter.RightPrimaryMotor.cancel_INFO [109.779423299] Cancel: stopping motor.
Shooter.RightTiltMotor.cancel_INFO [109.780789079] Cancel: stopping motor.
TaskAutoShoot.autoTask_INFO [109.863168421] <Event name="StateInfo" time="109.862906463" tag="vvvvv" TaskAutoShoot.state="START" />
TaskAutoShoot.runTaskState_INFO [109.864194778] ***** Wait for left Shooter ready.
TaskAutoShoot.runTaskState_INFO [109.865445434] ***** Wait for right Shooter ready.
TaskAutoShoot.runTaskState_INFO [109.868706044] ***** Wait for Turret ready.
TaskAutoShoot.autoTask_INFO [109.871014138] <Event name="StateInfo" time="109.870764123" tag="^^^^^" TaskAutoShoot.state="START" />
TaskAutoShoot.autoTask_INFO [110.000213322] <Event name="StateInfo" time="110.000013871" tag="vvvvv" TaskAutoShoot.state="SHOOT" />
TaskAutoShoot.autoTask_INFO [110.001131225] <Event name="StateInfo" time="110.000635095" tag="^^^^^" TaskAutoShoot.state="SHOOT" />
TaskAutoShoot.autoTask_INFO [110.071032237] <Event name="StateInfo" time="110.070800677" tag="vvvvv" TaskAutoShoot.state="SHOOT" />
TaskAutoShoot.autoTask_INFO [110.07557358] <Event name="StateInfo" time="110.075383412" tag="^^^^^" TaskAutoShoot.state="SHOOT" />
TaskAutoShoot.autoTask_INFO [110.15398571] <Event name="StateInfo" time="110.15374609" tag="vvvvv" TaskAutoShoot.state="SHOOT" />
TaskAutoShoot.autoTask_INFO [110.15519969] <Event name="StateInfo" time="110.154420338" tag="^^^^^" TaskAutoShoot.state="SHOOT" />
TaskAutoShoot.autoTask_INFO [110.225904185] <Event name="StateInfo" time="110.22571695" tag="vvvvv" TaskAutoShoot.state="SHOOT" />
TaskAutoShoot.autoTask_INFO [110.227119722] <Event name="StateInfo" time="110.226930307" tag="^^^^^" TaskAutoShoot.state="SHOOT" />
TaskAutoShoot.autoTask_INFO [110.298244561] <Event name="StateInfo" time="110.29808123" tag="vvvvv" TaskAutoShoot.state="SHOOT" />
TaskAutoShoot.autoTask_INFO [110.298904448] <Event name="StateInfo" time="110.298724642" tag="^^^^^" TaskAutoShoot.state="SHOOT" />
TaskAutoShoot.autoTask_INFO [110.366646476] <Event name="StateInfo" time="110.366370566" tag="vvvvv" TaskAutoShoot.state="SHOOT" />
TaskAutoShoot.autoTask_INFO [110.368429551] <Event name="StateInfo" time="110.367837836" tag="^^^^^" TaskAutoShoot.state="SHOOT" />
TaskAutoShoot.autoTask_INFO [110.455772688] <Event name="StateInfo" time="110.455411735" tag="vvvvv" TaskAutoShoot.state="SHOOT" />
TaskAutoShoot.autoTask_INFO [110.462199768] <Event name="StateInfo" time="110.461693232" tag="^^^^^" TaskAutoShoot.state="SHOOT" />
FrcTeleOp.operatorControllerButtonEvent_INFO [110.467329263] ##### button=Y, pressed=false
FrcTeleOp.shoot_INFO [110.478059026] >>>>> Stop Auto Shoot.
TaskAutoShoot.cancel_INFO [110.479552705] Canceling auto task operation.
TaskAutoShoot.stopSubsystems_INFO [110.481193775] Stopping subsystems.
Shooter.LeftTransferMotor.cancel_INFO [110.483085995] Cancel: stopping motor.
Shooter.RightTransferMotor.cancel_INFO [110.484574807] Cancel: stopping motor.
Shooter.FeederMotor.cancel_INFO [110.485665016] Cancel: stopping motor.
Shooter.LeftShooter.disableGoalTracking_INFO [110.486777587] Disable Goal Tracking.
Shooter.LeftShooter.stopGoalTracking_INFO [110.487784558] Stop GoalTracking.
Shooter.LeftTiltMotor.cancel_INFO [110.489021126] Cancel: stopping motor.
Shooter.LeftPrimaryMotor.cancel_INFO [110.491285073] Cancel: stopping motor.
Shooter.RightShooter.disableGoalTracking_INFO [110.492790376] Disable Goal Tracking.
Shooter.RightShooter.stopGoalTracking_INFO [110.494541008] Stop GoalTracking.
Shooter.RightTiltMotor.cancel_INFO [110.496292343] Cancel: stopping motor.
Shooter.RightPrimaryMotor.cancel_INFO [110.500859571] Cancel: stopping motor.
Shooter.LeftShooter.cancel_INFO [110.501829974] owner=null
Shooter.LeftPrimaryMotor.cancel_INFO [110.502641417] Cancel: stopping motor.
Shooter.LeftTiltMotor.cancel_INFO [110.503676285] Cancel: stopping motor.
Shooter.RightShooter.cancel_INFO [110.504684599] owner=null
Shooter.RightPrimaryMotor.cancel_INFO [110.506173386] Cancel: stopping motor.
Shooter.RightTiltMotor.cancel_INFO [110.511180755] Cancel: stopping motor.
Shooter.LeftTransferMotor.cancel_INFO [110.512202823] Cancel: stopping motor.
Shooter.RightTransferMotor.cancel_INFO [110.513160621] Cancel: stopping motor.
Shooter.FeederMotor.cancel_INFO [110.513881286] Cancel: stopping motor.
FrcTeleOp.operatorControllerButtonEvent_INFO [110.622673565] ##### button=Y, pressed=true
FrcTeleOp.shoot_INFO [110.623818056] >>>>> Start Auto Shoot.
TaskAutoShoot.autoShoot_INFO [110.62501945] autoShoot(owner=null, event=null, taskParams=(autoStop=false, noPassback=false))
Shooter.setupGoalTrackingMode_INFO [110.626310938] GoalTracking(trackingMode=AllianceHub, goalPose=(x=-158.838583,y=469.110472,angle=180.000000), noPassback=false).
Shooter.LeftShooter.enableGoalTracking_INFO [110.627132569] Enable GoalTracking (trackingParams=(trackFlywheel=true,trackTiltPos=true,trackPanPos=true)).
Shooter.LeftPrimaryMotor.cancel_INFO [110.627493589] Cancel: stopping motor.
Shooter.LeftTiltMotor.cancel_INFO [110.629056679] Cancel: stopping motor.
Shooter.RightShooter.enableGoalTracking_INFO [110.630128678] Enable GoalTracking (trackingParams=(trackFlywheel=true,trackTiltPos=true,trackPanPos=true)).
Shooter.RightPrimaryMotor.cancel_INFO [110.632521861] Cancel: stopping motor.
Shooter.RightTiltMotor.cancel_INFO [110.63293482] Cancel: stopping motor.
TaskAutoShoot.autoTask_INFO [110.707383678] <Event name="StateInfo" time="110.70711554" tag="vvvvv" TaskAutoShoot.state="START" />
TaskAutoShoot.runTaskState_INFO [110.70822083] ***** Wait for left Shooter ready.
TaskAutoShoot.runTaskState_INFO [110.710699684] ***** Wait for right Shooter ready.
TaskAutoShoot.runTaskState_INFO [110.712500965] ***** Wait for Turret ready.
TaskAutoShoot.autoTask_INFO [110.714100971] <Event name="StateInfo" time="110.713246728" tag="^^^^^" TaskAutoShoot.state="START" />
TaskAutoShoot.autoTask_INFO [110.865360524] <Event name="StateInfo" time="110.865170617" tag="vvvvv" TaskAutoShoot.state="SHOOT" />
TaskAutoShoot.autoTask_INFO [110.866408348] <Event name="StateInfo" time="110.86605096" tag="^^^^^" TaskAutoShoot.state="SHOOT" />
Shooter.setupGoalTrackingMode_INFO [110.877536019] GoalTracking(trackingMode=AllianceHub, goalPose=(x=-158.838583,y=469.110472,angle=180.000000), noPassback=false).
Shooter.LeftShooter.goalTrackingTask_INFO [110.925656823] Shooter.LeftShooter is Ready: rpm1=5406.868990/5401.311117, rpm2=3320.039063/0.000000, tilt=27.660586/27.831711, pan=null/null
TaskAutoShoot.autoTask_INFO [110.952659392] <Event name="StateInfo" time="110.952483449" tag="vvvvv" TaskAutoShoot.state="SHOOT" />
TaskAutoShoot.autoTask_INFO [110.955202693] <Event name="StateInfo" time="110.953815248" tag="^^^^^" TaskAutoShoot.state="SHOOT" />
TaskAutoShoot.autoTask_INFO [111.028666353] <Event name="StateInfo" time="111.028480641" tag="vvvvv" TaskAutoShoot.state="SHOOT" />
TaskAutoShoot.autoTask_INFO [111.029941764] <Event name="StateInfo" time="111.029748778" tag="^^^^^" TaskAutoShoot.state="SHOOT" />
TaskAutoShoot.autoTask_INFO [111.106827027] <Event name="StateInfo" time="111.106643935" tag="vvvvv" TaskAutoShoot.state="SHOOT" />
TaskAutoShoot.autoTask_INFO [111.108681016] <Event name="StateInfo" time="111.108490343" tag="^^^^^" TaskAutoShoot.state="SHOOT" />
TaskAutoShoot.autoTask_INFO [111.185664548] <Event name="StateInfo" time="111.18537407" tag="vvvvv" TaskAutoShoot.state="SHOOT" />
TaskAutoShoot.autoTask_INFO [111.186622215] <Event name="StateInfo" time="111.18644047" tag="^^^^^" TaskAutoShoot.state="SHOOT" />
TaskAutoShoot.autoTask_INFO [111.269278542] <Event name="StateInfo" time="111.268891039" tag="vvvvv" TaskAutoShoot.state="SHOOT" />
TaskAutoShoot.autoTask_INFO [111.270927222] <Event name="StateInfo" time="111.270727205" tag="^^^^^" TaskAutoShoot.state="SHOOT" />
Shooter.RightShooter.goalTrackingTask_INFO [111.336510147] Shooter.RightShooter is Ready: rpm1=5261.295072/5288.856227, rpm2=3789.609375/0.000000, tilt=26.790973/27.301153, pan=null/null
TaskAutoShoot.autoTask_INFO [111.337610992] <Event name="StateInfo" time="111.337353276" tag="vvvvv" TaskAutoShoot.state="SHOOT" />
TaskAutoShoot.autoTask_INFO [111.339616358] <Event name="StateInfo" time="111.338810644" tag="^^^^^" TaskAutoShoot.state="SHOOT" />
TaskAutoShoot.autoTask_INFO [111.442580713] <Event name="StateInfo" time="111.442098223" tag="vvvvv" TaskAutoShoot.state="SHOOT" />
TaskAutoShoot.autoTask_INFO [111.44411612] <Event name="StateInfo" time="111.443313407" tag="^^^^^" TaskAutoShoot.state="SHOOT" />
TaskAutoShoot.autoTask_INFO [111.513894044] <Event name="StateInfo" time="111.512129333" tag="vvvvv" TaskAutoShoot.state="SHOOT" />
TaskAutoShoot.autoTask_INFO [111.515709395] <Event name="StateInfo" time="111.51549105" tag="^^^^^" TaskAutoShoot.state="SHOOT" />
TaskAutoShoot.autoTask_INFO [111.596141425] <Event name="StateInfo" time="111.595936232" tag="vvvvv" TaskAutoShoot.state="SHOOT" />
TaskAutoShoot.autoTask_INFO [111.599228014] <Event name="StateInfo" time="111.597633911" tag="^^^^^" TaskAutoShoot.state="SHOOT" />
TaskAutoShoot.autoTask_INFO [111.670681099] <Event name="StateInfo" time="111.670486627" tag="vvvvv" TaskAutoShoot.state="SHOOT" />
TaskAutoShoot.autoTask_INFO [111.678145395] <Event name="StateInfo" time="111.671094547" tag="^^^^^" TaskAutoShoot.state="SHOOT" />
TaskAutoShoot.autoTask_INFO [111.747663593] <Event name="StateInfo" time="111.74745561" tag="vvvvv" TaskAutoShoot.state="SHOOT" />
TaskAutoShoot.autoTask_INFO [111.748977911] <Event name="StateInfo" time="111.748514898" tag="^^^^^" TaskAutoShoot.state="SHOOT" />
TaskAutoShoot.autoTask_INFO [111.827618249] <Event name="StateInfo" time="111.827314093" tag="vvvvv" TaskAutoShoot.state="SHOOT" />
TaskAutoShoot.autoTask_INFO [111.829264171] <Event name="StateInfo" time="111.82850108" tag="^^^^^" TaskAutoShoot.state="SHOOT" />
TaskAutoShoot.autoTask_INFO [111.900421818] <Event name="StateInfo" time="111.900230409" tag="vvvvv" TaskAutoShoot.state="SHOOT" />
TaskAutoShoot.autoTask_INFO [111.907677598] <Event name="StateInfo" time="111.906641276" tag="^^^^^" TaskAutoShoot.state="SHOOT" />
TaskAutoShoot.autoTask_INFO [111.99084002] <Event name="StateInfo" time="111.990639934" tag="vvvvv" TaskAutoShoot.state="SHOOT" />
TaskAutoShoot.autoTask_INFO [111.992562897] <Event name="StateInfo" time="111.992347566" tag="^^^^^" TaskAutoShoot.state="SHOOT" />
TaskAutoShoot.autoTask_INFO [112.058278554] <Event name="StateInfo" time="112.055236477" tag="vvvvv" TaskAutoShoot.state="SHOOT" />
TaskAutoShoot.autoTask_INFO [112.059078813] <Event name="StateInfo" time="112.058890367" tag="^^^^^" TaskAutoShoot.state="SHOOT" />
TaskAutoShoot.autoTask_INFO [112.118305395] <Event name="StateInfo" time="112.118105092" tag="vvvvv" TaskAutoShoot.state="SHOOT" />
TaskAutoShoot.autoTask_INFO [112.126759779] <Event name="StateInfo" time="112.125195459" tag="^^^^^" TaskAutoShoot.state="SHOOT" />
TaskAutoShoot.autoTask_INFO [112.197920193] <Event name="StateInfo" time="112.197720229" tag="vvvvv" TaskAutoShoot.state="SHOOT" />
TaskAutoShoot.autoTask_INFO [112.19892289] <Event name="StateInfo" time="112.198728742" tag="^^^^^" TaskAutoShoot.state="SHOOT" />
TaskAutoShoot.autoTask_INFO [112.276928151] <Event name="StateInfo" time="112.276684038" tag="vvvvv" TaskAutoShoot.state="SHOOT" />
TaskAutoShoot.autoTask_INFO [112.277789402] <Event name="StateInfo" time="112.277337143" tag="^^^^^" TaskAutoShoot.state="SHOOT" />
Shooter.setupGoalTrackingMode_INFO [112.291813272] GoalTracking(trackingMode=AllianceHub, goalPose=(x=-158.838583,y=469.110472,angle=180.000000), noPassback=false).
TaskAutoShoot.autoTask_INFO [112.359650743] <Event name="StateInfo" time="112.359474624" tag="vvvvv" TaskAutoShoot.state="SHOOT" />
TaskAutoShoot.autoTask_INFO [112.359965408] <Event name="StateInfo" time="112.359822682" tag="^^^^^" TaskAutoShoot.state="SHOOT" />
TaskAutoShoot.autoTask_INFO [112.458385958] <Event name="StateInfo" time="112.458037475" tag="vvvvv" TaskAutoShoot.state="SHOOT" />
TaskAutoShoot.autoTask_INFO [112.464195197] <Event name="StateInfo" time="112.463972355" tag="^^^^^" TaskAutoShoot.state="SHOOT" />
TaskAutoShoot.autoTask_INFO [112.547838632] <Event name="StateInfo" time="112.547647514" tag="vvvvv" TaskAutoShoot.state="SHOOT" />
TaskAutoShoot.autoTask_INFO [112.556330227] <Event name="StateInfo" time="112.554810538" tag="^^^^^" TaskAutoShoot.state="SHOOT" />
TaskAutoShoot.autoTask_INFO [112.621767193] <Event name="StateInfo" time="112.621531245" tag="vvvvv" TaskAutoShoot.state="SHOOT" />
TaskAutoShoot.autoTask_INFO [112.624259224] <Event name="StateInfo" time="112.624051098" tag="^^^^^" TaskAutoShoot.state="SHOOT" />
TaskAutoShoot.autoTask_INFO [112.69890721] <Event name="StateInfo" time="112.69870285" tag="vvvvv" TaskAutoShoot.state="SHOOT" />
TaskAutoShoot.autoTask_INFO [112.705853661] <Event name="StateInfo" time="112.700619321" tag="^^^^^" TaskAutoShoot.state="SHOOT" />
TaskAutoShoot.autoTask_INFO [112.782665624] <Event name="StateInfo" time="112.78108818" tag="vvvvv" TaskAutoShoot.state="SHOOT" />
TaskAutoShoot.autoTask_INFO [112.785280816] <Event name="StateInfo" time="112.783621008" tag="^^^^^" TaskAutoShoot.state="SHOOT" />
TaskAutoShoot.autoTask_INFO [112.867065419] <Event name="StateInfo" time="112.859527838" tag="vvvvv" TaskAutoShoot.state="SHOOT" />
TaskAutoShoot.autoTask_INFO [112.867582626] <Event name="StateInfo" time="112.867421535" tag="^^^^^" TaskAutoShoot.state="SHOOT" />
FrcTeleOp.operatorControllerButtonEvent_INFO [112.869661393] ##### button=Y, pressed=false
FrcTeleOp.shoot_INFO [112.871143217] >>>>> Stop Auto Shoot.
TaskAutoShoot.cancel_INFO [112.871868234] Canceling auto task operation.
TaskAutoShoot.stopSubsystems_INFO [112.872366087] Stopping subsystems.
Shooter.LeftTransferMotor.cancel_INFO [112.872653971] Cancel: stopping motor.
Shooter.RightTransferMotor.cancel_INFO [112.873201605] Cancel: stopping motor.
Shooter.FeederMotor.cancel_INFO [112.873939067] Cancel: stopping motor.
Shooter.LeftShooter.disableGoalTracking_INFO [112.874287614] Disable Goal Tracking.
Shooter.LeftShooter.stopGoalTracking_INFO [112.874524889] Stop GoalTracking.
Shooter.LeftTiltMotor.cancel_INFO [112.874794042] Cancel: stopping motor.
Shooter.LeftPrimaryMotor.cancel_INFO [112.875397391] Cancel: stopping motor.
Shooter.RightShooter.disableGoalTracking_INFO [112.876629904] Disable Goal Tracking.
Shooter.RightShooter.stopGoalTracking_INFO [112.876879234] Stop GoalTracking.
Shooter.RightTiltMotor.cancel_INFO [112.87749767] Cancel: stopping motor.
Shooter.RightPrimaryMotor.cancel_INFO [112.877883359] Cancel: stopping motor.
Shooter.LeftShooter.cancel_INFO [112.878515844] owner=null
Shooter.LeftPrimaryMotor.cancel_INFO [112.878970386] Cancel: stopping motor.
Shooter.LeftTiltMotor.cancel_INFO [112.879758394] Cancel: stopping motor.
Shooter.RightShooter.cancel_INFO [112.88009387] owner=null
Shooter.RightPrimaryMotor.cancel_INFO [112.880548834] Cancel: stopping motor.
Shooter.RightTiltMotor.cancel_INFO [112.880997558] Cancel: stopping motor.
Shooter.LeftTransferMotor.cancel_INFO [112.881350609] Cancel: stopping motor.
Shooter.RightTransferMotor.cancel_INFO [112.881789147] Cancel: stopping motor.
Shooter.FeederMotor.cancel_INFO [112.883199745] Cancel: stopping motor.
FrcTeleOp.operatorControllerButtonEvent_INFO [112.981366621] ##### button=Y, pressed=true
FrcTeleOp.shoot_INFO [112.98180454] >>>>> Start Auto Shoot.
TaskAutoShoot.autoShoot_INFO [112.986555299] autoShoot(owner=null, event=null, taskParams=(autoStop=false, noPassback=false))
Shooter.setupGoalTrackingMode_INFO [112.987605654] GoalTracking(trackingMode=AllianceHub, goalPose=(x=-158.838583,y=469.110472,angle=180.000000), noPassback=false).
Shooter.LeftShooter.enableGoalTracking_INFO [112.990866264] Enable GoalTracking (trackingParams=(trackFlywheel=true,trackTiltPos=true,trackPanPos=true)).
Shooter.LeftPrimaryMotor.cancel_INFO [112.991898386] Cancel: stopping motor.
Shooter.LeftTiltMotor.cancel_INFO [112.995261825] Cancel: stopping motor.
Shooter.RightShooter.enableGoalTracking_INFO [112.996432808] Enable GoalTracking (trackingParams=(trackFlywheel=true,trackTiltPos=true,trackPanPos=true)).
Shooter.RightPrimaryMotor.cancel_INFO [112.997757084] Cancel: stopping motor.
Shooter.RightTiltMotor.cancel_INFO [113.012743718] Cancel: stopping motor.
TaskAutoShoot.autoTask_INFO [113.116777342] <Event name="StateInfo" time="113.116256401" tag="vvvvv" TaskAutoShoot.state="START" />
TaskAutoShoot.runTaskState_INFO [113.123338453] ***** Wait for left Shooter ready.
TaskAutoShoot.runTaskState_INFO [113.125654044] ***** Wait for right Shooter ready.
TaskAutoShoot.runTaskState_INFO [113.127106328] ***** Wait for Turret ready.
TaskAutoShoot.autoTask_INFO [113.130357096] <Event name="StateInfo" time="113.128403101" tag="^^^^^" TaskAutoShoot.state="START" />
Shooter.TurretMotor.pidCtrlTask_INFO [113.176400919] controlMode: Position,onTarget=true(-128.01480324116636/-129.55247596373255), stalled=false, expired=false, event=(TaskAutoShoot.turretReady=SIGNALED)
TaskAutoShoot.autoTask_INFO [113.227620448] <Event name="StateInfo" time="113.227296305" tag="vvvvv" TaskAutoShoot.state="SHOOT" />
TaskAutoShoot.autoTask_INFO [113.22859378] <Event name="StateInfo" time="113.228365916" tag="^^^^^" TaskAutoShoot.state="SHOOT" />
TaskAutoShoot.autoTask_INFO [113.289797706] <Event name="StateInfo" time="113.289341898" tag="vvvvv" TaskAutoShoot.state="SHOOT" />
TaskAutoShoot.autoTask_INFO [113.291309293] <Event name="StateInfo" time="113.290347475" tag="^^^^^" TaskAutoShoot.state="SHOOT" />
Shooter.LeftShooter.goalTrackingTask_INFO [113.346711797] Shooter.LeftShooter is Ready: rpm1=5727.548077/5648.187602, rpm2=3545.273438/0.000000, tilt=29.834619/30.005296, pan=null/null
Shooter.RightShooter.goalTrackingTask_INFO [113.372449686] Shooter.RightShooter is Ready: rpm1=5567.965745/5619.510461, rpm2=4117.500000/0.000000, tilt=29.795091/30.005296, pan=null/null
TaskAutoShoot.autoTask_INFO [113.37423058] <Event name="StateInfo" time="113.373519968" tag="vvvvv" TaskAutoShoot.state="SHOOT" />
TaskAutoShoot.runTaskState_INFO [113.375048089] ***** Start left shooter shooting.
Shooter.shoot_INFO [113.376795232] shoot(owner=null, event=(TaskAutoShoot.leftShooterDone=CLEARED), shooter=leftShooter, autoStop=false)
Shooter.LeftTransferMotor.cancel_INFO [113.379671106] Cancel: stopping motor.
TaskAutoShoot.runTaskState_INFO [113.381458337] ***** Start right shooter shooting.
Shooter.shoot_INFO [113.383668723] shoot(owner=null, event=(TaskAutoShoot.rightShooterDone=CLEARED), shooter=rightShooter, autoStop=false)
Shooter.RightTransferMotor.cancel_INFO [113.384817631] Cancel: stopping motor.
TaskAutoShoot.autoTask_INFO [113.389405829] <Event name="StateInfo" time="113.389114926" tag="^^^^^" TaskAutoShoot.state="SHOOT" />
FrcTeleOp.driverControllerButtonEvent_INFO [113.476790433] ##### button=A, pressed=true
FrcTeleOp.driverControllerButtonEvent_INFO [113.543581589] ##### button=A, pressed=false
FrcTeleOp.driverControllerButtonEvent_INFO [117.680219718] ##### button=A, pressed=true
FrcTeleOp.driverControllerButtonEvent_INFO [117.814808155] ##### button=A, pressed=false
FrcTeleOp.operatorControllerButtonEvent_INFO [122.125960794] ##### button=Y, pressed=false
FrcTeleOp.shoot_INFO [122.127394111] >>>>> Stop Auto Shoot.
TaskAutoShoot.cancel_INFO [122.128539259] Canceling auto task operation.
TaskAutoShoot.stopSubsystems_INFO [122.13104281] Stopping subsystems.
Shooter.LeftTransferMotor.cancel_INFO [122.133222028] Cancel: stopping motor.
Shooter.RightTransferMotor.cancel_INFO [122.135913178] Cancel: stopping motor.
Shooter.FeederMotor.cancel_INFO [122.137048512] Cancel: stopping motor.
Shooter.LeftShooter.disableGoalTracking_INFO [122.137914139] Disable Goal Tracking.
Shooter.LeftShooter.stopGoalTracking_INFO [122.139307572] Stop GoalTracking.
Shooter.LeftTiltMotor.cancel_INFO [122.143863908] Cancel: stopping motor.
Shooter.LeftPrimaryMotor.cancel_INFO [122.146416626] Cancel: stopping motor.
Shooter.RightShooter.disableGoalTracking_INFO [122.150015336] Disable Goal Tracking.
Shooter.RightShooter.stopGoalTracking_INFO [122.151027467] Stop GoalTracking.
Shooter.RightTiltMotor.cancel_INFO [122.153922082] Cancel: stopping motor.
Shooter.RightPrimaryMotor.cancel_INFO [122.156387999] Cancel: stopping motor.
Shooter.LeftShooter.cancel_INFO [122.157949305] owner=null
Shooter.LeftPrimaryMotor.cancel_INFO [122.16099716] Cancel: stopping motor.
Shooter.LeftTiltMotor.cancel_INFO [122.166441315] Cancel: stopping motor.
Shooter.RightShooter.cancel_INFO [122.167356927] owner=null
Shooter.RightPrimaryMotor.cancel_INFO [122.169579352] Cancel: stopping motor.
Shooter.RightTiltMotor.cancel_INFO [122.17116524] Cancel: stopping motor.
Shooter.LeftTransferMotor.cancel_INFO [122.173294758] Cancel: stopping motor.
Shooter.RightTransferMotor.cancel_INFO [122.174910442] Cancel: stopping motor.
Shooter.FeederMotor.cancel_INFO [122.176186714] Cancel: stopping motor.
FrcTeleOp.driverControllerButtonEvent_INFO [127.109600933] ##### button=A, pressed=true
FrcTeleOp.operatorControllerButtonEvent_INFO [127.160498218] ##### button=B, pressed=true
FrcTeleOp.operatorControllerButtonEvent_INFO [127.160980817] >>>>> Enable GoalTracking.
Shooter.setupGoalTrackingMode_INFO [127.161741211] GoalTracking(trackingMode=AllianceHub, goalPose=(x=-158.838583,y=469.110472,angle=180.000000), noPassback=false).
Shooter.LeftShooter.enableGoalTracking_INFO [127.162190045] Enable GoalTracking (trackingParams=(trackFlywheel=true,trackTiltPos=false,trackPanPos=true)).
Shooter.LeftPrimaryMotor.cancel_INFO [127.162781627] Cancel: stopping motor.
Shooter.LeftTiltMotor.cancel_INFO [127.163155295] Cancel: stopping motor.
Shooter.RightShooter.enableGoalTracking_INFO [127.164652378] Enable GoalTracking (trackingParams=(trackFlywheel=true,trackTiltPos=false,trackPanPos=true)).
Shooter.RightPrimaryMotor.cancel_INFO [127.16557918] Cancel: stopping motor.
Shooter.RightTiltMotor.cancel_INFO [127.166117218] Cancel: stopping motor.
FrcTeleOp.driverControllerButtonEvent_INFO [127.221664128] ##### button=A, pressed=false
FrcTeleOp.operatorControllerButtonEvent_INFO [127.419641087] ##### button=B, pressed=false
Shooter.setupGoalTrackingMode_INFO [127.494140275] GoalTracking(trackingMode=AllianceHub, goalPose=(x=-158.838583,y=469.110472,angle=180.000000), noPassback=false).
Shooter.setupGoalTrackingMode_INFO [127.549680566] GoalTracking(trackingMode=AllianceHub, goalPose=(x=-158.838583,y=469.110472,angle=180.000000), noPassback=false).
Shooter.setupGoalTrackingMode_INFO [129.359410401] GoalTracking(trackingMode=AllianceHub, goalPose=(x=-158.838583,y=469.110472,angle=180.000000), noPassback=false).
FrcTeleOp.operatorControllerButtonEvent_INFO [130.467941961] ##### button=Y, pressed=true
FrcTeleOp.shoot_INFO [130.470149107] >>>>> Start Auto Shoot.
TaskAutoShoot.autoShoot_INFO [130.471800011] autoShoot(owner=null, event=null, taskParams=(autoStop=false, noPassback=false))
Shooter.setupGoalTrackingMode_INFO [130.473009452] GoalTracking(trackingMode=AllianceHub, goalPose=(x=-158.838583,y=469.110472,angle=180.000000), noPassback=false).
Shooter.LeftShooter.enableGoalTracking_INFO [130.478408741] Enable GoalTracking (trackingParams=(trackFlywheel=true,trackTiltPos=true,trackPanPos=true)).
Shooter.LeftPrimaryMotor.cancel_INFO [130.479497887] Cancel: stopping motor.
Shooter.LeftTiltMotor.cancel_INFO [130.480479286] Cancel: stopping motor.
Shooter.RightShooter.enableGoalTracking_INFO [130.481510822] Enable GoalTracking (trackingParams=(trackFlywheel=true,trackTiltPos=true,trackPanPos=true)).
Shooter.RightPrimaryMotor.cancel_INFO [130.482362031] Cancel: stopping motor.
Shooter.RightTiltMotor.cancel_INFO [130.483633387] Cancel: stopping motor.
TaskAutoShoot.autoTask_INFO [130.560487536] <Event name="StateInfo" time="130.560159334" tag="vvvvv" TaskAutoShoot.state="START" />
TaskAutoShoot.runTaskState_INFO [130.561378146] ***** Wait for left Shooter ready.
TaskAutoShoot.runTaskState_INFO [130.56275168] ***** Wait for right Shooter ready.
TaskAutoShoot.runTaskState_INFO [130.563329339] ***** Wait for Turret ready.
TaskAutoShoot.autoTask_INFO [130.564718734] <Event name="StateInfo" time="130.564497013" tag="^^^^^" TaskAutoShoot.state="START" />
TaskAutoShoot.autoTask_INFO [130.711194923] <Event name="StateInfo" time="130.710994823" tag="vvvvv" TaskAutoShoot.state="SHOOT" />
TaskAutoShoot.autoTask_INFO [130.71608022] <Event name="StateInfo" time="130.712154403" tag="^^^^^" TaskAutoShoot.state="SHOOT" />
TaskAutoShoot.autoTask_INFO [130.783655828] <Event name="StateInfo" time="130.779796914" tag="vvvvv" TaskAutoShoot.state="SHOOT" />
TaskAutoShoot.autoTask_INFO [130.784948068] <Event name="StateInfo" time="130.784256605" tag="^^^^^" TaskAutoShoot.state="SHOOT" />
Shooter.LeftShooter.goalTrackingTask_INFO [130.832376373] Shooter.LeftShooter is Ready: rpm1=6061.099760/6052.502784, rpm2=3714.023438/0.000000, tilt=34.380324/34.290171, pan=null/null
Shooter.RightShooter.goalTrackingTask_INFO [130.84928276] Shooter.RightShooter is Ready: rpm1=5479.371995/5498.765306, rpm2=4090.664063/0.000000, tilt=34.380326/34.290171, pan=null/null
TaskAutoShoot.autoTask_INFO [130.850489921] <Event name="StateInfo" time="130.850301925" tag="vvvvv" TaskAutoShoot.state="SHOOT" />
TaskAutoShoot.autoTask_INFO [130.850834734] <Event name="StateInfo" time="130.850613348" tag="^^^^^" TaskAutoShoot.state="SHOOT" />
TaskAutoShoot.autoTask_INFO [130.930313874] <Event name="StateInfo" time="130.930139034" tag="vvvvv" TaskAutoShoot.state="SHOOT" />
TaskAutoShoot.autoTask_INFO [130.932608295] <Event name="StateInfo" time="130.932403289" tag="^^^^^" TaskAutoShoot.state="SHOOT" />
TaskAutoShoot.autoTask_INFO [131.00153421] <Event name="StateInfo" time="131.001337535" tag="vvvvv" TaskAutoShoot.state="SHOOT" />
TaskAutoShoot.autoTask_INFO [131.002092079] <Event name="StateInfo" time="131.001834072" tag="^^^^^" TaskAutoShoot.state="SHOOT" />
TaskAutoShoot.autoTask_INFO [131.074410066] <Event name="StateInfo" time="131.072236552" tag="vvvvv" TaskAutoShoot.state="SHOOT" />
TaskAutoShoot.autoTask_INFO [131.07473216] <Event name="StateInfo" time="131.074588409" tag="^^^^^" TaskAutoShoot.state="SHOOT" />
TaskAutoShoot.autoTask_INFO [131.14641195] <Event name="StateInfo" time="131.146090865" tag="vvvvv" TaskAutoShoot.state="SHOOT" />
TaskAutoShoot.autoTask_INFO [131.154193551] <Event name="StateInfo" time="131.154004157" tag="^^^^^" TaskAutoShoot.state="SHOOT" />
TaskAutoShoot.autoTask_INFO [131.220797769] <Event name="StateInfo" time="131.220573828" tag="vvvvv" TaskAutoShoot.state="SHOOT" />
TaskAutoShoot.autoTask_INFO [131.224262323] <Event name="StateInfo" time="131.221415473" tag="^^^^^" TaskAutoShoot.state="SHOOT" />
TaskAutoShoot.autoTask_INFO [131.291854415] <Event name="StateInfo" time="131.288799169" tag="vvvvv" TaskAutoShoot.state="SHOOT" />
TaskAutoShoot.autoTask_INFO [131.294154093] <Event name="StateInfo" time="131.293960175" tag="^^^^^" TaskAutoShoot.state="SHOOT" />
FrcTeleOp.operatorControllerButtonEvent_INFO [131.298605202] ##### button=Y, pressed=false
FrcTeleOp.shoot_INFO [131.299780992] >>>>> Stop Auto Shoot.
TaskAutoShoot.cancel_INFO [131.304510065] Canceling auto task operation.
TaskAutoShoot.stopSubsystems_INFO [131.306548515] Stopping subsystems.
Shooter.LeftTransferMotor.cancel_INFO [131.307593701] Cancel: stopping motor.
Shooter.RightTransferMotor.cancel_INFO [131.309373832] Cancel: stopping motor.
Shooter.FeederMotor.cancel_INFO [131.310530433] Cancel: stopping motor.
Shooter.LeftShooter.disableGoalTracking_INFO [131.311406325] Disable Goal Tracking.
Shooter.LeftShooter.stopGoalTracking_INFO [131.314593474] Stop GoalTracking.
Shooter.LeftTiltMotor.cancel_INFO [131.315685082] Cancel: stopping motor.
Shooter.LeftPrimaryMotor.cancel_INFO [131.316671182] Cancel: stopping motor.
Shooter.RightShooter.disableGoalTracking_INFO [131.327000983] Disable Goal Tracking.
Shooter.RightShooter.stopGoalTracking_INFO [131.327766661] Stop GoalTracking.
Shooter.RightTiltMotor.cancel_INFO [131.328566641] Cancel: stopping motor.
Shooter.RightPrimaryMotor.cancel_INFO [131.329820357] Cancel: stopping motor.
Shooter.LeftShooter.cancel_INFO [131.335488412] owner=null
Shooter.LeftPrimaryMotor.cancel_INFO [131.336646078] Cancel: stopping motor.
Shooter.LeftTiltMotor.cancel_INFO [131.337740044] Cancel: stopping motor.
Shooter.RightShooter.cancel_INFO [131.338630518] owner=null
Shooter.RightPrimaryMotor.cancel_INFO [131.339930773] Cancel: stopping motor.
Shooter.RightTiltMotor.cancel_INFO [131.341078257] Cancel: stopping motor.
Shooter.LeftTransferMotor.cancel_INFO [131.342561674] Cancel: stopping motor.
Shooter.RightTransferMotor.cancel_INFO [131.344575765] Cancel: stopping motor.
Shooter.FeederMotor.cancel_INFO [131.348450005] Cancel: stopping motor.
FrcTeleOp.operatorControllerButtonEvent_INFO [131.460493321] ##### button=Y, pressed=true
FrcTeleOp.shoot_INFO [131.464670824] >>>>> Start Auto Shoot.
TaskAutoShoot.autoShoot_INFO [131.470793568] autoShoot(owner=null, event=null, taskParams=(autoStop=false, noPassback=false))
Shooter.setupGoalTrackingMode_INFO [131.473328295] GoalTracking(trackingMode=AllianceHub, goalPose=(x=-158.838583,y=469.110472,angle=180.000000), noPassback=false).
Shooter.LeftShooter.enableGoalTracking_INFO [131.477820313] Enable GoalTracking (trackingParams=(trackFlywheel=true,trackTiltPos=true,trackPanPos=true)).
Shooter.LeftPrimaryMotor.cancel_INFO [131.480361168] Cancel: stopping motor.
Shooter.LeftTiltMotor.cancel_INFO [131.481424525] Cancel: stopping motor.
Shooter.RightShooter.enableGoalTracking_INFO [131.483445486] Enable GoalTracking (trackingParams=(trackFlywheel=true,trackTiltPos=true,trackPanPos=true)).
Shooter.RightPrimaryMotor.cancel_INFO [131.486292399] Cancel: stopping motor.
Shooter.RightTiltMotor.cancel_INFO [131.489385588] Cancel: stopping motor.
TaskAutoShoot.autoTask_INFO [131.564064712] <Event name="StateInfo" time="131.563823105" tag="vvvvv" TaskAutoShoot.state="START" />
TaskAutoShoot.runTaskState_INFO [131.56517056] ***** Wait for left Shooter ready.
TaskAutoShoot.runTaskState_INFO [131.565835314] ***** Wait for right Shooter ready.
TaskAutoShoot.runTaskState_INFO [131.566741653] ***** Wait for Turret ready.
TaskAutoShoot.autoTask_INFO [131.567294486] <Event name="StateInfo" time="131.567094299" tag="^^^^^" TaskAutoShoot.state="START" />
Shooter.TurretMotor.pidCtrlTask_INFO [131.605634595] controlMode: Position,onTarget=true(74.23654839527725/74.06727483641075), stalled=false, expired=false, event=(TaskAutoShoot.turretReady=SIGNALED)
TaskAutoShoot.autoTask_INFO [131.644196245] <Event name="StateInfo" time="131.644023805" tag="vvvvv" TaskAutoShoot.state="SHOOT" />
TaskAutoShoot.autoTask_INFO [131.647875554] <Event name="StateInfo" time="131.647672999" tag="^^^^^" TaskAutoShoot.state="SHOOT" />
TaskAutoShoot.autoTask_INFO [131.725391353] <Event name="StateInfo" time="131.723969261" tag="vvvvv" TaskAutoShoot.state="SHOOT" />
TaskAutoShoot.autoTask_INFO [131.726639113] <Event name="StateInfo" time="131.725977523" tag="^^^^^" TaskAutoShoot.state="SHOOT" />
Shooter.RightShooter.goalTrackingTask_INFO [131.798634847] Shooter.RightShooter is Ready: rpm1=5025.045072/5060.194240, rpm2=3598.007813/0.000000, tilt=29.834620/29.095675, pan=null/null
TaskAutoShoot.autoTask_INFO [131.798996627] <Event name="StateInfo" time="131.798830034" tag="vvvvv" TaskAutoShoot.state="SHOOT" />
TaskAutoShoot.runTaskState_INFO [131.799175537] ***** Start right shooter shooting.
Shooter.shoot_INFO [131.803300376] shoot(owner=null, event=(TaskAutoShoot.rightShooterDone=CLEARED), shooter=rightShooter, autoStop=false)
Shooter.RightTransferMotor.cancel_INFO [131.804158754] Cancel: stopping motor.
TaskAutoShoot.autoTask_INFO [131.804701224] <Event name="StateInfo" time="131.804535384" tag="^^^^^" TaskAutoShoot.state="SHOOT" />
TaskAutoShoot.autoTask_INFO [131.870644084] <Event name="StateInfo" time="131.870441554" tag="vvvvv" TaskAutoShoot.state="SHOOT" />
TaskAutoShoot.autoTask_INFO [131.871332829] <Event name="StateInfo" time="131.871142315" tag="^^^^^" TaskAutoShoot.state="SHOOT" />
TaskAutoShoot.autoTask_INFO [131.94820579] <Event name="StateInfo" time="131.945902157" tag="vvvvv" TaskAutoShoot.state="SHOOT" />
TaskAutoShoot.autoTask_INFO [131.949421051] <Event name="StateInfo" time="131.94923095" tag="^^^^^" TaskAutoShoot.state="SHOOT" />
TaskAutoShoot.autoTask_INFO [132.022896535] <Event name="StateInfo" time="132.022387915" tag="vvvvv" TaskAutoShoot.state="SHOOT" />
TaskAutoShoot.autoTask_INFO [132.025194203] <Event name="StateInfo" time="132.024998363" tag="^^^^^" TaskAutoShoot.state="SHOOT" />
TaskAutoShoot.autoTask_INFO [132.096625653] <Event name="StateInfo" time="132.096431071" tag="vvvvv" TaskAutoShoot.state="SHOOT" />
TaskAutoShoot.autoTask_INFO [132.098883737] <Event name="StateInfo" time="132.098349237" tag="^^^^^" TaskAutoShoot.state="SHOOT" />
TaskAutoShoot.autoTask_INFO [132.166388377] <Event name="StateInfo" time="132.165352253" tag="vvvvv" TaskAutoShoot.state="SHOOT" />
TaskAutoShoot.autoTask_INFO [132.166829213] <Event name="StateInfo" time="132.166657588" tag="^^^^^" TaskAutoShoot.state="SHOOT" />
TaskAutoShoot.autoTask_INFO [132.245518054] <Event name="StateInfo" time="132.244601381" tag="vvvvv" TaskAutoShoot.state="SHOOT" />
TaskAutoShoot.autoTask_INFO [132.246860766] <Event name="StateInfo" time="132.246416046" tag="^^^^^" TaskAutoShoot.state="SHOOT" />
TaskAutoShoot.autoTask_INFO [132.322843946] <Event name="StateInfo" time="132.322387034" tag="vvvvv" TaskAutoShoot.state="SHOOT" />
TaskAutoShoot.autoTask_INFO [132.323350838] <Event name="StateInfo" time="132.323045712" tag="^^^^^" TaskAutoShoot.state="SHOOT" />
TaskAutoShoot.autoTask_INFO [132.405934493] <Event name="StateInfo" time="132.405734751" tag="vvvvv" TaskAutoShoot.state="SHOOT" />
TaskAutoShoot.autoTask_INFO [132.406590219] <Event name="StateInfo" time="132.406152131" tag="^^^^^" TaskAutoShoot.state="SHOOT" />
TaskAutoShoot.autoTask_INFO [132.480691153] <Event name="StateInfo" time="132.480513308" tag="vvvvv" TaskAutoShoot.state="SHOOT" />
TaskAutoShoot.autoTask_INFO [132.480996719] <Event name="StateInfo" time="132.480855629" tag="^^^^^" TaskAutoShoot.state="SHOOT" />
TaskAutoShoot.autoTask_INFO [132.543481521] <Event name="StateInfo" time="132.543076426" tag="vvvvv" TaskAutoShoot.state="SHOOT" />
TaskAutoShoot.autoTask_INFO [132.552493385] <Event name="StateInfo" time="132.551809957" tag="^^^^^" TaskAutoShoot.state="SHOOT" />
TaskAutoShoot.autoTask_INFO [132.61162276] <Event name="StateInfo" time="132.611008056" tag="vvvvv" TaskAutoShoot.state="SHOOT" />
TaskAutoShoot.autoTask_INFO [132.612885481] <Event name="StateInfo" time="132.612704145" tag="^^^^^" TaskAutoShoot.state="SHOOT" />
TaskAutoShoot.autoTask_INFO [132.680586672] <Event name="StateInfo" time="132.680389486" tag="vvvvv" TaskAutoShoot.state="SHOOT" />
TaskAutoShoot.autoTask_INFO [132.682526896] <Event name="StateInfo" time="132.681847523" tag="^^^^^" TaskAutoShoot.state="SHOOT" />
TaskAutoShoot.autoTask_INFO [132.75742742] <Event name="StateInfo" time="132.757129744" tag="vvvvv" TaskAutoShoot.state="SHOOT" />
TaskAutoShoot.autoTask_INFO [132.758539098] <Event name="StateInfo" time="132.758379883" tag="^^^^^" TaskAutoShoot.state="SHOOT" />
TaskAutoShoot.autoTask_INFO [132.823319541] <Event name="StateInfo" time="132.823113254" tag="vvvvv" TaskAutoShoot.state="SHOOT" />
TaskAutoShoot.autoTask_INFO [132.832332566] <Event name="StateInfo" time="132.832152356" tag="^^^^^" TaskAutoShoot.state="SHOOT" />
TaskAutoShoot.autoTask_INFO [132.917905989] <Event name="StateInfo" time="132.917720238" tag="vvvvv" TaskAutoShoot.state="SHOOT" />
TaskAutoShoot.autoTask_INFO [132.919025725] <Event name="StateInfo" time="132.918839349" tag="^^^^^" TaskAutoShoot.state="SHOOT" />
TaskAutoShoot.autoTask_INFO [132.984136566] <Event name="StateInfo" time="132.983929711" tag="vvvvv" TaskAutoShoot.state="SHOOT" />
TaskAutoShoot.autoTask_INFO [132.98604619] <Event name="StateInfo" time="132.985868768" tag="^^^^^" TaskAutoShoot.state="SHOOT" />
TaskAutoShoot.autoTask_INFO [133.058076044] <Event name="StateInfo" time="133.057913363" tag="vvvvv" TaskAutoShoot.state="SHOOT" />
TaskAutoShoot.autoTask_INFO [133.061307678] <Event name="StateInfo" time="133.058241226" tag="^^^^^" TaskAutoShoot.state="SHOOT" />
TaskAutoShoot.autoTask_INFO [133.142761132] <Event name="StateInfo" time="133.142481424" tag="vvvvv" TaskAutoShoot.state="SHOOT" />
TaskAutoShoot.autoTask_INFO [133.151707209] <Event name="StateInfo" time="133.150487914" tag="^^^^^" TaskAutoShoot.state="SHOOT" />
TaskAutoShoot.autoTask_INFO [133.220628963] <Event name="StateInfo" time="133.220433042" tag="vvvvv" TaskAutoShoot.state="SHOOT" />
TaskAutoShoot.autoTask_INFO [133.228761601] <Event name="StateInfo" time="133.220823236" tag="^^^^^" TaskAutoShoot.state="SHOOT" />
Shooter.LeftShooter.goalTrackingTask_INFO [133.296303053] Shooter.LeftShooter is Ready: rpm1=5062.905649/5007.572038, rpm2=3169.335938/0.000000, tilt=24.616960/24.782416, pan=null/null
TaskAutoShoot.autoTask_INFO [133.312467877] <Event name="StateInfo" time="133.312287544" tag="vvvvv" TaskAutoShoot.state="SHOOT" />
TaskAutoShoot.runTaskState_INFO [133.31633241] ***** Start left shooter shooting.
Shooter.shoot_INFO [133.318984382] shoot(owner=null, event=(TaskAutoShoot.leftShooterDone=CLEARED), shooter=leftShooter, autoStop=false)
Shooter.LeftTransferMotor.cancel_INFO [133.319754616] Cancel: stopping motor.
TaskAutoShoot.autoTask_INFO [133.321859785] <Event name="StateInfo" time="133.321677113" tag="^^^^^" TaskAutoShoot.state="SHOOT" />
Shooter.setupGoalTrackingMode_INFO [134.176840566] GoalTracking(trackingMode=AllianceHub, goalPose=(x=-158.838583,y=469.110472,angle=180.000000), noPassback=false).
FrcTeleOp.operatorControllerButtonEvent_INFO [136.833415457] ##### button=Y, pressed=false
FrcTeleOp.shoot_INFO [136.841031771] >>>>> Stop Auto Shoot.
TaskAutoShoot.cancel_INFO [136.846739461] Canceling auto task operation.
TaskAutoShoot.stopSubsystems_INFO [136.85398645] Stopping subsystems.
Shooter.LeftTransferMotor.cancel_INFO [136.854895448] Cancel: stopping motor.
Shooter.RightTransferMotor.cancel_INFO [136.858818783] Cancel: stopping motor.
Shooter.FeederMotor.cancel_INFO [136.859664329] Cancel: stopping motor.
Shooter.LeftShooter.disableGoalTracking_INFO [136.862490929] Disable Goal Tracking.
Shooter.LeftShooter.stopGoalTracking_INFO [136.862858025] Stop GoalTracking.
Shooter.LeftTiltMotor.cancel_INFO [136.863146041] Cancel: stopping motor.
Shooter.LeftPrimaryMotor.cancel_INFO [136.86697654] Cancel: stopping motor.
Shooter.RightShooter.disableGoalTracking_INFO [136.86916289] Disable Goal Tracking.
Shooter.RightShooter.stopGoalTracking_INFO [136.870892597] Stop GoalTracking.
Shooter.RightTiltMotor.cancel_INFO [136.872559067] Cancel: stopping motor.
Shooter.RightPrimaryMotor.cancel_INFO [136.874320337] Cancel: stopping motor.
Shooter.LeftShooter.cancel_INFO [136.874976664] owner=null
Shooter.LeftPrimaryMotor.cancel_INFO [136.876685323] Cancel: stopping motor.
Shooter.LeftTiltMotor.cancel_INFO [136.877797979] Cancel: stopping motor.
Shooter.RightShooter.cancel_INFO [136.879230541] owner=null
Shooter.RightPrimaryMotor.cancel_INFO [136.8796598] Cancel: stopping motor.
Shooter.RightTiltMotor.cancel_INFO [136.880092423] Cancel: stopping motor.
Shooter.LeftTransferMotor.cancel_INFO [136.880480237] Cancel: stopping motor.
Shooter.RightTransferMotor.cancel_INFO [136.881800577] Cancel: stopping motor.
Shooter.FeederMotor.cancel_INFO [136.882164726] Cancel: stopping motor.
FrcTeleOp.operatorControllerButtonEvent_INFO [137.431122133] ##### button=Y, pressed=true
FrcTeleOp.shoot_INFO [137.432085759] >>>>> Start Auto Shoot.
TaskAutoShoot.autoShoot_INFO [137.434697347] autoShoot(owner=null, event=null, taskParams=(autoStop=false, noPassback=false))
Shooter.setupGoalTrackingMode_INFO [137.436148142] GoalTracking(trackingMode=AllianceHub, goalPose=(x=-158.838583,y=469.110472,angle=180.000000), noPassback=false).
Shooter.LeftShooter.enableGoalTracking_INFO [137.437121718] Enable GoalTracking (trackingParams=(trackFlywheel=true,trackTiltPos=true,trackPanPos=true)).
Shooter.LeftPrimaryMotor.cancel_INFO [137.438292994] Cancel: stopping motor.
Shooter.LeftTiltMotor.cancel_INFO [137.438951511] Cancel: stopping motor.
Shooter.RightShooter.enableGoalTracking_INFO [137.439914197] Enable GoalTracking (trackingParams=(trackFlywheel=true,trackTiltPos=true,trackPanPos=true)).
Shooter.RightPrimaryMotor.cancel_INFO [137.440547123] Cancel: stopping motor.
Shooter.RightTiltMotor.cancel_INFO [137.441157263] Cancel: stopping motor.
TaskAutoShoot.autoTask_INFO [137.51550503] <Event name="StateInfo" time="137.515246139" tag="vvvvv" TaskAutoShoot.state="START" />
TaskAutoShoot.runTaskState_INFO [137.516496292] ***** Wait for left Shooter ready.
TaskAutoShoot.runTaskState_INFO [137.51801656] ***** Wait for right Shooter ready.
TaskAutoShoot.runTaskState_INFO [137.519144124] ***** Wait for Turret ready.
TaskAutoShoot.autoTask_INFO [137.520956757] <Event name="StateInfo" time="137.520596978" tag="^^^^^" TaskAutoShoot.state="START" />
Shooter.TurretMotor.pidCtrlTask_INFO [137.553288708] controlMode: Position,onTarget=true(-35.56635752709275/-38.275630441325205), stalled=false, expired=false, event=(TaskAutoShoot.turretReady=SIGNALED)
TaskAutoShoot.autoTask_INFO [137.593082428] <Event name="StateInfo" time="137.592897093" tag="vvvvv" TaskAutoShoot.state="SHOOT" />
TaskAutoShoot.autoTask_INFO [137.596377808] <Event name="StateInfo" time="137.596184633" tag="^^^^^" TaskAutoShoot.state="SHOOT" />
TaskAutoShoot.autoTask_INFO [137.672624459] <Event name="StateInfo" time="137.671553441" tag="vvvvv" TaskAutoShoot.state="SHOOT" />
TaskAutoShoot.autoTask_INFO [137.672966035] <Event name="StateInfo" time="137.672814246" tag="^^^^^" TaskAutoShoot.state="SHOOT" />
FrcTeleOp.driverControllerButtonEvent_INFO [137.679221988] ##### button=A, pressed=true
TaskAutoShoot.autoTask_INFO [137.741464498] <Event name="StateInfo" time="137.741286331" tag="vvvvv" TaskAutoShoot.state="SHOOT" />
TaskAutoShoot.autoTask_INFO [137.745955217] <Event name="StateInfo" time="137.744678555" tag="^^^^^" TaskAutoShoot.state="SHOOT" />
FrcTeleOp.driverControllerButtonEvent_INFO [137.75342638] ##### button=A, pressed=false
Shooter.LeftShooter.goalTrackingTask_INFO [137.805559922] Shooter.LeftShooter is Ready: rpm1=4941.941106/4994.591062, rpm2=3082.265625/0.000000, tilt=25.249397/24.688676, pan=null/null
TaskAutoShoot.autoTask_INFO [137.835468863] <Event name="StateInfo" time="137.835197825" tag="vvvvv" TaskAutoShoot.state="SHOOT" />
TaskAutoShoot.runTaskState_INFO [137.836674946] ***** Start left shooter shooting.
Shooter.shoot_INFO [137.838670578] shoot(owner=null, event=(TaskAutoShoot.leftShooterDone=CLEARED), shooter=leftShooter, autoStop=false)
Shooter.LeftTransferMotor.cancel_INFO [137.840743969] Cancel: stopping motor.
TaskAutoShoot.autoTask_INFO [137.842825221] <Event name="StateInfo" time="137.842593505" tag="^^^^^" TaskAutoShoot.state="SHOOT" />
TaskAutoShoot.autoTask_INFO [137.921126558] <Event name="StateInfo" time="137.920920832" tag="vvvvv" TaskAutoShoot.state="SHOOT" />
TaskAutoShoot.autoTask_INFO [137.921450464] <Event name="StateInfo" time="137.921302979" tag="^^^^^" TaskAutoShoot.state="SHOOT" />
Shooter.RightShooter.goalTrackingTask_INFO [137.993251634] Shooter.RightShooter is Ready: rpm1=4874.170673/4895.289755, rpm2=3527.343750/0.000000, tilt=24.340269/24.041818, pan=null/null
TaskAutoShoot.autoTask_INFO [137.9947639] <Event name="StateInfo" time="137.994520946" tag="vvvvv" TaskAutoShoot.state="SHOOT" />
TaskAutoShoot.runTaskState_INFO [137.997086004] ***** Start right shooter shooting.
Shooter.shoot_INFO [137.99869507] shoot(owner=null, event=(TaskAutoShoot.rightShooterDone=CLEARED), shooter=rightShooter, autoStop=false)
Shooter.RightTransferMotor.cancel_INFO [138.000644613] Cancel: stopping motor.
TaskAutoShoot.autoTask_INFO [138.002278778] <Event name="StateInfo" time="138.002108202" tag="^^^^^" TaskAutoShoot.state="SHOOT" />
FrcTeleOp.operatorControllerButtonEvent_INFO [138.681719143] ##### button=Y, pressed=false
FrcTeleOp.shoot_INFO [138.683367694] >>>>> Stop Auto Shoot.
TaskAutoShoot.cancel_INFO [138.684653747] Canceling auto task operation.
TaskAutoShoot.stopSubsystems_INFO [138.685956098] Stopping subsystems.
Shooter.LeftTransferMotor.cancel_INFO [138.686567632] Cancel: stopping motor.
Shooter.RightTransferMotor.cancel_INFO [138.687126101] Cancel: stopping motor.
Shooter.FeederMotor.cancel_INFO [138.688066061] Cancel: stopping motor.
Shooter.LeftShooter.disableGoalTracking_INFO [138.68868896] Disable Goal Tracking.
Shooter.LeftShooter.stopGoalTracking_INFO [138.689117383] Stop GoalTracking.
Shooter.LeftTiltMotor.cancel_INFO [138.689587047] Cancel: stopping motor.
Shooter.LeftPrimaryMotor.cancel_INFO [138.690268308] Cancel: stopping motor.
Shooter.RightShooter.disableGoalTracking_INFO [138.694489347] Disable Goal Tracking.
Shooter.RightShooter.stopGoalTracking_INFO [138.695005714] Stop GoalTracking.
Shooter.RightTiltMotor.cancel_INFO [138.696174292] Cancel: stopping motor.
Shooter.RightPrimaryMotor.cancel_INFO [138.696833325] Cancel: stopping motor.
Shooter.LeftShooter.cancel_INFO [138.697871411] owner=null
Shooter.LeftPrimaryMotor.cancel_INFO [138.698666249] Cancel: stopping motor.
Shooter.LeftTiltMotor.cancel_INFO [138.69928865] Cancel: stopping motor.
Shooter.RightShooter.cancel_INFO [138.699836759] owner=null
Shooter.RightPrimaryMotor.cancel_INFO [138.700411128] Cancel: stopping motor.
Shooter.RightTiltMotor.cancel_INFO [138.706075218] Cancel: stopping motor.
Shooter.LeftTransferMotor.cancel_INFO [138.707476197] Cancel: stopping motor.
Shooter.RightTransferMotor.cancel_INFO [138.70894511] Cancel: stopping motor.
Shooter.FeederMotor.cancel_INFO [138.709853381] Cancel: stopping motor.
FrcTeleOp.operatorControllerButtonEvent_INFO [138.857290043] ##### button=Y, pressed=true
FrcTeleOp.shoot_INFO [138.858520071] >>>>> Start Auto Shoot.
TaskAutoShoot.autoShoot_INFO [138.859544857] autoShoot(owner=null, event=null, taskParams=(autoStop=false, noPassback=false))
Shooter.setupGoalTrackingMode_INFO [138.860556911] GoalTracking(trackingMode=AllianceHub, goalPose=(x=-158.838583,y=469.110472,angle=180.000000), noPassback=false).
Shooter.LeftShooter.enableGoalTracking_INFO [138.861236012] Enable GoalTracking (trackingParams=(trackFlywheel=true,trackTiltPos=true,trackPanPos=true)).
Shooter.LeftPrimaryMotor.cancel_INFO [138.86183154] Cancel: stopping motor.
Shooter.LeftTiltMotor.cancel_INFO [138.863370658] Cancel: stopping motor.
Shooter.RightShooter.enableGoalTracking_INFO [138.864183921] Enable GoalTracking (trackingParams=(trackFlywheel=true,trackTiltPos=true,trackPanPos=true)).
Shooter.RightPrimaryMotor.cancel_INFO [138.865319465] Cancel: stopping motor.
Shooter.RightTiltMotor.cancel_INFO [138.866201705] Cancel: stopping motor.
TaskAutoShoot.autoTask_INFO [138.942710201] <Event name="StateInfo" time="138.942070868" tag="vvvvv" TaskAutoShoot.state="START" />
TaskAutoShoot.runTaskState_INFO [138.944199657] ***** Wait for left Shooter ready.
TaskAutoShoot.runTaskState_INFO [138.949378811] ***** Wait for right Shooter ready.
TaskAutoShoot.runTaskState_INFO [138.951499677] ***** Wait for Turret ready.
TaskAutoShoot.autoTask_INFO [138.952544519] <Event name="StateInfo" time="138.952234628" tag="^^^^^" TaskAutoShoot.state="START" />
Shooter.TurretMotor.pidCtrlTask_INFO [138.987013451] controlMode: Position,onTarget=true(-36.255228573390156/-35.257575354806214), stalled=false, expired=false, event=(TaskAutoShoot.turretReady=SIGNALED)
TaskAutoShoot.autoTask_INFO [139.033580772] <Event name="StateInfo" time="139.032988683" tag="vvvvv" TaskAutoShoot.state="SHOOT" />
TaskAutoShoot.autoTask_INFO [139.034586524] <Event name="StateInfo" time="139.033860711" tag="^^^^^" TaskAutoShoot.state="SHOOT" />
TaskAutoShoot.autoTask_INFO [139.105479588] <Event name="StateInfo" time="139.104801366" tag="vvvvv" TaskAutoShoot.state="SHOOT" />
TaskAutoShoot.autoTask_INFO [139.10581461] <Event name="StateInfo" time="139.10565281" tag="^^^^^" TaskAutoShoot.state="SHOOT" />
FrcTeleOp.driverControllerButtonEvent_INFO [139.113079216] ##### button=A, pressed=true
TaskAutoShoot.autoTask_INFO [139.184374358] <Event name="StateInfo" time="139.182878436" tag="vvvvv" TaskAutoShoot.state="SHOOT" />
TaskAutoShoot.autoTask_INFO [139.191980895] <Event name="StateInfo" time="139.19173751" tag="^^^^^" TaskAutoShoot.state="SHOOT" />
FrcTeleOp.driverControllerButtonEvent_INFO [139.196382816] ##### button=A, pressed=false
TaskAutoShoot.autoTask_INFO [139.263934255] <Event name="StateInfo" time="139.263666422" tag="vvvvv" TaskAutoShoot.state="SHOOT" />
TaskAutoShoot.autoTask_INFO [139.265536959] <Event name="StateInfo" time="139.265185235" tag="^^^^^" TaskAutoShoot.state="SHOOT" />
Shooter.LeftShooter.goalTrackingTask_INFO [139.32151438] Shooter.LeftShooter is Ready: rpm1=4893.858173/4991.666237, rpm2=3003.164063/0.000000, tilt=24.182159/24.667607, pan=null/null
TaskAutoShoot.autoTask_INFO [139.349530806] <Event name="StateInfo" time="139.349345985" tag="vvvvv" TaskAutoShoot.state="SHOOT" />
TaskAutoShoot.runTaskState_INFO [139.349823555] ***** Start left shooter shooting.
Shooter.shoot_INFO [139.350171941] shoot(owner=null, event=(TaskAutoShoot.leftShooterDone=CLEARED), shooter=leftShooter, autoStop=false)
Shooter.LeftTransferMotor.cancel_INFO [139.35058427] Cancel: stopping motor.
TaskAutoShoot.autoTask_INFO [139.35110105] <Event name="StateInfo" time="139.350947489" tag="^^^^^" TaskAutoShoot.state="SHOOT" />
Shooter.RightShooter.goalTrackingTask_INFO [139.436136227] Shooter.RightShooter is Ready: rpm1=4861.676683/4928.360152, rpm2=3511.992188/0.000000, tilt=24.656487/24.327132, pan=null/null
TaskAutoShoot.autoTask_INFO [139.439677201] <Event name="StateInfo" time="139.439495295" tag="vvvvv" TaskAutoShoot.state="SHOOT" />
TaskAutoShoot.runTaskState_INFO [139.441229563] ***** Start right shooter shooting.
Shooter.shoot_INFO [139.443193713] shoot(owner=null, event=(TaskAutoShoot.rightShooterDone=CLEARED), shooter=rightShooter, autoStop=false)
Shooter.RightTransferMotor.cancel_INFO [139.444021353] Cancel: stopping motor.
TaskAutoShoot.autoTask_INFO [139.44770377] <Event name="StateInfo" time="139.445468429" tag="^^^^^" TaskAutoShoot.state="SHOOT" />
FrcTeleOp.operatorControllerButtonEvent_INFO [139.525256112] ##### button=Y, pressed=false
FrcTeleOp.shoot_INFO [139.526712526] >>>>> Stop Auto Shoot.
TaskAutoShoot.cancel_INFO [139.527513953] Canceling auto task operation.
TaskAutoShoot.stopSubsystems_INFO [139.528400596] Stopping subsystems.
Shooter.LeftTransferMotor.cancel_INFO [139.528936389] Cancel: stopping motor.
Shooter.RightTransferMotor.cancel_INFO [139.52988507] Cancel: stopping motor.
Shooter.FeederMotor.cancel_INFO [139.531267872] Cancel: stopping motor.
Shooter.LeftShooter.disableGoalTracking_INFO [139.534691086] Disable Goal Tracking.
Shooter.LeftShooter.stopGoalTracking_INFO [139.535515306] Stop GoalTracking.
Shooter.LeftTiltMotor.cancel_INFO [139.536167306] Cancel: stopping motor.
Shooter.LeftPrimaryMotor.cancel_INFO [139.536910127] Cancel: stopping motor.
Shooter.RightShooter.disableGoalTracking_INFO [139.549009021] Disable Goal Tracking.
Shooter.RightShooter.stopGoalTracking_INFO [139.549531191] Stop GoalTracking.
Shooter.RightTiltMotor.cancel_INFO [139.550412704] Cancel: stopping motor.
Shooter.RightPrimaryMotor.cancel_INFO [139.551579229] Cancel: stopping motor.
Shooter.LeftShooter.cancel_INFO [139.553191831] owner=null
Shooter.LeftPrimaryMotor.cancel_INFO [139.55614141] Cancel: stopping motor.
Shooter.LeftTiltMotor.cancel_INFO [139.556954424] Cancel: stopping motor.
Shooter.RightShooter.cancel_INFO [139.557743458] owner=null
Shooter.RightPrimaryMotor.cancel_INFO [139.558403117] Cancel: stopping motor.
Shooter.RightTiltMotor.cancel_INFO [139.559131644] Cancel: stopping motor.
Shooter.LeftTransferMotor.cancel_INFO [139.559837318] Cancel: stopping motor.
Shooter.RightTransferMotor.cancel_INFO [139.560562563] Cancel: stopping motor.
Shooter.FeederMotor.cancel_INFO [139.561328428] Cancel: stopping motor.
FrcTeleOp.driverControllerButtonEvent_INFO [139.680073542] ##### button=A, pressed=true
FrcTeleOp.driverControllerButtonEvent_INFO [139.729739252] ##### button=A, pressed=false
FrcRobot.startCompetition_INFO [139.974600666] *** Transitioning from TELEOP_MODE to DISABLED_MODE ***
Robot.cancelAll_INFO [139.980481162] Cancel all operations.
Shooter.LeftShooter.cancel_INFO [139.982479024] owner=null
Shooter.LeftPrimaryMotor.cancel_INFO [139.983303424] Cancel: stopping motor.
Shooter.LeftTiltMotor.cancel_INFO [139.983972715] Cancel: stopping motor.
Shooter.RightShooter.cancel_INFO [139.984480405] owner=null
Shooter.RightPrimaryMotor.cancel_INFO [139.985669916] Cancel: stopping motor.
Shooter.RightTiltMotor.cancel_INFO [139.986257131] Cancel: stopping motor.
Shooter.LeftTransferMotor.cancel_INFO [139.987200922] Cancel: stopping motor.
Shooter.RightTransferMotor.cancel_INFO [139.98790805] Cancel: stopping motor.
Shooter.FeederMotor.cancel_INFO [139.988719642] Cancel: stopping motor.
Intake.IntakeMotor.cancel_INFO [140.05059598] Cancel: stopping motor.
Climber.Motor.cancel_INFO [140.051794316] Cancel: stopping motor.
TaskAutoShoot.cancel_INFO [140.0524089] Canceling auto task operation.
TaskAutoClimb.cancel_INFO [140.05323993] Canceling auto task operation.
FrcRobot.printPerformanceMetrics_INFO [140.061739711] [FrcRobot] Loop Performance Metrics:
Average Loop Interval = 0.002058s (freq=485.809Hz, min=0.000636s, max=0.487772s)
[03]                StartTask=0.000000s
[04]          PrePeriodicTask=0.000222s
[07]               UpdateTask=0.000946s
[02]                StartMode=0.000000s
[06]         PostPeriodicTask=0.000673s
[08]                 StopTask=0.000000s
[09]                 StopMode=0.000000s
[00]                RobotInit=11.495956s
[01]           RobotStartMode=0.000005s
[05]                 Periodic=0.000133s
[10]            RobotStopMode=0.000003s

TrcTaskMgr.printTaskPerformanceMetrics_INFO [140.062831404] FrcDashboard.task: STANDALONE_TASK=7.505575534181168E-4/0.010749467701804325
TrcTaskMgr.printTaskPerformanceMetrics_INFO [140.063667017] TrcWatchdogMgr: STANDALONE_TASK=9.659693162393163E-5/0.9961065295683761
TrcTaskMgr.printTaskPerformanceMetrics_INFO [140.064877508] DriverController.buttonEventTask: PRE_PERIODIC_TASK=1.3063281798371372E-5/0.0032090100536070654
TrcTaskMgr.printTaskPerformanceMetrics_INFO [140.066333938] OperatorController.buttonEventTask: PRE_PERIODIC_TASK=1.3025773242344304E-4/0.003208993525151967
TrcTaskMgr.printTaskPerformanceMetrics_INFO [140.066880289] flDriveMotor.pidCtrlTask: OUTPUT_TASK=8.801918789580925E-5/0.01289305363610331
TrcTaskMgr.printTaskPerformanceMetrics_INFO [140.067394009] flDriveMotor.odometryCleanupTask: STOP_TASK=3.3907E-5/41.0898296635
TrcTaskMgr.printTaskPerformanceMetrics_INFO [140.068257921] frDriveMotor.pidCtrlTask: OUTPUT_TASK=5.820638669530261E-5/0.012893038653229803
TrcTaskMgr.printTaskPerformanceMetrics_INFO [140.068848471] blDriveMotor.pidCtrlTask: OUTPUT_TASK=5.647616063659893E-5/0.012893037789801201
TrcTaskMgr.printTaskPerformanceMetrics_INFO [140.072260808] brDriveMotor.pidCtrlTask: OUTPUT_TASK=5.287717758810573E-5/0.012892927189812775
TrcTaskMgr.printTaskPerformanceMetrics_INFO [140.072880755] flSteerMotor.pidCtrlTask: OUTPUT_TASK=6.16534859030837E-5/0.012892926612279736
TrcTaskMgr.printTaskPerformanceMetrics_INFO [140.073951462] frSteerMotor.pidCtrlTask: OUTPUT_TASK=5.2408969052863436E-5/0.012892931457929517
TrcTaskMgr.printTaskPerformanceMetrics_INFO [140.074594445] blSteerMotor.pidCtrlTask: OUTPUT_TASK=5.344030143171806E-5/0.01289293324129956
TrcTaskMgr.printTaskPerformanceMetrics_INFO [140.076386112] brSteerMotor.pidCtrlTask: OUTPUT_TASK=5.249123078193833E-5/0.012892934238931718
TrcTaskMgr.printTaskPerformanceMetrics_INFO [140.077023778] FrcSwerveDrive.odometryTask: INPUT_TASK=0.0018014659288819338/0.014264616780299078
TrcTaskMgr.printTaskPerformanceMetrics_INFO [140.077598957] FrcSwerveDrive.stopTask: STOP_TASK=0.0051644745/41.08980733425
TrcTaskMgr.printTaskPerformanceMetrics_INFO [140.078213302] purePursuitDrive.driveTask: POST_PERIODIC_TASK=0.00532515818121911/0.03185093664579901
TrcTaskMgr.printTaskPerformanceMetrics_INFO [140.086017243] LED: OUTPUT_TASK=6.501981449259403E-5/0.01289299894378063
TrcTaskMgr.printTaskPerformanceMetrics_INFO [140.086856034] Shooter.LeftPrimaryMotor.pidCtrlTask: OUTPUT_TASK=6.183223941412917E-5/0.012892801053301029
TrcTaskMgr.printTaskPerformanceMetrics_INFO [140.08740421] Shooter.LeftFollowerMotor.pidCtrlTask: OUTPUT_TASK=7.232665106546996E-6/0.012892800024668244
TrcTaskMgr.printTaskPerformanceMetrics_INFO [140.088030423] Shooter.LeftTiltMotor.pidCtrlTask: OUTPUT_TASK=8.86179429271516E-4/0.012892799625461153
TrcTaskMgr.printTaskPerformanceMetrics_INFO [140.089202212] Shooter.LeftShooter.ShooterMotor1VelTrigger.triggerTask: PRE_PERIODIC_TASK=2.488708080808081E-4/0.06367012493939393
TrcTaskMgr.printTaskPerformanceMetrics_INFO [140.08997014] Shooter.LeftShooter.goalTracking: POST_PERIODIC_TASK=0.031123229900964628/0.10500788763794212
TrcTaskMgr.printTaskPerformanceMetrics_INFO [140.10082898] Shooter.LeftTransferMotor.pidCtrlTask: OUTPUT_TASK=7.40845986124876E-6/0.012892539818081708
TrcTaskMgr.printTaskPerformanceMetrics_INFO [140.101365447] Shooter.RightPrimaryMotor.pidCtrlTask: OUTPUT_TASK=5.810824468670851E-5/0.01289253903567889
TrcTaskMgr.printTaskPerformanceMetrics_INFO [140.10209108] Shooter.RightFollowerMotor.pidCtrlTask: OUTPUT_TASK=7.379471038431891E-6/0.012892538540854532
TrcTaskMgr.printTaskPerformanceMetrics_INFO [140.102661814] Shooter.RightTiltMotor.pidCtrlTask: OUTPUT_TASK=9.125577329038651E-4/0.01289253810290717
TrcTaskMgr.printTaskPerformanceMetrics_INFO [140.108803801] Shooter.RightShooter.ShooterMotor1VelTrigger.triggerTask: PRE_PERIODIC_TASK=1.4390872448979592E-4/0.06342814325510204
TrcTaskMgr.printTaskPerformanceMetrics_INFO [140.109681269] Shooter.RightShooter.goalTracking: POST_PERIODIC_TASK=0.010444733421221866/0.10493933272282958
TrcTaskMgr.printTaskPerformanceMetrics_INFO [140.110499761] Shooter.RightTransferMotor.pidCtrlTask: OUTPUT_TASK=8.181806639872268E-6/0.012892430728238728
TrcTaskMgr.printTaskPerformanceMetrics_INFO [140.112935464] Shooter.TurretMotor.pidCtrlTask: OUTPUT_TASK=0.0012646096683917856/0.012892430015471013
TrcTaskMgr.printTaskPerformanceMetrics_INFO [140.113889748] Shooter.FeederMotor.pidCtrlTask: OUTPUT_TASK=7.169660628750757E-6/0.012892403090788967
TrcTaskMgr.printTaskPerformanceMetrics_INFO [140.116988854] ShooterfieldLengthTrigger.triggerTask: PRE_PERIODIC_TASK=6.513039141791701E-5/0.0020560744250321017
TrcTaskMgr.printTaskPerformanceMetrics_INFO [140.117581162] ShooterfieldWidthTrigger.triggerTask: PRE_PERIODIC_TASK=7.64054066771033E-6/0.0020560772912261876
TrcTaskMgr.printTaskPerformanceMetrics_INFO [140.118246703] Intake.IntakeMotor.pidCtrlTask: OUTPUT_TASK=6.854815238934156E-6/0.012892317773728254
TrcTaskMgr.printTaskPerformanceMetrics_INFO [140.119045153] Climber.Motor.pidCtrlTask: OUTPUT_TASK=7.40917010570359E-5/0.012892317404261175
TrcTaskMgr.printTaskPerformanceMetrics_INFO [140.119574305] TaskAutoShoot: POST_PERIODIC_TASK=0.0010141860675195451/0.10938641025159915
