Robot.robotStartMode_INFO [0.050888574] Sat Mar 07 21:03:58 UTC 2026: ***** TELEOP_MODE *****
Robot.robotStartMode_INFO [0.051615896] <BuildInfo Host="TRC492-DS2024" User="User" Timestamp="2026-03-07 11:57:12" Branch="dev" />
Shooter.setupGoalTrackingMode_INFO [0.165601816] GoalTracking(trackingMode=AllianceHub, goalPose=(x=-158.838583,y=469.110472,angle=180.000000), noPassback=true).
FrcTeleOp.driverControllerButtonEvent_INFO [0.831436838] ##### button=X, pressed=true
FrcTeleOp.driverControllerButtonEvent_INFO [0.842135426] >>>>> Reset field forward heading (heading=-176.6795257954643)
FrcTeleOp.driverControllerButtonEvent_INFO [0.931929815] ##### button=X, pressed=false
FrcTeleOp.driverControllerButtonEvent_INFO [1.647321959] ##### button=A, pressed=true
FrcTeleOp.driverControllerButtonEvent_INFO [1.748944005] ##### button=A, pressed=false
Shooter.setupGoalTrackingMode_INFO [2.574193504] GoalTracking(trackingMode=AllianceHub, goalPose=(x=-158.838583,y=469.110472,angle=180.000000), noPassback=true).
FrcTeleOp.driverControllerButtonEvent_INFO [2.92767485] ##### button=A, pressed=true
FrcTeleOp.driverControllerButtonEvent_INFO [3.037276104] ##### button=A, pressed=false
Shooter.setupGoalTrackingMode_INFO [4.381985563] GoalTracking(trackingMode=AllianceHub, goalPose=(x=-158.838583,y=469.110472,angle=180.000000), noPassback=true).
Shooter.setupGoalTrackingMode_INFO [4.398954408] GoalTracking(trackingMode=AllianceHub, goalPose=(x=-158.838583,y=469.110472,angle=180.000000), noPassback=true).
Shooter.setupGoalTrackingMode_INFO [4.411703726] GoalTracking(trackingMode=AllianceHub, goalPose=(x=-158.838583,y=469.110472,angle=180.000000), noPassback=true).
Shooter.setupGoalTrackingMode_INFO [6.219850281] GoalTracking(trackingMode=AllianceHub, goalPose=(x=-158.838583,y=469.110472,angle=180.000000), noPassback=true).
FrcTeleOp.driverControllerButtonEvent_INFO [6.640596908] ##### button=A, pressed=true
FrcTeleOp.driverControllerButtonEvent_INFO [6.691613656] ##### button=A, pressed=false
Shooter.setupGoalTrackingMode_INFO [7.107569021] GoalTracking(trackingMode=AllianceHub, goalPose=(x=-158.838583,y=469.110472,angle=180.000000), noPassback=true).
Shooter.setupGoalTrackingMode_INFO [8.410054172] GoalTracking(trackingMode=AllianceHub, goalPose=(x=-158.838583,y=469.110472,angle=180.000000), noPassback=true).
Shooter.setupGoalTrackingMode_INFO [9.058047935] GoalTracking(trackingMode=AllianceHub, goalPose=(x=-158.838583,y=469.110472,angle=180.000000), noPassback=true).
FrcTeleOp.operatorControllerButtonEvent_INFO [9.359471168] ##### button=Y, pressed=true
FrcTeleOp.shoot_INFO [9.361238925] >>>>> Start Auto Shoot.
TaskAutoShoot.autoShoot_INFO [9.363034102] autoShoot(owner=null, event=null, taskParams=(autoStop=false, noPassback=false))
TaskAutoShoot.autoShoot_INFO [9.365051306] Enabling Goal Tracking (prevTrackParams=(trackFlywheel=false,trackTiltPos=false,trackPanPos=true)).
Shooter.setupGoalTrackingMode_INFO [9.367264496] GoalTracking(trackingMode=AllianceHub, goalPose=(x=-158.838583,y=469.110472,angle=180.000000), noPassback=false).
Shooter.LeftShooter.enableGoalTracking_INFO [9.368975069] Enable GoalTracking (trackingParams=(trackFlywheel=true,trackTiltPos=true,trackPanPos=true)).
Shooter.LeftPrimaryMotor.cancel_INFO [9.370323465] Cancel: stopping motor.
Shooter.LeftTiltMotor.cancel_INFO [9.37189693] Cancel: stopping motor.
Shooter.RightShooter.enableGoalTracking_INFO [9.375993848] Enable GoalTracking (trackingParams=(trackFlywheel=true,trackTiltPos=true,trackPanPos=true)).
Shooter.RightPrimaryMotor.cancel_INFO [9.377922546] Cancel: stopping motor.
Shooter.RightTiltMotor.cancel_INFO [9.380328784] Cancel: stopping motor.
TaskAutoShoot.autoTask_INFO [9.457118659] <Event name="StateInfo" time="9.453569476" tag="vvvvv" TaskAutoShoot.state="START" />
TaskAutoShoot.runTaskState_INFO [9.459000628] ***** Wait for left Shooter ready.
TaskAutoShoot.runTaskState_INFO [9.460761023] ***** Wait for right Shooter ready.
TaskAutoShoot.runTaskState_INFO [9.467709607] ***** Wait for Turret ready.
TaskAutoShoot.autoTask_INFO [9.471570838] <Event name="StateInfo" time="9.471103941" tag="^^^^^" TaskAutoShoot.state="START" />
TaskAutoShoot.autoTask_INFO [9.62186695] <Event name="StateInfo" time="9.621392339" tag="vvvvv" TaskAutoShoot.state="SHOOT" />
TaskAutoShoot.autoTask_INFO [9.634023366] <Event name="StateInfo" time="9.632631989" tag="^^^^^" TaskAutoShoot.state="SHOOT" />
TaskAutoShoot.autoTask_INFO [9.713880037] <Event name="StateInfo" time="9.713659913" tag="vvvvv" TaskAutoShoot.state="SHOOT" />
TaskAutoShoot.autoTask_INFO [9.719781077] <Event name="StateInfo" time="9.719557443" tag="^^^^^" TaskAutoShoot.state="SHOOT" />
TaskAutoShoot.autoTask_INFO [9.809311804] <Event name="StateInfo" time="9.80901375" tag="vvvvv" TaskAutoShoot.state="SHOOT" />
TaskAutoShoot.autoTask_INFO [9.812119707] <Event name="StateInfo" time="9.811881321" tag="^^^^^" TaskAutoShoot.state="SHOOT" />
TaskAutoShoot.autoTask_INFO [9.87463243] <Event name="StateInfo" time="9.874419317" tag="vvvvv" TaskAutoShoot.state="SHOOT" />
TaskAutoShoot.autoTask_INFO [9.878074584] <Event name="StateInfo" time="9.876807409" tag="^^^^^" TaskAutoShoot.state="SHOOT" />
TaskAutoShoot.autoTask_INFO [9.951083038] <Event name="StateInfo" time="9.950879273" tag="vvvvv" TaskAutoShoot.state="SHOOT" />
TaskAutoShoot.autoTask_INFO [9.951574322] <Event name="StateInfo" time="9.951410684" tag="^^^^^" TaskAutoShoot.state="SHOOT" />
TaskAutoShoot.autoTask_INFO [10.034202895] <Event name="StateInfo" time="10.033821027" tag="vvvvv" TaskAutoShoot.state="SHOOT" />
TaskAutoShoot.autoTask_INFO [10.042300082] <Event name="StateInfo" time="10.041973356" tag="^^^^^" TaskAutoShoot.state="SHOOT" />
TaskAutoShoot.autoTask_INFO [10.116633704] <Event name="StateInfo" time="10.116421715" tag="vvvvv" TaskAutoShoot.state="SHOOT" />
TaskAutoShoot.autoTask_INFO [10.122447808] <Event name="StateInfo" time="10.120231221" tag="^^^^^" TaskAutoShoot.state="SHOOT" />
FrcTeleOp.operatorControllerButtonEvent_INFO [10.132928306] ##### button=Y, pressed=false
Shooter.RightShooter.goalTrackingTask_INFO [10.222110607] Shooter.RightShooter is Ready: rpm1=4998.542668/5079.313539, rpm2=3127.500000/0.000000, tilt=25.605164/25.396046, pan=null/null
TaskAutoShoot.autoTask_INFO [10.22617698] <Event name="StateInfo" time="10.224990153" tag="vvvvv" TaskAutoShoot.state="SHOOT" />
TaskAutoShoot.autoTask_INFO [10.230812996] <Event name="StateInfo" time="10.230196791" tag="^^^^^" TaskAutoShoot.state="SHOOT" />
FrcTeleOp.operatorControllerButtonEvent_INFO [10.237131176] ##### button=Y, pressed=true
FrcTeleOp.shoot_INFO [10.242513164] >>>>> Stop Auto Shoot.
TaskAutoShoot.cancel_INFO [10.245016134] Canceling auto task operation.
TaskAutoShoot.stopSubsystems_INFO [10.247958107] Stopping subsystems.
Shooter.LeftTransferMotor.cancel_INFO [10.255258992] Cancel: stopping motor.
Shooter.RightTransferMotor.cancel_INFO [10.259889289] Cancel: stopping motor.
Shooter.FeederMotor.cancel_INFO [10.267862902] Cancel: stopping motor.
TaskAutoShoot.stopSubsystems_INFO [10.27298105] Restoring previous Tracking mode (trackFlywheel=false,trackTiltPos=false,trackPanPos=true).
Shooter.setupGoalTrackingMode_INFO [10.277501934] GoalTracking(trackingMode=AllianceHub, goalPose=(x=-158.838583,y=469.110472,angle=180.000000), noPassback=true).
Shooter.LeftShooter.enableGoalTracking_INFO [10.282405967] Enable GoalTracking (trackingParams=(trackFlywheel=false,trackTiltPos=false,trackPanPos=true)).
Shooter.LeftPrimaryMotor.cancel_INFO [10.287364534] Cancel: stopping motor.
Shooter.LeftTiltMotor.cancel_INFO [10.296238204] Cancel: stopping motor.
Shooter.RightShooter.enableGoalTracking_INFO [10.299992348] Enable GoalTracking (trackingParams=(trackFlywheel=false,trackTiltPos=false,trackPanPos=true)).
Shooter.RightPrimaryMotor.cancel_INFO [10.3062362] Cancel: stopping motor.
Shooter.RightTiltMotor.cancel_INFO [10.310419029] Cancel: stopping motor.
Shooter.LeftPrimaryMotor.cancel_INFO [10.333952497] Cancel: stopping motor.
Shooter.RightPrimaryMotor.cancel_INFO [10.339041623] Cancel: stopping motor.
FrcTeleOp.operatorControllerButtonEvent_INFO [10.493984043] ##### button=Y, pressed=false
Shooter.setupGoalTrackingMode_INFO [14.245390327] GoalTracking(trackingMode=AllianceHub, goalPose=(x=-158.838583,y=469.110472,angle=180.000000), noPassback=true).
Shooter.LeftShooter.goalTrackingTask_INFO [14.495986863] Shooter.LeftShooter is TimedOut: rpm1=0.000000/0.000000, rpm2=0.000000/0.000000, tilt=17.067240/17.000000, pan=null/null
Shooter.setupGoalTrackingMode_INFO [14.963495404] GoalTracking(trackingMode=AllianceHub, goalPose=(x=-158.838583,y=469.110472,angle=180.000000), noPassback=true).
FrcTeleOp.operatorControllerButtonEvent_INFO [15.355863526] ##### button=Y, pressed=true
FrcTeleOp.shoot_INFO [15.362499055] >>>>> Start Auto Shoot.
TaskAutoShoot.autoShoot_INFO [15.363083102] autoShoot(owner=null, event=null, taskParams=(autoStop=false, noPassback=false))
TaskAutoShoot.autoShoot_INFO [15.366199548] Enabling Goal Tracking (prevTrackParams=(trackFlywheel=false,trackTiltPos=false,trackPanPos=true)).
Shooter.setupGoalTrackingMode_INFO [15.367283764] GoalTracking(trackingMode=Passback, goalPose=(x=-269.677165,y=603.220472,angle=180.000000), noPassback=false).
Shooter.LeftShooter.enableGoalTracking_INFO [15.367888853] Enable GoalTracking (trackingParams=(trackFlywheel=true,trackTiltPos=true,trackPanPos=true)).
Shooter.LeftPrimaryMotor.cancel_INFO [15.369043613] Cancel: stopping motor.
Shooter.LeftTiltMotor.cancel_INFO [15.36987117] Cancel: stopping motor.
Shooter.RightShooter.enableGoalTracking_INFO [15.371144465] Enable GoalTracking (trackingParams=(trackFlywheel=true,trackTiltPos=true,trackPanPos=true)).
Shooter.RightPrimaryMotor.cancel_INFO [15.372269561] Cancel: stopping motor.
Shooter.RightTiltMotor.cancel_INFO [15.37296672] Cancel: stopping motor.
TaskAutoShoot.autoTask_INFO [15.469555469] <Event name="StateInfo" time="15.466932029" tag="vvvvv" TaskAutoShoot.state="START" />
TaskAutoShoot.runTaskState_INFO [15.484591567] ***** Wait for left Shooter ready.
TaskAutoShoot.runTaskState_INFO [15.490024583] ***** Wait for right Shooter ready.
TaskAutoShoot.runTaskState_INFO [15.502395252] ***** Wait for Turret ready.
TaskAutoShoot.autoTask_INFO [15.506858555] <Event name="StateInfo" time="15.505512203" tag="^^^^^" TaskAutoShoot.state="START" />
Shooter.TurretMotor.pidCtrlTask_INFO [15.603398483] controlMode: Position,onTarget=true(-54.85419774410411/-55.530323407331935), stalled=false, expired=false, event=(TaskAutoShoot.turretReady=SIGNALED)
TaskAutoShoot.autoTask_INFO [15.689348039] <Event name="StateInfo" time="15.689099461" tag="vvvvv" TaskAutoShoot.state="SHOOT" />
TaskAutoShoot.autoTask_INFO [15.697401961] <Event name="StateInfo" time="15.697170703" tag="^^^^^" TaskAutoShoot.state="SHOOT" />
TaskAutoShoot.autoTask_INFO [15.786818493] <Event name="StateInfo" time="15.786514044" tag="vvvvv" TaskAutoShoot.state="SHOOT" />
TaskAutoShoot.autoTask_INFO [15.787939524] <Event name="StateInfo" time="15.787225904" tag="^^^^^" TaskAutoShoot.state="SHOOT" />
Shooter.setupGoalTrackingMode_INFO [15.798278756] GoalTracking(trackingMode=Passback, goalPose=(x=-269.677165,y=603.220472,angle=180.000000), noPassback=false).
TaskAutoShoot.autoTask_INFO [15.882558385] <Event name="StateInfo" time="15.882236769" tag="vvvvv" TaskAutoShoot.state="SHOOT" />
TaskAutoShoot.autoTask_INFO [15.883648114] <Event name="StateInfo" time="15.883446334" tag="^^^^^" TaskAutoShoot.state="SHOOT" />
TaskAutoShoot.autoTask_INFO [15.965966057] <Event name="StateInfo" time="15.965745227" tag="vvvvv" TaskAutoShoot.state="SHOOT" />
TaskAutoShoot.autoTask_INFO [15.967868561] <Event name="StateInfo" time="15.967138647" tag="^^^^^" TaskAutoShoot.state="SHOOT" />
TaskAutoShoot.autoTask_INFO [16.043135098] <Event name="StateInfo" time="16.041354575" tag="vvvvv" TaskAutoShoot.state="SHOOT" />
TaskAutoShoot.autoTask_INFO [16.04649078] <Event name="StateInfo" time="16.046179332" tag="^^^^^" TaskAutoShoot.state="SHOOT" />
TaskAutoShoot.autoTask_INFO [16.138156472] <Event name="StateInfo" time="16.137930863" tag="vvvvv" TaskAutoShoot.state="SHOOT" />
TaskAutoShoot.autoTask_INFO [16.155286913] <Event name="StateInfo" time="16.154766182" tag="^^^^^" TaskAutoShoot.state="SHOOT" />
TaskAutoShoot.autoTask_INFO [16.225474935] <Event name="StateInfo" time="16.225255153" tag="vvvvv" TaskAutoShoot.state="SHOOT" />
TaskAutoShoot.autoTask_INFO [16.227370758] <Event name="StateInfo" time="16.226579503" tag="^^^^^" TaskAutoShoot.state="SHOOT" />
TaskAutoShoot.autoTask_INFO [16.307400423] <Event name="StateInfo" time="16.306804429" tag="vvvvv" TaskAutoShoot.state="SHOOT" />
TaskAutoShoot.autoTask_INFO [16.309695513] <Event name="StateInfo" time="16.309481657" tag="^^^^^" TaskAutoShoot.state="SHOOT" />
FrcTeleOp.operatorControllerButtonEvent_INFO [16.314177898] ##### button=Y, pressed=false
TaskAutoShoot.autoTask_INFO [16.374583942] <Event name="StateInfo" time="16.374352564" tag="vvvvv" TaskAutoShoot.state="SHOOT" />
TaskAutoShoot.autoTask_INFO [16.376732976] <Event name="StateInfo" time="16.376510173" tag="^^^^^" TaskAutoShoot.state="SHOOT" />
TaskAutoShoot.autoTask_INFO [16.48442279] <Event name="StateInfo" time="16.484189898" tag="vvvvv" TaskAutoShoot.state="SHOOT" />
TaskAutoShoot.autoTask_INFO [16.48921508] <Event name="StateInfo" time="16.489003631" tag="^^^^^" TaskAutoShoot.state="SHOOT" />
FrcTeleOp.operatorControllerButtonEvent_INFO [16.495442385] ##### button=Y, pressed=true
FrcTeleOp.shoot_INFO [16.503479653] >>>>> Stop Auto Shoot.
TaskAutoShoot.cancel_INFO [16.506131808] Canceling auto task operation.
TaskAutoShoot.stopSubsystems_INFO [16.506751149] Stopping subsystems.
Shooter.LeftTransferMotor.cancel_INFO [16.507222546] Cancel: stopping motor.
Shooter.RightTransferMotor.cancel_INFO [16.514443197] Cancel: stopping motor.
Shooter.FeederMotor.cancel_INFO [16.517077359] Cancel: stopping motor.
TaskAutoShoot.stopSubsystems_INFO [16.537774553] Restoring previous Tracking mode (trackFlywheel=false,trackTiltPos=false,trackPanPos=true).
Shooter.setupGoalTrackingMode_INFO [16.54073232] GoalTracking(trackingMode=AllianceHub, goalPose=(x=-158.838583,y=469.110472,angle=180.000000), noPassback=true).
Shooter.LeftShooter.enableGoalTracking_INFO [16.541217215] Enable GoalTracking (trackingParams=(trackFlywheel=false,trackTiltPos=false,trackPanPos=true)).
Shooter.LeftPrimaryMotor.cancel_INFO [16.545856163] Cancel: stopping motor.
Shooter.LeftTiltMotor.cancel_INFO [16.548663409] Cancel: stopping motor.
Shooter.RightShooter.enableGoalTracking_INFO [16.549338446] Enable GoalTracking (trackingParams=(trackFlywheel=false,trackTiltPos=false,trackPanPos=true)).
Shooter.RightPrimaryMotor.cancel_INFO [16.552578575] Cancel: stopping motor.
Shooter.RightTiltMotor.cancel_INFO [16.553911475] Cancel: stopping motor.
Shooter.LeftPrimaryMotor.cancel_INFO [16.554609646] Cancel: stopping motor.
Shooter.RightPrimaryMotor.cancel_INFO [16.558566794] Cancel: stopping motor.
FrcTeleOp.operatorControllerButtonEvent_INFO [16.705893178] ##### button=Y, pressed=false
FrcTeleOp.operatorControllerButtonEvent_INFO [16.82128387] ##### button=Y, pressed=true
FrcTeleOp.shoot_INFO [16.829309345] >>>>> Start Auto Shoot.
TaskAutoShoot.autoShoot_INFO [16.830947954] autoShoot(owner=null, event=null, taskParams=(autoStop=false, noPassback=false))
TaskAutoShoot.autoShoot_INFO [16.832849846] Enabling Goal Tracking (prevTrackParams=(trackFlywheel=false,trackTiltPos=false,trackPanPos=true)).
Shooter.setupGoalTrackingMode_INFO [16.834569993] GoalTracking(trackingMode=Passback, goalPose=(x=-269.677165,y=603.220472,angle=180.000000), noPassback=false).
Shooter.LeftShooter.enableGoalTracking_INFO [16.836102645] Enable GoalTracking (trackingParams=(trackFlywheel=true,trackTiltPos=true,trackPanPos=true)).
Shooter.LeftPrimaryMotor.cancel_INFO [16.839444887] Cancel: stopping motor.
Shooter.LeftTiltMotor.cancel_INFO [16.841551369] Cancel: stopping motor.
Shooter.RightShooter.enableGoalTracking_INFO [16.843647624] Enable GoalTracking (trackingParams=(trackFlywheel=true,trackTiltPos=true,trackPanPos=true)).
Shooter.RightPrimaryMotor.cancel_INFO [16.845664863] Cancel: stopping motor.
Shooter.RightTiltMotor.cancel_INFO [16.847062568] Cancel: stopping motor.
TaskAutoShoot.autoTask_INFO [16.934005498] <Event name="StateInfo" time="16.933532548" tag="vvvvv" TaskAutoShoot.state="START" />
TaskAutoShoot.runTaskState_INFO [16.937783026] ***** Wait for left Shooter ready.
TaskAutoShoot.runTaskState_INFO [16.939480348] ***** Wait for right Shooter ready.
TaskAutoShoot.runTaskState_INFO [16.945163313] ***** Wait for Turret ready.
TaskAutoShoot.autoTask_INFO [16.949611189] <Event name="StateInfo" time="16.947802791" tag="^^^^^" TaskAutoShoot.state="START" />
Shooter.TurretMotor.pidCtrlTask_INFO [16.989433111] controlMode: Position,onTarget=true(-78.8262611931678/-78.76763064970278), stalled=false, expired=false, event=(TaskAutoShoot.turretReady=SIGNALED)
TaskAutoShoot.autoTask_INFO [17.023054767] <Event name="StateInfo" time="17.022650669" tag="vvvvv" TaskAutoShoot.state="SHOOT" />
TaskAutoShoot.autoTask_INFO [17.026548106] <Event name="StateInfo" time="17.026241718" tag="^^^^^" TaskAutoShoot.state="SHOOT" />
TaskAutoShoot.autoTask_INFO [17.100906453] <Event name="StateInfo" time="17.098834162" tag="vvvvv" TaskAutoShoot.state="SHOOT" />
TaskAutoShoot.autoTask_INFO [17.101722716] <Event name="StateInfo" time="17.101234199" tag="^^^^^" TaskAutoShoot.state="SHOOT" />
TaskAutoShoot.autoTask_INFO [17.176086623] <Event name="StateInfo" time="17.175870508" tag="vvvvv" TaskAutoShoot.state="SHOOT" />
TaskAutoShoot.autoTask_INFO [17.178792122] <Event name="StateInfo" time="17.178586705" tag="^^^^^" TaskAutoShoot.state="SHOOT" />
Shooter.LeftShooter.goalTrackingTask_INFO [17.226141924] Shooter.LeftShooter is Ready: rpm1=6316.469351/6314.567130, rpm2=3858.164063/0.000000, tilt=38.016813/38.004717, pan=null/null
Shooter.RightShooter.goalTrackingTask_INFO [17.25500453] Shooter.RightShooter is Ready: rpm1=6305.300481/6314.567130, rpm2=3825.820313/0.000000, tilt=38.056298/38.004717, pan=null/null
TaskAutoShoot.autoTask_INFO [17.257847531] <Event name="StateInfo" time="17.256947881" tag="vvvvv" TaskAutoShoot.state="SHOOT" />
TaskAutoShoot.runTaskState_INFO [17.259677727] ***** Start left shooter shooting.
Shooter.shoot_INFO [17.265899865] shoot(owner=null, event=(TaskAutoShoot.leftShooterDone=CLEARED), shooter=leftShooter, autoStop=false)
Shooter.LeftTransferMotor.cancel_INFO [17.269061762] Cancel: stopping motor.
TaskAutoShoot.runTaskState_INFO [17.271774839] ***** Start right shooter shooting.
Shooter.shoot_INFO [17.276332222] shoot(owner=null, event=(TaskAutoShoot.rightShooterDone=CLEARED), shooter=rightShooter, autoStop=false)
Shooter.RightTransferMotor.cancel_INFO [17.279641347] Cancel: stopping motor.
TaskAutoShoot.autoTask_INFO [17.281210557] <Event name="StateInfo" time="17.281021199" tag="^^^^^" TaskAutoShoot.state="SHOOT" />
FrcTeleOp.operatorControllerButtonEvent_INFO [17.502840557] ##### button=Y, pressed=false
Shooter.setupGoalTrackingMode_INFO [19.483003613] GoalTracking(trackingMode=Passback, goalPose=(x=-269.677165,y=603.220472,angle=180.000000), noPassback=false).
FrcTeleOp.operatorControllerButtonEvent_INFO [19.635040922] ##### button=Y, pressed=true
FrcTeleOp.shoot_INFO [19.636945989] >>>>> Stop Auto Shoot.
TaskAutoShoot.cancel_INFO [19.638216104] Canceling auto task operation.
TaskAutoShoot.stopSubsystems_INFO [19.643098122] Stopping subsystems.
Shooter.LeftTransferMotor.cancel_INFO [19.645650321] Cancel: stopping motor.
Shooter.RightTransferMotor.cancel_INFO [19.649342026] Cancel: stopping motor.
Shooter.FeederMotor.cancel_INFO [19.655050503] Cancel: stopping motor.
TaskAutoShoot.stopSubsystems_INFO [19.656413493] Restoring previous Tracking mode (trackFlywheel=false,trackTiltPos=false,trackPanPos=true).
Shooter.setupGoalTrackingMode_INFO [19.65796606] GoalTracking(trackingMode=AllianceHub, goalPose=(x=-158.838583,y=469.110472,angle=180.000000), noPassback=true).
Shooter.LeftShooter.enableGoalTracking_INFO [19.659137313] Enable GoalTracking (trackingParams=(trackFlywheel=false,trackTiltPos=false,trackPanPos=true)).
Shooter.LeftPrimaryMotor.cancel_INFO [19.66557934] Cancel: stopping motor.
Shooter.LeftTiltMotor.cancel_INFO [19.668010651] Cancel: stopping motor.
Shooter.RightShooter.enableGoalTracking_INFO [19.669884349] Enable GoalTracking (trackingParams=(trackFlywheel=false,trackTiltPos=false,trackPanPos=true)).
Shooter.RightPrimaryMotor.cancel_INFO [19.677215668] Cancel: stopping motor.
Shooter.RightTiltMotor.cancel_INFO [19.679725028] Cancel: stopping motor.
Shooter.LeftPrimaryMotor.cancel_INFO [19.680893579] Cancel: stopping motor.
Shooter.RightPrimaryMotor.cancel_INFO [19.686908228] Cancel: stopping motor.
FrcTeleOp.operatorControllerButtonEvent_INFO [19.831132019] ##### button=Y, pressed=false
FrcTeleOp.operatorControllerButtonEvent_INFO [20.098562173] ##### button=Y, pressed=true
FrcTeleOp.shoot_INFO [20.101687792] >>>>> Start Auto Shoot.
TaskAutoShoot.autoShoot_INFO [20.102884557] autoShoot(owner=null, event=null, taskParams=(autoStop=false, noPassback=false))
TaskAutoShoot.autoShoot_INFO [20.104623925] Enabling Goal Tracking (prevTrackParams=(trackFlywheel=false,trackTiltPos=false,trackPanPos=true)).
Shooter.setupGoalTrackingMode_INFO [20.106559765] GoalTracking(trackingMode=Passback, goalPose=(x=-269.677165,y=603.220472,angle=180.000000), noPassback=false).
Shooter.LeftShooter.enableGoalTracking_INFO [20.108782024] Enable GoalTracking (trackingParams=(trackFlywheel=true,trackTiltPos=true,trackPanPos=true)).
Shooter.LeftPrimaryMotor.cancel_INFO [20.110205312] Cancel: stopping motor.
Shooter.LeftTiltMotor.cancel_INFO [20.111767176] Cancel: stopping motor.
Shooter.RightShooter.enableGoalTracking_INFO [20.113471912] Enable GoalTracking (trackingParams=(trackFlywheel=true,trackTiltPos=true,trackPanPos=true)).
Shooter.RightPrimaryMotor.cancel_INFO [20.122997697] Cancel: stopping motor.
Shooter.RightTiltMotor.cancel_INFO [20.125909396] Cancel: stopping motor.
TaskAutoShoot.autoTask_INFO [20.202052487] <Event name="StateInfo" time="20.20154956" tag="vvvvv" TaskAutoShoot.state="START" />
TaskAutoShoot.runTaskState_INFO [20.207015546] ***** Wait for left Shooter ready.
TaskAutoShoot.runTaskState_INFO [20.208390557] ***** Wait for right Shooter ready.
TaskAutoShoot.runTaskState_INFO [20.213975872] ***** Wait for Turret ready.
TaskAutoShoot.autoTask_INFO [20.215976941] <Event name="StateInfo" time="20.215732397" tag="^^^^^" TaskAutoShoot.state="START" />
Shooter.TurretMotor.pidCtrlTask_INFO [20.322099688] controlMode: Position,onTarget=true(-132.56175664435546/-131.67899976433037), stalled=false, expired=false, event=(TaskAutoShoot.turretReady=SIGNALED)
TaskAutoShoot.autoTask_INFO [20.327994728] <Event name="StateInfo" time="20.326284232" tag="vvvvv" TaskAutoShoot.state="SHOOT" />
TaskAutoShoot.autoTask_INFO [20.329957062] <Event name="StateInfo" time="20.329124643" tag="^^^^^" TaskAutoShoot.state="SHOOT" />
TaskAutoShoot.autoTask_INFO [20.40933588] <Event name="StateInfo" time="20.408995675" tag="vvvvv" TaskAutoShoot.state="SHOOT" />
TaskAutoShoot.autoTask_INFO [20.411275073] <Event name="StateInfo" time="20.411036781" tag="^^^^^" TaskAutoShoot.state="SHOOT" />
FrcTeleOp.operatorControllerButtonEvent_INFO [20.417311027] ##### button=Y, pressed=false
TaskAutoShoot.autoTask_INFO [20.493711306] <Event name="StateInfo" time="20.493188076" tag="vvvvv" TaskAutoShoot.state="SHOOT" />
TaskAutoShoot.autoTask_INFO [20.494562083] <Event name="StateInfo" time="20.494341606" tag="^^^^^" TaskAutoShoot.state="SHOOT" />
Shooter.LeftShooter.goalTrackingTask_INFO [20.556798707] Shooter.LeftShooter is Ready: rpm1=6289.020433/6348.161344, rpm2=3906.328125/0.000000, tilt=38.570188/38.586286, pan=null/null
TaskAutoShoot.autoTask_INFO [20.578692294] <Event name="StateInfo" time="20.578345007" tag="vvvvv" TaskAutoShoot.state="SHOOT" />
TaskAutoShoot.runTaskState_INFO [20.579199841] ***** Start left shooter shooting.
Shooter.shoot_INFO [20.583633149] shoot(owner=null, event=(TaskAutoShoot.leftShooterDone=CLEARED), shooter=leftShooter, autoStop=false)
Shooter.LeftTransferMotor.cancel_INFO [20.586355268] Cancel: stopping motor.
TaskAutoShoot.autoTask_INFO [20.587217985] <Event name="StateInfo" time="20.587021815" tag="^^^^^" TaskAutoShoot.state="SHOOT" />
Shooter.RightShooter.goalTrackingTask_INFO [20.667047158] Shooter.RightShooter is Ready: rpm1=6282.962740/6348.436095, rpm2=3903.867188/0.000000, tilt=38.609688/38.591191, pan=null/null
TaskAutoShoot.autoTask_INFO [20.671822913] <Event name="StateInfo" time="20.671462733" tag="vvvvv" TaskAutoShoot.state="SHOOT" />
TaskAutoShoot.runTaskState_INFO [20.67237303] ***** Start right shooter shooting.
Shooter.shoot_INFO [20.675897257] shoot(owner=null, event=(TaskAutoShoot.rightShooterDone=CLEARED), shooter=rightShooter, autoStop=false)
Shooter.RightTransferMotor.cancel_INFO [20.679236557] Cancel: stopping motor.
TaskAutoShoot.autoTask_INFO [20.682916364] <Event name="StateInfo" time="20.682511842" tag="^^^^^" TaskAutoShoot.state="SHOOT" />
FrcTeleOp.operatorControllerButtonEvent_INFO [20.691353112] ##### button=Y, pressed=true
FrcTeleOp.shoot_INFO [20.69379994] >>>>> Stop Auto Shoot.
TaskAutoShoot.cancel_INFO [20.697842398] Canceling auto task operation.
TaskAutoShoot.stopSubsystems_INFO [20.703472455] Stopping subsystems.
Shooter.LeftTransferMotor.cancel_INFO [20.70836155] Cancel: stopping motor.
Shooter.RightTransferMotor.cancel_INFO [20.711933925] Cancel: stopping motor.
Shooter.FeederMotor.cancel_INFO [20.714126186] Cancel: stopping motor.
TaskAutoShoot.stopSubsystems_INFO [20.714618306] Restoring previous Tracking mode (trackFlywheel=false,trackTiltPos=false,trackPanPos=true).
Shooter.setupGoalTrackingMode_INFO [20.716268002] GoalTracking(trackingMode=AllianceHub, goalPose=(x=-158.838583,y=469.110472,angle=180.000000), noPassback=true).
Shooter.LeftShooter.enableGoalTracking_INFO [20.716761022] Enable GoalTracking (trackingParams=(trackFlywheel=false,trackTiltPos=false,trackPanPos=true)).
Shooter.LeftPrimaryMotor.cancel_INFO [20.731449864] Cancel: stopping motor.
Shooter.LeftTiltMotor.cancel_INFO [20.733620205] Cancel: stopping motor.
Shooter.RightShooter.enableGoalTracking_INFO [20.734887677] Enable GoalTracking (trackingParams=(trackFlywheel=false,trackTiltPos=false,trackPanPos=true)).
Shooter.RightPrimaryMotor.cancel_INFO [20.737044214] Cancel: stopping motor.
Shooter.RightTiltMotor.cancel_INFO [20.737718807] Cancel: stopping motor.
Shooter.LeftPrimaryMotor.cancel_INFO [20.744429466] Cancel: stopping motor.
Shooter.RightPrimaryMotor.cancel_INFO [20.748562093] Cancel: stopping motor.
FrcTeleOp.operatorControllerButtonEvent_INFO [20.909849335] ##### button=Y, pressed=false
FrcTeleOp.operatorControllerButtonEvent_INFO [21.114610042] ##### button=LeftBumper, pressed=true
FrcTeleOp.operatorControllerButtonEvent_INFO [21.118336243] >>>>> OperatorAltFunc=true
FrcTeleOp.operatorControllerButtonEvent_INFO [21.864813894] ##### button=LeftBumper, pressed=false
FrcTeleOp.operatorControllerButtonEvent_INFO [21.865698098] >>>>> OperatorAltFunc=false
Shooter.TurretMotor.isMotorStalled_INFO [21.899216064] Stall detection triggered.
Shooter.TurretMotor.checkStallReset_WARN [21.899822279] Stall detected, removing power to protect motor.
FrcTeleOp.operatorControllerButtonEvent_INFO [23.170177185] ##### button=LeftBumper, pressed=true
FrcTeleOp.operatorControllerButtonEvent_INFO [23.177283996] >>>>> OperatorAltFunc=true
Shooter.TurretMotor.isMotorStalled_INFO [23.616628714] Stall detection triggered.
Shooter.TurretMotor.checkStallReset_WARN [23.621359749] Stall detected, removing power to protect motor.
Shooter.TurretMotor.isMotorStalled_INFO [24.036786868] Stall detection triggered.
FrcTeleOp.operatorControllerButtonEvent_INFO [24.745606245] ##### button=LeftBumper, pressed=false
FrcTeleOp.operatorControllerButtonEvent_INFO [24.747769921] >>>>> OperatorAltFunc=false
Shooter.TurretMotor.isMotorStalled_INFO [24.900672302] Stall detection triggered.
Shooter.TurretMotor.checkStallReset_WARN [24.901169051] Stall detected, removing power to protect motor.
Shooter.setupGoalTrackingMode_INFO [28.563608724] GoalTracking(trackingMode=AllianceHub, goalPose=(x=-158.838583,y=469.110472,angle=180.000000), noPassback=true).
Shooter.setupGoalTrackingMode_INFO [29.352882181] GoalTracking(trackingMode=AllianceHub, goalPose=(x=-158.838583,y=469.110472,angle=180.000000), noPassback=true).
Shooter.setupGoalTrackingMode_INFO [32.470071986] GoalTracking(trackingMode=AllianceHub, goalPose=(x=-158.838583,y=469.110472,angle=180.000000), noPassback=true).
Shooter.setupGoalTrackingMode_INFO [32.862748019] GoalTracking(trackingMode=AllianceHub, goalPose=(x=-158.838583,y=469.110472,angle=180.000000), noPassback=true).
FrcTeleOp.operatorControllerButtonEvent_INFO [33.750874619] ##### button=Y, pressed=true
FrcTeleOp.shoot_INFO [33.757700768] >>>>> Start Auto Shoot.
TaskAutoShoot.autoShoot_INFO [33.759189377] autoShoot(owner=null, event=null, taskParams=(autoStop=false, noPassback=false))
TaskAutoShoot.autoShoot_INFO [33.760516005] Enabling Goal Tracking (prevTrackParams=(trackFlywheel=false,trackTiltPos=false,trackPanPos=true)).
Shooter.setupGoalTrackingMode_INFO [33.769401509] GoalTracking(trackingMode=AllianceHub, goalPose=(x=-158.838583,y=469.110472,angle=180.000000), noPassback=false).
Shooter.LeftShooter.enableGoalTracking_INFO [33.771047997] Enable GoalTracking (trackingParams=(trackFlywheel=true,trackTiltPos=true,trackPanPos=true)).
Shooter.LeftPrimaryMotor.cancel_INFO [33.773503303] Cancel: stopping motor.
Shooter.LeftTiltMotor.cancel_INFO [33.776063351] Cancel: stopping motor.
Shooter.RightShooter.enableGoalTracking_INFO [33.779155344] Enable GoalTracking (trackingParams=(trackFlywheel=true,trackTiltPos=true,trackPanPos=true)).
Shooter.RightPrimaryMotor.cancel_INFO [33.781242751] Cancel: stopping motor.
Shooter.RightTiltMotor.cancel_INFO [33.795436564] Cancel: stopping motor.
TaskAutoShoot.autoTask_INFO [33.879019965] <Event name="StateInfo" time="33.878707337" tag="vvvvv" TaskAutoShoot.state="START" />
TaskAutoShoot.runTaskState_INFO [33.883222362] ***** Wait for left Shooter ready.
TaskAutoShoot.runTaskState_INFO [33.885094139] ***** Wait for right Shooter ready.
TaskAutoShoot.runTaskState_INFO [33.886903139] ***** Wait for Turret ready.
TaskAutoShoot.autoTask_INFO [33.889215806] <Event name="StateInfo" time="33.888817785" tag="^^^^^" TaskAutoShoot.state="START" />
TaskAutoShoot.autoTask_INFO [34.032671969] <Event name="StateInfo" time="34.032498315" tag="vvvvv" TaskAutoShoot.state="SHOOT" />
TaskAutoShoot.autoTask_INFO [34.033242654] <Event name="StateInfo" time="34.033083281" tag="^^^^^" TaskAutoShoot.state="SHOOT" />
TaskAutoShoot.autoTask_INFO [34.106292261] <Event name="StateInfo" time="34.105780837" tag="vvvvv" TaskAutoShoot.state="SHOOT" />
TaskAutoShoot.autoTask_INFO [34.110536495] <Event name="StateInfo" time="34.110331632" tag="^^^^^" TaskAutoShoot.state="SHOOT" />
TaskAutoShoot.autoTask_INFO [34.187549425] <Event name="StateInfo" time="34.18684358" tag="vvvvv" TaskAutoShoot.state="SHOOT" />
TaskAutoShoot.autoTask_INFO [34.190782723] <Event name="StateInfo" time="34.187988348" tag="^^^^^" TaskAutoShoot.state="SHOOT" />
TaskAutoShoot.autoTask_INFO [34.277512448] <Event name="StateInfo" time="34.277012173" tag="vvvvv" TaskAutoShoot.state="SHOOT" />
TaskAutoShoot.autoTask_INFO [34.281228063] <Event name="StateInfo" time="34.280828203" tag="^^^^^" TaskAutoShoot.state="SHOOT" />
TaskAutoShoot.autoTask_INFO [34.37542981] <Event name="StateInfo" time="34.374875839" tag="vvvvv" TaskAutoShoot.state="SHOOT" />
TaskAutoShoot.autoTask_INFO [34.380247826] <Event name="StateInfo" time="34.380007328" tag="^^^^^" TaskAutoShoot.state="SHOOT" />
TaskAutoShoot.autoTask_INFO [34.463008451] <Event name="StateInfo" time="34.462823691" tag="vvvvv" TaskAutoShoot.state="SHOOT" />
TaskAutoShoot.autoTask_INFO [34.468405631] <Event name="StateInfo" time="34.468180848" tag="^^^^^" TaskAutoShoot.state="SHOOT" />
TaskAutoShoot.autoTask_INFO [34.541383342] <Event name="StateInfo" time="34.541184975" tag="vvvvv" TaskAutoShoot.state="SHOOT" />
TaskAutoShoot.autoTask_INFO [34.545405827] <Event name="StateInfo" time="34.544887912" tag="^^^^^" TaskAutoShoot.state="SHOOT" />
Shooter.RightShooter.goalTrackingTask_INFO [34.638997364] Shooter.RightShooter is Ready: rpm1=5239.335938/5282.799815, rpm2=3114.140625/0.000000, tilt=26.870041/26.867568, pan=null/null
TaskAutoShoot.autoTask_INFO [34.657785989] <Event name="StateInfo" time="34.657584691" tag="vvvvv" TaskAutoShoot.state="SHOOT" />
TaskAutoShoot.autoTask_INFO [34.66321345] <Event name="StateInfo" time="34.661307003" tag="^^^^^" TaskAutoShoot.state="SHOOT" />
FrcTeleOp.operatorControllerButtonEvent_INFO [34.669223807] ##### button=Y, pressed=false
Shooter.LeftShooter.goalTrackingTask_INFO [34.720170683] Shooter.LeftShooter is Ready: rpm1=5201.853966/5281.619894, rpm2=3213.867188/0.000000, tilt=26.870033/26.858190, pan=null/null
TaskAutoShoot.autoTask_INFO [34.752220221] <Event name="StateInfo" time="34.749357247" tag="vvvvv" TaskAutoShoot.state="SHOOT" />
TaskAutoShoot.autoTask_INFO [34.755094067] <Event name="StateInfo" time="34.754863007" tag="^^^^^" TaskAutoShoot.state="SHOOT" />
FrcTeleOp.operatorControllerButtonEvent_INFO [34.765337052] ##### button=Y, pressed=true
FrcTeleOp.shoot_INFO [34.767924873] >>>>> Stop Auto Shoot.
TaskAutoShoot.cancel_INFO [34.770137514] Canceling auto task operation.
TaskAutoShoot.stopSubsystems_INFO [34.770903342] Stopping subsystems.
Shooter.LeftTransferMotor.cancel_INFO [34.773720785] Cancel: stopping motor.
Shooter.RightTransferMotor.cancel_INFO [34.776415681] Cancel: stopping motor.
Shooter.FeederMotor.cancel_INFO [34.776950802] Cancel: stopping motor.
TaskAutoShoot.stopSubsystems_INFO [34.78094752] Restoring previous Tracking mode (trackFlywheel=false,trackTiltPos=false,trackPanPos=true).
Shooter.setupGoalTrackingMode_INFO [34.787355901] GoalTracking(trackingMode=AllianceHub, goalPose=(x=-158.838583,y=469.110472,angle=180.000000), noPassback=true).
Shooter.LeftShooter.enableGoalTracking_INFO [34.788952427] Enable GoalTracking (trackingParams=(trackFlywheel=false,trackTiltPos=false,trackPanPos=true)).
Shooter.LeftPrimaryMotor.cancel_INFO [34.79060653] Cancel: stopping motor.
Shooter.LeftTiltMotor.cancel_INFO [34.796255722] Cancel: stopping motor.
Shooter.RightShooter.enableGoalTracking_INFO [34.79980022] Enable GoalTracking (trackingParams=(trackFlywheel=false,trackTiltPos=false,trackPanPos=true)).
Shooter.RightPrimaryMotor.cancel_INFO [34.806417403] Cancel: stopping motor.
Shooter.RightTiltMotor.cancel_INFO [34.809231971] Cancel: stopping motor.
Shooter.LeftPrimaryMotor.cancel_INFO [34.811075752] Cancel: stopping motor.
Shooter.RightPrimaryMotor.cancel_INFO [34.811693951] Cancel: stopping motor.
FrcTeleOp.operatorControllerButtonEvent_INFO [34.941516807] ##### button=Y, pressed=false
FrcTeleOp.operatorControllerButtonEvent_INFO [34.994581922] ##### button=Y, pressed=true
FrcTeleOp.shoot_INFO [34.995663725] >>>>> Start Auto Shoot.
TaskAutoShoot.autoShoot_INFO [35.002255893] autoShoot(owner=null, event=null, taskParams=(autoStop=false, noPassback=false))
TaskAutoShoot.autoShoot_INFO [35.00399313] Enabling Goal Tracking (prevTrackParams=(trackFlywheel=false,trackTiltPos=false,trackPanPos=true)).
Shooter.setupGoalTrackingMode_INFO [35.010779504] GoalTracking(trackingMode=AllianceHub, goalPose=(x=-158.838583,y=469.110472,angle=180.000000), noPassback=false).
Shooter.LeftShooter.enableGoalTracking_INFO [35.012073887] Enable GoalTracking (trackingParams=(trackFlywheel=true,trackTiltPos=true,trackPanPos=true)).
Shooter.LeftPrimaryMotor.cancel_INFO [35.01487821] Cancel: stopping motor.
Shooter.LeftTiltMotor.cancel_INFO [35.017598082] Cancel: stopping motor.
Shooter.RightShooter.enableGoalTracking_INFO [35.019577124] Enable GoalTracking (trackingParams=(trackFlywheel=true,trackTiltPos=true,trackPanPos=true)).
Shooter.RightPrimaryMotor.cancel_INFO [35.02151617] Cancel: stopping motor.
Shooter.RightTiltMotor.cancel_INFO [35.026461098] Cancel: stopping motor.
TaskAutoShoot.autoTask_INFO [35.104009225] <Event name="StateInfo" time="35.103640514" tag="vvvvv" TaskAutoShoot.state="START" />
TaskAutoShoot.runTaskState_INFO [35.106549724] ***** Wait for left Shooter ready.
TaskAutoShoot.runTaskState_INFO [35.108213974] ***** Wait for right Shooter ready.
TaskAutoShoot.runTaskState_INFO [35.111342545] ***** Wait for Turret ready.
TaskAutoShoot.autoTask_INFO [35.112898408] <Event name="StateInfo" time="35.112633549" tag="^^^^^" TaskAutoShoot.state="START" />
Shooter.TurretMotor.pidCtrlTask_INFO [35.156284219] controlMode: Position,onTarget=true(-6.221310167381006/-5.7706435753025636), stalled=false, expired=false, event=(TaskAutoShoot.turretReady=SIGNALED)
TaskAutoShoot.autoTask_INFO [35.20713674] <Event name="StateInfo" time="35.206781538" tag="vvvvv" TaskAutoShoot.state="SHOOT" />
TaskAutoShoot.autoTask_INFO [35.211063913] <Event name="StateInfo" time="35.210342019" tag="^^^^^" TaskAutoShoot.state="SHOOT" />
Shooter.LeftShooter.goalTrackingTask_INFO [35.267662694] Shooter.LeftShooter is Ready: rpm1=5222.109375/5286.119945, rpm2=3236.953125/0.000000, tilt=26.949088/26.893979, pan=null/null
Shooter.RightShooter.goalTrackingTask_INFO [35.295505796] Shooter.RightShooter is Ready: rpm1=5266.974159/5286.119945, rpm2=3225.585938/0.000000, tilt=26.988623/26.893979, pan=null/null
TaskAutoShoot.autoTask_INFO [35.296717542] <Event name="StateInfo" time="35.295872867" tag="vvvvv" TaskAutoShoot.state="SHOOT" />
TaskAutoShoot.runTaskState_INFO [35.299023841] ***** Start left shooter shooting.
Shooter.shoot_INFO [35.299522139] shoot(owner=null, event=(TaskAutoShoot.leftShooterDone=CLEARED), shooter=leftShooter, autoStop=false)
Shooter.LeftTransferMotor.cancel_INFO [35.301943272] Cancel: stopping motor.
TaskAutoShoot.runTaskState_INFO [35.304380256] ***** Start right shooter shooting.
Shooter.shoot_INFO [35.306633103] shoot(owner=null, event=(TaskAutoShoot.rightShooterDone=CLEARED), shooter=rightShooter, autoStop=false)
Shooter.RightTransferMotor.cancel_INFO [35.308893721] Cancel: stopping motor.
TaskAutoShoot.autoTask_INFO [35.314106247] <Event name="StateInfo" time="35.313894253" tag="^^^^^" TaskAutoShoot.state="SHOOT" />
FrcTeleOp.operatorControllerButtonEvent_INFO [35.610886866] ##### button=Y, pressed=false
FrcTeleOp.driverControllerButtonEvent_INFO [37.09109605] ##### button=RightBumper, pressed=true
FrcTeleOp.driverControllerButtonEvent_INFO [37.097229601] >>>>> Slow Drive
FrcTeleOp.driverControllerButtonEvent_INFO [37.810951211] ##### button=A, pressed=true
FrcTeleOp.driverControllerButtonEvent_INFO [37.949845433] ##### button=A, pressed=false
Shooter.setupGoalTrackingMode_INFO [38.717198896] GoalTracking(trackingMode=AllianceHub, goalPose=(x=-158.838583,y=469.110472,angle=180.000000), noPassback=false).
FrcTeleOp.driverControllerButtonEvent_INFO [38.814766848] ##### button=A, pressed=true
FrcTeleOp.driverControllerButtonEvent_INFO [38.908280059] ##### button=A, pressed=false
FrcTeleOp.driverControllerButtonEvent_INFO [39.292645519] ##### button=A, pressed=true
FrcTeleOp.driverControllerButtonEvent_INFO [39.448922955] ##### button=A, pressed=false
FrcTeleOp.driverControllerButtonEvent_INFO [40.256275257] ##### button=RightBumper, pressed=false
FrcTeleOp.driverControllerButtonEvent_INFO [40.261116872] >>>>> Normal Drive
FrcTeleOp.operatorControllerButtonEvent_INFO [40.540511416] ##### button=Y, pressed=true
FrcTeleOp.shoot_INFO [40.542701795] >>>>> Stop Auto Shoot.
TaskAutoShoot.cancel_INFO [40.543089932] Canceling auto task operation.
TaskAutoShoot.stopSubsystems_INFO [40.559384555] Stopping subsystems.
Shooter.LeftTransferMotor.cancel_INFO [40.559876832] Cancel: stopping motor.
Shooter.RightTransferMotor.cancel_INFO [40.560393653] Cancel: stopping motor.
Shooter.FeederMotor.cancel_INFO [40.560864367] Cancel: stopping motor.
TaskAutoShoot.stopSubsystems_INFO [40.561958719] Restoring previous Tracking mode (trackFlywheel=false,trackTiltPos=false,trackPanPos=true).
Shooter.setupGoalTrackingMode_INFO [40.562788401] GoalTracking(trackingMode=AllianceHub, goalPose=(x=-158.838583,y=469.110472,angle=180.000000), noPassback=true).
Shooter.LeftShooter.enableGoalTracking_INFO [40.56321697] Enable GoalTracking (trackingParams=(trackFlywheel=false,trackTiltPos=false,trackPanPos=true)).
Shooter.LeftPrimaryMotor.cancel_INFO [40.56385045] Cancel: stopping motor.
Shooter.LeftTiltMotor.cancel_INFO [40.564914956] Cancel: stopping motor.
Shooter.RightShooter.enableGoalTracking_INFO [40.565710789] Enable GoalTracking (trackingParams=(trackFlywheel=false,trackTiltPos=false,trackPanPos=true)).
Shooter.RightPrimaryMotor.cancel_INFO [40.566320082] Cancel: stopping motor.
Shooter.RightTiltMotor.cancel_INFO [40.570953877] Cancel: stopping motor.
Shooter.LeftPrimaryMotor.cancel_INFO [40.571660804] Cancel: stopping motor.
Shooter.RightPrimaryMotor.cancel_INFO [40.5724408] Cancel: stopping motor.
FrcTeleOp.operatorControllerButtonEvent_INFO [40.717205399] ##### button=Y, pressed=false
Shooter.setupGoalTrackingMode_INFO [41.373732774] GoalTracking(trackingMode=AllianceHub, goalPose=(x=-158.838583,y=469.110472,angle=180.000000), noPassback=true).
Shooter.setupGoalTrackingMode_INFO [43.297092935] GoalTracking(trackingMode=AllianceHub, goalPose=(x=-158.838583,y=469.110472,angle=180.000000), noPassback=true).
Shooter.setupGoalTrackingMode_INFO [43.81910641] GoalTracking(trackingMode=AllianceHub, goalPose=(x=-158.838583,y=469.110472,angle=180.000000), noPassback=true).
FrcTeleOp.driverControllerButtonEvent_INFO [44.192637469] ##### button=A, pressed=true
FrcTeleOp.driverControllerButtonEvent_INFO [44.332664341] ##### button=A, pressed=false
Shooter.setupGoalTrackingMode_INFO [44.79320862] GoalTracking(trackingMode=AllianceHub, goalPose=(x=-158.838583,y=469.110472,angle=180.000000), noPassback=true).
FrcTeleOp.driverControllerButtonEvent_INFO [47.244061324] ##### button=A, pressed=true
FrcTeleOp.driverControllerButtonEvent_INFO [47.309944905] ##### button=A, pressed=false
Shooter.setupGoalTrackingMode_INFO [48.482158407] GoalTracking(trackingMode=AllianceHub, goalPose=(x=-158.838583,y=469.110472,angle=180.000000), noPassback=true).
Shooter.setupGoalTrackingMode_INFO [48.511820316] GoalTracking(trackingMode=AllianceHub, goalPose=(x=-158.838583,y=469.110472,angle=180.000000), noPassback=true).
Shooter.setupGoalTrackingMode_INFO [49.659929108] GoalTracking(trackingMode=AllianceHub, goalPose=(x=-158.838583,y=469.110472,angle=180.000000), noPassback=true).
Shooter.setupGoalTrackingMode_INFO [50.028486486] GoalTracking(trackingMode=AllianceHub, goalPose=(x=-158.838583,y=469.110472,angle=180.000000), noPassback=true).
FrcTeleOp.driverControllerButtonEvent_INFO [52.275652811] ##### button=A, pressed=true
FrcTeleOp.driverControllerButtonEvent_INFO [52.395983174] ##### button=A, pressed=false
Shooter.setupGoalTrackingMode_INFO [52.454646114] GoalTracking(trackingMode=AllianceHub, goalPose=(x=-158.838583,y=469.110472,angle=180.000000), noPassback=true).
Shooter.setupGoalTrackingMode_INFO [53.579853021] GoalTracking(trackingMode=AllianceHub, goalPose=(x=-158.838583,y=469.110472,angle=180.000000), noPassback=true).
Shooter.setupGoalTrackingMode_INFO [54.123570995] GoalTracking(trackingMode=AllianceHub, goalPose=(x=-158.838583,y=469.110472,angle=180.000000), noPassback=true).
FrcTeleOp.operatorControllerButtonEvent_INFO [54.485846629] ##### button=Y, pressed=true
FrcTeleOp.shoot_INFO [54.491593743] >>>>> Start Auto Shoot.
TaskAutoShoot.autoShoot_INFO [54.492438621] autoShoot(owner=null, event=null, taskParams=(autoStop=false, noPassback=false))
TaskAutoShoot.autoShoot_INFO [54.4931319] Enabling Goal Tracking (prevTrackParams=(trackFlywheel=false,trackTiltPos=false,trackPanPos=true)).
Shooter.setupGoalTrackingMode_INFO [54.493973331] GoalTracking(trackingMode=AllianceHub, goalPose=(x=-158.838583,y=469.110472,angle=180.000000), noPassback=false).
Shooter.LeftShooter.enableGoalTracking_INFO [54.496756581] Enable GoalTracking (trackingParams=(trackFlywheel=true,trackTiltPos=true,trackPanPos=true)).
Shooter.LeftPrimaryMotor.cancel_INFO [54.498515047] Cancel: stopping motor.
Shooter.LeftTiltMotor.cancel_INFO [54.499583885] Cancel: stopping motor.
Shooter.RightShooter.enableGoalTracking_INFO [54.5005801] Enable GoalTracking (trackingParams=(trackFlywheel=true,trackTiltPos=true,trackPanPos=true)).
Shooter.RightPrimaryMotor.cancel_INFO [54.5014009] Cancel: stopping motor.
Shooter.RightTiltMotor.cancel_INFO [54.502154308] Cancel: stopping motor.
TaskAutoShoot.autoTask_INFO [54.586177767] <Event name="StateInfo" time="54.58594509" tag="vvvvv" TaskAutoShoot.state="START" />
TaskAutoShoot.runTaskState_INFO [54.586745757] ***** Wait for left Shooter ready.
TaskAutoShoot.runTaskState_INFO [54.590710631] ***** Wait for right Shooter ready.
TaskAutoShoot.runTaskState_INFO [54.593486956] ***** Wait for Turret ready.
TaskAutoShoot.autoTask_INFO [54.594594122] <Event name="StateInfo" time="54.594174233" tag="^^^^^" TaskAutoShoot.state="START" />
TaskAutoShoot.autoTask_INFO [54.738633337] <Event name="StateInfo" time="54.738059903" tag="vvvvv" TaskAutoShoot.state="SHOOT" />
TaskAutoShoot.autoTask_INFO [54.747115971] <Event name="StateInfo" time="54.746833299" tag="^^^^^" TaskAutoShoot.state="SHOOT" />
TaskAutoShoot.autoTask_INFO [54.810617265] <Event name="StateInfo" time="54.810414458" tag="vvvvv" TaskAutoShoot.state="SHOOT" />
TaskAutoShoot.autoTask_INFO [54.823169815] <Event name="StateInfo" time="54.81152474" tag="^^^^^" TaskAutoShoot.state="SHOOT" />
TaskAutoShoot.autoTask_INFO [54.89931667] <Event name="StateInfo" time="54.899137157" tag="vvvvv" TaskAutoShoot.state="SHOOT" />
TaskAutoShoot.autoTask_INFO [54.901376878] <Event name="StateInfo" time="54.901141044" tag="^^^^^" TaskAutoShoot.state="SHOOT" />
FrcTeleOp.operatorControllerButtonEvent_INFO [54.907591685] ##### button=Y, pressed=false
TaskAutoShoot.autoTask_INFO [54.981216203] <Event name="StateInfo" time="54.980788004" tag="vvvvv" TaskAutoShoot.state="SHOOT" />
TaskAutoShoot.autoTask_INFO [54.985268148] <Event name="StateInfo" time="54.984173268" tag="^^^^^" TaskAutoShoot.state="SHOOT" />
TaskAutoShoot.autoTask_INFO [55.049346437] <Event name="StateInfo" time="55.049123719" tag="vvvvv" TaskAutoShoot.state="SHOOT" />
TaskAutoShoot.autoTask_INFO [55.052734748] <Event name="StateInfo" time="55.052509192" tag="^^^^^" TaskAutoShoot.state="SHOOT" />
TaskAutoShoot.autoTask_INFO [55.145412053] <Event name="StateInfo" time="55.143502796" tag="vvvvv" TaskAutoShoot.state="SHOOT" />
TaskAutoShoot.autoTask_INFO [55.164877358] <Event name="StateInfo" time="55.161090778" tag="^^^^^" TaskAutoShoot.state="SHOOT" />
TaskAutoShoot.autoTask_INFO [55.276334631] <Event name="StateInfo" time="55.276144161" tag="vvvvv" TaskAutoShoot.state="SHOOT" />
TaskAutoShoot.autoTask_INFO [55.277217647] <Event name="StateInfo" time="55.276714404" tag="^^^^^" TaskAutoShoot.state="SHOOT" />
Shooter.LeftShooter.goalTrackingTask_INFO [55.332849685] Shooter.LeftShooter is Ready: rpm1=5013.686899/5047.785068, rpm2=3082.734375/0.000000, tilt=24.814597/25.075239, pan=null/null
Shooter.RightShooter.goalTrackingTask_INFO [55.358889131] Shooter.RightShooter is Ready: rpm1=4946.295072/5010.569236, rpm2=3091.406250/0.000000, tilt=24.814615/25.075239, pan=null/null
TaskAutoShoot.autoTask_INFO [55.362779377] <Event name="StateInfo" time="55.362568666" tag="vvvvv" TaskAutoShoot.state="SHOOT" />
TaskAutoShoot.autoTask_INFO [55.366933479] <Event name="StateInfo" time="55.366721524" tag="^^^^^" TaskAutoShoot.state="SHOOT" />
FrcTeleOp.driverControllerButtonEvent_INFO [55.374125181] ##### button=A, pressed=true
FrcTeleOp.operatorControllerButtonEvent_INFO [55.381615038] ##### button=Y, pressed=true
FrcTeleOp.shoot_INFO [55.384020408] >>>>> Stop Auto Shoot.
TaskAutoShoot.cancel_INFO [55.384424375] Canceling auto task operation.
TaskAutoShoot.stopSubsystems_INFO [55.389764816] Stopping subsystems.
Shooter.LeftTransferMotor.cancel_INFO [55.390322977] Cancel: stopping motor.
Shooter.RightTransferMotor.cancel_INFO [55.393163686] Cancel: stopping motor.
Shooter.FeederMotor.cancel_INFO [55.393627357] Cancel: stopping motor.
TaskAutoShoot.stopSubsystems_INFO [55.395093686] Restoring previous Tracking mode (trackFlywheel=false,trackTiltPos=false,trackPanPos=true).
Shooter.setupGoalTrackingMode_INFO [55.399521792] GoalTracking(trackingMode=AllianceHub, goalPose=(x=-158.838583,y=469.110472,angle=180.000000), noPassback=true).
Shooter.LeftShooter.enableGoalTracking_INFO [55.402858563] Enable GoalTracking (trackingParams=(trackFlywheel=false,trackTiltPos=false,trackPanPos=true)).
Shooter.LeftPrimaryMotor.cancel_INFO [55.405496597] Cancel: stopping motor.
Shooter.LeftTiltMotor.cancel_INFO [55.40689278] Cancel: stopping motor.
Shooter.RightShooter.enableGoalTracking_INFO [55.411383859] Enable GoalTracking (trackingParams=(trackFlywheel=false,trackTiltPos=false,trackPanPos=true)).
Shooter.RightPrimaryMotor.cancel_INFO [55.414119303] Cancel: stopping motor.
Shooter.RightTiltMotor.cancel_INFO [55.414762734] Cancel: stopping motor.
Shooter.LeftPrimaryMotor.cancel_INFO [55.417282621] Cancel: stopping motor.
Shooter.RightPrimaryMotor.cancel_INFO [55.419448078] Cancel: stopping motor.
FrcTeleOp.driverControllerButtonEvent_INFO [55.553248198] ##### button=A, pressed=false
FrcTeleOp.operatorControllerButtonEvent_INFO [55.554102238] ##### button=Y, pressed=false
FrcTeleOp.operatorControllerButtonEvent_INFO [55.611401224] ##### button=Y, pressed=true
FrcTeleOp.shoot_INFO [55.612549518] >>>>> Start Auto Shoot.
TaskAutoShoot.autoShoot_INFO [55.613757219] autoShoot(owner=null, event=null, taskParams=(autoStop=false, noPassback=false))
TaskAutoShoot.autoShoot_INFO [55.614559084] Enabling Goal Tracking (prevTrackParams=(trackFlywheel=false,trackTiltPos=false,trackPanPos=true)).
Shooter.setupGoalTrackingMode_INFO [55.615863426] GoalTracking(trackingMode=AllianceHub, goalPose=(x=-158.838583,y=469.110472,angle=180.000000), noPassback=false).
Shooter.LeftShooter.enableGoalTracking_INFO [55.616845767] Enable GoalTracking (trackingParams=(trackFlywheel=true,trackTiltPos=true,trackPanPos=true)).
Shooter.LeftPrimaryMotor.cancel_INFO [55.61812347] Cancel: stopping motor.
Shooter.LeftTiltMotor.cancel_INFO [55.619355558] Cancel: stopping motor.
Shooter.RightShooter.enableGoalTracking_INFO [55.623085412] Enable GoalTracking (trackingParams=(trackFlywheel=true,trackTiltPos=true,trackPanPos=true)).
Shooter.RightPrimaryMotor.cancel_INFO [55.624389514] Cancel: stopping motor.
Shooter.RightTiltMotor.cancel_INFO [55.625513095] Cancel: stopping motor.
TaskAutoShoot.autoTask_INFO [55.706635783] <Event name="StateInfo" time="55.706254197" tag="vvvvv" TaskAutoShoot.state="START" />
TaskAutoShoot.runTaskState_INFO [55.70808337] ***** Wait for left Shooter ready.
TaskAutoShoot.runTaskState_INFO [55.711801072] ***** Wait for right Shooter ready.
TaskAutoShoot.runTaskState_INFO [55.712704381] ***** Wait for Turret ready.
TaskAutoShoot.autoTask_INFO [55.715479174] <Event name="StateInfo" time="55.715150265" tag="^^^^^" TaskAutoShoot.state="START" />
Shooter.TurretMotor.pidCtrlTask_INFO [55.757079618] controlMode: Position,onTarget=true(-46.31246606720842/-46.148283894943255), stalled=false, expired=false, event=(TaskAutoShoot.turretReady=SIGNALED)
TaskAutoShoot.autoTask_INFO [55.79331271] <Event name="StateInfo" time="55.793109889" tag="vvvvv" TaskAutoShoot.state="SHOOT" />
TaskAutoShoot.autoTask_INFO [55.79467588] <Event name="StateInfo" time="55.794420847" tag="^^^^^" TaskAutoShoot.state="SHOOT" />
Shooter.LeftShooter.goalTrackingTask_INFO [55.847247657] Shooter.LeftShooter is Ready: rpm1=4952.542067/5043.934470, rpm2=3076.406250/0.000000, tilt=25.091288/25.047038, pan=null/null
Shooter.RightShooter.goalTrackingTask_INFO [55.872912009] Shooter.RightShooter is Ready: rpm1=5017.662260/5043.934470, rpm2=3048.164063/0.000000, tilt=25.091307/25.047038, pan=null/null
TaskAutoShoot.autoTask_INFO [55.875694613] <Event name="StateInfo" time="55.875413587" tag="vvvvv" TaskAutoShoot.state="SHOOT" />
TaskAutoShoot.runTaskState_INFO [55.877321953] ***** Start left shooter shooting.
Shooter.shoot_INFO [55.880713832] shoot(owner=null, event=(TaskAutoShoot.leftShooterDone=CLEARED), shooter=leftShooter, autoStop=false)
Shooter.LeftTransferMotor.cancel_INFO [55.883100807] Cancel: stopping motor.
TaskAutoShoot.runTaskState_INFO [55.884627727] ***** Start right shooter shooting.
Shooter.shoot_INFO [55.886052134] shoot(owner=null, event=(TaskAutoShoot.rightShooterDone=CLEARED), shooter=rightShooter, autoStop=false)
Shooter.RightTransferMotor.cancel_INFO [55.887396468] Cancel: stopping motor.
TaskAutoShoot.autoTask_INFO [55.890341944] <Event name="StateInfo" time="55.889329604" tag="^^^^^" TaskAutoShoot.state="SHOOT" />
FrcTeleOp.driverControllerButtonEvent_INFO [56.09447855] ##### button=A, pressed=true
FrcTeleOp.operatorControllerButtonEvent_INFO [56.101466219] ##### button=Y, pressed=false
FrcTeleOp.driverControllerButtonEvent_INFO [56.174811612] ##### button=A, pressed=false
FrcTeleOp.operatorControllerButtonEvent_INFO [57.940827073] ##### button=Y, pressed=true
FrcTeleOp.shoot_INFO [57.943989194] >>>>> Stop Auto Shoot.
TaskAutoShoot.cancel_INFO [57.949505319] Canceling auto task operation.
TaskAutoShoot.stopSubsystems_INFO [57.953243734] Stopping subsystems.
Shooter.LeftTransferMotor.cancel_INFO [57.954996764] Cancel: stopping motor.
Shooter.RightTransferMotor.cancel_INFO [57.957385805] Cancel: stopping motor.
Shooter.FeederMotor.cancel_INFO [57.959163291] Cancel: stopping motor.
TaskAutoShoot.stopSubsystems_INFO [57.963464587] Restoring previous Tracking mode (trackFlywheel=false,trackTiltPos=false,trackPanPos=true).
Shooter.setupGoalTrackingMode_INFO [57.965058005] GoalTracking(trackingMode=AllianceHub, goalPose=(x=-158.838583,y=469.110472,angle=180.000000), noPassback=true).
Shooter.LeftShooter.enableGoalTracking_INFO [57.966453459] Enable GoalTracking (trackingParams=(trackFlywheel=false,trackTiltPos=false,trackPanPos=true)).
Shooter.LeftPrimaryMotor.cancel_INFO [57.969752615] Cancel: stopping motor.
Shooter.LeftTiltMotor.cancel_INFO [57.974301448] Cancel: stopping motor.
Shooter.RightShooter.enableGoalTracking_INFO [57.9757449] Enable GoalTracking (trackingParams=(trackFlywheel=false,trackTiltPos=false,trackPanPos=true)).
Shooter.RightPrimaryMotor.cancel_INFO [57.977937293] Cancel: stopping motor.
Shooter.RightTiltMotor.cancel_INFO [57.97946331] Cancel: stopping motor.
Shooter.LeftPrimaryMotor.cancel_INFO [57.980740336] Cancel: stopping motor.
Shooter.RightPrimaryMotor.cancel_INFO [57.985483858] Cancel: stopping motor.
FrcTeleOp.operatorControllerButtonEvent_INFO [58.128873185] ##### button=Y, pressed=false
FrcTeleOp.driverControllerButtonEvent_INFO [60.034756479] ##### button=A, pressed=true
FrcTeleOp.driverControllerButtonEvent_INFO [60.182021587] ##### button=A, pressed=false
Shooter.setupGoalTrackingMode_INFO [60.3435043] GoalTracking(trackingMode=AllianceHub, goalPose=(x=-158.838583,y=469.110472,angle=180.000000), noPassback=true).
Shooter.setupGoalTrackingMode_INFO [60.819374989] GoalTracking(trackingMode=AllianceHub, goalPose=(x=-158.838583,y=469.110472,angle=180.000000), noPassback=true).
Shooter.setupGoalTrackingMode_INFO [61.79456579] GoalTracking(trackingMode=AllianceHub, goalPose=(x=-158.838583,y=469.110472,angle=180.000000), noPassback=true).
Shooter.setupGoalTrackingMode_INFO [62.44014659] GoalTracking(trackingMode=AllianceHub, goalPose=(x=-158.838583,y=469.110472,angle=180.000000), noPassback=true).
Shooter.setupGoalTrackingMode_INFO [64.292817339] GoalTracking(trackingMode=AllianceHub, goalPose=(x=-158.838583,y=469.110472,angle=180.000000), noPassback=true).
FrcTeleOp.driverControllerButtonEvent_INFO [65.801952622] ##### button=A, pressed=true
FrcTeleOp.driverControllerButtonEvent_INFO [65.865885155] ##### button=A, pressed=false
FrcTeleOp.driverControllerButtonEvent_INFO [66.590213231] ##### button=A, pressed=true
FrcTeleOp.driverControllerButtonEvent_INFO [66.652534192] ##### button=A, pressed=false
Shooter.setupGoalTrackingMode_INFO [68.416983662] GoalTracking(trackingMode=AllianceHub, goalPose=(x=-158.838583,y=469.110472,angle=180.000000), noPassback=true).
Shooter.setupGoalTrackingMode_INFO [69.876337097] GoalTracking(trackingMode=AllianceHub, goalPose=(x=-158.838583,y=469.110472,angle=180.000000), noPassback=true).
Shooter.setupGoalTrackingMode_INFO [70.793237602] GoalTracking(trackingMode=AllianceHub, goalPose=(x=-158.838583,y=469.110472,angle=180.000000), noPassback=true).
Shooter.setupGoalTrackingMode_INFO [72.568800113] GoalTracking(trackingMode=AllianceHub, goalPose=(x=-158.838583,y=469.110472,angle=180.000000), noPassback=true).
Shooter.setupGoalTrackingMode_INFO [73.270769981] GoalTracking(trackingMode=AllianceHub, goalPose=(x=-158.838583,y=469.110472,angle=180.000000), noPassback=true).
FrcTeleOp.driverControllerButtonEvent_INFO [74.369146918] ##### button=A, pressed=true
FrcTeleOp.driverControllerButtonEvent_INFO [74.480208462] ##### button=A, pressed=false
Shooter.setupGoalTrackingMode_INFO [75.995810332] GoalTracking(trackingMode=AllianceHub, goalPose=(x=-158.838583,y=469.110472,angle=180.000000), noPassback=true).
FrcTeleOp.driverControllerButtonEvent_INFO [76.163647094] ##### button=A, pressed=true
FrcTeleOp.driverControllerButtonEvent_INFO [76.287669912] ##### button=A, pressed=false
Shooter.setupGoalTrackingMode_INFO [77.722730894] GoalTracking(trackingMode=AllianceHub, goalPose=(x=-158.838583,y=469.110472,angle=180.000000), noPassback=true).
Shooter.setupGoalTrackingMode_INFO [79.071478605] GoalTracking(trackingMode=AllianceHub, goalPose=(x=-158.838583,y=469.110472,angle=180.000000), noPassback=true).
Shooter.setupGoalTrackingMode_INFO [79.241244434] GoalTracking(trackingMode=AllianceHub, goalPose=(x=-158.838583,y=469.110472,angle=180.000000), noPassback=true).
Shooter.setupGoalTrackingMode_INFO [79.693971742] GoalTracking(trackingMode=AllianceHub, goalPose=(x=-158.838583,y=469.110472,angle=180.000000), noPassback=true).
Shooter.setupGoalTrackingMode_INFO [81.357677073] GoalTracking(trackingMode=AllianceHub, goalPose=(x=-158.838583,y=469.110472,angle=180.000000), noPassback=true).
FrcTeleOp.driverControllerButtonEvent_INFO [81.389988777] ##### button=A, pressed=true
FrcTeleOp.driverControllerButtonEvent_INFO [81.509150076] ##### button=A, pressed=false
Shooter.setupGoalTrackingMode_INFO [82.611745385] GoalTracking(trackingMode=AllianceHub, goalPose=(x=-158.838583,y=469.110472,angle=180.000000), noPassback=true).
Shooter.setupGoalTrackingMode_INFO [83.053516986] GoalTracking(trackingMode=AllianceHub, goalPose=(x=-158.838583,y=469.110472,angle=180.000000), noPassback=true).
FrcTeleOp.operatorControllerButtonEvent_INFO [83.615829565] ##### button=Y, pressed=true
FrcTeleOp.shoot_INFO [83.618849944] >>>>> Start Auto Shoot.
TaskAutoShoot.autoShoot_INFO [83.62042616] autoShoot(owner=null, event=null, taskParams=(autoStop=false, noPassback=false))
TaskAutoShoot.autoShoot_INFO [83.621200047] Enabling Goal Tracking (prevTrackParams=(trackFlywheel=false,trackTiltPos=false,trackPanPos=true)).
Shooter.setupGoalTrackingMode_INFO [83.621820173] GoalTracking(trackingMode=AllianceHub, goalPose=(x=-158.838583,y=469.110472,angle=180.000000), noPassback=false).
Shooter.LeftShooter.enableGoalTracking_INFO [83.622240447] Enable GoalTracking (trackingParams=(trackFlywheel=true,trackTiltPos=true,trackPanPos=true)).
Shooter.LeftPrimaryMotor.cancel_INFO [83.622958112] Cancel: stopping motor.
Shooter.LeftTiltMotor.cancel_INFO [83.623441894] Cancel: stopping motor.
Shooter.RightShooter.enableGoalTracking_INFO [83.623863154] Enable GoalTracking (trackingParams=(trackFlywheel=true,trackTiltPos=true,trackPanPos=true)).
Shooter.RightPrimaryMotor.cancel_INFO [83.624274] Cancel: stopping motor.
Shooter.RightTiltMotor.cancel_INFO [83.625973426] Cancel: stopping motor.
TaskAutoShoot.autoTask_INFO [83.706149101] <Event name="StateInfo" time="83.705801807" tag="vvvvv" TaskAutoShoot.state="START" />
TaskAutoShoot.runTaskState_INFO [83.71138466] ***** Wait for left Shooter ready.
TaskAutoShoot.runTaskState_INFO [83.713603003] ***** Wait for right Shooter ready.
TaskAutoShoot.runTaskState_INFO [83.715692745] ***** Wait for Turret ready.
TaskAutoShoot.autoTask_INFO [83.717464921] <Event name="StateInfo" time="83.717215771" tag="^^^^^" TaskAutoShoot.state="START" />
Shooter.TurretMotor.pidCtrlTask_INFO [83.766628495] controlMode: Position,onTarget=true(39.24288758613781/38.24988031212119), stalled=false, expired=false, event=(TaskAutoShoot.turretReady=SIGNALED)
TaskAutoShoot.autoTask_INFO [83.82578704] <Event name="StateInfo" time="83.823353509" tag="vvvvv" TaskAutoShoot.state="SHOOT" />
TaskAutoShoot.autoTask_INFO [83.842656534] <Event name="StateInfo" time="83.840418723" tag="^^^^^" TaskAutoShoot.state="SHOOT" />
TaskAutoShoot.autoTask_INFO [83.937907503] <Event name="StateInfo" time="83.937690123" tag="vvvvv" TaskAutoShoot.state="SHOOT" />
TaskAutoShoot.autoTask_INFO [83.939299988] <Event name="StateInfo" time="83.939113111" tag="^^^^^" TaskAutoShoot.state="SHOOT" />
TaskAutoShoot.autoTask_INFO [84.022638607] <Event name="StateInfo" time="84.022452362" tag="vvvvv" TaskAutoShoot.state="SHOOT" />
TaskAutoShoot.autoTask_INFO [84.024511198] <Event name="StateInfo" time="84.024289795" tag="^^^^^" TaskAutoShoot.state="SHOOT" />
TaskAutoShoot.autoTask_INFO [84.090438163] <Event name="StateInfo" time="84.087697023" tag="vvvvv" TaskAutoShoot.state="SHOOT" />
TaskAutoShoot.autoTask_INFO [84.091379673] <Event name="StateInfo" time="84.091194716" tag="^^^^^" TaskAutoShoot.state="SHOOT" />
FrcTeleOp.operatorControllerButtonEvent_INFO [84.094006042] ##### button=Y, pressed=false
TaskAutoShoot.autoTask_INFO [84.161620209] <Event name="StateInfo" time="84.160104323" tag="vvvvv" TaskAutoShoot.state="SHOOT" />
TaskAutoShoot.autoTask_INFO [84.166155628] <Event name="StateInfo" time="84.165955703" tag="^^^^^" TaskAutoShoot.state="SHOOT" />
TaskAutoShoot.autoTask_INFO [84.229153575] <Event name="StateInfo" time="84.228953297" tag="vvvvv" TaskAutoShoot.state="SHOOT" />
TaskAutoShoot.autoTask_INFO [84.23139974] <Event name="StateInfo" time="84.231200593" tag="^^^^^" TaskAutoShoot.state="SHOOT" />
TaskAutoShoot.autoTask_INFO [84.303873501] <Event name="StateInfo" time="84.303672596" tag="vvvvv" TaskAutoShoot.state="SHOOT" />
TaskAutoShoot.autoTask_INFO [84.304872386] <Event name="StateInfo" time="84.304689598" tag="^^^^^" TaskAutoShoot.state="SHOOT" />
TaskAutoShoot.autoTask_INFO [84.384813849] <Event name="StateInfo" time="84.384269212" tag="vvvvv" TaskAutoShoot.state="SHOOT" />
TaskAutoShoot.autoTask_INFO [84.385811824] <Event name="StateInfo" time="84.385543947" tag="^^^^^" TaskAutoShoot.state="SHOOT" />
Shooter.LeftShooter.goalTrackingTask_INFO [84.457485894] Shooter.LeftShooter is Ready: rpm1=4992.484976/5011.117539, rpm2=3081.796875/0.000000, tilt=24.735542/24.808085, pan=null/null
Shooter.RightShooter.goalTrackingTask_INFO [84.47871749] Shooter.RightShooter is Ready: rpm1=4995.513822/5011.117539, rpm2=3055.429688/0.000000, tilt=24.775087/24.808085, pan=null/null
TaskAutoShoot.autoTask_INFO [84.481504972] <Event name="StateInfo" time="84.481261418" tag="vvvvv" TaskAutoShoot.state="SHOOT" />
TaskAutoShoot.runTaskState_INFO [84.48188089] ***** Start left shooter shooting.
Shooter.shoot_INFO [84.484211902] shoot(owner=null, event=(TaskAutoShoot.leftShooterDone=CLEARED), shooter=leftShooter, autoStop=false)
Shooter.LeftTransferMotor.cancel_INFO [84.486191729] Cancel: stopping motor.
TaskAutoShoot.runTaskState_INFO [84.487495737] ***** Start right shooter shooting.
Shooter.shoot_INFO [84.487940976] shoot(owner=null, event=(TaskAutoShoot.rightShooterDone=CLEARED), shooter=rightShooter, autoStop=false)
Shooter.RightTransferMotor.cancel_INFO [84.490608119] Cancel: stopping motor.
TaskAutoShoot.autoTask_INFO [84.493703798] <Event name="StateInfo" time="84.493443982" tag="^^^^^" TaskAutoShoot.state="SHOOT" />
FrcTeleOp.operatorControllerButtonEvent_INFO [93.731062683] ##### button=Y, pressed=true
FrcTeleOp.shoot_INFO [93.733644443] >>>>> Stop Auto Shoot.
TaskAutoShoot.cancel_INFO [93.734816675] Canceling auto task operation.
TaskAutoShoot.stopSubsystems_INFO [93.736138267] Stopping subsystems.
Shooter.LeftTransferMotor.cancel_INFO [93.737241889] Cancel: stopping motor.
Shooter.RightTransferMotor.cancel_INFO [93.739399242] Cancel: stopping motor.
Shooter.FeederMotor.cancel_INFO [93.744242361] Cancel: stopping motor.
TaskAutoShoot.stopSubsystems_INFO [93.745840835] Restoring previous Tracking mode (trackFlywheel=false,trackTiltPos=false,trackPanPos=true).
Shooter.setupGoalTrackingMode_INFO [93.747139879] GoalTracking(trackingMode=AllianceHub, goalPose=(x=-158.838583,y=469.110472,angle=180.000000), noPassback=true).
Shooter.LeftShooter.enableGoalTracking_INFO [93.749326545] Enable GoalTracking (trackingParams=(trackFlywheel=false,trackTiltPos=false,trackPanPos=true)).
Shooter.LeftPrimaryMotor.cancel_INFO [93.751842088] Cancel: stopping motor.
Shooter.LeftTiltMotor.cancel_INFO [93.753532552] Cancel: stopping motor.
Shooter.RightShooter.enableGoalTracking_INFO [93.754924192] Enable GoalTracking (trackingParams=(trackFlywheel=false,trackTiltPos=false,trackPanPos=true)).
Shooter.RightPrimaryMotor.cancel_INFO [93.757001955] Cancel: stopping motor.
Shooter.RightTiltMotor.cancel_INFO [93.758813982] Cancel: stopping motor.
Shooter.LeftPrimaryMotor.cancel_INFO [93.761593554] Cancel: stopping motor.
Shooter.RightPrimaryMotor.cancel_INFO [93.765440355] Cancel: stopping motor.
FrcTeleOp.operatorControllerButtonEvent_INFO [93.894038565] ##### button=Y, pressed=false
FrcTeleOp.driverControllerButtonEvent_INFO [94.59972708] ##### button=A, pressed=true
FrcTeleOp.driverControllerButtonEvent_INFO [94.72049162] ##### button=A, pressed=false
Shooter.setupGoalTrackingMode_INFO [95.41326772] GoalTracking(trackingMode=AllianceHub, goalPose=(x=-158.838583,y=469.110472,angle=180.000000), noPassback=true).
Shooter.setupGoalTrackingMode_INFO [95.864105775] GoalTracking(trackingMode=AllianceHub, goalPose=(x=-158.838583,y=469.110472,angle=180.000000), noPassback=true).
Shooter.setupGoalTrackingMode_INFO [96.896323462] GoalTracking(trackingMode=AllianceHub, goalPose=(x=-158.838583,y=469.110472,angle=180.000000), noPassback=true).
Shooter.setupGoalTrackingMode_INFO [97.20037593] GoalTracking(trackingMode=AllianceHub, goalPose=(x=-158.838583,y=469.110472,angle=180.000000), noPassback=true).
Shooter.setupGoalTrackingMode_INFO [97.421783208] GoalTracking(trackingMode=AllianceHub, goalPose=(x=-158.838583,y=469.110472,angle=180.000000), noPassback=true).
Shooter.setupGoalTrackingMode_INFO [98.074079353] GoalTracking(trackingMode=AllianceHub, goalPose=(x=-158.838583,y=469.110472,angle=180.000000), noPassback=true).
Shooter.setupGoalTrackingMode_INFO [98.718431358] GoalTracking(trackingMode=AllianceHub, goalPose=(x=-158.838583,y=469.110472,angle=180.000000), noPassback=true).
Shooter.setupGoalTrackingMode_INFO [99.748844819] GoalTracking(trackingMode=AllianceHub, goalPose=(x=-158.838583,y=469.110472,angle=180.000000), noPassback=true).
Shooter.setupGoalTrackingMode_INFO [100.919021443] GoalTracking(trackingMode=AllianceHub, goalPose=(x=-158.838583,y=469.110472,angle=180.000000), noPassback=true).
Shooter.setupGoalTrackingMode_INFO [102.164543221] GoalTracking(trackingMode=AllianceHub, goalPose=(x=-158.838583,y=469.110472,angle=180.000000), noPassback=true).
Shooter.setupGoalTrackingMode_INFO [103.76461548] GoalTracking(trackingMode=AllianceHub, goalPose=(x=-158.838583,y=469.110472,angle=180.000000), noPassback=true).
Shooter.setupGoalTrackingMode_INFO [105.233449136] GoalTracking(trackingMode=AllianceHub, goalPose=(x=-158.838583,y=469.110472,angle=180.000000), noPassback=true).
Shooter.setupGoalTrackingMode_INFO [106.28007055] GoalTracking(trackingMode=AllianceHub, goalPose=(x=-158.838583,y=469.110472,angle=180.000000), noPassback=true).
Shooter.setupGoalTrackingMode_INFO [107.590137294] GoalTracking(trackingMode=AllianceHub, goalPose=(x=-158.838583,y=469.110472,angle=180.000000), noPassback=true).
FrcTeleOp.driverControllerButtonEvent_INFO [108.06954181] ##### button=A, pressed=true
FrcTeleOp.driverControllerButtonEvent_INFO [108.14230914] ##### button=A, pressed=false
Shooter.setupGoalTrackingMode_INFO [108.641156404] GoalTracking(trackingMode=AllianceHub, goalPose=(x=-158.838583,y=469.110472,angle=180.000000), noPassback=true).
FrcTeleOp.operatorControllerButtonEvent_INFO [108.979401458] ##### button=Y, pressed=true
FrcTeleOp.shoot_INFO [108.9815881] >>>>> Start Auto Shoot.
TaskAutoShoot.autoShoot_INFO [108.982522655] autoShoot(owner=null, event=null, taskParams=(autoStop=false, noPassback=false))
TaskAutoShoot.autoShoot_INFO [108.982902386] Enabling Goal Tracking (prevTrackParams=(trackFlywheel=false,trackTiltPos=false,trackPanPos=true)).
Shooter.setupGoalTrackingMode_INFO [108.983737072] GoalTracking(trackingMode=AllianceHub, goalPose=(x=-158.838583,y=469.110472,angle=180.000000), noPassback=false).
Shooter.LeftShooter.enableGoalTracking_INFO [108.984086512] Enable GoalTracking (trackingParams=(trackFlywheel=true,trackTiltPos=true,trackPanPos=true)).
Shooter.LeftPrimaryMotor.cancel_INFO [108.985116368] Cancel: stopping motor.
Shooter.LeftTiltMotor.cancel_INFO [108.985712604] Cancel: stopping motor.
Shooter.RightShooter.enableGoalTracking_INFO [108.986206584] Enable GoalTracking (trackingParams=(trackFlywheel=true,trackTiltPos=true,trackPanPos=true)).
Shooter.RightPrimaryMotor.cancel_INFO [108.987148104] Cancel: stopping motor.
Shooter.RightTiltMotor.cancel_INFO [108.989672814] Cancel: stopping motor.
TaskAutoShoot.autoTask_INFO [109.082985963] <Event name="StateInfo" time="109.081898435" tag="vvvvv" TaskAutoShoot.state="START" />
TaskAutoShoot.runTaskState_INFO [109.083949542] ***** Wait for left Shooter ready.
TaskAutoShoot.runTaskState_INFO [109.084367188] ***** Wait for right Shooter ready.
TaskAutoShoot.runTaskState_INFO [109.093926457] ***** Wait for Turret ready.
TaskAutoShoot.autoTask_INFO [109.098040233] <Event name="StateInfo" time="109.096627837" tag="^^^^^" TaskAutoShoot.state="START" />
TaskAutoShoot.autoTask_INFO [109.262274453] <Event name="StateInfo" time="109.26208964" tag="vvvvv" TaskAutoShoot.state="SHOOT" />
TaskAutoShoot.autoTask_INFO [109.26644705] <Event name="StateInfo" time="109.26357898" tag="^^^^^" TaskAutoShoot.state="SHOOT" />
TaskAutoShoot.autoTask_INFO [109.340765495] <Event name="StateInfo" time="109.340578678" tag="vvvvv" TaskAutoShoot.state="SHOOT" />
TaskAutoShoot.autoTask_INFO [109.343779334] <Event name="StateInfo" time="109.341027706" tag="^^^^^" TaskAutoShoot.state="SHOOT" />
TaskAutoShoot.autoTask_INFO [109.403623206] <Event name="StateInfo" time="109.403345191" tag="vvvvv" TaskAutoShoot.state="SHOOT" />
TaskAutoShoot.autoTask_INFO [109.413803909] <Event name="StateInfo" time="109.410464293" tag="^^^^^" TaskAutoShoot.state="SHOOT" />
TaskAutoShoot.autoTask_INFO [109.48227288] <Event name="StateInfo" time="109.482059068" tag="vvvvv" TaskAutoShoot.state="SHOOT" />
TaskAutoShoot.autoTask_INFO [109.485817383] <Event name="StateInfo" time="109.482854784" tag="^^^^^" TaskAutoShoot.state="SHOOT" />
TaskAutoShoot.autoTask_INFO [109.55546567] <Event name="StateInfo" time="109.555292457" tag="vvvvv" TaskAutoShoot.state="SHOOT" />
TaskAutoShoot.autoTask_INFO [109.56270669] <Event name="StateInfo" time="109.56220571" tag="^^^^^" TaskAutoShoot.state="SHOOT" />
FrcTeleOp.driverControllerButtonEvent_INFO [109.569059658] ##### button=A, pressed=true
FrcTeleOp.operatorControllerButtonEvent_INFO [109.573632104] ##### button=Y, pressed=false
TaskAutoShoot.autoTask_INFO [109.634027133] <Event name="StateInfo" time="109.633841239" tag="vvvvv" TaskAutoShoot.state="SHOOT" />
TaskAutoShoot.autoTask_INFO [109.636582503] <Event name="StateInfo" time="109.636340424" tag="^^^^^" TaskAutoShoot.state="SHOOT" />
FrcTeleOp.driverControllerButtonEvent_INFO [109.642853805] ##### button=A, pressed=false
TaskAutoShoot.autoTask_INFO [109.719651531] <Event name="StateInfo" time="109.719213104" tag="vvvvv" TaskAutoShoot.state="SHOOT" />
TaskAutoShoot.autoTask_INFO [109.720739338] <Event name="StateInfo" time="109.719947045" tag="^^^^^" TaskAutoShoot.state="SHOOT" />
TaskAutoShoot.autoTask_INFO [109.790607599] <Event name="StateInfo" time="109.790427811" tag="vvvvv" TaskAutoShoot.state="SHOOT" />
TaskAutoShoot.autoTask_INFO [109.794705786] <Event name="StateInfo" time="109.794506678" tag="^^^^^" TaskAutoShoot.state="SHOOT" />
TaskAutoShoot.autoTask_INFO [109.870051334] <Event name="StateInfo" time="109.86986274" tag="vvvvv" TaskAutoShoot.state="SHOOT" />
TaskAutoShoot.autoTask_INFO [109.870816424] <Event name="StateInfo" time="109.870637036" tag="^^^^^" TaskAutoShoot.state="SHOOT" />
TaskAutoShoot.autoTask_INFO [109.943632354] <Event name="StateInfo" time="109.938978387" tag="vvvvv" TaskAutoShoot.state="SHOOT" />
TaskAutoShoot.autoTask_INFO [109.944120203] <Event name="StateInfo" time="109.943933623" tag="^^^^^" TaskAutoShoot.state="SHOOT" />
Shooter.RightShooter.goalTrackingTask_INFO [110.025384871] Shooter.RightShooter is Ready: rpm1=5056.658654/5075.751350, rpm2=3122.109375/0.000000, tilt=24.498396/24.837323, pan=null/null
TaskAutoShoot.autoTask_INFO [110.027269199] <Event name="StateInfo" time="110.02692061" tag="vvvvv" TaskAutoShoot.state="SHOOT" />
TaskAutoShoot.autoTask_INFO [110.028837566] <Event name="StateInfo" time="110.028650736" tag="^^^^^" TaskAutoShoot.state="SHOOT" />
TaskAutoShoot.autoTask_INFO [110.102566798] <Event name="StateInfo" time="110.101994543" tag="vvvvv" TaskAutoShoot.state="SHOOT" />
TaskAutoShoot.autoTask_INFO [110.108083763] <Event name="StateInfo" time="110.107878482" tag="^^^^^" TaskAutoShoot.state="SHOOT" />
TaskAutoShoot.autoTask_INFO [110.193748552] <Event name="StateInfo" time="110.193380021" tag="vvvvv" TaskAutoShoot.state="SHOOT" />
TaskAutoShoot.autoTask_INFO [110.194242316] <Event name="StateInfo" time="110.194077982" tag="^^^^^" TaskAutoShoot.state="SHOOT" />
Shooter.LeftShooter.goalTrackingTask_INFO [110.276024419] Shooter.LeftShooter is Ready: rpm1=5007.439904/5089.422389, rpm2=3144.140625/0.000000, tilt=25.249397/25.382429, pan=null/null
TaskAutoShoot.autoTask_INFO [110.311137426] <Event name="StateInfo" time="110.310877388" tag="vvvvv" TaskAutoShoot.state="SHOOT" />
TaskAutoShoot.autoTask_INFO [110.315395377] <Event name="StateInfo" time="110.312957092" tag="^^^^^" TaskAutoShoot.state="SHOOT" />
TaskAutoShoot.autoTask_INFO [110.408721679] <Event name="StateInfo" time="110.408528558" tag="vvvvv" TaskAutoShoot.state="SHOOT" />
TaskAutoShoot.autoTask_INFO [110.409649879] <Event name="StateInfo" time="110.40946582" tag="^^^^^" TaskAutoShoot.state="SHOOT" />
TaskAutoShoot.autoTask_INFO [110.473974994] <Event name="StateInfo" time="110.47352538" tag="vvvvv" TaskAutoShoot.state="SHOOT" />
TaskAutoShoot.autoTask_INFO [110.474899682] <Event name="StateInfo" time="110.474457987" tag="^^^^^" TaskAutoShoot.state="SHOOT" />
TaskAutoShoot.autoTask_INFO [110.563666072] <Event name="StateInfo" time="110.56349783" tag="vvvvv" TaskAutoShoot.state="SHOOT" />
TaskAutoShoot.autoTask_INFO [110.564184172] <Event name="StateInfo" time="110.564003891" tag="^^^^^" TaskAutoShoot.state="SHOOT" />
TaskAutoShoot.autoTask_INFO [110.620368081] <Event name="StateInfo" time="110.620171941" tag="vvvvv" TaskAutoShoot.state="SHOOT" />
TaskAutoShoot.autoTask_INFO [110.635692012] <Event name="StateInfo" time="110.635395187" tag="^^^^^" TaskAutoShoot.state="SHOOT" />
TaskAutoShoot.autoTask_INFO [110.702764114] <Event name="StateInfo" time="110.702440615" tag="vvvvv" TaskAutoShoot.state="SHOOT" />
TaskAutoShoot.autoTask_INFO [110.705332506] <Event name="StateInfo" time="110.704976642" tag="^^^^^" TaskAutoShoot.state="SHOOT" />
TaskAutoShoot.autoTask_INFO [110.77926742] <Event name="StateInfo" time="110.773344356" tag="vvvvv" TaskAutoShoot.state="SHOOT" />
TaskAutoShoot.autoTask_INFO [110.779739751] <Event name="StateInfo" time="110.779558985" tag="^^^^^" TaskAutoShoot.state="SHOOT" />
TaskAutoShoot.autoTask_INFO [110.848104576] <Event name="StateInfo" time="110.847893356" tag="vvvvv" TaskAutoShoot.state="SHOOT" />
TaskAutoShoot.autoTask_INFO [110.85016704] <Event name="StateInfo" time="110.849388696" tag="^^^^^" TaskAutoShoot.state="SHOOT" />
TaskAutoShoot.autoTask_INFO [110.913873021] <Event name="StateInfo" time="110.913599858" tag="vvvvv" TaskAutoShoot.state="SHOOT" />
TaskAutoShoot.autoTask_INFO [110.915595497] <Event name="StateInfo" time="110.915392113" tag="^^^^^" TaskAutoShoot.state="SHOOT" />
TaskAutoShoot.autoTask_INFO [110.987644959] <Event name="StateInfo" time="110.987367069" tag="vvvvv" TaskAutoShoot.state="SHOOT" />
TaskAutoShoot.autoTask_INFO [110.990269114] <Event name="StateInfo" time="110.990052934" tag="^^^^^" TaskAutoShoot.state="SHOOT" />
TaskAutoShoot.autoTask_INFO [111.069241626] <Event name="StateInfo" time="111.068664255" tag="vvvvv" TaskAutoShoot.state="SHOOT" />
TaskAutoShoot.autoTask_INFO [111.074295338] <Event name="StateInfo" time="111.074101524" tag="^^^^^" TaskAutoShoot.state="SHOOT" />
TaskAutoShoot.autoTask_INFO [111.141475122] <Event name="StateInfo" time="111.141171554" tag="vvvvv" TaskAutoShoot.state="SHOOT" />
TaskAutoShoot.autoTask_INFO [111.146499155] <Event name="StateInfo" time="111.145550924" tag="^^^^^" TaskAutoShoot.state="SHOOT" />
FrcTeleOp.operatorControllerButtonEvent_INFO [111.151972523] ##### button=Y, pressed=true
FrcTeleOp.shoot_INFO [111.15537436] >>>>> Stop Auto Shoot.
TaskAutoShoot.cancel_INFO [111.162381462] Canceling auto task operation.
TaskAutoShoot.stopSubsystems_INFO [111.164361063] Stopping subsystems.
Shooter.LeftTransferMotor.cancel_INFO [111.167088476] Cancel: stopping motor.
Shooter.RightTransferMotor.cancel_INFO [111.169461305] Cancel: stopping motor.
Shooter.FeederMotor.cancel_INFO [111.171723375] Cancel: stopping motor.
TaskAutoShoot.stopSubsystems_INFO [111.172528921] Restoring previous Tracking mode (trackFlywheel=false,trackTiltPos=false,trackPanPos=true).
Shooter.setupGoalTrackingMode_INFO [111.173449835] GoalTracking(trackingMode=AllianceHub, goalPose=(x=-158.838583,y=469.110472,angle=180.000000), noPassback=true).
Shooter.LeftShooter.enableGoalTracking_INFO [111.177045148] Enable GoalTracking (trackingParams=(trackFlywheel=false,trackTiltPos=false,trackPanPos=true)).
Shooter.LeftPrimaryMotor.cancel_INFO [111.179490702] Cancel: stopping motor.
Shooter.LeftTiltMotor.cancel_INFO [111.182807258] Cancel: stopping motor.
Shooter.RightShooter.enableGoalTracking_INFO [111.185040031] Enable GoalTracking (trackingParams=(trackFlywheel=false,trackTiltPos=false,trackPanPos=true)).
Shooter.RightPrimaryMotor.cancel_INFO [111.187765455] Cancel: stopping motor.
Shooter.RightTiltMotor.cancel_INFO [111.190538286] Cancel: stopping motor.
Shooter.LeftPrimaryMotor.cancel_INFO [111.192019826] Cancel: stopping motor.
Shooter.RightPrimaryMotor.cancel_INFO [111.194866815] Cancel: stopping motor.
FrcTeleOp.driverControllerButtonEvent_INFO [111.31830328] ##### button=RightBumper, pressed=true
FrcTeleOp.driverControllerButtonEvent_INFO [111.326724772] >>>>> Slow Drive
FrcTeleOp.operatorControllerButtonEvent_INFO [111.619332923] ##### button=Y, pressed=false
FrcTeleOp.operatorControllerButtonEvent_INFO [112.01703806] ##### button=Y, pressed=true
FrcTeleOp.shoot_INFO [112.020036166] >>>>> Start Auto Shoot.
TaskAutoShoot.autoShoot_INFO [112.020449416] autoShoot(owner=null, event=null, taskParams=(autoStop=false, noPassback=false))
TaskAutoShoot.autoShoot_INFO [112.020722965] Enabling Goal Tracking (prevTrackParams=(trackFlywheel=false,trackTiltPos=false,trackPanPos=true)).
Shooter.setupGoalTrackingMode_INFO [112.021149521] GoalTracking(trackingMode=AllianceHub, goalPose=(x=-158.838583,y=469.110472,angle=180.000000), noPassback=false).
Shooter.LeftShooter.enableGoalTracking_INFO [112.021473279] Enable GoalTracking (trackingParams=(trackFlywheel=true,trackTiltPos=true,trackPanPos=true)).
Shooter.LeftPrimaryMotor.cancel_INFO [112.021940455] Cancel: stopping motor.
Shooter.LeftTiltMotor.cancel_INFO [112.022400348] Cancel: stopping motor.
Shooter.RightShooter.enableGoalTracking_INFO [112.022987891] Enable GoalTracking (trackingParams=(trackFlywheel=true,trackTiltPos=true,trackPanPos=true)).
Shooter.RightPrimaryMotor.cancel_INFO [112.023438558] Cancel: stopping motor.
Shooter.RightTiltMotor.cancel_INFO [112.023926178] Cancel: stopping motor.
TaskAutoShoot.autoTask_INFO [112.109243129] <Event name="StateInfo" time="112.108787983" tag="vvvvv" TaskAutoShoot.state="START" />
TaskAutoShoot.runTaskState_INFO [112.110525966] ***** Wait for left Shooter ready.
TaskAutoShoot.runTaskState_INFO [112.112289758] ***** Wait for right Shooter ready.
TaskAutoShoot.runTaskState_INFO [112.112692991] ***** Wait for Turret ready.
TaskAutoShoot.autoTask_INFO [112.113542274] <Event name="StateInfo" time="112.112853994" tag="^^^^^" TaskAutoShoot.state="START" />
FrcTeleOp.operatorControllerButtonEvent_INFO [112.116163102] ##### button=Y, pressed=false
Shooter.TurretMotor.pidCtrlTask_INFO [112.150845323] controlMode: Position,onTarget=true(-84.19929201008904/-84.84962215315156), stalled=false, expired=false, event=(TaskAutoShoot.turretReady=SIGNALED)
TaskAutoShoot.autoTask_INFO [112.215164435] <Event name="StateInfo" time="112.214882724" tag="vvvvv" TaskAutoShoot.state="SHOOT" />
TaskAutoShoot.autoTask_INFO [112.222072522] <Event name="StateInfo" time="112.216691179" tag="^^^^^" TaskAutoShoot.state="SHOOT" />
TaskAutoShoot.autoTask_INFO [112.285944344] <Event name="StateInfo" time="112.285464489" tag="vvvvv" TaskAutoShoot.state="SHOOT" />
TaskAutoShoot.autoTask_INFO [112.294798982] <Event name="StateInfo" time="112.294586354" tag="^^^^^" TaskAutoShoot.state="SHOOT" />
Shooter.LeftShooter.goalTrackingTask_INFO [112.359300017] Shooter.LeftShooter is Ready: rpm1=4961.628606/4974.204631, rpm2=3045.234375/0.000000, tilt=24.577433/24.542215, pan=null/null
Shooter.RightShooter.goalTrackingTask_INFO [112.384203872] Shooter.RightShooter is Ready: rpm1=4964.278846/4977.995727, rpm2=2999.414063/0.000000, tilt=24.616978/24.542215, pan=null/null
TaskAutoShoot.autoTask_INFO [112.388857366] <Event name="StateInfo" time="112.386063735" tag="vvvvv" TaskAutoShoot.state="SHOOT" />
TaskAutoShoot.runTaskState_INFO [112.404623303] ***** Start left shooter shooting.
Shooter.shoot_INFO [112.405114285] shoot(owner=null, event=(TaskAutoShoot.leftShooterDone=CLEARED), shooter=leftShooter, autoStop=false)
Shooter.LeftTransferMotor.cancel_INFO [112.406534857] Cancel: stopping motor.
TaskAutoShoot.runTaskState_INFO [112.417261645] ***** Start right shooter shooting.
Shooter.shoot_INFO [112.419079484] shoot(owner=null, event=(TaskAutoShoot.rightShooterDone=CLEARED), shooter=rightShooter, autoStop=false)
Shooter.RightTransferMotor.cancel_INFO [112.420263083] Cancel: stopping motor.
TaskAutoShoot.autoTask_INFO [112.422360041] <Event name="StateInfo" time="112.422012817" tag="^^^^^" TaskAutoShoot.state="SHOOT" />
FrcTeleOp.driverControllerButtonEvent_INFO [115.644215557] ##### button=A, pressed=true
FrcTeleOp.driverControllerButtonEvent_INFO [115.721929086] ##### button=A, pressed=false
FrcTeleOp.operatorControllerButtonEvent_INFO [116.407963502] ##### button=Y, pressed=true
FrcTeleOp.shoot_INFO [116.413412319] >>>>> Stop Auto Shoot.
TaskAutoShoot.cancel_INFO [116.417474811] Canceling auto task operation.
TaskAutoShoot.stopSubsystems_INFO [116.419371824] Stopping subsystems.
Shooter.LeftTransferMotor.cancel_INFO [116.430660235] Cancel: stopping motor.
Shooter.RightTransferMotor.cancel_INFO [116.433948905] Cancel: stopping motor.
Shooter.FeederMotor.cancel_INFO [116.437499624] Cancel: stopping motor.
TaskAutoShoot.stopSubsystems_INFO [116.44418803] Restoring previous Tracking mode (trackFlywheel=false,trackTiltPos=false,trackPanPos=true).
Shooter.setupGoalTrackingMode_INFO [116.448066852] GoalTracking(trackingMode=AllianceHub, goalPose=(x=-158.838583,y=469.110472,angle=180.000000), noPassback=true).
Shooter.LeftShooter.enableGoalTracking_INFO [116.452167741] Enable GoalTracking (trackingParams=(trackFlywheel=false,trackTiltPos=false,trackPanPos=true)).
Shooter.LeftPrimaryMotor.cancel_INFO [116.457087418] Cancel: stopping motor.
Shooter.LeftTiltMotor.cancel_INFO [116.461442336] Cancel: stopping motor.
Shooter.RightShooter.enableGoalTracking_INFO [116.467105618] Enable GoalTracking (trackingParams=(trackFlywheel=false,trackTiltPos=false,trackPanPos=true)).
Shooter.RightPrimaryMotor.cancel_INFO [116.470650329] Cancel: stopping motor.
Shooter.RightTiltMotor.cancel_INFO [116.475423536] Cancel: stopping motor.
Shooter.LeftPrimaryMotor.cancel_INFO [116.484504622] Cancel: stopping motor.
Shooter.RightPrimaryMotor.cancel_INFO [116.492122898] Cancel: stopping motor.
FrcTeleOp.operatorControllerButtonEvent_INFO [116.617388161] ##### button=Y, pressed=false
FrcTeleOp.operatorControllerButtonEvent_INFO [116.675760383] ##### button=Y, pressed=true
FrcTeleOp.shoot_INFO [116.677240532] >>>>> Start Auto Shoot.
TaskAutoShoot.autoShoot_INFO [116.678442374] autoShoot(owner=null, event=null, taskParams=(autoStop=false, noPassback=false))
TaskAutoShoot.autoShoot_INFO [116.679406015] Enabling Goal Tracking (prevTrackParams=(trackFlywheel=false,trackTiltPos=false,trackPanPos=true)).
Shooter.setupGoalTrackingMode_INFO [116.690584142] GoalTracking(trackingMode=AllianceHub, goalPose=(x=-158.838583,y=469.110472,angle=180.000000), noPassback=false).
Shooter.LeftShooter.enableGoalTracking_INFO [116.692269127] Enable GoalTracking (trackingParams=(trackFlywheel=true,trackTiltPos=true,trackPanPos=true)).
Shooter.LeftPrimaryMotor.cancel_INFO [116.693163222] Cancel: stopping motor.
Shooter.LeftTiltMotor.cancel_INFO [116.697195402] Cancel: stopping motor.
Shooter.RightShooter.enableGoalTracking_INFO [116.702551678] Enable GoalTracking (trackingParams=(trackFlywheel=true,trackTiltPos=true,trackPanPos=true)).
Shooter.RightPrimaryMotor.cancel_INFO [116.703786437] Cancel: stopping motor.
Shooter.RightTiltMotor.cancel_INFO [116.704849817] Cancel: stopping motor.
TaskAutoShoot.autoTask_INFO [116.793251141] <Event name="StateInfo" time="116.792993367" tag="vvvvv" TaskAutoShoot.state="START" />
TaskAutoShoot.runTaskState_INFO [116.796189053] ***** Wait for left Shooter ready.
TaskAutoShoot.runTaskState_INFO [116.796605326] ***** Wait for right Shooter ready.
TaskAutoShoot.runTaskState_INFO [116.801935763] ***** Wait for Turret ready.
TaskAutoShoot.autoTask_INFO [116.802506679] <Event name="StateInfo" time="116.802251038" tag="^^^^^" TaskAutoShoot.state="START" />
Shooter.TurretMotor.pidCtrlTask_INFO [116.886613859] controlMode: Position,onTarget=true(-84.75038001771082/-84.5635294342776), stalled=false, expired=false, event=(TaskAutoShoot.turretReady=SIGNALED)
FrcTeleOp.operatorControllerButtonEvent_INFO [116.905528859] ##### button=Y, pressed=false
Shooter.LeftShooter.goalTrackingTask_INFO [116.953758501] Shooter.LeftShooter is Ready: rpm1=4966.171875/5008.421699, rpm2=3081.796875/0.000000, tilt=24.933179/24.788564, pan=null/null
Shooter.RightShooter.goalTrackingTask_INFO [116.983536238] Shooter.RightShooter is Ready: rpm1=4943.644832/4995.825091, rpm2=3003.281250/0.000000, tilt=24.933197/24.788564, pan=null/null
TaskAutoShoot.autoTask_INFO [116.984948763] <Event name="StateInfo" time="116.98477363" tag="vvvvv" TaskAutoShoot.state="SHOOT" />
TaskAutoShoot.runTaskState_INFO [116.985940178] ***** Start left shooter shooting.
Shooter.shoot_INFO [116.987273295] shoot(owner=null, event=(TaskAutoShoot.leftShooterDone=CLEARED), shooter=leftShooter, autoStop=false)
Shooter.LeftTransferMotor.cancel_INFO [116.988797055] Cancel: stopping motor.
TaskAutoShoot.runTaskState_INFO [116.99032324] ***** Start right shooter shooting.
Shooter.shoot_INFO [116.991350955] shoot(owner=null, event=(TaskAutoShoot.rightShooterDone=CLEARED), shooter=rightShooter, autoStop=false)
Shooter.RightTransferMotor.cancel_INFO [116.992447782] Cancel: stopping motor.
TaskAutoShoot.autoTask_INFO [116.993644757] <Event name="StateInfo" time="116.993465918" tag="^^^^^" TaskAutoShoot.state="SHOOT" />
FrcTeleOp.driverControllerButtonEvent_INFO [117.853687706] ##### button=RightBumper, pressed=false
FrcTeleOp.driverControllerButtonEvent_INFO [117.856218663] >>>>> Normal Drive
FrcTeleOp.operatorControllerButtonEvent_INFO [119.849776017] ##### button=Y, pressed=true
FrcTeleOp.shoot_INFO [119.852130345] >>>>> Stop Auto Shoot.
TaskAutoShoot.cancel_INFO [119.852767012] Canceling auto task operation.
TaskAutoShoot.stopSubsystems_INFO [119.853425657] Stopping subsystems.
Shooter.LeftTransferMotor.cancel_INFO [119.854104174] Cancel: stopping motor.
Shooter.RightTransferMotor.cancel_INFO [119.856257388] Cancel: stopping motor.
Shooter.FeederMotor.cancel_INFO [119.857079572] Cancel: stopping motor.
TaskAutoShoot.stopSubsystems_INFO [119.857741824] Restoring previous Tracking mode (trackFlywheel=false,trackTiltPos=false,trackPanPos=true).
Shooter.setupGoalTrackingMode_INFO [119.859465121] GoalTracking(trackingMode=AllianceHub, goalPose=(x=-158.838583,y=469.110472,angle=180.000000), noPassback=true).
Shooter.LeftShooter.enableGoalTracking_INFO [119.860121692] Enable GoalTracking (trackingParams=(trackFlywheel=false,trackTiltPos=false,trackPanPos=true)).
Shooter.LeftPrimaryMotor.cancel_INFO [119.861091389] Cancel: stopping motor.
Shooter.LeftTiltMotor.cancel_INFO [119.86442222] Cancel: stopping motor.
Shooter.RightShooter.enableGoalTracking_INFO [119.866143936] Enable GoalTracking (trackingParams=(trackFlywheel=false,trackTiltPos=false,trackPanPos=true)).
Shooter.RightPrimaryMotor.cancel_INFO [119.867818082] Cancel: stopping motor.
Shooter.RightTiltMotor.cancel_INFO [119.869258024] Cancel: stopping motor.
Shooter.LeftPrimaryMotor.cancel_INFO [119.870596082] Cancel: stopping motor.
Shooter.RightPrimaryMotor.cancel_INFO [119.871768089] Cancel: stopping motor.
FrcTeleOp.operatorControllerButtonEvent_INFO [120.166245037] ##### button=Y, pressed=false
FrcTeleOp.operatorControllerButtonEvent_INFO [120.593151386] ##### button=LeftBumper, pressed=true
FrcTeleOp.operatorControllerButtonEvent_INFO [120.597002835] >>>>> OperatorAltFunc=true
FrcTeleOp.operatorControllerButtonEvent_INFO [120.715571084] ##### button=B, pressed=true
FrcTeleOp.operatorControllerButtonEvent_INFO [120.717441464] >>>>> Set feeder power to -0.5
FrcTeleOp.operatorControllerButtonEvent_INFO [121.029870188] ##### button=B, pressed=false
Shooter.FeederMotor.cancel_INFO [121.031605322] Cancel: stopping motor.
FrcTeleOp.operatorControllerButtonEvent_INFO [121.032969341] >>>>> Stop feeder.
FrcTeleOp.operatorControllerButtonEvent_INFO [121.1658698] ##### button=LeftBumper, pressed=false
FrcTeleOp.operatorControllerButtonEvent_INFO [121.169352664] >>>>> OperatorAltFunc=false
FrcTeleOp.operatorControllerButtonEvent_INFO [122.237418337] ##### button=DpadUp, pressed=true
FrcTeleOp.operatorControllerButtonEvent_INFO [122.268316221] >>>>> Extend climber.
FrcTeleOp.operatorControllerButtonEvent_INFO [122.425703219] ##### button=DpadUp, pressed=false
FrcTeleOp.driverControllerButtonEvent_INFO [122.552751894] ##### button=RightBumper, pressed=true
FrcTeleOp.driverControllerButtonEvent_INFO [122.555276221] >>>>> Slow Drive
FrcTeleOp.driverControllerButtonEvent_INFO [125.599991984] ##### button=RightBumper, pressed=false
FrcTeleOp.driverControllerButtonEvent_INFO [125.601668617] >>>>> Normal Drive
FrcTeleOp.driverControllerButtonEvent_INFO [125.658772354] ##### button=RightBumper, pressed=true
FrcTeleOp.driverControllerButtonEvent_INFO [125.659617504] >>>>> Slow Drive
FrcTeleOp.driverControllerButtonEvent_INFO [128.865447169] ##### button=LeftStickButton, pressed=true
FrcTeleOp.driverControllerButtonEvent_INFO [129.056873693] ##### button=LeftStickButton, pressed=false
FrcTeleOp.operatorControllerButtonEvent_INFO [136.841613852] ##### button=DpadDown, pressed=true
FrcTeleOp.operatorControllerButtonEvent_INFO [136.876761742] >>>>> Retract climber.
FrcTeleOp.operatorControllerButtonEvent_INFO [136.923192325] ##### button=DpadDown, pressed=false
FrcTeleOp.driverControllerButtonEvent_INFO [137.598134153] ##### button=RightBumper, pressed=false
FrcTeleOp.driverControllerButtonEvent_INFO [137.598970976] >>>>> Normal Drive
FrcRobot.startCompetition_INFO [140.01765713] *** Transitioning from TELEOP_MODE to DISABLED_MODE ***
Robot.cancelAll_INFO [140.021213515] Cancel all operations.
Shooter.LeftShooter.cancel_INFO [140.025375978] owner=null
Shooter.LeftShooter.disableGoalTracking_INFO [140.027073632] Disable Goal Tracking.
Shooter.LeftShooter.stopGoalTracking_INFO [140.029070554] Stop GoalTracking.
Shooter.LeftTiltMotor.cancel_INFO [140.031579918] Cancel: stopping motor.
Shooter.LeftPrimaryMotor.cancel_INFO [140.033074151] Cancel: stopping motor.
Shooter.LeftPrimaryMotor.cancel_INFO [140.034187698] Cancel: stopping motor.
Shooter.LeftTiltMotor.cancel_INFO [140.037071924] Cancel: stopping motor.
Shooter.RightShooter.cancel_INFO [140.040917084] owner=null
Shooter.RightShooter.disableGoalTracking_INFO [140.042313402] Disable Goal Tracking.
Shooter.RightShooter.stopGoalTracking_INFO [140.043209545] Stop GoalTracking.
Shooter.RightTiltMotor.cancel_INFO [140.044265132] Cancel: stopping motor.
Shooter.RightPrimaryMotor.cancel_INFO [140.045646517] Cancel: stopping motor.
Shooter.RightPrimaryMotor.cancel_INFO [140.047350646] Cancel: stopping motor.
Shooter.RightTiltMotor.cancel_INFO [140.049625401] Cancel: stopping motor.
Shooter.LeftTransferMotor.cancel_INFO [140.050825092] Cancel: stopping motor.
Shooter.RightTransferMotor.cancel_INFO [140.051945827] Cancel: stopping motor.
Shooter.FeederMotor.cancel_INFO [140.053668801] Cancel: stopping motor.
Climber.Motor.isMotorStalled_INFO [140.102770965] Stall detection triggered.
Climber.Motor.checkStallReset_INFO [140.106269293] Resetting stall.
Intake.IntakeMotor.cancel_INFO [140.114016124] Cancel: stopping motor.
Climber.Motor.cancel_INFO [140.115581134] Cancel: stopping motor.
TaskAutoShoot.cancel_INFO [140.126572912] Canceling auto task operation.
TaskAutoClimb.cancel_INFO [140.127576862] Canceling auto task operation.
FrcRobot.printPerformanceMetrics_INFO [140.136474708] [FrcRobot] Loop Performance Metrics:
Average Loop Interval = 0.001949s (freq=513.166Hz, min=0.000612s, max=0.615966s)
[03]                StartTask=0.000000s
[04]          PrePeriodicTask=0.000133s
[07]               UpdateTask=0.000875s
[02]                StartMode=0.000001s
[06]         PostPeriodicTask=0.000774s
[08]                 StopTask=0.000000s
[09]                 StopMode=0.000000s
[00]                RobotInit=13.409462s
[01]           RobotStartMode=0.000004s
[05]                 Periodic=0.000100s
[10]            RobotStopMode=0.000003s

TrcTaskMgr.printTaskPerformanceMetrics_INFO [140.138575236] FrcDashboard.task: STANDALONE_TASK=6.262628491809762E-4/0.010648004783955705
TrcTaskMgr.printTaskPerformanceMetrics_INFO [140.148025043] TrcWatchdogMgr: STANDALONE_TASK=1.716203188854489E-4/0.9972700072074303
TrcTaskMgr.printTaskPerformanceMetrics_INFO [140.15027543] DriverController.buttonEventTask: PRE_PERIODIC_TASK=4.9189228220574606E-5/0.01620721991056534
TrcTaskMgr.printTaskPerformanceMetrics_INFO [140.154722356] OperatorController.buttonEventTask: PRE_PERIODIC_TASK=2.8127208190454125E-4/0.01620709464063948
TrcTaskMgr.printTaskPerformanceMetrics_INFO [140.15581841] flDriveMotor.pidCtrlTask: OUTPUT_TASK=5.461214856921887E-5/0.012493813429737046
TrcTaskMgr.printTaskPerformanceMetrics_INFO [140.157112908] flDriveMotor.odometryCleanupTask: STOP_TASK=3.3085E-5/41.0681466985
TrcTaskMgr.printTaskPerformanceMetrics_INFO [140.158277783] frDriveMotor.pidCtrlTask: OUTPUT_TASK=3.408081241299304E-5/0.01249379278866976
TrcTaskMgr.printTaskPerformanceMetrics_INFO [140.16001077] blDriveMotor.pidCtrlTask: OUTPUT_TASK=3.230632130703789E-5/0.012493792313031708
TrcTaskMgr.printTaskPerformanceMetrics_INFO [140.16118305] brDriveMotor.pidCtrlTask: OUTPUT_TASK=3.13637007733952E-5/0.012493792064037123
TrcTaskMgr.printTaskPerformanceMetrics_INFO [140.163530933] flSteerMotor.pidCtrlTask: OUTPUT_TASK=3.977943917246713E-5/0.012493791823047178
TrcTaskMgr.printTaskPerformanceMetrics_INFO [140.166431063] frSteerMotor.pidCtrlTask: OUTPUT_TASK=3.413230172847144E-5/0.012493721706314529
TrcTaskMgr.printTaskPerformanceMetrics_INFO [140.171050657] blSteerMotor.pidCtrlTask: OUTPUT_TASK=3.3453468968717375E-5/0.012493723348091722
TrcTaskMgr.printTaskPerformanceMetrics_INFO [140.171826337] brSteerMotor.pidCtrlTask: OUTPUT_TASK=3.495356668342291E-5/0.012493724343180851
TrcTaskMgr.printTaskPerformanceMetrics_INFO [140.175357651] FrcSwerveDrive.odometryTask: INPUT_TASK=0.0016533303015180438/0.014904201500863558
TrcTaskMgr.printTaskPerformanceMetrics_INFO [140.176352873] FrcSwerveDrive.stopTask: STOP_TASK=0.00256505825/41.06812674275
TrcTaskMgr.printTaskPerformanceMetrics_INFO [140.177736535] purePursuitDrive.driveTask: POST_PERIODIC_TASK=0.0070605286374045804/0.06716027317557252
TrcTaskMgr.printTaskPerformanceMetrics_INFO [140.179281369] LED: OUTPUT_TASK=5.5203870234320626E-5/0.012493645730647282
TrcTaskMgr.printTaskPerformanceMetrics_INFO [140.180211736] Shooter.LeftPrimaryMotor.pidCtrlTask: OUTPUT_TASK=2.468456476683938E-5/0.012493630013224035
TrcTaskMgr.printTaskPerformanceMetrics_INFO [140.18151231] Shooter.LeftFollowerMotor.pidCtrlTask: OUTPUT_TASK=4.888165957775887E-6/0.012493629620330987
TrcTaskMgr.printTaskPerformanceMetrics_INFO [140.194574179] Shooter.LeftTiltMotor.pidCtrlTask: OUTPUT_TASK=5.126911567490237E-4/0.012493569801724471
TrcTaskMgr.printTaskPerformanceMetrics_INFO [140.196758184] Shooter.LeftShooter.ShooterMotor1VelTrigger.triggerTask: PRE_PERIODIC_TASK=3.0427188372093026E-4/0.06067465276744186
TrcTaskMgr.printTaskPerformanceMetrics_INFO [140.197779843] Shooter.LeftShooter.goalTracking: POST_PERIODIC_TASK=0.022366091879879233/0.03493811454582704
TrcTaskMgr.printTaskPerformanceMetrics_INFO [140.199231607] Shooter.LeftTransferMotor.pidCtrlTask: OUTPUT_TASK=7.578945754716981E-6/0.012493212923987009
TrcTaskMgr.printTaskPerformanceMetrics_INFO [140.200144824] Shooter.RightPrimaryMotor.pidCtrlTask: OUTPUT_TASK=2.4483464158676154E-5/0.012493212317738943
TrcTaskMgr.printTaskPerformanceMetrics_INFO [140.202328231] Shooter.RightFollowerMotor.pidCtrlTask: OUTPUT_TASK=5.063815225796474E-6/0.012493212023507578
TrcTaskMgr.printTaskPerformanceMetrics_INFO [140.20321168] Shooter.RightTiltMotor.pidCtrlTask: OUTPUT_TASK=5.004993270182493E-4/0.012493211727265696
TrcTaskMgr.printTaskPerformanceMetrics_INFO [140.204324128] Shooter.RightShooter.ShooterMotor1VelTrigger.triggerTask: PRE_PERIODIC_TASK=3.0109179545454546E-4/0.06155682725
TrcTaskMgr.printTaskPerformanceMetrics_INFO [140.205346157] Shooter.RightShooter.goalTracking: POST_PERIODIC_TASK=0.0026148358341600174/0.03491990005736467
TrcTaskMgr.printTaskPerformanceMetrics_INFO [140.209714505] Shooter.RightTransferMotor.pidCtrlTask: OUTPUT_TASK=6.065127474481906E-6/0.012493208049257654
TrcTaskMgr.printTaskPerformanceMetrics_INFO [140.210916942] Shooter.TurretMotor.pidCtrlTask: OUTPUT_TASK=0.0024037102543591725/0.012493175119659772
TrcTaskMgr.printTaskPerformanceMetrics_INFO [140.213890556] Shooter.FeederMotor.pidCtrlTask: OUTPUT_TASK=7.010067040402087E-6/0.012493172165474579
TrcTaskMgr.printTaskPerformanceMetrics_INFO [140.215989245] ShooterfieldLengthTrigger.triggerTask: PRE_PERIODIC_TASK=2.5262444327788138E-5/0.0019467029054178809
TrcTaskMgr.printTaskPerformanceMetrics_INFO [140.216899644] ShooterfieldWidthTrigger.triggerTask: PRE_PERIODIC_TASK=6.5009840100404885E-6/0.0019467149539428826
TrcTaskMgr.printTaskPerformanceMetrics_INFO [140.220451522] Intake.IntakeMotor.pidCtrlTask: OUTPUT_TASK=7.0335528493002396E-6/0.012493136809595608
TrcTaskMgr.printTaskPerformanceMetrics_INFO [140.221646087] Climber.Motor.pidCtrlTask: OUTPUT_TASK=7.238166948890436E-5/0.012493136560813424
TrcTaskMgr.printTaskPerformanceMetrics_INFO [140.224093953] TaskAutoShoot: POST_PERIODIC_TASK=0.001890131314381271/0.22256705519397993
