Robot.robotStartMode_INFO [0.047294697] Sun Mar 08 17:21:19 UTC 2026: ***** TELEOP_MODE *****
Robot.robotStartMode_INFO [0.051426973] <BuildInfo Host="TRC492-DS2024" User="User" Timestamp="2026-03-08 09:12:21" Branch="dev" />
FrcTeleOp.driverControllerButtonEvent_INFO [1.128691947] ##### button=A, pressed=true
FrcTeleOp.driverControllerButtonEvent_INFO [1.2333617] ##### button=A, pressed=false
FrcTeleOp.driverControllerButtonEvent_INFO [2.939580212] ##### button=X, pressed=true
FrcTeleOp.driverControllerButtonEvent_INFO [2.941019794] >>>>> Reset field forward heading (heading=174.40559577379045)
FrcTeleOp.driverControllerButtonEvent_INFO [3.041954515] ##### button=X, pressed=false
FrcTeleOp.driverControllerButtonEvent_INFO [3.710693155] ##### button=A, pressed=true
FrcTeleOp.driverControllerButtonEvent_INFO [3.761392395] ##### button=A, pressed=false
FrcTeleOp.operatorControllerButtonEvent_INFO [9.189086786] ##### button=Y, pressed=true
FrcTeleOp.shoot_INFO [9.191627415] >>>>> Start Auto Shoot.
TaskAutoShoot.autoShoot_INFO [9.193388396] autoShoot(owner=null, event=null, taskParams=(autoStop=false, noPassback=false))
Shooter.setupGoalTrackingMode_INFO [9.195407869] GoalTracking(trackingMode=Passback, goalPose=(x=-257.677165,y=603.220472,angle=180.000000), noPassback=false).
Shooter.LeftShooter.enableGoalTracking_INFO [9.196782086] Enable GoalTracking (trackingParams=(trackFlywheel=true,trackTiltPos=true,trackPanPos=true)).
Shooter.LeftPrimaryMotor.cancel_INFO [9.199038326] Cancel: stopping motor.
Shooter.LeftTiltMotor.cancel_INFO [9.200407409] Cancel: stopping motor.
Shooter.RightShooter.enableGoalTracking_INFO [9.202329426] Enable GoalTracking (trackingParams=(trackFlywheel=true,trackTiltPos=true,trackPanPos=true)).
Shooter.RightPrimaryMotor.cancel_INFO [9.204096338] Cancel: stopping motor.
Shooter.RightTiltMotor.cancel_INFO [9.205826069] Cancel: stopping motor.
TaskAutoShoot.autoTask_INFO [9.278755731] <Event name="StateInfo" time="9.27829743" tag="vvvvv" TaskAutoShoot.state="START" />
TaskAutoShoot.runTaskState_INFO [9.279937142] ***** Wait for left Shooter ready.
TaskAutoShoot.runTaskState_INFO [9.280503323] ***** Wait for right Shooter ready.
TaskAutoShoot.runTaskState_INFO [9.281166095] ***** Wait for Turret ready.
TaskAutoShoot.autoTask_INFO [9.286701633] <Event name="StateInfo" time="9.281750596" tag="^^^^^" TaskAutoShoot.state="START" />
TaskAutoShoot.autoTask_INFO [9.428010944] <Event name="StateInfo" time="9.426309986" tag="vvvvv" TaskAutoShoot.state="SHOOT" />
TaskAutoShoot.autoTask_INFO [9.42975691] <Event name="StateInfo" time="9.429524077" tag="^^^^^" TaskAutoShoot.state="SHOOT" />
TaskAutoShoot.autoTask_INFO [9.498134545] <Event name="StateInfo" time="9.496646496" tag="vvvvv" TaskAutoShoot.state="SHOOT" />
TaskAutoShoot.autoTask_INFO [9.500251559] <Event name="StateInfo" time="9.499892713" tag="^^^^^" TaskAutoShoot.state="SHOOT" />
TaskAutoShoot.autoTask_INFO [9.563627031] <Event name="StateInfo" time="9.562192623" tag="vvvvv" TaskAutoShoot.state="SHOOT" />
TaskAutoShoot.autoTask_INFO [9.565549307] <Event name="StateInfo" time="9.565151036" tag="^^^^^" TaskAutoShoot.state="SHOOT" />
TaskAutoShoot.autoTask_INFO [9.640163755] <Event name="StateInfo" time="9.639966484" tag="vvvvv" TaskAutoShoot.state="SHOOT" />
TaskAutoShoot.autoTask_INFO [9.643207188] <Event name="StateInfo" time="9.642979998" tag="^^^^^" TaskAutoShoot.state="SHOOT" />
TaskAutoShoot.autoTask_INFO [9.713398102] <Event name="StateInfo" time="9.712760348" tag="vvvvv" TaskAutoShoot.state="SHOOT" />
TaskAutoShoot.autoTask_INFO [9.717214836] <Event name="StateInfo" time="9.716738113" tag="^^^^^" TaskAutoShoot.state="SHOOT" />
TaskAutoShoot.autoTask_INFO [9.808282964] <Event name="StateInfo" time="9.807652124" tag="vvvvv" TaskAutoShoot.state="SHOOT" />
TaskAutoShoot.autoTask_INFO [9.810245913] <Event name="StateInfo" time="9.80999338" tag="^^^^^" TaskAutoShoot.state="SHOOT" />
TaskAutoShoot.autoTask_INFO [9.876888175] <Event name="StateInfo" time="9.876675883" tag="vvvvv" TaskAutoShoot.state="SHOOT" />
TaskAutoShoot.autoTask_INFO [9.877876654] <Event name="StateInfo" time="9.877523249" tag="^^^^^" TaskAutoShoot.state="SHOOT" />
FrcTeleOp.operatorControllerButtonEvent_INFO [9.895239385] ##### button=Y, pressed=false
FrcTeleOp.shoot_INFO [9.897326801] >>>>> Stop Auto Shoot.
TaskAutoShoot.cancel_INFO [9.898743436] Canceling auto task operation.
TaskAutoShoot.stopSubsystems_INFO [9.9029658] Stopping subsystems.
Shooter.LeftTransferMotor.cancel_INFO [9.904687419] Cancel: stopping motor.
Shooter.RightTransferMotor.cancel_INFO [9.906880636] Cancel: stopping motor.
Shooter.FeederMotor.cancel_INFO [9.908188479] Cancel: stopping motor.
Shooter.LeftShooter.disableGoalTracking_INFO [9.914401479] Disable Goal Tracking.
Shooter.LeftShooter.stopGoalTracking_INFO [9.915177644] Stop GoalTracking.
Shooter.LeftTiltMotor.cancel_INFO [9.918359562] Cancel: stopping motor.
Shooter.LeftPrimaryMotor.cancel_INFO [9.920051142] Cancel: stopping motor.
Shooter.RightShooter.disableGoalTracking_INFO [9.920813864] Disable Goal Tracking.
Shooter.RightShooter.stopGoalTracking_INFO [9.921207351] Stop GoalTracking.
Shooter.RightTiltMotor.cancel_INFO [9.924688814] Cancel: stopping motor.
Shooter.RightPrimaryMotor.cancel_INFO [9.92530134] Cancel: stopping motor.
Shooter.LeftShooter.cancel_INFO [9.93017019] owner=null
Shooter.LeftPrimaryMotor.cancel_INFO [9.932680025] Cancel: stopping motor.
Shooter.LeftTiltMotor.cancel_INFO [9.935064877] Cancel: stopping motor.
Shooter.RightShooter.cancel_INFO [9.936206211] owner=null
Shooter.RightPrimaryMotor.cancel_INFO [9.939578543] Cancel: stopping motor.
Shooter.RightTiltMotor.cancel_INFO [9.94024918] Cancel: stopping motor.
Shooter.LeftTransferMotor.cancel_INFO [9.943197305] Cancel: stopping motor.
Shooter.RightTransferMotor.cancel_INFO [9.945204084] Cancel: stopping motor.
Shooter.FeederMotor.cancel_INFO [9.945717243] Cancel: stopping motor.
FrcTeleOp.operatorControllerButtonEvent_INFO [10.501402418] ##### button=Y, pressed=true
FrcTeleOp.shoot_INFO [10.503883963] >>>>> Start Auto Shoot.
TaskAutoShoot.autoShoot_INFO [10.505570704] autoShoot(owner=null, event=null, taskParams=(autoStop=false, noPassback=false))
Shooter.setupGoalTrackingMode_INFO [10.507287726] GoalTracking(trackingMode=Passback, goalPose=(x=-257.677165,y=603.220472,angle=180.000000), noPassback=false).
Shooter.LeftShooter.enableGoalTracking_INFO [10.509079035] Enable GoalTracking (trackingParams=(trackFlywheel=true,trackTiltPos=true,trackPanPos=true)).
Shooter.LeftPrimaryMotor.cancel_INFO [10.514304055] Cancel: stopping motor.
Shooter.LeftTiltMotor.cancel_INFO [10.515892799] Cancel: stopping motor.
Shooter.RightShooter.enableGoalTracking_INFO [10.51810313] Enable GoalTracking (trackingParams=(trackFlywheel=true,trackTiltPos=true,trackPanPos=true)).
Shooter.RightPrimaryMotor.cancel_INFO [10.520225738] Cancel: stopping motor.
Shooter.RightTiltMotor.cancel_INFO [10.522238199] Cancel: stopping motor.
TaskAutoShoot.autoTask_INFO [10.597877214] <Event name="StateInfo" time="10.597619493" tag="vvvvv" TaskAutoShoot.state="START" />
TaskAutoShoot.runTaskState_INFO [10.599709494] ***** Wait for left Shooter ready.
TaskAutoShoot.runTaskState_INFO [10.602321439] ***** Wait for right Shooter ready.
TaskAutoShoot.runTaskState_INFO [10.605963778] ***** Wait for Turret ready.
TaskAutoShoot.autoTask_INFO [10.609631675] <Event name="StateInfo" time="10.609318928" tag="^^^^^" TaskAutoShoot.state="START" />
TaskAutoShoot.autoTask_INFO [10.76707733] <Event name="StateInfo" time="10.765788419" tag="vvvvv" TaskAutoShoot.state="SHOOT" />
TaskAutoShoot.autoTask_INFO [10.768949028] <Event name="StateInfo" time="10.768723896" tag="^^^^^" TaskAutoShoot.state="SHOOT" />
TaskAutoShoot.autoTask_INFO [10.843156874] <Event name="StateInfo" time="10.842535717" tag="vvvvv" TaskAutoShoot.state="SHOOT" />
TaskAutoShoot.autoTask_INFO [10.846417674] <Event name="StateInfo" time="10.846105514" tag="^^^^^" TaskAutoShoot.state="SHOOT" />
TaskAutoShoot.autoTask_INFO [10.923418396] <Event name="StateInfo" time="10.923052509" tag="vvvvv" TaskAutoShoot.state="SHOOT" />
TaskAutoShoot.autoTask_INFO [10.92508127] <Event name="StateInfo" time="10.924741696" tag="^^^^^" TaskAutoShoot.state="SHOOT" />
TaskAutoShoot.autoTask_INFO [10.994159343] <Event name="StateInfo" time="10.993871604" tag="vvvvv" TaskAutoShoot.state="SHOOT" />
TaskAutoShoot.autoTask_INFO [10.995585465] <Event name="StateInfo" time="10.995308032" tag="^^^^^" TaskAutoShoot.state="SHOOT" />
TaskAutoShoot.autoTask_INFO [11.064101245] <Event name="StateInfo" time="11.063790648" tag="vvvvv" TaskAutoShoot.state="SHOOT" />
TaskAutoShoot.autoTask_INFO [11.065474747] <Event name="StateInfo" time="11.065213814" tag="^^^^^" TaskAutoShoot.state="SHOOT" />
TaskAutoShoot.autoTask_INFO [11.129580822] <Event name="StateInfo" time="11.129295802" tag="vvvvv" TaskAutoShoot.state="SHOOT" />
TaskAutoShoot.autoTask_INFO [11.14224974] <Event name="StateInfo" time="11.14202201" tag="^^^^^" TaskAutoShoot.state="SHOOT" />
Shooter.LeftShooter.goalTrackingTask_INFO [11.204134156] Shooter.LeftShooter is Ready: rpm1=6250.591947/6211.545076, rpm2=3808.359375/0.000000, tilt=36.277638/36.401675, pan=null/null
Shooter.RightShooter.goalTrackingTask_INFO [11.242056079] Shooter.RightShooter is Ready: rpm1=6218.031851/6216.075391, rpm2=3811.757813/0.000000, tilt=36.317168/36.401675, pan=null/null
TaskAutoShoot.autoTask_INFO [11.24387074] <Event name="StateInfo" time="11.243665434" tag="vvvvv" TaskAutoShoot.state="SHOOT" />
TaskAutoShoot.autoTask_INFO [11.245161617] <Event name="StateInfo" time="11.244964798" tag="^^^^^" TaskAutoShoot.state="SHOOT" />
Shooter.setupGoalTrackingMode_INFO [11.250845071] GoalTracking(trackingMode=Passback, goalPose=(x=-257.677165,y=603.220472,angle=180.000000), noPassback=false).
TaskAutoShoot.autoTask_INFO [11.324100159] <Event name="StateInfo" time="11.319972657" tag="vvvvv" TaskAutoShoot.state="SHOOT" />
TaskAutoShoot.autoTask_INFO [11.326335729] <Event name="StateInfo" time="11.326132465" tag="^^^^^" TaskAutoShoot.state="SHOOT" />
TaskAutoShoot.autoTask_INFO [11.395687953] <Event name="StateInfo" time="11.39547599" tag="vvvvv" TaskAutoShoot.state="SHOOT" />
TaskAutoShoot.autoTask_INFO [11.39968145] <Event name="StateInfo" time="11.397452027" tag="^^^^^" TaskAutoShoot.state="SHOOT" />
TaskAutoShoot.autoTask_INFO [11.468092925] <Event name="StateInfo" time="11.467771687" tag="vvvvv" TaskAutoShoot.state="SHOOT" />
TaskAutoShoot.autoTask_INFO [11.469752342] <Event name="StateInfo" time="11.469230534" tag="^^^^^" TaskAutoShoot.state="SHOOT" />
TaskAutoShoot.autoTask_INFO [11.541057514] <Event name="StateInfo" time="11.540851229" tag="vvvvv" TaskAutoShoot.state="SHOOT" />
TaskAutoShoot.autoTask_INFO [11.545248218] <Event name="StateInfo" time="11.545016392" tag="^^^^^" TaskAutoShoot.state="SHOOT" />
TaskAutoShoot.autoTask_INFO [11.625483037] <Event name="StateInfo" time="11.625262983" tag="vvvvv" TaskAutoShoot.state="SHOOT" />
TaskAutoShoot.autoTask_INFO [11.627416847] <Event name="StateInfo" time="11.627192521" tag="^^^^^" TaskAutoShoot.state="SHOOT" />
TaskAutoShoot.autoTask_INFO [11.701057393] <Event name="StateInfo" time="11.70085964" tag="vvvvv" TaskAutoShoot.state="SHOOT" />
TaskAutoShoot.autoTask_INFO [11.70261935] <Event name="StateInfo" time="11.70139934" tag="^^^^^" TaskAutoShoot.state="SHOOT" />
TaskAutoShoot.autoTask_INFO [11.780133541] <Event name="StateInfo" time="11.779918171" tag="vvvvv" TaskAutoShoot.state="SHOOT" />
TaskAutoShoot.autoTask_INFO [11.782390323] <Event name="StateInfo" time="11.78217037" tag="^^^^^" TaskAutoShoot.state="SHOOT" />
TaskAutoShoot.autoTask_INFO [11.856620499] <Event name="StateInfo" time="11.856378642" tag="vvvvv" TaskAutoShoot.state="SHOOT" />
TaskAutoShoot.autoTask_INFO [11.859025198] <Event name="StateInfo" time="11.858725747" tag="^^^^^" TaskAutoShoot.state="SHOOT" />
TaskAutoShoot.autoTask_INFO [11.935370378] <Event name="StateInfo" time="11.935154076" tag="vvvvv" TaskAutoShoot.state="SHOOT" />
TaskAutoShoot.autoTask_INFO [11.945920153] <Event name="StateInfo" time="11.945696083" tag="^^^^^" TaskAutoShoot.state="SHOOT" />
TaskAutoShoot.autoTask_INFO [12.025033872] <Event name="StateInfo" time="12.024575147" tag="vvvvv" TaskAutoShoot.state="SHOOT" />
TaskAutoShoot.autoTask_INFO [12.025872857] <Event name="StateInfo" time="12.025602748" tag="^^^^^" TaskAutoShoot.state="SHOOT" />
TaskAutoShoot.autoTask_INFO [12.110288684] <Event name="StateInfo" time="12.11009874" tag="vvvvv" TaskAutoShoot.state="SHOOT" />
TaskAutoShoot.autoTask_INFO [12.114267212] <Event name="StateInfo" time="12.111418678" tag="^^^^^" TaskAutoShoot.state="SHOOT" />
TaskAutoShoot.autoTask_INFO [12.186315313] <Event name="StateInfo" time="12.185735729" tag="vvvvv" TaskAutoShoot.state="SHOOT" />
TaskAutoShoot.autoTask_INFO [12.193960868] <Event name="StateInfo" time="12.193739411" tag="^^^^^" TaskAutoShoot.state="SHOOT" />
TaskAutoShoot.autoTask_INFO [12.271743141] <Event name="StateInfo" time="12.27155806" tag="vvvvv" TaskAutoShoot.state="SHOOT" />
TaskAutoShoot.autoTask_INFO [12.272976681] <Event name="StateInfo" time="12.272760654" tag="^^^^^" TaskAutoShoot.state="SHOOT" />
FrcTeleOp.driverControllerButtonEvent_INFO [12.284976518] ##### button=RightBumper, pressed=true
FrcTeleOp.driverControllerButtonEvent_INFO [12.29198242] >>>>> Slow Drive
TaskAutoShoot.autoTask_INFO [12.363462545] <Event name="StateInfo" time="12.362523067" tag="vvvvv" TaskAutoShoot.state="SHOOT" />
TaskAutoShoot.autoTask_INFO [12.371328452] <Event name="StateInfo" time="12.364247435" tag="^^^^^" TaskAutoShoot.state="SHOOT" />
TaskAutoShoot.autoTask_INFO [12.440601241] <Event name="StateInfo" time="12.439517274" tag="vvvvv" TaskAutoShoot.state="SHOOT" />
TaskAutoShoot.autoTask_INFO [12.442240847] <Event name="StateInfo" time="12.441865453" tag="^^^^^" TaskAutoShoot.state="SHOOT" />
TaskAutoShoot.autoTask_INFO [12.515970808] <Event name="StateInfo" time="12.515436993" tag="vvvvv" TaskAutoShoot.state="SHOOT" />
TaskAutoShoot.autoTask_INFO [12.518244653] <Event name="StateInfo" time="12.517863342" tag="^^^^^" TaskAutoShoot.state="SHOOT" />
TaskAutoShoot.autoTask_INFO [12.583621005] <Event name="StateInfo" time="12.582908655" tag="vvvvv" TaskAutoShoot.state="SHOOT" />
TaskAutoShoot.autoTask_INFO [12.585386713] <Event name="StateInfo" time="12.585088725" tag="^^^^^" TaskAutoShoot.state="SHOOT" />
TaskAutoShoot.autoTask_INFO [12.665098466] <Event name="StateInfo" time="12.664726948" tag="vvvvv" TaskAutoShoot.state="SHOOT" />
TaskAutoShoot.autoTask_INFO [12.665944745] <Event name="StateInfo" time="12.665614644" tag="^^^^^" TaskAutoShoot.state="SHOOT" />
FrcTeleOp.driverControllerButtonEvent_INFO [12.679478791] ##### button=RightBumper, pressed=false
FrcTeleOp.driverControllerButtonEvent_INFO [12.684154847] >>>>> Normal Drive
TaskAutoShoot.autoTask_INFO [12.745850559] <Event name="StateInfo" time="12.74563416" tag="vvvvv" TaskAutoShoot.state="SHOOT" />
TaskAutoShoot.autoTask_INFO [12.747253281] <Event name="StateInfo" time="12.746888229" tag="^^^^^" TaskAutoShoot.state="SHOOT" />
FrcTeleOp.operatorControllerButtonEvent_INFO [12.750328906] ##### button=Y, pressed=false
FrcTeleOp.shoot_INFO [12.752184798] >>>>> Stop Auto Shoot.
TaskAutoShoot.cancel_INFO [12.754993101] Canceling auto task operation.
TaskAutoShoot.stopSubsystems_INFO [12.756386178] Stopping subsystems.
Shooter.LeftTransferMotor.cancel_INFO [12.759678775] Cancel: stopping motor.
Shooter.RightTransferMotor.cancel_INFO [12.760907712] Cancel: stopping motor.
Shooter.FeederMotor.cancel_INFO [12.766272651] Cancel: stopping motor.
Shooter.LeftShooter.disableGoalTracking_INFO [12.769216563] Disable Goal Tracking.
Shooter.LeftShooter.stopGoalTracking_INFO [12.770931349] Stop GoalTracking.
Shooter.LeftTiltMotor.cancel_INFO [12.772705348] Cancel: stopping motor.
Shooter.LeftPrimaryMotor.cancel_INFO [12.773979014] Cancel: stopping motor.
Shooter.RightShooter.disableGoalTracking_INFO [12.779030317] Disable Goal Tracking.
Shooter.RightShooter.stopGoalTracking_INFO [12.780195314] Stop GoalTracking.
Shooter.RightTiltMotor.cancel_INFO [12.781270069] Cancel: stopping motor.
Shooter.RightPrimaryMotor.cancel_INFO [12.784826934] Cancel: stopping motor.
Shooter.LeftShooter.cancel_INFO [12.788988007] owner=null
Shooter.LeftPrimaryMotor.cancel_INFO [12.790655571] Cancel: stopping motor.
Shooter.LeftTiltMotor.cancel_INFO [12.791891202] Cancel: stopping motor.
Shooter.RightShooter.cancel_INFO [12.794572035] owner=null
Shooter.RightPrimaryMotor.cancel_INFO [12.796386594] Cancel: stopping motor.
Shooter.RightTiltMotor.cancel_INFO [12.801394] Cancel: stopping motor.
Shooter.LeftTransferMotor.cancel_INFO [12.804001928] Cancel: stopping motor.
Shooter.RightTransferMotor.cancel_INFO [12.809886296] Cancel: stopping motor.
Shooter.FeederMotor.cancel_INFO [12.811395218] Cancel: stopping motor.
FrcTeleOp.operatorControllerButtonEvent_INFO [14.964974301] ##### button=Y, pressed=true
FrcTeleOp.shoot_INFO [14.966678273] >>>>> Start Auto Shoot.
TaskAutoShoot.autoShoot_INFO [14.968334749] autoShoot(owner=null, event=null, taskParams=(autoStop=false, noPassback=false))
Shooter.setupGoalTrackingMode_INFO [14.970083643] GoalTracking(trackingMode=Passback, goalPose=(x=-257.677165,y=603.220472,angle=180.000000), noPassback=false).
Shooter.LeftShooter.enableGoalTracking_INFO [14.971382615] Enable GoalTracking (trackingParams=(trackFlywheel=true,trackTiltPos=true,trackPanPos=true)).
Shooter.LeftPrimaryMotor.cancel_INFO [14.973484514] Cancel: stopping motor.
Shooter.LeftTiltMotor.cancel_INFO [14.975370377] Cancel: stopping motor.
Shooter.RightShooter.enableGoalTracking_INFO [14.978344355] Enable GoalTracking (trackingParams=(trackFlywheel=true,trackTiltPos=true,trackPanPos=true)).
Shooter.RightPrimaryMotor.cancel_INFO [14.980366274] Cancel: stopping motor.
Shooter.RightTiltMotor.cancel_INFO [14.982343907] Cancel: stopping motor.
TaskAutoShoot.autoTask_INFO [15.062552737] <Event name="StateInfo" time="15.061685254" tag="vvvvv" TaskAutoShoot.state="START" />
TaskAutoShoot.runTaskState_INFO [15.063164829] ***** Wait for left Shooter ready.
TaskAutoShoot.runTaskState_INFO [15.064470858] ***** Wait for right Shooter ready.
TaskAutoShoot.runTaskState_INFO [15.064821018] ***** Wait for Turret ready.
TaskAutoShoot.autoTask_INFO [15.07449504] <Event name="StateInfo" time="15.074220168" tag="^^^^^" TaskAutoShoot.state="START" />
TaskAutoShoot.autoTask_INFO [15.215137581] <Event name="StateInfo" time="15.214809355" tag="vvvvv" TaskAutoShoot.state="SHOOT" />
TaskAutoShoot.autoTask_INFO [15.218130176] <Event name="StateInfo" time="15.217882408" tag="^^^^^" TaskAutoShoot.state="SHOOT" />
FrcTeleOp.operatorControllerButtonEvent_INFO [15.223826213] ##### button=Y, pressed=false
FrcTeleOp.shoot_INFO [15.226210946] >>>>> Stop Auto Shoot.
TaskAutoShoot.cancel_INFO [15.229166093] Canceling auto task operation.
TaskAutoShoot.stopSubsystems_INFO [15.230660548] Stopping subsystems.
Shooter.LeftTransferMotor.cancel_INFO [15.231914777] Cancel: stopping motor.
Shooter.RightTransferMotor.cancel_INFO [15.233223224] Cancel: stopping motor.
Shooter.FeederMotor.cancel_INFO [15.234744928] Cancel: stopping motor.
Shooter.LeftShooter.disableGoalTracking_INFO [15.239882666] Disable Goal Tracking.
Shooter.LeftShooter.stopGoalTracking_INFO [15.243575885] Stop GoalTracking.
Shooter.LeftTiltMotor.cancel_INFO [15.24459526] Cancel: stopping motor.
Shooter.LeftPrimaryMotor.cancel_INFO [15.246396903] Cancel: stopping motor.
Shooter.RightShooter.disableGoalTracking_INFO [15.250035181] Disable Goal Tracking.
Shooter.RightShooter.stopGoalTracking_INFO [15.251040799] Stop GoalTracking.
Shooter.RightTiltMotor.cancel_INFO [15.253079488] Cancel: stopping motor.
Shooter.RightPrimaryMotor.cancel_INFO [15.254729184] Cancel: stopping motor.
Shooter.LeftShooter.cancel_INFO [15.255902793] owner=null
Shooter.LeftPrimaryMotor.cancel_INFO [15.260116016] Cancel: stopping motor.
Shooter.LeftTiltMotor.cancel_INFO [15.26452369] Cancel: stopping motor.
Shooter.RightShooter.cancel_INFO [15.265578121] owner=null
Shooter.RightPrimaryMotor.cancel_INFO [15.266716764] Cancel: stopping motor.
Shooter.RightTiltMotor.cancel_INFO [15.268110795] Cancel: stopping motor.
Shooter.LeftTransferMotor.cancel_INFO [15.270555693] Cancel: stopping motor.
Shooter.RightTransferMotor.cancel_INFO [15.273427635] Cancel: stopping motor.
Shooter.FeederMotor.cancel_INFO [15.281318242] Cancel: stopping motor.
FrcTeleOp.driverControllerButtonEvent_INFO [17.053269236] ##### button=A, pressed=true
FrcTeleOp.driverControllerButtonEvent_INFO [17.10398738] ##### button=A, pressed=false
FrcTeleOp.driverControllerButtonEvent_INFO [17.716621847] ##### button=A, pressed=true
FrcTeleOp.driverControllerButtonEvent_INFO [17.818734252] ##### button=A, pressed=false
FrcTeleOp.driverControllerButtonEvent_INFO [18.477806883] ##### button=A, pressed=true
FrcTeleOp.driverControllerButtonEvent_INFO [18.579683871] ##### button=A, pressed=false
FrcTeleOp.operatorControllerButtonEvent_INFO [23.23062255] ##### button=Y, pressed=true
FrcTeleOp.shoot_INFO [23.232238713] >>>>> Start Auto Shoot.
TaskAutoShoot.autoShoot_INFO [23.2334212] autoShoot(owner=null, event=null, taskParams=(autoStop=false, noPassback=false))
Shooter.setupGoalTrackingMode_INFO [23.234098581] GoalTracking(trackingMode=Passback, goalPose=(x=-257.677165,y=603.220472,angle=180.000000), noPassback=false).
Shooter.LeftShooter.enableGoalTracking_INFO [23.234555283] Enable GoalTracking (trackingParams=(trackFlywheel=true,trackTiltPos=true,trackPanPos=true)).
Shooter.LeftPrimaryMotor.cancel_INFO [23.235201813] Cancel: stopping motor.
Shooter.LeftTiltMotor.cancel_INFO [23.235708386] Cancel: stopping motor.
Shooter.RightShooter.enableGoalTracking_INFO [23.236521033] Enable GoalTracking (trackingParams=(trackFlywheel=true,trackTiltPos=true,trackPanPos=true)).
Shooter.RightPrimaryMotor.cancel_INFO [23.239842954] Cancel: stopping motor.
Shooter.RightTiltMotor.cancel_INFO [23.240435262] Cancel: stopping motor.
Shooter.LeftShooter.goalTrackingTask_INFO [23.288849614] Shooter.LeftShooter is TimedOut: rpm1=166.586538/6611.359031, rpm2=108.867188/0.000000, tilt=16.948657/48.427924, pan=null/null
Shooter.RightShooter.goalTrackingTask_INFO [23.311930557] Shooter.RightShooter is TimedOut: rpm1=-155.417668/6439.819675, rpm2=-39.960938/0.000000, tilt=16.988184/48.427924, pan=null/null
TaskAutoShoot.autoTask_INFO [23.314777091] <Event name="StateInfo" time="23.314188032" tag="vvvvv" TaskAutoShoot.state="START" />
TaskAutoShoot.runTaskState_INFO [23.316551086] ***** Wait for left Shooter ready.
TaskAutoShoot.runTaskState_INFO [23.320908016] ***** Wait for right Shooter ready.
TaskAutoShoot.runTaskState_INFO [23.328783584] ***** Wait for Turret ready.
TaskAutoShoot.autoTask_INFO [23.334753344] <Event name="StateInfo" time="23.333289669" tag="^^^^^" TaskAutoShoot.state="START" />
TaskAutoShoot.autoTask_INFO [23.48669881] <Event name="StateInfo" time="23.486476133" tag="vvvvv" TaskAutoShoot.state="SHOOT" />
TaskAutoShoot.autoTask_INFO [23.487934521] <Event name="StateInfo" time="23.487715505" tag="^^^^^" TaskAutoShoot.state="SHOOT" />
TaskAutoShoot.autoTask_INFO [23.584863766] <Event name="StateInfo" time="23.58449379" tag="vvvvv" TaskAutoShoot.state="SHOOT" />
TaskAutoShoot.autoTask_INFO [23.585426654] <Event name="StateInfo" time="23.58524526" tag="^^^^^" TaskAutoShoot.state="SHOOT" />
TaskAutoShoot.autoTask_INFO [23.6604514] <Event name="StateInfo" time="23.660243549" tag="vvvvv" TaskAutoShoot.state="SHOOT" />
TaskAutoShoot.autoTask_INFO [23.666924895] <Event name="StateInfo" time="23.666687794" tag="^^^^^" TaskAutoShoot.state="SHOOT" />
TaskAutoShoot.autoTask_INFO [23.733519069] <Event name="StateInfo" time="23.732936917" tag="vvvvv" TaskAutoShoot.state="SHOOT" />
TaskAutoShoot.autoTask_INFO [23.735002664] <Event name="StateInfo" time="23.733856016" tag="^^^^^" TaskAutoShoot.state="SHOOT" />
FrcTeleOp.driverControllerButtonEvent_INFO [23.744095327] ##### button=A, pressed=true
TaskAutoShoot.autoTask_INFO [23.826092409] <Event name="StateInfo" time="23.82577985" tag="vvvvv" TaskAutoShoot.state="SHOOT" />
TaskAutoShoot.autoTask_INFO [23.827173339] <Event name="StateInfo" time="23.826521418" tag="^^^^^" TaskAutoShoot.state="SHOOT" />
FrcTeleOp.driverControllerButtonEvent_INFO [23.831072806] ##### button=A, pressed=false
Shooter.setupGoalTrackingMode_INFO [23.841991465] GoalTracking(trackingMode=Passback, goalPose=(x=-257.677165,y=603.220472,angle=180.000000), noPassback=false).
TaskAutoShoot.autoTask_INFO [23.916276534] <Event name="StateInfo" time="23.916029445" tag="vvvvv" TaskAutoShoot.state="SHOOT" />
TaskAutoShoot.autoTask_INFO [23.92805327] <Event name="StateInfo" time="23.92726049" tag="^^^^^" TaskAutoShoot.state="SHOOT" />
TaskAutoShoot.autoTask_INFO [24.01039873] <Event name="StateInfo" time="24.009877018" tag="vvvvv" TaskAutoShoot.state="SHOOT" />
TaskAutoShoot.autoTask_INFO [24.011932586] <Event name="StateInfo" time="24.011476203" tag="^^^^^" TaskAutoShoot.state="SHOOT" />
TaskAutoShoot.autoTask_INFO [24.104758262] <Event name="StateInfo" time="24.104544881" tag="vvvvv" TaskAutoShoot.state="SHOOT" />
TaskAutoShoot.autoTask_INFO [24.107469895] <Event name="StateInfo" time="24.107243102" tag="^^^^^" TaskAutoShoot.state="SHOOT" />
TaskAutoShoot.autoTask_INFO [24.177644099] <Event name="StateInfo" time="24.177450781" tag="vvvvv" TaskAutoShoot.state="SHOOT" />
TaskAutoShoot.autoTask_INFO [24.18065893] <Event name="StateInfo" time="24.180441435" tag="^^^^^" TaskAutoShoot.state="SHOOT" />
TaskAutoShoot.autoTask_INFO [24.255162907] <Event name="StateInfo" time="24.254939079" tag="vvvvv" TaskAutoShoot.state="SHOOT" />
TaskAutoShoot.autoTask_INFO [24.264435453] <Event name="StateInfo" time="24.263829217" tag="^^^^^" TaskAutoShoot.state="SHOOT" />
FrcTeleOp.operatorControllerButtonEvent_INFO [24.270683751] ##### button=Y, pressed=false
FrcTeleOp.shoot_INFO [24.274363392] >>>>> Stop Auto Shoot.
TaskAutoShoot.cancel_INFO [24.277406073] Canceling auto task operation.
TaskAutoShoot.stopSubsystems_INFO [24.282283231] Stopping subsystems.
Shooter.LeftTransferMotor.cancel_INFO [24.287638323] Cancel: stopping motor.
Shooter.RightTransferMotor.cancel_INFO [24.290374759] Cancel: stopping motor.
Shooter.FeederMotor.cancel_INFO [24.293980995] Cancel: stopping motor.
Shooter.LeftShooter.disableGoalTracking_INFO [24.2965051] Disable Goal Tracking.
Shooter.LeftShooter.stopGoalTracking_INFO [24.300795033] Stop GoalTracking.
Shooter.LeftTiltMotor.cancel_INFO [24.303455669] Cancel: stopping motor.
Shooter.LeftPrimaryMotor.cancel_INFO [24.308624904] Cancel: stopping motor.
Shooter.RightShooter.disableGoalTracking_INFO [24.312303931] Disable Goal Tracking.
Shooter.RightShooter.stopGoalTracking_INFO [24.314519542] Stop GoalTracking.
Shooter.RightTiltMotor.cancel_INFO [24.316528557] Cancel: stopping motor.
Shooter.RightPrimaryMotor.cancel_INFO [24.320254086] Cancel: stopping motor.
Shooter.LeftShooter.cancel_INFO [24.323271551] owner=null
Shooter.LeftPrimaryMotor.cancel_INFO [24.325392241] Cancel: stopping motor.
Shooter.LeftTiltMotor.cancel_INFO [24.329934941] Cancel: stopping motor.
Shooter.RightShooter.cancel_INFO [24.333228359] owner=null
Shooter.RightPrimaryMotor.cancel_INFO [24.339152628] Cancel: stopping motor.
Shooter.RightTiltMotor.cancel_INFO [24.344024679] Cancel: stopping motor.
Shooter.LeftTransferMotor.cancel_INFO [24.347168566] Cancel: stopping motor.
Shooter.RightTransferMotor.cancel_INFO [24.350837808] Cancel: stopping motor.
Shooter.FeederMotor.cancel_INFO [24.354812522] Cancel: stopping motor.
FrcTeleOp.operatorControllerButtonEvent_INFO [24.765800751] ##### button=Y, pressed=true
FrcTeleOp.shoot_INFO [24.767862344] >>>>> Start Auto Shoot.
TaskAutoShoot.autoShoot_INFO [24.768663619] autoShoot(owner=null, event=null, taskParams=(autoStop=false, noPassback=false))
Shooter.setupGoalTrackingMode_INFO [24.769986909] GoalTracking(trackingMode=Passback, goalPose=(x=-257.677165,y=603.220472,angle=180.000000), noPassback=false).
Shooter.LeftShooter.enableGoalTracking_INFO [24.770633107] Enable GoalTracking (trackingParams=(trackFlywheel=true,trackTiltPos=true,trackPanPos=true)).
Shooter.LeftPrimaryMotor.cancel_INFO [24.771798531] Cancel: stopping motor.
Shooter.LeftTiltMotor.cancel_INFO [24.772899683] Cancel: stopping motor.
Shooter.RightShooter.enableGoalTracking_INFO [24.773532042] Enable GoalTracking (trackingParams=(trackFlywheel=true,trackTiltPos=true,trackPanPos=true)).
Shooter.RightPrimaryMotor.cancel_INFO [24.773983749] Cancel: stopping motor.
Shooter.RightTiltMotor.cancel_INFO [24.774588333] Cancel: stopping motor.
TaskAutoShoot.autoTask_INFO [24.852620782] <Event name="StateInfo" time="24.85201067" tag="vvvvv" TaskAutoShoot.state="START" />
TaskAutoShoot.runTaskState_INFO [24.855252357] ***** Wait for left Shooter ready.
TaskAutoShoot.runTaskState_INFO [24.857046329] ***** Wait for right Shooter ready.
TaskAutoShoot.runTaskState_INFO [24.875811129] ***** Wait for Turret ready.
TaskAutoShoot.autoTask_INFO [24.88192506] <Event name="StateInfo" time="24.880442949" tag="^^^^^" TaskAutoShoot.state="START" />
Shooter.TurretMotor.pidCtrlTask_INFO [24.926566328] controlMode: Position,onTarget=true(51.779985934549245/51.53164065486817), stalled=false, expired=false, event=(TaskAutoShoot.turretReady=SIGNALED)
TaskAutoShoot.autoTask_INFO [24.97580741] <Event name="StateInfo" time="24.975608732" tag="vvvvv" TaskAutoShoot.state="SHOOT" />
TaskAutoShoot.autoTask_INFO [24.980344391] <Event name="StateInfo" time="24.980148431" tag="^^^^^" TaskAutoShoot.state="SHOOT" />
FrcTeleOp.driverControllerButtonEvent_INFO [24.991181651] ##### button=A, pressed=true
TaskAutoShoot.autoTask_INFO [25.060189962] <Event name="StateInfo" time="25.060002024" tag="vvvvv" TaskAutoShoot.state="SHOOT" />
TaskAutoShoot.autoTask_INFO [25.064770314] <Event name="StateInfo" time="25.064558156" tag="^^^^^" TaskAutoShoot.state="SHOOT" />
FrcTeleOp.driverControllerButtonEvent_INFO [25.068450227] ##### button=A, pressed=false
Shooter.LeftShooter.goalTrackingTask_INFO [25.128620642] Shooter.LeftShooter is Ready: rpm1=5730.766226/5799.627304, rpm2=3642.656250/0.000000, tilt=32.403934/31.479540, pan=null/null
TaskAutoShoot.autoTask_INFO [25.151932555] <Event name="StateInfo" time="25.151732038" tag="vvvvv" TaskAutoShoot.state="SHOOT" />
TaskAutoShoot.runTaskState_INFO [25.153772576] ***** Start left shooter shooting.
Shooter.shoot_INFO [25.155257264] shoot(owner=null, event=(TaskAutoShoot.leftShooterDone=CLEARED), shooter=leftShooter, autoStop=false)
Shooter.LeftTransferMotor.cancel_INFO [25.156991294] Cancel: stopping motor.
TaskAutoShoot.autoTask_INFO [25.160378241] <Event name="StateInfo" time="25.160137362" tag="^^^^^" TaskAutoShoot.state="SHOOT" />
TaskAutoShoot.autoTask_INFO [25.233757988] <Event name="StateInfo" time="25.233576098" tag="vvvvv" TaskAutoShoot.state="SHOOT" />
TaskAutoShoot.autoTask_INFO [25.239149632] <Event name="StateInfo" time="25.238632065" tag="^^^^^" TaskAutoShoot.state="SHOOT" />
TaskAutoShoot.autoTask_INFO [25.32520624] <Event name="StateInfo" time="25.32484936" tag="vvvvv" TaskAutoShoot.state="SHOOT" />
TaskAutoShoot.autoTask_INFO [25.328364578] <Event name="StateInfo" time="25.327486886" tag="^^^^^" TaskAutoShoot.state="SHOOT" />
TaskAutoShoot.autoTask_INFO [25.395378281] <Event name="StateInfo" time="25.395104033" tag="vvvvv" TaskAutoShoot.state="SHOOT" />
TaskAutoShoot.autoTask_INFO [25.40177583] <Event name="StateInfo" time="25.401556327" tag="^^^^^" TaskAutoShoot.state="SHOOT" />
Shooter.RightShooter.goalTrackingTask_INFO [25.479227184] Shooter.RightShooter is Ready: rpm1=6122.433894/6204.513478, rpm2=3806.132813/0.000000, tilt=30.625177/29.996616, pan=null/null
TaskAutoShoot.autoTask_INFO [25.482450881] <Event name="StateInfo" time="25.482264756" tag="vvvvv" TaskAutoShoot.state="SHOOT" />
TaskAutoShoot.runTaskState_INFO [25.489797957] ***** Start right shooter shooting.
Shooter.shoot_INFO [25.493180291] shoot(owner=null, event=(TaskAutoShoot.rightShooterDone=CLEARED), shooter=rightShooter, autoStop=false)
Shooter.RightTransferMotor.cancel_INFO [25.495486022] Cancel: stopping motor.
TaskAutoShoot.autoTask_INFO [25.49848937] <Event name="StateInfo" time="25.498302599" tag="^^^^^" TaskAutoShoot.state="SHOOT" />
FrcTeleOp.operatorControllerButtonEvent_INFO [26.512166044] ##### button=Y, pressed=false
FrcTeleOp.shoot_INFO [26.513635695] >>>>> Stop Auto Shoot.
TaskAutoShoot.cancel_INFO [26.51408786] Canceling auto task operation.
TaskAutoShoot.stopSubsystems_INFO [26.514513345] Stopping subsystems.
Shooter.LeftTransferMotor.cancel_INFO [26.516638148] Cancel: stopping motor.
Shooter.RightTransferMotor.cancel_INFO [26.518284948] Cancel: stopping motor.
Shooter.FeederMotor.cancel_INFO [26.522278234] Cancel: stopping motor.
Shooter.LeftShooter.disableGoalTracking_INFO [26.525147402] Disable Goal Tracking.
Shooter.LeftShooter.stopGoalTracking_INFO [26.526153964] Stop GoalTracking.
Shooter.LeftTiltMotor.cancel_INFO [26.527068265] Cancel: stopping motor.
Shooter.LeftPrimaryMotor.cancel_INFO [26.528299061] Cancel: stopping motor.
Shooter.RightShooter.disableGoalTracking_INFO [26.529615138] Disable Goal Tracking.
Shooter.RightShooter.stopGoalTracking_INFO [26.532786479] Stop GoalTracking.
Shooter.RightTiltMotor.cancel_INFO [26.534163228] Cancel: stopping motor.
Shooter.RightPrimaryMotor.cancel_INFO [26.535277156] Cancel: stopping motor.
Shooter.LeftShooter.cancel_INFO [26.53833959] owner=null
Shooter.LeftPrimaryMotor.cancel_INFO [26.539847619] Cancel: stopping motor.
Shooter.LeftTiltMotor.cancel_INFO [26.54408384] Cancel: stopping motor.
Shooter.RightShooter.cancel_INFO [26.547408715] owner=null
Shooter.RightPrimaryMotor.cancel_INFO [26.548787432] Cancel: stopping motor.
Shooter.RightTiltMotor.cancel_INFO [26.55068238] Cancel: stopping motor.
Shooter.LeftTransferMotor.cancel_INFO [26.557889134] Cancel: stopping motor.
Shooter.RightTransferMotor.cancel_INFO [26.560032946] Cancel: stopping motor.
Shooter.FeederMotor.cancel_INFO [26.561726744] Cancel: stopping motor.
FrcTeleOp.driverControllerButtonEvent_INFO [34.467325752] ##### button=LeftStickButton, pressed=true
FrcTeleOp.driverControllerButtonEvent_INFO [34.827441609] ##### button=LeftStickButton, pressed=false
FrcTeleOp.operatorControllerButtonEvent_INFO [36.753716548] ##### button=Y, pressed=true
FrcTeleOp.shoot_INFO [36.755782885] >>>>> Start Auto Shoot.
TaskAutoShoot.autoShoot_INFO [36.757203254] autoShoot(owner=null, event=null, taskParams=(autoStop=false, noPassback=false))
Shooter.setupGoalTrackingMode_INFO [36.758967974] GoalTracking(trackingMode=Passback, goalPose=(x=-257.677165,y=603.220472,angle=180.000000), noPassback=false).
Shooter.LeftShooter.enableGoalTracking_INFO [36.760891597] Enable GoalTracking (trackingParams=(trackFlywheel=true,trackTiltPos=true,trackPanPos=true)).
Shooter.LeftPrimaryMotor.cancel_INFO [36.761846603] Cancel: stopping motor.
Shooter.LeftTiltMotor.cancel_INFO [36.763581499] Cancel: stopping motor.
Shooter.RightShooter.enableGoalTracking_INFO [36.764747054] Enable GoalTracking (trackingParams=(trackFlywheel=true,trackTiltPos=true,trackPanPos=true)).
Shooter.RightPrimaryMotor.cancel_INFO [36.766108837] Cancel: stopping motor.
Shooter.RightTiltMotor.cancel_INFO [36.767899032] Cancel: stopping motor.
TaskAutoShoot.autoTask_INFO [36.844319628] <Event name="StateInfo" time="36.844067127" tag="vvvvv" TaskAutoShoot.state="START" />
TaskAutoShoot.runTaskState_INFO [36.848143135] ***** Wait for left Shooter ready.
TaskAutoShoot.runTaskState_INFO [36.849205776] ***** Wait for right Shooter ready.
TaskAutoShoot.runTaskState_INFO [36.850144322] ***** Wait for Turret ready.
TaskAutoShoot.autoTask_INFO [36.853823266] <Event name="StateInfo" time="36.853589125" tag="^^^^^" TaskAutoShoot.state="START" />
TaskAutoShoot.autoTask_INFO [37.025360908] <Event name="StateInfo" time="37.024918029" tag="vvvvv" TaskAutoShoot.state="SHOOT" />
TaskAutoShoot.autoTask_INFO [37.027529054] <Event name="StateInfo" time="37.027340259" tag="^^^^^" TaskAutoShoot.state="SHOOT" />
FrcTeleOp.operatorControllerButtonEvent_INFO [37.03097559] ##### button=Y, pressed=false
FrcTeleOp.shoot_INFO [37.032608502] >>>>> Stop Auto Shoot.
TaskAutoShoot.cancel_INFO [37.03382175] Canceling auto task operation.
TaskAutoShoot.stopSubsystems_INFO [37.067511109] Stopping subsystems.
Shooter.LeftTransferMotor.cancel_INFO [37.073103578] Cancel: stopping motor.
Shooter.RightTransferMotor.cancel_INFO [37.078301078] Cancel: stopping motor.
Shooter.FeederMotor.cancel_INFO [37.081884631] Cancel: stopping motor.
Shooter.LeftShooter.disableGoalTracking_INFO [37.086668927] Disable Goal Tracking.
Shooter.LeftShooter.stopGoalTracking_INFO [37.089777195] Stop GoalTracking.
Shooter.LeftTiltMotor.cancel_INFO [37.093562074] Cancel: stopping motor.
Shooter.LeftPrimaryMotor.cancel_INFO [37.101659531] Cancel: stopping motor.
Shooter.RightShooter.disableGoalTracking_INFO [37.105741052] Disable Goal Tracking.
Shooter.RightShooter.stopGoalTracking_INFO [37.106698137] Stop GoalTracking.
Shooter.RightTiltMotor.cancel_INFO [37.109639847] Cancel: stopping motor.
Shooter.RightPrimaryMotor.cancel_INFO [37.111547452] Cancel: stopping motor.
Shooter.LeftShooter.cancel_INFO [37.113404709] owner=null
Shooter.LeftPrimaryMotor.cancel_INFO [37.114870183] Cancel: stopping motor.
Shooter.LeftTiltMotor.cancel_INFO [37.115878306] Cancel: stopping motor.
Shooter.RightShooter.cancel_INFO [37.12204362] owner=null
Shooter.RightPrimaryMotor.cancel_INFO [37.123420232] Cancel: stopping motor.
Shooter.RightTiltMotor.cancel_INFO [37.124537658] Cancel: stopping motor.
Shooter.LeftTransferMotor.cancel_INFO [37.125849385] Cancel: stopping motor.
Shooter.RightTransferMotor.cancel_INFO [37.127185417] Cancel: stopping motor.
Shooter.FeederMotor.cancel_INFO [37.128125081] Cancel: stopping motor.
FrcTeleOp.operatorControllerButtonEvent_INFO [37.479118806] ##### button=Y, pressed=true
FrcTeleOp.shoot_INFO [37.481233753] >>>>> Start Auto Shoot.
TaskAutoShoot.autoShoot_INFO [37.484044596] autoShoot(owner=null, event=null, taskParams=(autoStop=false, noPassback=false))
Shooter.setupGoalTrackingMode_INFO [37.485804331] GoalTracking(trackingMode=AllianceHub, goalPose=(x=-158.838583,y=469.110472,angle=180.000000), noPassback=false).
Shooter.LeftShooter.enableGoalTracking_INFO [37.486723012] Enable GoalTracking (trackingParams=(trackFlywheel=true,trackTiltPos=true,trackPanPos=true)).
Shooter.LeftPrimaryMotor.cancel_INFO [37.487898936] Cancel: stopping motor.
Shooter.LeftTiltMotor.cancel_INFO [37.489492197] Cancel: stopping motor.
Shooter.RightShooter.enableGoalTracking_INFO [37.491581598] Enable GoalTracking (trackingParams=(trackFlywheel=true,trackTiltPos=true,trackPanPos=true)).
Shooter.RightPrimaryMotor.cancel_INFO [37.493210628] Cancel: stopping motor.
Shooter.RightTiltMotor.cancel_INFO [37.494595836] Cancel: stopping motor.
TaskAutoShoot.autoTask_INFO [37.569856346] <Event name="StateInfo" time="37.569588529" tag="vvvvv" TaskAutoShoot.state="START" />
TaskAutoShoot.runTaskState_INFO [37.573011199] ***** Wait for left Shooter ready.
TaskAutoShoot.runTaskState_INFO [37.575467791] ***** Wait for right Shooter ready.
TaskAutoShoot.runTaskState_INFO [37.577989727] ***** Wait for Turret ready.
TaskAutoShoot.autoTask_INFO [37.579840127] <Event name="StateInfo" time="37.579585805" tag="^^^^^" TaskAutoShoot.state="START" />
FrcTeleOp.operatorControllerButtonEvent_INFO [37.647854259] ##### button=Y, pressed=false
FrcTeleOp.shoot_INFO [37.661642384] >>>>> Stop Auto Shoot.
TaskAutoShoot.cancel_INFO [37.663850769] Canceling auto task operation.
TaskAutoShoot.stopSubsystems_INFO [37.667273559] Stopping subsystems.
Shooter.LeftTransferMotor.cancel_INFO [37.668997452] Cancel: stopping motor.
Shooter.RightTransferMotor.cancel_INFO [37.673394005] Cancel: stopping motor.
Shooter.FeederMotor.cancel_INFO [37.675433236] Cancel: stopping motor.
Shooter.LeftShooter.disableGoalTracking_INFO [37.678948161] Disable Goal Tracking.
Shooter.LeftShooter.stopGoalTracking_INFO [37.679614955] Stop GoalTracking.
Shooter.LeftTiltMotor.cancel_INFO [37.680851255] Cancel: stopping motor.
Shooter.LeftPrimaryMotor.cancel_INFO [37.686205565] Cancel: stopping motor.
Shooter.RightShooter.disableGoalTracking_INFO [37.687456034] Disable Goal Tracking.
Shooter.RightShooter.stopGoalTracking_INFO [37.689618416] Stop GoalTracking.
Shooter.RightTiltMotor.cancel_INFO [37.69093188] Cancel: stopping motor.
Shooter.RightPrimaryMotor.cancel_INFO [37.693558196] Cancel: stopping motor.
Shooter.LeftShooter.cancel_INFO [37.695487609] owner=null
Shooter.LeftPrimaryMotor.cancel_INFO [37.697818916] Cancel: stopping motor.
Shooter.LeftTiltMotor.cancel_INFO [37.698637625] Cancel: stopping motor.
Shooter.RightShooter.cancel_INFO [37.701603838] owner=null
Shooter.RightPrimaryMotor.cancel_INFO [37.703017831] Cancel: stopping motor.
Shooter.RightTiltMotor.cancel_INFO [37.705377751] Cancel: stopping motor.
Shooter.LeftTransferMotor.cancel_INFO [37.70592868] Cancel: stopping motor.
Shooter.RightTransferMotor.cancel_INFO [37.707756211] Cancel: stopping motor.
Shooter.FeederMotor.cancel_INFO [37.710114038] Cancel: stopping motor.
Shooter.TurretMotor.pidCtrlTask_INFO [37.755688038] controlMode: Position,onTarget=true(85.8092454895431/86.4479988614973), stalled=false, expired=false, event=(TaskAutoShoot.turretReady=SIGNALED)
FrcTeleOp.operatorControllerButtonEvent_INFO [38.414327307] ##### button=Y, pressed=true
FrcTeleOp.shoot_INFO [38.415624895] >>>>> Start Auto Shoot.
TaskAutoShoot.autoShoot_INFO [38.416733427] autoShoot(owner=null, event=null, taskParams=(autoStop=false, noPassback=false))
Shooter.setupGoalTrackingMode_INFO [38.417880738] GoalTracking(trackingMode=Passback, goalPose=(x=-257.677165,y=603.220472,angle=180.000000), noPassback=false).
Shooter.LeftShooter.enableGoalTracking_INFO [38.418660489] Enable GoalTracking (trackingParams=(trackFlywheel=true,trackTiltPos=true,trackPanPos=true)).
Shooter.LeftPrimaryMotor.cancel_INFO [38.419186804] Cancel: stopping motor.
Shooter.LeftTiltMotor.cancel_INFO [38.419893136] Cancel: stopping motor.
Shooter.RightShooter.enableGoalTracking_INFO [38.420409203] Enable GoalTracking (trackingParams=(trackFlywheel=true,trackTiltPos=true,trackPanPos=true)).
Shooter.RightPrimaryMotor.cancel_INFO [38.42120738] Cancel: stopping motor.
Shooter.RightTiltMotor.cancel_INFO [38.422065018] Cancel: stopping motor.
TaskAutoShoot.autoTask_INFO [38.488277996] <Event name="StateInfo" time="38.486524962" tag="vvvvv" TaskAutoShoot.state="START" />
TaskAutoShoot.runTaskState_INFO [38.490938754] ***** Wait for left Shooter ready.
TaskAutoShoot.runTaskState_INFO [38.493553365] ***** Wait for right Shooter ready.
TaskAutoShoot.runTaskState_INFO [38.495619673] ***** Wait for Turret ready.
TaskAutoShoot.autoTask_INFO [38.499971796] <Event name="StateInfo" time="38.498823181" tag="^^^^^" TaskAutoShoot.state="START" />
TaskAutoShoot.autoTask_INFO [38.643828128] <Event name="StateInfo" time="38.643630539" tag="vvvvv" TaskAutoShoot.state="SHOOT" />
TaskAutoShoot.autoTask_INFO [38.646160444] <Event name="StateInfo" time="38.64502322" tag="^^^^^" TaskAutoShoot.state="SHOOT" />
TaskAutoShoot.autoTask_INFO [38.739610768] <Event name="StateInfo" time="38.738201112" tag="vvvvv" TaskAutoShoot.state="SHOOT" />
TaskAutoShoot.autoTask_INFO [38.740057812] <Event name="StateInfo" time="38.739897511" tag="^^^^^" TaskAutoShoot.state="SHOOT" />
TaskAutoShoot.autoTask_INFO [38.814332543] <Event name="StateInfo" time="38.814129817" tag="vvvvv" TaskAutoShoot.state="SHOOT" />
TaskAutoShoot.autoTask_INFO [38.824858742] <Event name="StateInfo" time="38.823871348" tag="^^^^^" TaskAutoShoot.state="SHOOT" />
TaskAutoShoot.autoTask_INFO [38.911864451] <Event name="StateInfo" time="38.911346628" tag="vvvvv" TaskAutoShoot.state="SHOOT" />
TaskAutoShoot.autoTask_INFO [38.916257937] <Event name="StateInfo" time="38.915995019" tag="^^^^^" TaskAutoShoot.state="SHOOT" />
FrcTeleOp.operatorControllerButtonEvent_INFO [38.924274706] ##### button=Y, pressed=false
FrcTeleOp.shoot_INFO [38.926958365] >>>>> Stop Auto Shoot.
TaskAutoShoot.cancel_INFO [38.929210802] Canceling auto task operation.
TaskAutoShoot.stopSubsystems_INFO [38.932251727] Stopping subsystems.
Shooter.LeftTransferMotor.cancel_INFO [38.934564244] Cancel: stopping motor.
Shooter.RightTransferMotor.cancel_INFO [38.937056667] Cancel: stopping motor.
Shooter.FeederMotor.cancel_INFO [38.93858331] Cancel: stopping motor.
Shooter.LeftShooter.disableGoalTracking_INFO [38.941632925] Disable Goal Tracking.
Shooter.LeftShooter.stopGoalTracking_INFO [38.944128293] Stop GoalTracking.
Shooter.LeftTiltMotor.cancel_INFO [38.945449804] Cancel: stopping motor.
Shooter.LeftPrimaryMotor.cancel_INFO [38.947158228] Cancel: stopping motor.
Shooter.RightShooter.disableGoalTracking_INFO [38.949328133] Disable Goal Tracking.
Shooter.RightShooter.stopGoalTracking_INFO [38.951992175] Stop GoalTracking.
Shooter.RightTiltMotor.cancel_INFO [38.953835068] Cancel: stopping motor.
Shooter.RightPrimaryMotor.cancel_INFO [38.956169587] Cancel: stopping motor.
Shooter.LeftShooter.cancel_INFO [38.959429798] owner=null
Shooter.LeftPrimaryMotor.cancel_INFO [38.961915972] Cancel: stopping motor.
Shooter.LeftTiltMotor.cancel_INFO [38.964119006] Cancel: stopping motor.
Shooter.RightShooter.cancel_INFO [38.966196635] owner=null
Shooter.RightPrimaryMotor.cancel_INFO [38.968055576] Cancel: stopping motor.
Shooter.RightTiltMotor.cancel_INFO [38.97127384] Cancel: stopping motor.
Shooter.LeftTransferMotor.cancel_INFO [38.972980558] Cancel: stopping motor.
Shooter.RightTransferMotor.cancel_INFO [38.974850444] Cancel: stopping motor.
Shooter.FeederMotor.cancel_INFO [38.976478228] Cancel: stopping motor.
FrcTeleOp.operatorControllerButtonEvent_INFO [39.175182895] ##### button=Y, pressed=true
FrcTeleOp.shoot_INFO [39.176730196] >>>>> Start Auto Shoot.
TaskAutoShoot.autoShoot_INFO [39.177655502] autoShoot(owner=null, event=null, taskParams=(autoStop=false, noPassback=false))
Shooter.setupGoalTrackingMode_INFO [39.178444698] GoalTracking(trackingMode=Passback, goalPose=(x=-257.677165,y=603.220472,angle=180.000000), noPassback=false).
Shooter.LeftShooter.enableGoalTracking_INFO [39.178930735] Enable GoalTracking (trackingParams=(trackFlywheel=true,trackTiltPos=true,trackPanPos=true)).
Shooter.LeftPrimaryMotor.cancel_INFO [39.179627563] Cancel: stopping motor.
Shooter.LeftTiltMotor.cancel_INFO [39.18152156] Cancel: stopping motor.
Shooter.RightShooter.enableGoalTracking_INFO [39.18252395] Enable GoalTracking (trackingParams=(trackFlywheel=true,trackTiltPos=true,trackPanPos=true)).
Shooter.RightPrimaryMotor.cancel_INFO [39.183405816] Cancel: stopping motor.
Shooter.RightTiltMotor.cancel_INFO [39.183918897] Cancel: stopping motor.
TaskAutoShoot.autoTask_INFO [39.256571373] <Event name="StateInfo" time="39.25615306" tag="vvvvv" TaskAutoShoot.state="START" />
TaskAutoShoot.runTaskState_INFO [39.256964747] ***** Wait for left Shooter ready.
TaskAutoShoot.runTaskState_INFO [39.25722502] ***** Wait for right Shooter ready.
TaskAutoShoot.runTaskState_INFO [39.25743601] ***** Wait for Turret ready.
TaskAutoShoot.autoTask_INFO [39.260018883] <Event name="StateInfo" time="39.25982233" tag="^^^^^" TaskAutoShoot.state="START" />
FrcTeleOp.operatorControllerButtonEvent_INFO [39.263862843] ##### button=Y, pressed=false
FrcTeleOp.shoot_INFO [39.271584153] >>>>> Stop Auto Shoot.
TaskAutoShoot.cancel_INFO [39.27326663] Canceling auto task operation.
TaskAutoShoot.stopSubsystems_INFO [39.274623137] Stopping subsystems.
Shooter.LeftTransferMotor.cancel_INFO [39.275563088] Cancel: stopping motor.
Shooter.RightTransferMotor.cancel_INFO [39.281412433] Cancel: stopping motor.
Shooter.FeederMotor.cancel_INFO [39.28318108] Cancel: stopping motor.
Shooter.LeftShooter.disableGoalTracking_INFO [39.284915487] Disable Goal Tracking.
Shooter.LeftShooter.stopGoalTracking_INFO [39.286222852] Stop GoalTracking.
Shooter.LeftTiltMotor.cancel_INFO [39.29011208] Cancel: stopping motor.
Shooter.LeftPrimaryMotor.cancel_INFO [39.292103549] Cancel: stopping motor.
Shooter.RightShooter.disableGoalTracking_INFO [39.29427077] Disable Goal Tracking.
Shooter.RightShooter.stopGoalTracking_INFO [39.295436291] Stop GoalTracking.
Shooter.RightTiltMotor.cancel_INFO [39.301220512] Cancel: stopping motor.
Shooter.RightPrimaryMotor.cancel_INFO [39.303191413] Cancel: stopping motor.
Shooter.LeftShooter.cancel_INFO [39.305132635] owner=null
Shooter.LeftPrimaryMotor.cancel_INFO [39.306738745] Cancel: stopping motor.
Shooter.LeftTiltMotor.cancel_INFO [39.307967095] Cancel: stopping motor.
Shooter.RightShooter.cancel_INFO [39.312867216] owner=null
Shooter.RightPrimaryMotor.cancel_INFO [39.314499154] Cancel: stopping motor.
Shooter.RightTiltMotor.cancel_INFO [39.317002714] Cancel: stopping motor.
Shooter.LeftTransferMotor.cancel_INFO [39.318425796] Cancel: stopping motor.
Shooter.RightTransferMotor.cancel_INFO [39.324035017] Cancel: stopping motor.
Shooter.FeederMotor.cancel_INFO [39.325816391] Cancel: stopping motor.
FrcTeleOp.operatorControllerButtonEvent_INFO [40.924803661] ##### button=Y, pressed=true
FrcTeleOp.shoot_INFO [40.926402801] >>>>> Start Auto Shoot.
TaskAutoShoot.autoShoot_INFO [40.92795976] autoShoot(owner=null, event=null, taskParams=(autoStop=false, noPassback=false))
Shooter.setupGoalTrackingMode_INFO [40.929936769] GoalTracking(trackingMode=Passback, goalPose=(x=-257.677165,y=603.220472,angle=180.000000), noPassback=false).
Shooter.LeftShooter.enableGoalTracking_INFO [40.931887579] Enable GoalTracking (trackingParams=(trackFlywheel=true,trackTiltPos=true,trackPanPos=true)).
Shooter.LeftPrimaryMotor.cancel_INFO [40.933406422] Cancel: stopping motor.
Shooter.LeftTiltMotor.cancel_INFO [40.935272392] Cancel: stopping motor.
Shooter.RightShooter.enableGoalTracking_INFO [40.936622832] Enable GoalTracking (trackingParams=(trackFlywheel=true,trackTiltPos=true,trackPanPos=true)).
Shooter.RightPrimaryMotor.cancel_INFO [40.937881229] Cancel: stopping motor.
Shooter.RightTiltMotor.cancel_INFO [40.940650944] Cancel: stopping motor.
TaskAutoShoot.autoTask_INFO [41.022954231] <Event name="StateInfo" time="41.02202628" tag="vvvvv" TaskAutoShoot.state="START" />
Shooter.TurretMotor.pidCtrlTask_INFO [41.024021841] controlMode: Position,onTarget=true(145.74030084977775/144.7993607482622), stalled=false, expired=false, event=(TaskAutoShoot.turretReady=SIGNALED)
TaskAutoShoot.runTaskState_INFO [41.024560366] ***** Wait for left Shooter ready.
TaskAutoShoot.runTaskState_INFO [41.027329853] ***** Wait for right Shooter ready.
TaskAutoShoot.runTaskState_INFO [41.028679786] ***** Wait for Turret ready.
TaskAutoShoot.autoTask_INFO [41.030320662] <Event name="StateInfo" time="41.029900318" tag="^^^^^" TaskAutoShoot.state="START" />
Shooter.setupGoalTrackingMode_INFO [41.039187757] GoalTracking(trackingMode=AllianceHub, goalPose=(x=-158.838583,y=469.110472,angle=180.000000), noPassback=false).
TaskAutoShoot.autoTask_INFO [41.184488121] <Event name="StateInfo" time="41.183983898" tag="vvvvv" TaskAutoShoot.state="SHOOT" />
TaskAutoShoot.autoTask_INFO [41.198096438] <Event name="StateInfo" time="41.185197211" tag="^^^^^" TaskAutoShoot.state="SHOOT" />
TaskAutoShoot.autoTask_INFO [41.274007479] <Event name="StateInfo" time="41.273831575" tag="vvvvv" TaskAutoShoot.state="SHOOT" />
TaskAutoShoot.autoTask_INFO [41.27793354] <Event name="StateInfo" time="41.277553325" tag="^^^^^" TaskAutoShoot.state="SHOOT" />
TaskAutoShoot.autoTask_INFO [41.343656641] <Event name="StateInfo" time="41.34346733" tag="vvvvv" TaskAutoShoot.state="SHOOT" />
TaskAutoShoot.autoTask_INFO [41.34636085] <Event name="StateInfo" time="41.346159765" tag="^^^^^" TaskAutoShoot.state="SHOOT" />
TaskAutoShoot.autoTask_INFO [41.435855839] <Event name="StateInfo" time="41.435644048" tag="vvvvv" TaskAutoShoot.state="SHOOT" />
TaskAutoShoot.autoTask_INFO [41.437142391] <Event name="StateInfo" time="41.436706041" tag="^^^^^" TaskAutoShoot.state="SHOOT" />
TaskAutoShoot.autoTask_INFO [41.520021923] <Event name="StateInfo" time="41.519832646" tag="vvvvv" TaskAutoShoot.state="SHOOT" />
TaskAutoShoot.autoTask_INFO [41.523865971] <Event name="StateInfo" time="41.520279704" tag="^^^^^" TaskAutoShoot.state="SHOOT" />
TaskAutoShoot.autoTask_INFO [41.594908757] <Event name="StateInfo" time="41.59471547" tag="vvvvv" TaskAutoShoot.state="SHOOT" />
TaskAutoShoot.autoTask_INFO [41.605155643] <Event name="StateInfo" time="41.60495767" tag="^^^^^" TaskAutoShoot.state="SHOOT" />
TaskAutoShoot.autoTask_INFO [41.687635863] <Event name="StateInfo" time="41.686949412" tag="vvvvv" TaskAutoShoot.state="SHOOT" />
TaskAutoShoot.autoTask_INFO [41.689081667] <Event name="StateInfo" time="41.688847184" tag="^^^^^" TaskAutoShoot.state="SHOOT" />
Shooter.setupGoalTrackingMode_INFO [41.700352058] GoalTracking(trackingMode=Passback, goalPose=(x=-257.677165,y=603.220472,angle=180.000000), noPassback=false).
TaskAutoShoot.autoTask_INFO [41.769520195] <Event name="StateInfo" time="41.769248346" tag="vvvvv" TaskAutoShoot.state="SHOOT" />
TaskAutoShoot.autoTask_INFO [41.770537926] <Event name="StateInfo" time="41.77034499" tag="^^^^^" TaskAutoShoot.state="SHOOT" />
TaskAutoShoot.autoTask_INFO [41.855350734] <Event name="StateInfo" time="41.855171126" tag="vvvvv" TaskAutoShoot.state="SHOOT" />
TaskAutoShoot.autoTask_INFO [41.855772661] <Event name="StateInfo" time="41.855618576" tag="^^^^^" TaskAutoShoot.state="SHOOT" />
Shooter.LeftShooter.goalTrackingTask_INFO [41.901475303] Shooter.LeftShooter is Ready: rpm1=4502.379808/4598.907978, rpm2=2725.078125/0.000000, tilt=22.877759/21.992937, pan=null/null
TaskAutoShoot.autoTask_INFO [41.931842259] <Event name="StateInfo" time="41.929754119" tag="vvvvv" TaskAutoShoot.state="SHOOT" />
TaskAutoShoot.autoTask_INFO [41.932574938] <Event name="StateInfo" time="41.932385409" tag="^^^^^" TaskAutoShoot.state="SHOOT" />
Shooter.setupGoalTrackingMode_INFO [41.93920647] GoalTracking(trackingMode=AllianceHub, goalPose=(x=-158.838583,y=469.110472,angle=180.000000), noPassback=false).
TaskAutoShoot.autoTask_INFO [42.000745321] <Event name="StateInfo" time="41.999185617" tag="vvvvv" TaskAutoShoot.state="SHOOT" />
TaskAutoShoot.autoTask_INFO [42.001300589] <Event name="StateInfo" time="42.00111803" tag="^^^^^" TaskAutoShoot.state="SHOOT" />
TaskAutoShoot.autoTask_INFO [42.068213539] <Event name="StateInfo" time="42.068029115" tag="vvvvv" TaskAutoShoot.state="SHOOT" />
TaskAutoShoot.autoTask_INFO [42.068865637] <Event name="StateInfo" time="42.068479895" tag="^^^^^" TaskAutoShoot.state="SHOOT" />
TaskAutoShoot.autoTask_INFO [42.134257135] <Event name="StateInfo" time="42.134048593" tag="vvvvv" TaskAutoShoot.state="SHOOT" />
TaskAutoShoot.autoTask_INFO [42.13469708] <Event name="StateInfo" time="42.134533432" tag="^^^^^" TaskAutoShoot.state="SHOOT" />
TaskAutoShoot.autoTask_INFO [42.216789508] <Event name="StateInfo" time="42.216592704" tag="vvvvv" TaskAutoShoot.state="SHOOT" />
TaskAutoShoot.autoTask_INFO [42.21787141] <Event name="StateInfo" time="42.217573231" tag="^^^^^" TaskAutoShoot.state="SHOOT" />
TaskAutoShoot.autoTask_INFO [42.287206689] <Event name="StateInfo" time="42.287007293" tag="vvvvv" TaskAutoShoot.state="SHOOT" />
TaskAutoShoot.autoTask_INFO [42.294787368] <Event name="StateInfo" time="42.291549713" tag="^^^^^" TaskAutoShoot.state="SHOOT" />
TaskAutoShoot.autoTask_INFO [42.363900876] <Event name="StateInfo" time="42.363409741" tag="vvvvv" TaskAutoShoot.state="SHOOT" />
TaskAutoShoot.autoTask_INFO [42.369760723] <Event name="StateInfo" time="42.369551985" tag="^^^^^" TaskAutoShoot.state="SHOOT" />
Shooter.RightShooter.goalTrackingTask_INFO [42.460369923] Shooter.RightShooter is Ready: rpm1=4247.388822/4232.574602, rpm2=2619.140625/0.000000, tilt=15.209452/15.265961, pan=null/null
TaskAutoShoot.autoTask_INFO [42.461779207] <Event name="StateInfo" time="42.461595587" tag="vvvvv" TaskAutoShoot.state="SHOOT" />
TaskAutoShoot.autoTask_INFO [42.462917278] <Event name="StateInfo" time="42.462529346" tag="^^^^^" TaskAutoShoot.state="SHOOT" />
TaskAutoShoot.autoTask_INFO [42.534888712] <Event name="StateInfo" time="42.534705156" tag="vvvvv" TaskAutoShoot.state="SHOOT" />
TaskAutoShoot.autoTask_INFO [42.549686344] <Event name="StateInfo" time="42.535169739" tag="^^^^^" TaskAutoShoot.state="SHOOT" />
TaskAutoShoot.autoTask_INFO [42.610880682] <Event name="StateInfo" time="42.610551206" tag="vvvvv" TaskAutoShoot.state="SHOOT" />
TaskAutoShoot.autoTask_INFO [42.613180768] <Event name="StateInfo" time="42.612898035" tag="^^^^^" TaskAutoShoot.state="SHOOT" />
Shooter.setupGoalTrackingMode_INFO [42.625220343] GoalTracking(trackingMode=Passback, goalPose=(x=-257.677165,y=603.220472,angle=180.000000), noPassback=false).
TaskAutoShoot.autoTask_INFO [42.701848819] <Event name="StateInfo" time="42.700426339" tag="vvvvv" TaskAutoShoot.state="SHOOT" />
TaskAutoShoot.autoTask_INFO [42.707154519] <Event name="StateInfo" time="42.706970199" tag="^^^^^" TaskAutoShoot.state="SHOOT" />
TaskAutoShoot.autoTask_INFO [42.79427669] <Event name="StateInfo" time="42.793899604" tag="vvvvv" TaskAutoShoot.state="SHOOT" />
TaskAutoShoot.autoTask_INFO [42.803020714] <Event name="StateInfo" time="42.795289449" tag="^^^^^" TaskAutoShoot.state="SHOOT" />
TaskAutoShoot.autoTask_INFO [42.880274676] <Event name="StateInfo" time="42.880073043" tag="vvvvv" TaskAutoShoot.state="SHOOT" />
TaskAutoShoot.autoTask_INFO [42.88169104] <Event name="StateInfo" time="42.881418947" tag="^^^^^" TaskAutoShoot.state="SHOOT" />
TaskAutoShoot.autoTask_INFO [42.971186631] <Event name="StateInfo" time="42.969222069" tag="vvvvv" TaskAutoShoot.state="SHOOT" />
TaskAutoShoot.autoTask_INFO [42.974279068] <Event name="StateInfo" time="42.972226625" tag="^^^^^" TaskAutoShoot.state="SHOOT" />
FrcTeleOp.operatorControllerButtonEvent_INFO [42.977961437] ##### button=Y, pressed=false
FrcTeleOp.shoot_INFO [42.980133928] >>>>> Stop Auto Shoot.
TaskAutoShoot.cancel_INFO [42.985667594] Canceling auto task operation.
TaskAutoShoot.stopSubsystems_INFO [42.986765202] Stopping subsystems.
Shooter.LeftTransferMotor.cancel_INFO [42.988006584] Cancel: stopping motor.
Shooter.RightTransferMotor.cancel_INFO [42.989196072] Cancel: stopping motor.
Shooter.FeederMotor.cancel_INFO [42.990802678] Cancel: stopping motor.
Shooter.LeftShooter.disableGoalTracking_INFO [42.992421485] Disable Goal Tracking.
Shooter.LeftShooter.stopGoalTracking_INFO [42.996110805] Stop GoalTracking.
Shooter.LeftTiltMotor.cancel_INFO [42.999241905] Cancel: stopping motor.
Shooter.LeftPrimaryMotor.cancel_INFO [43.001418469] Cancel: stopping motor.
Shooter.RightShooter.disableGoalTracking_INFO [43.007292495] Disable Goal Tracking.
Shooter.RightShooter.stopGoalTracking_INFO [43.008622552] Stop GoalTracking.
Shooter.RightTiltMotor.cancel_INFO [43.009990279] Cancel: stopping motor.
Shooter.RightPrimaryMotor.cancel_INFO [43.011469051] Cancel: stopping motor.
Shooter.LeftShooter.cancel_INFO [43.013960676] owner=null
Shooter.LeftPrimaryMotor.cancel_INFO [43.018012794] Cancel: stopping motor.
Shooter.LeftTiltMotor.cancel_INFO [43.020695235] Cancel: stopping motor.
Shooter.RightShooter.cancel_INFO [43.022066685] owner=null
Shooter.RightPrimaryMotor.cancel_INFO [43.023606463] Cancel: stopping motor.
Shooter.RightTiltMotor.cancel_INFO [43.029079088] Cancel: stopping motor.
Shooter.LeftTransferMotor.cancel_INFO [43.032489779] Cancel: stopping motor.
Shooter.RightTransferMotor.cancel_INFO [43.034038393] Cancel: stopping motor.
Shooter.FeederMotor.cancel_INFO [43.043052966] Cancel: stopping motor.
FrcTeleOp.operatorControllerButtonEvent_INFO [43.529830139] ##### button=Y, pressed=true
FrcTeleOp.shoot_INFO [43.531127966] >>>>> Start Auto Shoot.
TaskAutoShoot.autoShoot_INFO [43.532135798] autoShoot(owner=null, event=null, taskParams=(autoStop=false, noPassback=false))
Shooter.setupGoalTrackingMode_INFO [43.533306077] GoalTracking(trackingMode=Passback, goalPose=(x=-257.677165,y=603.220472,angle=180.000000), noPassback=false).
Shooter.LeftShooter.enableGoalTracking_INFO [43.53436511] Enable GoalTracking (trackingParams=(trackFlywheel=true,trackTiltPos=true,trackPanPos=true)).
Shooter.LeftPrimaryMotor.cancel_INFO [43.535501242] Cancel: stopping motor.
Shooter.LeftTiltMotor.cancel_INFO [43.536693585] Cancel: stopping motor.
Shooter.RightShooter.enableGoalTracking_INFO [43.538117484] Enable GoalTracking (trackingParams=(trackFlywheel=true,trackTiltPos=true,trackPanPos=true)).
Shooter.RightPrimaryMotor.cancel_INFO [43.539532067] Cancel: stopping motor.
Shooter.RightTiltMotor.cancel_INFO [43.54042286] Cancel: stopping motor.
TaskAutoShoot.autoTask_INFO [43.623954017] <Event name="StateInfo" time="43.623462326" tag="vvvvv" TaskAutoShoot.state="START" />
TaskAutoShoot.runTaskState_INFO [43.62579969] ***** Wait for left Shooter ready.
TaskAutoShoot.runTaskState_INFO [43.627481571] ***** Wait for right Shooter ready.
TaskAutoShoot.runTaskState_INFO [43.629314853] ***** Wait for Turret ready.
TaskAutoShoot.autoTask_INFO [43.631204518] <Event name="StateInfo" time="43.630764808" tag="^^^^^" TaskAutoShoot.state="START" />
Shooter.setupGoalTrackingMode_INFO [43.636772597] GoalTracking(trackingMode=AllianceHub, goalPose=(x=-158.838583,y=469.110472,angle=180.000000), noPassback=false).
TaskAutoShoot.autoTask_INFO [43.780349276] <Event name="StateInfo" time="43.780170416" tag="vvvvv" TaskAutoShoot.state="SHOOT" />
TaskAutoShoot.autoTask_INFO [43.783045921] <Event name="StateInfo" time="43.782833382" tag="^^^^^" TaskAutoShoot.state="SHOOT" />
FrcTeleOp.operatorControllerButtonEvent_INFO [43.787220338] ##### button=Y, pressed=false
FrcTeleOp.shoot_INFO [43.78842241] >>>>> Stop Auto Shoot.
TaskAutoShoot.cancel_INFO [43.789795762] Canceling auto task operation.
TaskAutoShoot.stopSubsystems_INFO [43.795484011] Stopping subsystems.
Shooter.LeftTransferMotor.cancel_INFO [43.796927895] Cancel: stopping motor.
Shooter.RightTransferMotor.cancel_INFO [43.800239025] Cancel: stopping motor.
Shooter.FeederMotor.cancel_INFO [43.804927206] Cancel: stopping motor.
Shooter.LeftShooter.disableGoalTracking_INFO [43.806261657] Disable Goal Tracking.
Shooter.LeftShooter.stopGoalTracking_INFO [43.807098431] Stop GoalTracking.
Shooter.LeftTiltMotor.cancel_INFO [43.808201478] Cancel: stopping motor.
Shooter.LeftPrimaryMotor.cancel_INFO [43.809640038] Cancel: stopping motor.
Shooter.RightShooter.disableGoalTracking_INFO [43.814685075] Disable Goal Tracking.
Shooter.RightShooter.stopGoalTracking_INFO [43.815732274] Stop GoalTracking.
Shooter.RightTiltMotor.cancel_INFO [43.816629985] Cancel: stopping motor.
Shooter.RightPrimaryMotor.cancel_INFO [43.817753845] Cancel: stopping motor.
Shooter.LeftShooter.cancel_INFO [43.819365221] owner=null
Shooter.LeftPrimaryMotor.cancel_INFO [43.820627224] Cancel: stopping motor.
Shooter.LeftTiltMotor.cancel_INFO [43.826722393] Cancel: stopping motor.
Shooter.RightShooter.cancel_INFO [43.829688823] owner=null
Shooter.RightPrimaryMotor.cancel_INFO [43.831812701] Cancel: stopping motor.
Shooter.RightTiltMotor.cancel_INFO [43.839475537] Cancel: stopping motor.
Shooter.LeftTransferMotor.cancel_INFO [43.840642354] Cancel: stopping motor.
Shooter.RightTransferMotor.cancel_INFO [43.843070404] Cancel: stopping motor.
Shooter.FeederMotor.cancel_INFO [43.844280383] Cancel: stopping motor.
FrcTeleOp.operatorControllerButtonEvent_INFO [43.952525674] ##### button=Y, pressed=true
FrcTeleOp.shoot_INFO [43.958986315] >>>>> Start Auto Shoot.
TaskAutoShoot.autoShoot_INFO [43.96110299] autoShoot(owner=null, event=null, taskParams=(autoStop=false, noPassback=false))
Shooter.setupGoalTrackingMode_INFO [43.966040312] GoalTracking(trackingMode=AllianceHub, goalPose=(x=-158.838583,y=469.110472,angle=180.000000), noPassback=false).
Shooter.LeftShooter.enableGoalTracking_INFO [43.968380023] Enable GoalTracking (trackingParams=(trackFlywheel=true,trackTiltPos=true,trackPanPos=true)).
Shooter.LeftPrimaryMotor.cancel_INFO [43.969834627] Cancel: stopping motor.
Shooter.LeftTiltMotor.cancel_INFO [43.97267217] Cancel: stopping motor.
Shooter.RightShooter.enableGoalTracking_INFO [43.975075927] Enable GoalTracking (trackingParams=(trackFlywheel=true,trackTiltPos=true,trackPanPos=true)).
Shooter.RightPrimaryMotor.cancel_INFO [43.977774547] Cancel: stopping motor.
Shooter.RightTiltMotor.cancel_INFO [43.981850813] Cancel: stopping motor.
Shooter.setupGoalTrackingMode_INFO [43.990698891] GoalTracking(trackingMode=Passback, goalPose=(x=-257.677165,y=603.220472,angle=180.000000), noPassback=false).
TaskAutoShoot.autoTask_INFO [44.073700354] <Event name="StateInfo" time="44.07322997" tag="vvvvv" TaskAutoShoot.state="START" />
TaskAutoShoot.runTaskState_INFO [44.076424335] ***** Wait for left Shooter ready.
TaskAutoShoot.runTaskState_INFO [44.081071225] ***** Wait for right Shooter ready.
TaskAutoShoot.runTaskState_INFO [44.084312764] ***** Wait for Turret ready.
TaskAutoShoot.autoTask_INFO [44.087949452] <Event name="StateInfo" time="44.086783412" tag="^^^^^" TaskAutoShoot.state="START" />
FrcTeleOp.operatorControllerButtonEvent_INFO [44.099676145] ##### button=Y, pressed=false
FrcTeleOp.shoot_INFO [44.108612282] >>>>> Stop Auto Shoot.
TaskAutoShoot.cancel_INFO [44.110983187] Canceling auto task operation.
TaskAutoShoot.stopSubsystems_INFO [44.113902295] Stopping subsystems.
Shooter.LeftTransferMotor.cancel_INFO [44.115759519] Cancel: stopping motor.
Shooter.RightTransferMotor.cancel_INFO [44.121144826] Cancel: stopping motor.
Shooter.FeederMotor.cancel_INFO [44.121717741] Cancel: stopping motor.
Shooter.LeftShooter.disableGoalTracking_INFO [44.12217945] Disable Goal Tracking.
Shooter.LeftShooter.stopGoalTracking_INFO [44.125644893] Stop GoalTracking.
Shooter.LeftTiltMotor.cancel_INFO [44.126216532] Cancel: stopping motor.
Shooter.LeftPrimaryMotor.cancel_INFO [44.12677863] Cancel: stopping motor.
Shooter.RightShooter.disableGoalTracking_INFO [44.131671099] Disable Goal Tracking.
Shooter.RightShooter.stopGoalTracking_INFO [44.132167731] Stop GoalTracking.
Shooter.RightTiltMotor.cancel_INFO [44.133930912] Cancel: stopping motor.
Shooter.RightPrimaryMotor.cancel_INFO [44.134972535] Cancel: stopping motor.
Shooter.LeftShooter.cancel_INFO [44.141207059] owner=null
Shooter.LeftPrimaryMotor.cancel_INFO [44.141858267] Cancel: stopping motor.
Shooter.LeftTiltMotor.cancel_INFO [44.144609587] Cancel: stopping motor.
Shooter.RightShooter.cancel_INFO [44.145100752] owner=null
Shooter.RightPrimaryMotor.cancel_INFO [44.145578934] Cancel: stopping motor.
Shooter.RightTiltMotor.cancel_INFO [44.149948247] Cancel: stopping motor.
Shooter.LeftTransferMotor.cancel_INFO [44.151801474] Cancel: stopping motor.
Shooter.RightTransferMotor.cancel_INFO [44.152361375] Cancel: stopping motor.
Shooter.FeederMotor.cancel_INFO [44.153267352] Cancel: stopping motor.
FrcTeleOp.driverControllerButtonEvent_INFO [48.259587706] ##### button=LeftStickButton, pressed=true
FrcTeleOp.driverControllerButtonEvent_INFO [49.789187467] ##### button=LeftStickButton, pressed=false
FrcTeleOp.operatorControllerButtonEvent_INFO [59.593398212] ##### button=Y, pressed=true
FrcTeleOp.shoot_INFO [59.598218617] >>>>> Start Auto Shoot.
TaskAutoShoot.autoShoot_INFO [59.599126655] autoShoot(owner=null, event=null, taskParams=(autoStop=false, noPassback=false))
Shooter.setupGoalTrackingMode_INFO [59.609283711] GoalTracking(trackingMode=AllianceHub, goalPose=(x=-158.838583,y=469.110472,angle=180.000000), noPassback=false).
Shooter.LeftShooter.enableGoalTracking_INFO [59.611068776] Enable GoalTracking (trackingParams=(trackFlywheel=true,trackTiltPos=true,trackPanPos=true)).
Shooter.LeftPrimaryMotor.cancel_INFO [59.613571002] Cancel: stopping motor.
Shooter.LeftTiltMotor.cancel_INFO [59.616216213] Cancel: stopping motor.
Shooter.RightShooter.enableGoalTracking_INFO [59.617691859] Enable GoalTracking (trackingParams=(trackFlywheel=true,trackTiltPos=true,trackPanPos=true)).
Shooter.RightPrimaryMotor.cancel_INFO [59.619305698] Cancel: stopping motor.
Shooter.RightTiltMotor.cancel_INFO [59.621738624] Cancel: stopping motor.
Shooter.LeftShooter.goalTrackingTask_INFO [59.677809927] Shooter.LeftShooter is TimedOut: rpm1=97.869591/3985.227312, rpm2=79.804688/0.000000, tilt=16.948657/18.292022, pan=null/null
Shooter.RightShooter.goalTrackingTask_INFO [59.698041969] Shooter.RightShooter is TimedOut: rpm1=257.451923/4302.399893, rpm2=0.000000/0.000000, tilt=16.988184/18.292022, pan=null/null
TaskAutoShoot.autoTask_INFO [59.701802118] <Event name="StateInfo" time="59.701379351" tag="vvvvv" TaskAutoShoot.state="START" />
TaskAutoShoot.runTaskState_INFO [59.708820923] ***** Wait for left Shooter ready.
TaskAutoShoot.runTaskState_INFO [59.710673536] ***** Wait for right Shooter ready.
TaskAutoShoot.runTaskState_INFO [59.71218714] ***** Wait for Turret ready.
TaskAutoShoot.autoTask_INFO [59.714304355] <Event name="StateInfo" time="59.713950955" tag="^^^^^" TaskAutoShoot.state="START" />
TaskAutoShoot.autoTask_INFO [59.787346972] <Event name="StateInfo" time="59.787164048" tag="vvvvv" TaskAutoShoot.state="SHOOT" />
TaskAutoShoot.autoTask_INFO [59.790851837] <Event name="StateInfo" time="59.790564123" tag="^^^^^" TaskAutoShoot.state="SHOOT" />
TaskAutoShoot.autoTask_INFO [59.847055271] <Event name="StateInfo" time="59.84679887" tag="vvvvv" TaskAutoShoot.state="SHOOT" />
TaskAutoShoot.autoTask_INFO [59.853618321] <Event name="StateInfo" time="59.850481581" tag="^^^^^" TaskAutoShoot.state="SHOOT" />
TaskAutoShoot.autoTask_INFO [59.932111997] <Event name="StateInfo" time="59.93191022" tag="vvvvv" TaskAutoShoot.state="SHOOT" />
TaskAutoShoot.autoTask_INFO [59.938529653] <Event name="StateInfo" time="59.934328024" tag="^^^^^" TaskAutoShoot.state="SHOOT" />
TaskAutoShoot.autoTask_INFO [60.004328832] <Event name="StateInfo" time="60.004151386" tag="vvvvv" TaskAutoShoot.state="SHOOT" />
TaskAutoShoot.autoTask_INFO [60.006615314] <Event name="StateInfo" time="60.006392885" tag="^^^^^" TaskAutoShoot.state="SHOOT" />
TaskAutoShoot.autoTask_INFO [60.081206436] <Event name="StateInfo" time="60.081009018" tag="vvvvv" TaskAutoShoot.state="SHOOT" />
TaskAutoShoot.autoTask_INFO [60.082330446] <Event name="StateInfo" time="60.082136729" tag="^^^^^" TaskAutoShoot.state="SHOOT" />
TaskAutoShoot.autoTask_INFO [60.169034477] <Event name="StateInfo" time="60.168618654" tag="vvvvv" TaskAutoShoot.state="SHOOT" />
TaskAutoShoot.autoTask_INFO [60.177169983] <Event name="StateInfo" time="60.175601133" tag="^^^^^" TaskAutoShoot.state="SHOOT" />
TaskAutoShoot.autoTask_INFO [60.248400388] <Event name="StateInfo" time="60.248196715" tag="vvvvv" TaskAutoShoot.state="SHOOT" />
TaskAutoShoot.autoTask_INFO [60.250738966] <Event name="StateInfo" time="60.248668145" tag="^^^^^" TaskAutoShoot.state="SHOOT" />
TaskAutoShoot.autoTask_INFO [60.341303699] <Event name="StateInfo" time="60.341106738" tag="vvvvv" TaskAutoShoot.state="SHOOT" />
TaskAutoShoot.autoTask_INFO [60.34918061] <Event name="StateInfo" time="60.34897661" tag="^^^^^" TaskAutoShoot.state="SHOOT" />
Shooter.LeftShooter.goalTrackingTask_INFO [60.40837201] Shooter.LeftShooter is Ready: rpm1=4656.850962/4714.979983, rpm2=2875.195313/0.000000, tilt=23.154450/22.753869, pan=null/null
TaskAutoShoot.autoTask_INFO [60.433293197] <Event name="StateInfo" time="60.433011056" tag="vvvvv" TaskAutoShoot.state="SHOOT" />
TaskAutoShoot.autoTask_INFO [60.434844603] <Event name="StateInfo" time="60.434145649" tag="^^^^^" TaskAutoShoot.state="SHOOT" />
TaskAutoShoot.autoTask_INFO [60.522591395] <Event name="StateInfo" time="60.522065991" tag="vvvvv" TaskAutoShoot.state="SHOOT" />
TaskAutoShoot.autoTask_INFO [60.52443906] <Event name="StateInfo" time="60.524158182" tag="^^^^^" TaskAutoShoot.state="SHOOT" />
FrcTeleOp.operatorControllerButtonEvent_INFO [60.530156763] ##### button=Y, pressed=false
FrcTeleOp.shoot_INFO [60.532203907] >>>>> Stop Auto Shoot.
TaskAutoShoot.cancel_INFO [60.534533437] Canceling auto task operation.
TaskAutoShoot.stopSubsystems_INFO [60.543354393] Stopping subsystems.
Shooter.LeftTransferMotor.cancel_INFO [60.544978448] Cancel: stopping motor.
Shooter.RightTransferMotor.cancel_INFO [60.548489768] Cancel: stopping motor.
Shooter.FeederMotor.cancel_INFO [60.551548646] Cancel: stopping motor.
Shooter.LeftShooter.disableGoalTracking_INFO [60.554673015] Disable Goal Tracking.
Shooter.LeftShooter.stopGoalTracking_INFO [60.555929299] Stop GoalTracking.
Shooter.LeftTiltMotor.cancel_INFO [60.557955972] Cancel: stopping motor.
Shooter.LeftPrimaryMotor.cancel_INFO [60.562772013] Cancel: stopping motor.
Shooter.RightShooter.disableGoalTracking_INFO [60.565280833] Disable Goal Tracking.
Shooter.RightShooter.stopGoalTracking_INFO [60.56650604] Stop GoalTracking.
Shooter.RightTiltMotor.cancel_INFO [60.56863573] Cancel: stopping motor.
Shooter.RightPrimaryMotor.cancel_INFO [60.571101954] Cancel: stopping motor.
Shooter.LeftShooter.cancel_INFO [60.573457746] owner=null
Shooter.LeftPrimaryMotor.cancel_INFO [60.574890989] Cancel: stopping motor.
Shooter.LeftTiltMotor.cancel_INFO [60.576748642] Cancel: stopping motor.
Shooter.RightShooter.cancel_INFO [60.578919084] owner=null
Shooter.RightPrimaryMotor.cancel_INFO [60.580557576] Cancel: stopping motor.
Shooter.RightTiltMotor.cancel_INFO [60.58565243] Cancel: stopping motor.
Shooter.LeftTransferMotor.cancel_INFO [60.587300408] Cancel: stopping motor.
Shooter.RightTransferMotor.cancel_INFO [60.590093741] Cancel: stopping motor.
Shooter.FeederMotor.cancel_INFO [60.592259891] Cancel: stopping motor.
FrcTeleOp.driverControllerButtonEvent_INFO [77.40929826] ##### button=A, pressed=true
FrcTeleOp.driverControllerButtonEvent_INFO [77.510182363] ##### button=A, pressed=false
FrcTeleOp.driverControllerButtonEvent_INFO [81.943925638] ##### button=A, pressed=true
FrcTeleOp.driverControllerButtonEvent_INFO [82.044274675] ##### button=A, pressed=false
FrcTeleOp.operatorControllerButtonEvent_INFO [89.451090868] ##### button=Y, pressed=true
FrcTeleOp.shoot_INFO [89.452159011] >>>>> Start Auto Shoot.
TaskAutoShoot.autoShoot_INFO [89.452996935] autoShoot(owner=null, event=null, taskParams=(autoStop=false, noPassback=false))
Shooter.setupGoalTrackingMode_INFO [89.45378242] GoalTracking(trackingMode=AllianceHub, goalPose=(x=-158.838583,y=469.110472,angle=180.000000), noPassback=false).
Shooter.LeftShooter.enableGoalTracking_INFO [89.454620998] Enable GoalTracking (trackingParams=(trackFlywheel=true,trackTiltPos=true,trackPanPos=true)).
Shooter.LeftPrimaryMotor.cancel_INFO [89.455149135] Cancel: stopping motor.
Shooter.LeftTiltMotor.cancel_INFO [89.456720521] Cancel: stopping motor.
Shooter.RightShooter.enableGoalTracking_INFO [89.457389163] Enable GoalTracking (trackingParams=(trackFlywheel=true,trackTiltPos=true,trackPanPos=true)).
Shooter.RightPrimaryMotor.cancel_INFO [89.458162593] Cancel: stopping motor.
Shooter.RightTiltMotor.cancel_INFO [89.458692416] Cancel: stopping motor.
Shooter.RightShooter.goalTrackingTask_INFO [89.557719757] Shooter.RightShooter is TimedOut: rpm1=269.945913/4546.394993, rpm2=118.710938/0.000000, tilt=16.948657/16.623063, pan=null/null
TaskAutoShoot.autoTask_INFO [89.558353325] <Event name="StateInfo" time="89.558129266" tag="vvvvv" TaskAutoShoot.state="START" />
TaskAutoShoot.runTaskState_INFO [89.559501012] ***** Wait for left Shooter ready.
TaskAutoShoot.runTaskState_INFO [89.559831127] ***** Wait for right Shooter ready.
TaskAutoShoot.runTaskState_INFO [89.563001864] ***** Wait for Turret ready.
TaskAutoShoot.autoTask_INFO [89.563766163] <Event name="StateInfo" time="89.563225662" tag="^^^^^" TaskAutoShoot.state="START" />
FrcTeleOp.operatorControllerButtonEvent_INFO [89.567685067] ##### button=Y, pressed=false
FrcTeleOp.shoot_INFO [89.569258761] >>>>> Stop Auto Shoot.
TaskAutoShoot.cancel_INFO [89.570293256] Canceling auto task operation.
TaskAutoShoot.stopSubsystems_INFO [89.573915497] Stopping subsystems.
Shooter.LeftTransferMotor.cancel_INFO [89.584843549] Cancel: stopping motor.
Shooter.RightTransferMotor.cancel_INFO [89.59240519] Cancel: stopping motor.
Shooter.FeederMotor.cancel_INFO [89.594373197] Cancel: stopping motor.
Shooter.LeftShooter.disableGoalTracking_INFO [89.595228047] Disable Goal Tracking.
Shooter.LeftShooter.stopGoalTracking_INFO [89.598022944] Stop GoalTracking.
Shooter.LeftTiltMotor.cancel_INFO [89.601366878] Cancel: stopping motor.
Shooter.LeftPrimaryMotor.cancel_INFO [89.603207145] Cancel: stopping motor.
Shooter.RightShooter.disableGoalTracking_INFO [89.611722054] Disable Goal Tracking.
Shooter.RightShooter.stopGoalTracking_INFO [89.612865717] Stop GoalTracking.
Shooter.RightTiltMotor.cancel_INFO [89.631653164] Cancel: stopping motor.
Shooter.RightPrimaryMotor.cancel_INFO [89.63460275] Cancel: stopping motor.
Shooter.LeftShooter.cancel_INFO [89.637783389] owner=null
Shooter.LeftPrimaryMotor.cancel_INFO [89.645940396] Cancel: stopping motor.
Shooter.LeftTiltMotor.cancel_INFO [89.651899562] Cancel: stopping motor.
Shooter.RightShooter.cancel_INFO [89.65384862] owner=null
Shooter.RightPrimaryMotor.cancel_INFO [89.658680741] Cancel: stopping motor.
Shooter.RightTiltMotor.cancel_INFO [89.662299563] Cancel: stopping motor.
Shooter.LeftTransferMotor.cancel_INFO [89.664755718] Cancel: stopping motor.
Shooter.RightTransferMotor.cancel_INFO [89.666750725] Cancel: stopping motor.
Shooter.FeederMotor.cancel_INFO [89.670906821] Cancel: stopping motor.
FrcTeleOp.operatorControllerButtonEvent_INFO [90.233362727] ##### button=Y, pressed=true
FrcTeleOp.shoot_INFO [90.23599684] >>>>> Start Auto Shoot.
TaskAutoShoot.autoShoot_INFO [90.238054392] autoShoot(owner=null, event=null, taskParams=(autoStop=false, noPassback=false))
Shooter.setupGoalTrackingMode_INFO [90.239713152] GoalTracking(trackingMode=AllianceHub, goalPose=(x=-158.838583,y=469.110472,angle=180.000000), noPassback=false).
Shooter.LeftShooter.enableGoalTracking_INFO [90.241391429] Enable GoalTracking (trackingParams=(trackFlywheel=true,trackTiltPos=true,trackPanPos=true)).
Shooter.LeftPrimaryMotor.cancel_INFO [90.242986383] Cancel: stopping motor.
Shooter.LeftTiltMotor.cancel_INFO [90.243997146] Cancel: stopping motor.
Shooter.RightShooter.enableGoalTracking_INFO [90.245581106] Enable GoalTracking (trackingParams=(trackFlywheel=true,trackTiltPos=true,trackPanPos=true)).
Shooter.RightPrimaryMotor.cancel_INFO [90.246434346] Cancel: stopping motor.
Shooter.RightTiltMotor.cancel_INFO [90.247450859] Cancel: stopping motor.
TaskAutoShoot.autoTask_INFO [90.334179889] <Event name="StateInfo" time="90.317310565" tag="vvvvv" TaskAutoShoot.state="START" />
TaskAutoShoot.runTaskState_INFO [90.335736614] ***** Wait for left Shooter ready.
TaskAutoShoot.runTaskState_INFO [90.336922242] ***** Wait for right Shooter ready.
TaskAutoShoot.runTaskState_INFO [90.342014022] ***** Wait for Turret ready.
TaskAutoShoot.autoTask_INFO [90.34392882] <Event name="StateInfo" time="90.3437043" tag="^^^^^" TaskAutoShoot.state="START" />
TaskAutoShoot.autoTask_INFO [90.417690461] <Event name="StateInfo" time="90.417503185" tag="vvvvv" TaskAutoShoot.state="SHOOT" />
TaskAutoShoot.autoTask_INFO [90.420366636] <Event name="StateInfo" time="90.419991879" tag="^^^^^" TaskAutoShoot.state="SHOOT" />
TaskAutoShoot.autoTask_INFO [90.494587556] <Event name="StateInfo" time="90.493988454" tag="vvvvv" TaskAutoShoot.state="SHOOT" />
TaskAutoShoot.autoTask_INFO [90.494978553] <Event name="StateInfo" time="90.494831881" tag="^^^^^" TaskAutoShoot.state="SHOOT" />
TaskAutoShoot.autoTask_INFO [90.564257467] <Event name="StateInfo" time="90.564072004" tag="vvvvv" TaskAutoShoot.state="SHOOT" />
TaskAutoShoot.autoTask_INFO [90.567313864] <Event name="StateInfo" time="90.567128296" tag="^^^^^" TaskAutoShoot.state="SHOOT" />
TaskAutoShoot.autoTask_INFO [90.632975249] <Event name="StateInfo" time="90.632782026" tag="vvvvv" TaskAutoShoot.state="SHOOT" />
TaskAutoShoot.autoTask_INFO [90.633387239] <Event name="StateInfo" time="90.633242955" tag="^^^^^" TaskAutoShoot.state="SHOOT" />
TaskAutoShoot.autoTask_INFO [90.70818039] <Event name="StateInfo" time="90.707946432" tag="vvvvv" TaskAutoShoot.state="SHOOT" />
TaskAutoShoot.autoTask_INFO [90.711109657] <Event name="StateInfo" time="90.709508075" tag="^^^^^" TaskAutoShoot.state="SHOOT" />
Shooter.setupGoalTrackingMode_INFO [90.714779732] GoalTracking(trackingMode=AllianceHub, goalPose=(x=-158.838583,y=469.110472,angle=180.000000), noPassback=false).
TaskAutoShoot.autoTask_INFO [90.786851485] <Event name="StateInfo" time="90.786662127" tag="vvvvv" TaskAutoShoot.state="SHOOT" />
TaskAutoShoot.autoTask_INFO [90.78742508] <Event name="StateInfo" time="90.787110205" tag="^^^^^" TaskAutoShoot.state="SHOOT" />
Shooter.setupGoalTrackingMode_INFO [90.789991047] GoalTracking(trackingMode=AllianceHub, goalPose=(x=-158.838583,y=469.110472,angle=180.000000), noPassback=false).
TaskAutoShoot.autoTask_INFO [90.850955823] <Event name="StateInfo" time="90.847634336" tag="vvvvv" TaskAutoShoot.state="SHOOT" />
TaskAutoShoot.autoTask_INFO [90.855253853] <Event name="StateInfo" time="90.855059474" tag="^^^^^" TaskAutoShoot.state="SHOOT" />
TaskAutoShoot.autoTask_INFO [90.946251108] <Event name="StateInfo" time="90.946089971" tag="vvvvv" TaskAutoShoot.state="SHOOT" />
TaskAutoShoot.autoTask_INFO [90.946639398] <Event name="StateInfo" time="90.946494092" tag="^^^^^" TaskAutoShoot.state="SHOOT" />
TaskAutoShoot.autoTask_INFO [91.027223517] <Event name="StateInfo" time="91.026924052" tag="vvvvv" TaskAutoShoot.state="SHOOT" />
TaskAutoShoot.autoTask_INFO [91.03378045] <Event name="StateInfo" time="91.033538623" tag="^^^^^" TaskAutoShoot.state="SHOOT" />
FrcTeleOp.operatorControllerButtonEvent_INFO [91.041132449] ##### button=Y, pressed=false
FrcTeleOp.shoot_INFO [91.044589405] >>>>> Stop Auto Shoot.
TaskAutoShoot.cancel_INFO [91.047068385] Canceling auto task operation.
TaskAutoShoot.stopSubsystems_INFO [91.050010631] Stopping subsystems.
Shooter.LeftTransferMotor.cancel_INFO [91.051414409] Cancel: stopping motor.
Shooter.RightTransferMotor.cancel_INFO [91.054636619] Cancel: stopping motor.
Shooter.FeederMotor.cancel_INFO [91.058412657] Cancel: stopping motor.
Shooter.LeftShooter.disableGoalTracking_INFO [91.060824288] Disable Goal Tracking.
Shooter.LeftShooter.stopGoalTracking_INFO [91.063445005] Stop GoalTracking.
Shooter.LeftTiltMotor.cancel_INFO [91.06651014] Cancel: stopping motor.
Shooter.LeftPrimaryMotor.cancel_INFO [91.068549803] Cancel: stopping motor.
Shooter.RightShooter.disableGoalTracking_INFO [91.071439077] Disable Goal Tracking.
Shooter.RightShooter.stopGoalTracking_INFO [91.074180438] Stop GoalTracking.
Shooter.RightTiltMotor.cancel_INFO [91.077186422] Cancel: stopping motor.
Shooter.RightPrimaryMotor.cancel_INFO [91.079768589] Cancel: stopping motor.
Shooter.LeftShooter.cancel_INFO [91.084701219] owner=null
Shooter.LeftPrimaryMotor.cancel_INFO [91.086952894] Cancel: stopping motor.
Shooter.LeftTiltMotor.cancel_INFO [91.091151092] Cancel: stopping motor.
Shooter.RightShooter.cancel_INFO [91.093469511] owner=null
Shooter.RightPrimaryMotor.cancel_INFO [91.095494028] Cancel: stopping motor.
Shooter.RightTiltMotor.cancel_INFO [91.097891991] Cancel: stopping motor.
Shooter.LeftTransferMotor.cancel_INFO [91.103421143] Cancel: stopping motor.
Shooter.RightTransferMotor.cancel_INFO [91.106477329] Cancel: stopping motor.
Shooter.FeederMotor.cancel_INFO [91.108388126] Cancel: stopping motor.
FrcTeleOp.operatorControllerButtonEvent_INFO [91.210033705] ##### button=Y, pressed=true
FrcTeleOp.shoot_INFO [91.211681331] >>>>> Start Auto Shoot.
TaskAutoShoot.autoShoot_INFO [91.214564437] autoShoot(owner=null, event=null, taskParams=(autoStop=false, noPassback=false))
Shooter.setupGoalTrackingMode_INFO [91.220239629] GoalTracking(trackingMode=AllianceHub, goalPose=(x=-158.838583,y=469.110472,angle=180.000000), noPassback=false).
Shooter.LeftShooter.enableGoalTracking_INFO [91.222121783] Enable GoalTracking (trackingParams=(trackFlywheel=true,trackTiltPos=true,trackPanPos=true)).
Shooter.LeftPrimaryMotor.cancel_INFO [91.223951273] Cancel: stopping motor.
Shooter.LeftTiltMotor.cancel_INFO [91.225855932] Cancel: stopping motor.
Shooter.RightShooter.enableGoalTracking_INFO [91.234052534] Enable GoalTracking (trackingParams=(trackFlywheel=true,trackTiltPos=true,trackPanPos=true)).
Shooter.RightPrimaryMotor.cancel_INFO [91.235411763] Cancel: stopping motor.
Shooter.RightTiltMotor.cancel_INFO [91.237553949] Cancel: stopping motor.
TaskAutoShoot.autoTask_INFO [91.340672928] <Event name="StateInfo" time="91.340501928" tag="vvvvv" TaskAutoShoot.state="START" />
TaskAutoShoot.runTaskState_INFO [91.341960754] ***** Wait for left Shooter ready.
TaskAutoShoot.runTaskState_INFO [91.34300586] ***** Wait for right Shooter ready.
TaskAutoShoot.runTaskState_INFO [91.344545679] ***** Wait for Turret ready.
TaskAutoShoot.autoTask_INFO [91.34525805] <Event name="StateInfo" time="91.345111696" tag="^^^^^" TaskAutoShoot.state="START" />
Shooter.TurretMotor.pidCtrlTask_INFO [91.40208139] controlMode: Position,onTarget=true(145.74030084977775/145.25631383326194), stalled=false, expired=false, event=(TaskAutoShoot.turretReady=SIGNALED)
TaskAutoShoot.autoTask_INFO [91.420747587] <Event name="StateInfo" time="91.420579986" tag="vvvvv" TaskAutoShoot.state="SHOOT" />
TaskAutoShoot.autoTask_INFO [91.421254515] <Event name="StateInfo" time="91.42101629" tag="^^^^^" TaskAutoShoot.state="SHOOT" />
Shooter.RightShooter.goalTrackingTask_INFO [91.496014069] Shooter.RightShooter is Ready: rpm1=4609.525240/4669.163221, rpm2=2788.242188/0.000000, tilt=22.403432/22.433707, pan=null/null
TaskAutoShoot.autoTask_INFO [91.497059359] <Event name="StateInfo" time="91.496878461" tag="vvvvv" TaskAutoShoot.state="SHOOT" />
TaskAutoShoot.runTaskState_INFO [91.498217098] ***** Start right shooter shooting.
Shooter.shoot_INFO [91.498593741] shoot(owner=null, event=(TaskAutoShoot.rightShooterDone=CLEARED), shooter=rightShooter, autoStop=false)
Shooter.RightTransferMotor.cancel_INFO [91.498983164] Cancel: stopping motor.
TaskAutoShoot.autoTask_INFO [91.499592953] <Event name="StateInfo" time="91.499338013" tag="^^^^^" TaskAutoShoot.state="SHOOT" />
Shooter.LeftShooter.goalTrackingTask_INFO [91.566515658] Shooter.LeftShooter is Ready: rpm1=4582.833534/4673.649568, rpm2=2866.289063/0.000000, tilt=22.403431/22.480318, pan=null/null
TaskAutoShoot.autoTask_INFO [91.592326645] <Event name="StateInfo" time="91.592141298" tag="vvvvv" TaskAutoShoot.state="SHOOT" />
TaskAutoShoot.runTaskState_INFO [91.593788889] ***** Start left shooter shooting.
Shooter.shoot_INFO [91.594939917] shoot(owner=null, event=(TaskAutoShoot.leftShooterDone=CLEARED), shooter=leftShooter, autoStop=false)
Shooter.LeftTransferMotor.cancel_INFO [91.595937537] Cancel: stopping motor.
TaskAutoShoot.autoTask_INFO [91.597075474] <Event name="StateInfo" time="91.596908277" tag="^^^^^" TaskAutoShoot.state="SHOOT" />
FrcTeleOp.operatorControllerButtonEvent_INFO [94.56830604] ##### button=Y, pressed=false
FrcTeleOp.shoot_INFO [94.570675211] >>>>> Stop Auto Shoot.
TaskAutoShoot.cancel_INFO [94.571080359] Canceling auto task operation.
TaskAutoShoot.stopSubsystems_INFO [94.57549011] Stopping subsystems.
Shooter.LeftTransferMotor.cancel_INFO [94.576487467] Cancel: stopping motor.
Shooter.RightTransferMotor.cancel_INFO [94.576887074] Cancel: stopping motor.
Shooter.FeederMotor.cancel_INFO [94.577508104] Cancel: stopping motor.
Shooter.LeftShooter.disableGoalTracking_INFO [94.578007015] Disable Goal Tracking.
Shooter.LeftShooter.stopGoalTracking_INFO [94.578454738] Stop GoalTracking.
Shooter.LeftTiltMotor.cancel_INFO [94.579560902] Cancel: stopping motor.
Shooter.LeftPrimaryMotor.cancel_INFO [94.580263048] Cancel: stopping motor.
Shooter.RightShooter.disableGoalTracking_INFO [94.580882661] Disable Goal Tracking.
Shooter.RightShooter.stopGoalTracking_INFO [94.581404488] Stop GoalTracking.
Shooter.RightTiltMotor.cancel_INFO [94.58181606] Cancel: stopping motor.
Shooter.RightPrimaryMotor.cancel_INFO [94.582848893] Cancel: stopping motor.
Shooter.LeftShooter.cancel_INFO [94.583938272] owner=null
Shooter.LeftPrimaryMotor.cancel_INFO [94.584700304] Cancel: stopping motor.
Shooter.LeftTiltMotor.cancel_INFO [94.585220227] Cancel: stopping motor.
Shooter.RightShooter.cancel_INFO [94.585551533] owner=null
Shooter.RightPrimaryMotor.cancel_INFO [94.585934502] Cancel: stopping motor.
Shooter.RightTiltMotor.cancel_INFO [94.586886628] Cancel: stopping motor.
Shooter.LeftTransferMotor.cancel_INFO [94.587794026] Cancel: stopping motor.
Shooter.RightTransferMotor.cancel_INFO [94.588245337] Cancel: stopping motor.
Shooter.FeederMotor.cancel_INFO [94.588583795] Cancel: stopping motor.
FrcTeleOp.operatorControllerButtonEvent_INFO [95.983753698] ##### button=Y, pressed=true
FrcTeleOp.shoot_INFO [95.988461231] >>>>> Start Auto Shoot.
TaskAutoShoot.autoShoot_INFO [95.989232582] autoShoot(owner=null, event=null, taskParams=(autoStop=false, noPassback=false))
Shooter.setupGoalTrackingMode_INFO [95.99122308] GoalTracking(trackingMode=AllianceHub, goalPose=(x=-158.838583,y=469.110472,angle=180.000000), noPassback=false).
Shooter.LeftShooter.enableGoalTracking_INFO [95.998606101] Enable GoalTracking (trackingParams=(trackFlywheel=true,trackTiltPos=true,trackPanPos=true)).
Shooter.LeftPrimaryMotor.cancel_INFO [95.999644186] Cancel: stopping motor.
Shooter.LeftTiltMotor.cancel_INFO [96.001550845] Cancel: stopping motor.
Shooter.RightShooter.enableGoalTracking_INFO [96.003233031] Enable GoalTracking (trackingParams=(trackFlywheel=true,trackTiltPos=true,trackPanPos=true)).
Shooter.RightPrimaryMotor.cancel_INFO [96.0127528] Cancel: stopping motor.
Shooter.RightTiltMotor.cancel_INFO [96.017789573] Cancel: stopping motor.
TaskAutoShoot.autoTask_INFO [96.086835639] <Event name="StateInfo" time="96.084293053" tag="vvvvv" TaskAutoShoot.state="START" />
TaskAutoShoot.runTaskState_INFO [96.088710765] ***** Wait for left Shooter ready.
TaskAutoShoot.runTaskState_INFO [96.090479418] ***** Wait for right Shooter ready.
TaskAutoShoot.runTaskState_INFO [96.091610838] ***** Wait for Turret ready.
TaskAutoShoot.autoTask_INFO [96.0939002] <Event name="StateInfo" time="96.093669163" tag="^^^^^" TaskAutoShoot.state="START" />
TaskAutoShoot.autoTask_INFO [96.23738393] <Event name="StateInfo" time="96.23707541" tag="vvvvv" TaskAutoShoot.state="SHOOT" />
TaskAutoShoot.autoTask_INFO [96.239340085] <Event name="StateInfo" time="96.239090764" tag="^^^^^" TaskAutoShoot.state="SHOOT" />
TaskAutoShoot.autoTask_INFO [96.306528105] <Event name="StateInfo" time="96.306331769" tag="vvvvv" TaskAutoShoot.state="SHOOT" />
TaskAutoShoot.autoTask_INFO [96.309214771] <Event name="StateInfo" time="96.308959286" tag="^^^^^" TaskAutoShoot.state="SHOOT" />
TaskAutoShoot.autoTask_INFO [96.377739247] <Event name="StateInfo" time="96.377003979" tag="vvvvv" TaskAutoShoot.state="SHOOT" />
TaskAutoShoot.autoTask_INFO [96.380513123] <Event name="StateInfo" time="96.380325886" tag="^^^^^" TaskAutoShoot.state="SHOOT" />
Shooter.LeftShooter.goalTrackingTask_INFO [96.434947976] Shooter.LeftShooter is Ready: rpm1=4350.369591/4441.428870, rpm2=2683.593750/0.000000, tilt=21.138557/20.994810, pan=null/null
TaskAutoShoot.autoTask_INFO [96.456677549] <Event name="StateInfo" time="96.456442213" tag="vvvvv" TaskAutoShoot.state="SHOOT" />
TaskAutoShoot.autoTask_INFO [96.459871185] <Event name="StateInfo" time="96.459524861" tag="^^^^^" TaskAutoShoot.state="SHOOT" />
TaskAutoShoot.autoTask_INFO [96.519106491] <Event name="StateInfo" time="96.518388535" tag="vvvvv" TaskAutoShoot.state="SHOOT" />
TaskAutoShoot.autoTask_INFO [96.520679128] <Event name="StateInfo" time="96.520498133" tag="^^^^^" TaskAutoShoot.state="SHOOT" />
TaskAutoShoot.autoTask_INFO [96.595157641] <Event name="StateInfo" time="96.594978458" tag="vvvvv" TaskAutoShoot.state="SHOOT" />
TaskAutoShoot.autoTask_INFO [96.596978418] <Event name="StateInfo" time="96.596378953" tag="^^^^^" TaskAutoShoot.state="SHOOT" />
TaskAutoShoot.autoTask_INFO [96.66116923] <Event name="StateInfo" time="96.661010001" tag="vvvvv" TaskAutoShoot.state="SHOOT" />
TaskAutoShoot.autoTask_INFO [96.662874497] <Event name="StateInfo" time="96.662566842" tag="^^^^^" TaskAutoShoot.state="SHOOT" />
TaskAutoShoot.autoTask_INFO [96.729760485] <Event name="StateInfo" time="96.729556612" tag="vvvvv" TaskAutoShoot.state="SHOOT" />
TaskAutoShoot.autoTask_INFO [96.736032652] <Event name="StateInfo" time="96.730228892" tag="^^^^^" TaskAutoShoot.state="SHOOT" />
Shooter.RightShooter.goalTrackingTask_INFO [96.814164723] Shooter.RightShooter is Ready: rpm1=5248.611779/5268.484264, rpm2=3235.898438/0.000000, tilt=26.474750/26.769011, pan=null/null
TaskAutoShoot.autoTask_INFO [96.81454816] <Event name="StateInfo" time="96.814404698" tag="vvvvv" TaskAutoShoot.state="SHOOT" />
TaskAutoShoot.autoTask_INFO [96.814788575] <Event name="StateInfo" time="96.814666293" tag="^^^^^" TaskAutoShoot.state="SHOOT" />
TaskAutoShoot.autoTask_INFO [96.883807737] <Event name="StateInfo" time="96.88361181" tag="vvvvv" TaskAutoShoot.state="SHOOT" />
TaskAutoShoot.autoTask_INFO [96.891284088] <Event name="StateInfo" time="96.890216487" tag="^^^^^" TaskAutoShoot.state="SHOOT" />
TaskAutoShoot.autoTask_INFO [96.95892568] <Event name="StateInfo" time="96.958251296" tag="vvvvv" TaskAutoShoot.state="SHOOT" />
TaskAutoShoot.autoTask_INFO [96.959331179] <Event name="StateInfo" time="96.959166532" tag="^^^^^" TaskAutoShoot.state="SHOOT" />
TaskAutoShoot.autoTask_INFO [97.018564041] <Event name="StateInfo" time="97.018397259" tag="vvvvv" TaskAutoShoot.state="SHOOT" />
TaskAutoShoot.autoTask_INFO [97.033230531] <Event name="StateInfo" time="97.033005404" tag="^^^^^" TaskAutoShoot.state="SHOOT" />
TaskAutoShoot.autoTask_INFO [97.124626546] <Event name="StateInfo" time="97.124320693" tag="vvvvv" TaskAutoShoot.state="SHOOT" />
TaskAutoShoot.autoTask_INFO [97.127699367] <Event name="StateInfo" time="97.127470742" tag="^^^^^" TaskAutoShoot.state="SHOOT" />
TaskAutoShoot.autoTask_INFO [97.20405511] <Event name="StateInfo" time="97.203797242" tag="vvvvv" TaskAutoShoot.state="SHOOT" />
TaskAutoShoot.autoTask_INFO [97.204676078] <Event name="StateInfo" time="97.204508022" tag="^^^^^" TaskAutoShoot.state="SHOOT" />
TaskAutoShoot.autoTask_INFO [97.292105142] <Event name="StateInfo" time="97.291915163" tag="vvvvv" TaskAutoShoot.state="SHOOT" />
TaskAutoShoot.autoTask_INFO [97.295142309] <Event name="StateInfo" time="97.294963004" tag="^^^^^" TaskAutoShoot.state="SHOOT" />
TaskAutoShoot.autoTask_INFO [97.360816575] <Event name="StateInfo" time="97.360629585" tag="vvvvv" TaskAutoShoot.state="SHOOT" />
TaskAutoShoot.autoTask_INFO [97.363040817] <Event name="StateInfo" time="97.362035891" tag="^^^^^" TaskAutoShoot.state="SHOOT" />
FrcTeleOp.operatorControllerButtonEvent_INFO [97.371182212] ##### button=Y, pressed=false
FrcTeleOp.shoot_INFO [97.372951001] >>>>> Stop Auto Shoot.
TaskAutoShoot.cancel_INFO [97.374080256] Canceling auto task operation.
TaskAutoShoot.stopSubsystems_INFO [97.387061003] Stopping subsystems.
Shooter.LeftTransferMotor.cancel_INFO [97.391721563] Cancel: stopping motor.
Shooter.RightTransferMotor.cancel_INFO [97.393533447] Cancel: stopping motor.
Shooter.FeederMotor.cancel_INFO [97.395251065] Cancel: stopping motor.
Shooter.LeftShooter.disableGoalTracking_INFO [97.398547516] Disable Goal Tracking.
Shooter.LeftShooter.stopGoalTracking_INFO [97.401807464] Stop GoalTracking.
Shooter.LeftTiltMotor.cancel_INFO [97.403488818] Cancel: stopping motor.
Shooter.LeftPrimaryMotor.cancel_INFO [97.405495869] Cancel: stopping motor.
Shooter.RightShooter.disableGoalTracking_INFO [97.40728083] Disable Goal Tracking.
Shooter.RightShooter.stopGoalTracking_INFO [97.40892846] Stop GoalTracking.
Shooter.RightTiltMotor.cancel_INFO [97.411049003] Cancel: stopping motor.
Shooter.RightPrimaryMotor.cancel_INFO [97.414515374] Cancel: stopping motor.
Shooter.LeftShooter.cancel_INFO [97.415826725] owner=null
Shooter.LeftPrimaryMotor.cancel_INFO [97.41710682] Cancel: stopping motor.
Shooter.LeftTiltMotor.cancel_INFO [97.421797869] Cancel: stopping motor.
Shooter.RightShooter.cancel_INFO [97.423853735] owner=null
Shooter.RightPrimaryMotor.cancel_INFO [97.43933119] Cancel: stopping motor.
Shooter.RightTiltMotor.cancel_INFO [97.442326295] Cancel: stopping motor.
Shooter.LeftTransferMotor.cancel_INFO [97.444500037] Cancel: stopping motor.
Shooter.RightTransferMotor.cancel_INFO [97.447645346] Cancel: stopping motor.
Shooter.FeederMotor.cancel_INFO [97.448751273] Cancel: stopping motor.
FrcTeleOp.operatorControllerButtonEvent_INFO [97.571915677] ##### button=Y, pressed=true
FrcTeleOp.shoot_INFO [97.576978621] >>>>> Start Auto Shoot.
TaskAutoShoot.autoShoot_INFO [97.57863334] autoShoot(owner=null, event=null, taskParams=(autoStop=false, noPassback=false))
Shooter.setupGoalTrackingMode_INFO [97.580966246] GoalTracking(trackingMode=AllianceHub, goalPose=(x=-158.838583,y=469.110472,angle=180.000000), noPassback=false).
Shooter.LeftShooter.enableGoalTracking_INFO [97.583940388] Enable GoalTracking (trackingParams=(trackFlywheel=true,trackTiltPos=true,trackPanPos=true)).
Shooter.LeftPrimaryMotor.cancel_INFO [97.58724427] Cancel: stopping motor.
Shooter.LeftTiltMotor.cancel_INFO [97.589907294] Cancel: stopping motor.
Shooter.RightShooter.enableGoalTracking_INFO [97.592448956] Enable GoalTracking (trackingParams=(trackFlywheel=true,trackTiltPos=true,trackPanPos=true)).
Shooter.RightPrimaryMotor.cancel_INFO [97.594072741] Cancel: stopping motor.
Shooter.RightTiltMotor.cancel_INFO [97.600509126] Cancel: stopping motor.
TaskAutoShoot.autoTask_INFO [97.690556433] <Event name="StateInfo" time="97.690382583" tag="vvvvv" TaskAutoShoot.state="START" />
TaskAutoShoot.runTaskState_INFO [97.692633365] ***** Wait for left Shooter ready.
TaskAutoShoot.runTaskState_INFO [97.694146316] ***** Wait for right Shooter ready.
TaskAutoShoot.runTaskState_INFO [97.695901671] ***** Wait for Turret ready.
TaskAutoShoot.autoTask_INFO [97.698628907] <Event name="StateInfo" time="97.696546242" tag="^^^^^" TaskAutoShoot.state="START" />
Shooter.TurretMotor.pidCtrlTask_INFO [97.729094823] controlMode: Position,onTarget=true(-16.829621183060254/-17.243642577848803), stalled=false, expired=false, event=(TaskAutoShoot.turretReady=SIGNALED)
TaskAutoShoot.autoTask_INFO [97.780511736] <Event name="StateInfo" time="97.779674003" tag="vvvvv" TaskAutoShoot.state="SHOOT" />
TaskAutoShoot.autoTask_INFO [97.782544451] <Event name="StateInfo" time="97.7823599" tag="^^^^^" TaskAutoShoot.state="SHOOT" />
Shooter.RightShooter.goalTrackingTask_INFO [97.858259639] Shooter.RightShooter is Ready: rpm1=5260.159255/5355.513078, rpm2=3299.414063/0.000000, tilt=28.490672/28.459700, pan=null/null
TaskAutoShoot.autoTask_INFO [97.86705203] <Event name="StateInfo" time="97.866863865" tag="vvvvv" TaskAutoShoot.state="SHOOT" />
TaskAutoShoot.runTaskState_INFO [97.867300042] ***** Start right shooter shooting.
Shooter.shoot_INFO [97.870015072] shoot(owner=null, event=(TaskAutoShoot.rightShooterDone=CLEARED), shooter=rightShooter, autoStop=false)
Shooter.RightTransferMotor.cancel_INFO [97.870404765] Cancel: stopping motor.
TaskAutoShoot.autoTask_INFO [97.87548587] <Event name="StateInfo" time="97.875268081" tag="^^^^^" TaskAutoShoot.state="SHOOT" />
TaskAutoShoot.autoTask_INFO [97.955871688] <Event name="StateInfo" time="97.955568882" tag="vvvvv" TaskAutoShoot.state="SHOOT" />
TaskAutoShoot.autoTask_INFO [97.956584982] <Event name="StateInfo" time="97.956197477" tag="^^^^^" TaskAutoShoot.state="SHOOT" />
TaskAutoShoot.autoTask_INFO [98.037319204] <Event name="StateInfo" time="98.037139013" tag="vvvvv" TaskAutoShoot.state="SHOOT" />
TaskAutoShoot.autoTask_INFO [98.03769179] <Event name="StateInfo" time="98.037540586" tag="^^^^^" TaskAutoShoot.state="SHOOT" />
TaskAutoShoot.autoTask_INFO [98.114906519] <Event name="StateInfo" time="98.114659496" tag="vvvvv" TaskAutoShoot.state="SHOOT" />
TaskAutoShoot.autoTask_INFO [98.116183972] <Event name="StateInfo" time="98.115923131" tag="^^^^^" TaskAutoShoot.state="SHOOT" />
TaskAutoShoot.autoTask_INFO [98.194590344] <Event name="StateInfo" time="98.194431625" tag="vvvvv" TaskAutoShoot.state="SHOOT" />
TaskAutoShoot.autoTask_INFO [98.195460316] <Event name="StateInfo" time="98.195282462" tag="^^^^^" TaskAutoShoot.state="SHOOT" />
TaskAutoShoot.autoTask_INFO [98.265425069] <Event name="StateInfo" time="98.265163044" tag="vvvvv" TaskAutoShoot.state="SHOOT" />
TaskAutoShoot.autoTask_INFO [98.266310194] <Event name="StateInfo" time="98.266142891" tag="^^^^^" TaskAutoShoot.state="SHOOT" />
Shooter.LeftShooter.goalTrackingTask_INFO [98.327528629] Shooter.LeftShooter is Ready: rpm1=5275.492788/5338.989530, rpm2=3256.054688/0.000000, tilt=27.265310/27.319092, pan=null/null
TaskAutoShoot.autoTask_INFO [98.350725723] <Event name="StateInfo" time="98.350267671" tag="vvvvv" TaskAutoShoot.state="SHOOT" />
TaskAutoShoot.runTaskState_INFO [98.351077722] ***** Start left shooter shooting.
Shooter.shoot_INFO [98.351424949] shoot(owner=null, event=(TaskAutoShoot.leftShooterDone=CLEARED), shooter=leftShooter, autoStop=false)
Shooter.LeftTransferMotor.cancel_INFO [98.3519899] Cancel: stopping motor.
TaskAutoShoot.autoTask_INFO [98.353303958] <Event name="StateInfo" time="98.353132214" tag="^^^^^" TaskAutoShoot.state="SHOOT" />
FrcTeleOp.driverControllerButtonEvent_INFO [98.54846795] ##### button=A, pressed=true
FrcTeleOp.driverControllerButtonEvent_INFO [98.678037246] ##### button=A, pressed=false
FrcTeleOp.operatorControllerButtonEvent_INFO [99.865650007] ##### button=Y, pressed=false
FrcTeleOp.shoot_INFO [99.866170329] >>>>> Stop Auto Shoot.
TaskAutoShoot.cancel_INFO [99.866452232] Canceling auto task operation.
TaskAutoShoot.stopSubsystems_INFO [99.868349478] Stopping subsystems.
Shooter.LeftTransferMotor.cancel_INFO [99.868730022] Cancel: stopping motor.
Shooter.RightTransferMotor.cancel_INFO [99.869242036] Cancel: stopping motor.
Shooter.FeederMotor.cancel_INFO [99.870393676] Cancel: stopping motor.
Shooter.LeftShooter.disableGoalTracking_INFO [99.871073234] Disable Goal Tracking.
Shooter.LeftShooter.stopGoalTracking_INFO [99.871315336] Stop GoalTracking.
Shooter.LeftTiltMotor.cancel_INFO [99.871589215] Cancel: stopping motor.
Shooter.LeftPrimaryMotor.cancel_INFO [99.872860537] Cancel: stopping motor.
Shooter.RightShooter.disableGoalTracking_INFO [99.876681547] Disable Goal Tracking.
Shooter.RightShooter.stopGoalTracking_INFO [99.876942319] Stop GoalTracking.
Shooter.RightTiltMotor.cancel_INFO [99.877242284] Cancel: stopping motor.
Shooter.RightPrimaryMotor.cancel_INFO [99.878247164] Cancel: stopping motor.
Shooter.LeftShooter.cancel_INFO [99.880139543] owner=null
Shooter.LeftPrimaryMotor.cancel_INFO [99.880808878] Cancel: stopping motor.
Shooter.LeftTiltMotor.cancel_INFO [99.881377809] Cancel: stopping motor.
Shooter.RightShooter.cancel_INFO [99.881691709] owner=null
Shooter.RightPrimaryMotor.cancel_INFO [99.882531854] Cancel: stopping motor.
Shooter.RightTiltMotor.cancel_INFO [99.885787913] Cancel: stopping motor.
Shooter.LeftTransferMotor.cancel_INFO [99.88641667] Cancel: stopping motor.
Shooter.RightTransferMotor.cancel_INFO [99.886797976] Cancel: stopping motor.
Shooter.FeederMotor.cancel_INFO [99.887125193] Cancel: stopping motor.
FrcTeleOp.driverControllerButtonEvent_INFO [106.30628385] ##### button=LeftStickButton, pressed=true
FrcTeleOp.driverControllerButtonEvent_INFO [107.070980573] ##### button=LeftStickButton, pressed=false
FrcTeleOp.operatorControllerButtonEvent_INFO [109.947176566] ##### button=Y, pressed=true
FrcTeleOp.shoot_INFO [109.948283696] >>>>> Start Auto Shoot.
TaskAutoShoot.autoShoot_INFO [109.948990309] autoShoot(owner=null, event=null, taskParams=(autoStop=false, noPassback=false))
Shooter.setupGoalTrackingMode_INFO [109.950304581] GoalTracking(trackingMode=AllianceHub, goalPose=(x=-158.838583,y=469.110472,angle=180.000000), noPassback=false).
Shooter.LeftShooter.enableGoalTracking_INFO [109.951010338] Enable GoalTracking (trackingParams=(trackFlywheel=true,trackTiltPos=true,trackPanPos=true)).
Shooter.LeftPrimaryMotor.cancel_INFO [109.952079363] Cancel: stopping motor.
Shooter.LeftTiltMotor.cancel_INFO [109.953263696] Cancel: stopping motor.
Shooter.RightShooter.enableGoalTracking_INFO [109.9540806] Enable GoalTracking (trackingParams=(trackFlywheel=true,trackTiltPos=true,trackPanPos=true)).
Shooter.RightPrimaryMotor.cancel_INFO [109.954847853] Cancel: stopping motor.
Shooter.RightTiltMotor.cancel_INFO [109.957338617] Cancel: stopping motor.
TaskAutoShoot.autoTask_INFO [110.044018615] <Event name="StateInfo" time="110.04313742" tag="vvvvv" TaskAutoShoot.state="START" />
TaskAutoShoot.runTaskState_INFO [110.044601148] ***** Wait for left Shooter ready.
TaskAutoShoot.runTaskState_INFO [110.046536395] ***** Wait for right Shooter ready.
TaskAutoShoot.runTaskState_INFO [110.048532219] ***** Wait for Turret ready.
TaskAutoShoot.autoTask_INFO [110.049837217] <Event name="StateInfo" time="110.049543777" tag="^^^^^" TaskAutoShoot.state="START" />
TaskAutoShoot.autoTask_INFO [110.18469243] <Event name="StateInfo" time="110.184523142" tag="vvvvv" TaskAutoShoot.state="SHOOT" />
TaskAutoShoot.autoTask_INFO [110.187157461] <Event name="StateInfo" time="110.186752073" tag="^^^^^" TaskAutoShoot.state="SHOOT" />
TaskAutoShoot.autoTask_INFO [110.252247033] <Event name="StateInfo" time="110.250531493" tag="vvvvv" TaskAutoShoot.state="SHOOT" />
TaskAutoShoot.autoTask_INFO [110.255625767] <Event name="StateInfo" time="110.255420433" tag="^^^^^" TaskAutoShoot.state="SHOOT" />
TaskAutoShoot.autoTask_INFO [110.358478849] <Event name="StateInfo" time="110.357949949" tag="vvvvv" TaskAutoShoot.state="SHOOT" />
TaskAutoShoot.autoTask_INFO [110.366132613] <Event name="StateInfo" time="110.358929401" tag="^^^^^" TaskAutoShoot.state="SHOOT" />
TaskAutoShoot.autoTask_INFO [110.444870035] <Event name="StateInfo" time="110.443574264" tag="vvvvv" TaskAutoShoot.state="SHOOT" />
TaskAutoShoot.autoTask_INFO [110.44628871] <Event name="StateInfo" time="110.446090154" tag="^^^^^" TaskAutoShoot.state="SHOOT" />
FrcTeleOp.operatorControllerButtonEvent_INFO [110.45232684] ##### button=Y, pressed=false
FrcTeleOp.shoot_INFO [110.454117353] >>>>> Stop Auto Shoot.
TaskAutoShoot.cancel_INFO [110.454942083] Canceling auto task operation.
TaskAutoShoot.stopSubsystems_INFO [110.458448114] Stopping subsystems.
Shooter.LeftTransferMotor.cancel_INFO [110.459652983] Cancel: stopping motor.
Shooter.RightTransferMotor.cancel_INFO [110.462049623] Cancel: stopping motor.
Shooter.FeederMotor.cancel_INFO [110.464869166] Cancel: stopping motor.
Shooter.LeftShooter.disableGoalTracking_INFO [110.467721306] Disable Goal Tracking.
Shooter.LeftShooter.stopGoalTracking_INFO [110.47006357] Stop GoalTracking.
Shooter.LeftTiltMotor.cancel_INFO [110.470922273] Cancel: stopping motor.
Shooter.LeftPrimaryMotor.cancel_INFO [110.471971953] Cancel: stopping motor.
Shooter.RightShooter.disableGoalTracking_INFO [110.473220207] Disable Goal Tracking.
Shooter.RightShooter.stopGoalTracking_INFO [110.474296496] Stop GoalTracking.
Shooter.RightTiltMotor.cancel_INFO [110.475091011] Cancel: stopping motor.
Shooter.RightPrimaryMotor.cancel_INFO [110.475955835] Cancel: stopping motor.
Shooter.LeftShooter.cancel_INFO [110.480933218] owner=null
Shooter.LeftPrimaryMotor.cancel_INFO [110.499187485] Cancel: stopping motor.
Shooter.LeftTiltMotor.cancel_INFO [110.50137967] Cancel: stopping motor.
Shooter.RightShooter.cancel_INFO [110.503397842] owner=null
Shooter.RightPrimaryMotor.cancel_INFO [110.505545622] Cancel: stopping motor.
Shooter.RightTiltMotor.cancel_INFO [110.508495589] Cancel: stopping motor.
Shooter.LeftTransferMotor.cancel_INFO [110.517274557] Cancel: stopping motor.
Shooter.RightTransferMotor.cancel_INFO [110.520274767] Cancel: stopping motor.
Shooter.FeederMotor.cancel_INFO [110.521084732] Cancel: stopping motor.
FrcTeleOp.operatorControllerButtonEvent_INFO [112.085594918] ##### button=Y, pressed=true
FrcTeleOp.shoot_INFO [112.086845295] >>>>> Start Auto Shoot.
TaskAutoShoot.autoShoot_INFO [112.087544046] autoShoot(owner=null, event=null, taskParams=(autoStop=false, noPassback=false))
Shooter.setupGoalTrackingMode_INFO [112.088529105] GoalTracking(trackingMode=AllianceHub, goalPose=(x=-158.838583,y=469.110472,angle=180.000000), noPassback=false).
Shooter.LeftShooter.enableGoalTracking_INFO [112.089475947] Enable GoalTracking (trackingParams=(trackFlywheel=true,trackTiltPos=true,trackPanPos=true)).
Shooter.LeftPrimaryMotor.cancel_INFO [112.090866355] Cancel: stopping motor.
Shooter.LeftTiltMotor.cancel_INFO [112.091837859] Cancel: stopping motor.
Shooter.RightShooter.enableGoalTracking_INFO [112.093616159] Enable GoalTracking (trackingParams=(trackFlywheel=true,trackTiltPos=true,trackPanPos=true)).
Shooter.RightPrimaryMotor.cancel_INFO [112.095245755] Cancel: stopping motor.
Shooter.RightTiltMotor.cancel_INFO [112.096760427] Cancel: stopping motor.
Shooter.LeftShooter.goalTrackingTask_INFO [112.159690371] Shooter.LeftShooter is TimedOut: rpm1=309.699519/5517.134916, rpm2=167.226563/0.000000, tilt=17.304403/28.820764, pan=null/null
Shooter.RightShooter.goalTrackingTask_INFO [112.19139175] Shooter.RightShooter is TimedOut: rpm1=770.273438/5375.339975, rpm2=469.921875/0.000000, tilt=16.988184/28.820764, pan=null/null
TaskAutoShoot.autoTask_INFO [112.193931239] <Event name="StateInfo" time="112.191865815" tag="vvvvv" TaskAutoShoot.state="START" />
TaskAutoShoot.runTaskState_INFO [112.20335174] ***** Wait for left Shooter ready.
TaskAutoShoot.runTaskState_INFO [112.203618253] ***** Wait for right Shooter ready.
TaskAutoShoot.runTaskState_INFO [112.203807761] ***** Wait for Turret ready.
TaskAutoShoot.autoTask_INFO [112.204147797] <Event name="StateInfo" time="112.203961654" tag="^^^^^" TaskAutoShoot.state="START" />
Shooter.TurretMotor.pidCtrlTask_INFO [112.272280964] controlMode: Position,onTarget=true(-149.23388992126115/-146.60147946479532), stalled=false, expired=false, event=(TaskAutoShoot.turretReady=SIGNALED)
TaskAutoShoot.autoTask_INFO [112.35029018] <Event name="StateInfo" time="112.349966125" tag="vvvvv" TaskAutoShoot.state="SHOOT" />
TaskAutoShoot.autoTask_INFO [112.351949653] <Event name="StateInfo" time="112.351686412" tag="^^^^^" TaskAutoShoot.state="SHOOT" />
TaskAutoShoot.autoTask_INFO [112.40861659] <Event name="StateInfo" time="112.408446245" tag="vvvvv" TaskAutoShoot.state="SHOOT" />
TaskAutoShoot.autoTask_INFO [112.411482222] <Event name="StateInfo" time="112.411114124" tag="^^^^^" TaskAutoShoot.state="SHOOT" />
TaskAutoShoot.autoTask_INFO [112.476336449] <Event name="StateInfo" time="112.475866843" tag="vvvvv" TaskAutoShoot.state="SHOOT" />
TaskAutoShoot.autoTask_INFO [112.478098155] <Event name="StateInfo" time="112.477820238" tag="^^^^^" TaskAutoShoot.state="SHOOT" />
TaskAutoShoot.autoTask_INFO [112.563501061] <Event name="StateInfo" time="112.563334676" tag="vvvvv" TaskAutoShoot.state="SHOOT" />
TaskAutoShoot.autoTask_INFO [112.564533578] <Event name="StateInfo" time="112.564364883" tag="^^^^^" TaskAutoShoot.state="SHOOT" />
TaskAutoShoot.autoTask_INFO [112.630356434] <Event name="StateInfo" time="112.630188355" tag="vvvvv" TaskAutoShoot.state="SHOOT" />
TaskAutoShoot.autoTask_INFO [112.633910031] <Event name="StateInfo" time="112.630551256" tag="^^^^^" TaskAutoShoot.state="SHOOT" />
TaskAutoShoot.autoTask_INFO [112.715413824] <Event name="StateInfo" time="112.715221797" tag="vvvvv" TaskAutoShoot.state="SHOOT" />
TaskAutoShoot.autoTask_INFO [112.719205905] <Event name="StateInfo" time="112.719025434" tag="^^^^^" TaskAutoShoot.state="SHOOT" />
TaskAutoShoot.autoTask_INFO [112.795321817] <Event name="StateInfo" time="112.795123521" tag="vvvvv" TaskAutoShoot.state="SHOOT" />
TaskAutoShoot.autoTask_INFO [112.804527723] <Event name="StateInfo" time="112.800495889" tag="^^^^^" TaskAutoShoot.state="SHOOT" />
TaskAutoShoot.autoTask_INFO [112.870661429] <Event name="StateInfo" time="112.870484688" tag="vvvvv" TaskAutoShoot.state="SHOOT" />
TaskAutoShoot.autoTask_INFO [112.871236086] <Event name="StateInfo" time="112.871078956" tag="^^^^^" TaskAutoShoot.state="SHOOT" />
TaskAutoShoot.autoTask_INFO [112.944632913] <Event name="StateInfo" time="112.944472872" tag="vvvvv" TaskAutoShoot.state="SHOOT" />
TaskAutoShoot.autoTask_INFO [112.945154385] <Event name="StateInfo" time="112.944820702" tag="^^^^^" TaskAutoShoot.state="SHOOT" />
TaskAutoShoot.autoTask_INFO [113.016632984] <Event name="StateInfo" time="113.016240288" tag="vvvvv" TaskAutoShoot.state="SHOOT" />
TaskAutoShoot.autoTask_INFO [113.017080514] <Event name="StateInfo" time="113.016916756" tag="^^^^^" TaskAutoShoot.state="SHOOT" />
TaskAutoShoot.autoTask_INFO [113.090202788] <Event name="StateInfo" time="113.089894575" tag="vvvvv" TaskAutoShoot.state="SHOOT" />
TaskAutoShoot.autoTask_INFO [113.090618279] <Event name="StateInfo" time="113.090468265" tag="^^^^^" TaskAutoShoot.state="SHOOT" />
TaskAutoShoot.autoTask_INFO [113.15055063] <Event name="StateInfo" time="113.150358549" tag="vvvvv" TaskAutoShoot.state="SHOOT" />
TaskAutoShoot.autoTask_INFO [113.151034463] <Event name="StateInfo" time="113.150878837" tag="^^^^^" TaskAutoShoot.state="SHOOT" />
TaskAutoShoot.autoTask_INFO [113.237324777] <Event name="StateInfo" time="113.236931145" tag="vvvvv" TaskAutoShoot.state="SHOOT" />
TaskAutoShoot.autoTask_INFO [113.244800401] <Event name="StateInfo" time="113.244544748" tag="^^^^^" TaskAutoShoot.state="SHOOT" />
TaskAutoShoot.autoTask_INFO [113.31159468] <Event name="StateInfo" time="113.311316693" tag="vvvvv" TaskAutoShoot.state="SHOOT" />
TaskAutoShoot.autoTask_INFO [113.312358644] <Event name="StateInfo" time="113.311801577" tag="^^^^^" TaskAutoShoot.state="SHOOT" />
TaskAutoShoot.autoTask_INFO [113.396734945] <Event name="StateInfo" time="113.396249697" tag="vvvvv" TaskAutoShoot.state="SHOOT" />
TaskAutoShoot.autoTask_INFO [113.402780624] <Event name="StateInfo" time="113.397072632" tag="^^^^^" TaskAutoShoot.state="SHOOT" />
TaskAutoShoot.autoTask_INFO [113.484944653] <Event name="StateInfo" time="113.484751213" tag="vvvvv" TaskAutoShoot.state="SHOOT" />
TaskAutoShoot.autoTask_INFO [113.486658218] <Event name="StateInfo" time="113.486487807" tag="^^^^^" TaskAutoShoot.state="SHOOT" />
FrcTeleOp.operatorControllerButtonEvent_INFO [113.4913562] ##### button=Y, pressed=false
FrcTeleOp.shoot_INFO [113.492850703] >>>>> Stop Auto Shoot.
TaskAutoShoot.cancel_INFO [113.493897414] Canceling auto task operation.
TaskAutoShoot.stopSubsystems_INFO [113.494699487] Stopping subsystems.
Shooter.LeftTransferMotor.cancel_INFO [113.495564371] Cancel: stopping motor.
Shooter.RightTransferMotor.cancel_INFO [113.497447651] Cancel: stopping motor.
Shooter.FeederMotor.cancel_INFO [113.502141221] Cancel: stopping motor.
Shooter.LeftShooter.disableGoalTracking_INFO [113.503353518] Disable Goal Tracking.
Shooter.LeftShooter.stopGoalTracking_INFO [113.504103216] Stop GoalTracking.
Shooter.LeftTiltMotor.cancel_INFO [113.505270117] Cancel: stopping motor.
Shooter.LeftPrimaryMotor.cancel_INFO [113.506656179] Cancel: stopping motor.
Shooter.RightShooter.disableGoalTracking_INFO [113.507803451] Disable Goal Tracking.
Shooter.RightShooter.stopGoalTracking_INFO [113.508560289] Stop GoalTracking.
Shooter.RightTiltMotor.cancel_INFO [113.511340012] Cancel: stopping motor.
Shooter.RightPrimaryMotor.cancel_INFO [113.512994353] Cancel: stopping motor.
Shooter.LeftShooter.cancel_INFO [113.514238906] owner=null
Shooter.LeftPrimaryMotor.cancel_INFO [113.515181083] Cancel: stopping motor.
Shooter.LeftTiltMotor.cancel_INFO [113.516214717] Cancel: stopping motor.
Shooter.RightShooter.cancel_INFO [113.517471913] owner=null
Shooter.RightPrimaryMotor.cancel_INFO [113.51882267] Cancel: stopping motor.
Shooter.RightTiltMotor.cancel_INFO [113.522524285] Cancel: stopping motor.
Shooter.LeftTransferMotor.cancel_INFO [113.523731102] Cancel: stopping motor.
Shooter.RightTransferMotor.cancel_INFO [113.524596699] Cancel: stopping motor.
Shooter.FeederMotor.cancel_INFO [113.525457276] Cancel: stopping motor.
FrcTeleOp.operatorControllerButtonEvent_INFO [113.647525188] ##### button=Y, pressed=true
FrcTeleOp.shoot_INFO [113.649549726] >>>>> Start Auto Shoot.
TaskAutoShoot.autoShoot_INFO [113.650481333] autoShoot(owner=null, event=null, taskParams=(autoStop=false, noPassback=false))
Shooter.setupGoalTrackingMode_INFO [113.651633524] GoalTracking(trackingMode=AllianceHub, goalPose=(x=-158.838583,y=469.110472,angle=180.000000), noPassback=false).
Shooter.LeftShooter.enableGoalTracking_INFO [113.653055053] Enable GoalTracking (trackingParams=(trackFlywheel=true,trackTiltPos=true,trackPanPos=true)).
Shooter.LeftPrimaryMotor.cancel_INFO [113.657508491] Cancel: stopping motor.
Shooter.LeftTiltMotor.cancel_INFO [113.660048559] Cancel: stopping motor.
Shooter.RightShooter.enableGoalTracking_INFO [113.661152919] Enable GoalTracking (trackingParams=(trackFlywheel=true,trackTiltPos=true,trackPanPos=true)).
Shooter.RightPrimaryMotor.cancel_INFO [113.664575001] Cancel: stopping motor.
Shooter.RightTiltMotor.cancel_INFO [113.668275524] Cancel: stopping motor.
TaskAutoShoot.autoTask_INFO [113.740618672] <Event name="StateInfo" time="113.740439473" tag="vvvvv" TaskAutoShoot.state="START" />
TaskAutoShoot.runTaskState_INFO [113.745333493] ***** Wait for left Shooter ready.
TaskAutoShoot.runTaskState_INFO [113.746544284] ***** Wait for right Shooter ready.
TaskAutoShoot.runTaskState_INFO [113.748485175] ***** Wait for Turret ready.
TaskAutoShoot.autoTask_INFO [113.749767689] <Event name="StateInfo" time="113.749587313" tag="^^^^^" TaskAutoShoot.state="START" />
Shooter.TurretMotor.pidCtrlTask_INFO [113.826282552] controlMode: Position,onTarget=true(-53.20096614175114/-50.243705057253834), stalled=false, expired=false, event=(TaskAutoShoot.turretReady=SIGNALED)
TaskAutoShoot.autoTask_INFO [113.889217287] <Event name="StateInfo" time="113.888589908" tag="vvvvv" TaskAutoShoot.state="SHOOT" />
TaskAutoShoot.autoTask_INFO [113.891408738] <Event name="StateInfo" time="113.890795515" tag="^^^^^" TaskAutoShoot.state="SHOOT" />
TaskAutoShoot.autoTask_INFO [113.962232004] <Event name="StateInfo" time="113.96189764" tag="vvvvv" TaskAutoShoot.state="SHOOT" />
TaskAutoShoot.autoTask_INFO [113.963209221] <Event name="StateInfo" time="113.962801044" tag="^^^^^" TaskAutoShoot.state="SHOOT" />
TaskAutoShoot.autoTask_INFO [114.039343206] <Event name="StateInfo" time="114.03903056" tag="vvvvv" TaskAutoShoot.state="SHOOT" />
TaskAutoShoot.autoTask_INFO [114.043995579] <Event name="StateInfo" time="114.041321245" tag="^^^^^" TaskAutoShoot.state="SHOOT" />
TaskAutoShoot.autoTask_INFO [114.118993044] <Event name="StateInfo" time="114.118821843" tag="vvvvv" TaskAutoShoot.state="SHOOT" />
TaskAutoShoot.autoTask_INFO [114.12628307] <Event name="StateInfo" time="114.126114386" tag="^^^^^" TaskAutoShoot.state="SHOOT" />
TaskAutoShoot.autoTask_INFO [114.218929505] <Event name="StateInfo" time="114.218762195" tag="vvvvv" TaskAutoShoot.state="SHOOT" />
TaskAutoShoot.autoTask_INFO [114.225386666] <Event name="StateInfo" time="114.219635661" tag="^^^^^" TaskAutoShoot.state="SHOOT" />
Shooter.LeftShooter.goalTrackingTask_INFO [114.271076184] Shooter.LeftShooter is Ready: rpm1=5087.893630/5097.424708, rpm2=3114.726563/0.000000, tilt=24.933179/25.441948, pan=null/null
Shooter.RightShooter.goalTrackingTask_INFO [114.295591352] Shooter.RightShooter is Ready: rpm1=4931.340144/4991.106203, rpm2=2988.398438/0.000000, tilt=24.893652/25.441948, pan=null/null
TaskAutoShoot.autoTask_INFO [114.29622624] <Event name="StateInfo" time="114.296058124" tag="vvvvv" TaskAutoShoot.state="SHOOT" />
TaskAutoShoot.runTaskState_INFO [114.296864247] ***** Start left shooter shooting.
Shooter.shoot_INFO [114.297472504] shoot(owner=null, event=(TaskAutoShoot.leftShooterDone=CLEARED), shooter=leftShooter, autoStop=false)
Shooter.LeftTransferMotor.cancel_INFO [114.298291361] Cancel: stopping motor.
TaskAutoShoot.runTaskState_INFO [114.300689529] ***** Start right shooter shooting.
Shooter.shoot_INFO [114.301664227] shoot(owner=null, event=(TaskAutoShoot.rightShooterDone=CLEARED), shooter=rightShooter, autoStop=false)
Shooter.RightTransferMotor.cancel_INFO [114.302787987] Cancel: stopping motor.
TaskAutoShoot.autoTask_INFO [114.304739384] <Event name="StateInfo" time="114.304462837" tag="^^^^^" TaskAutoShoot.state="SHOOT" />
FrcTeleOp.driverControllerButtonEvent_INFO [114.972003189] ##### button=A, pressed=true
FrcTeleOp.driverControllerButtonEvent_INFO [115.043102004] ##### button=A, pressed=false
Shooter.setupGoalTrackingMode_INFO [117.561908714] GoalTracking(trackingMode=AllianceHub, goalPose=(x=-158.838583,y=469.110472,angle=180.000000), noPassback=false).
FrcTeleOp.driverControllerButtonEvent_INFO [117.883889803] ##### button=A, pressed=true
FrcTeleOp.driverControllerButtonEvent_INFO [117.951854013] ##### button=A, pressed=false
FrcTeleOp.operatorControllerButtonEvent_INFO [117.957309097] ##### button=Y, pressed=false
FrcTeleOp.shoot_INFO [117.970429898] >>>>> Stop Auto Shoot.
TaskAutoShoot.cancel_INFO [117.970830003] Canceling auto task operation.
TaskAutoShoot.stopSubsystems_INFO [117.971550211] Stopping subsystems.
Shooter.LeftTransferMotor.cancel_INFO [117.975350087] Cancel: stopping motor.
Shooter.RightTransferMotor.cancel_INFO [117.984030218] Cancel: stopping motor.
Shooter.FeederMotor.cancel_INFO [117.986712555] Cancel: stopping motor.
Shooter.LeftShooter.disableGoalTracking_INFO [117.987771072] Disable Goal Tracking.
Shooter.LeftShooter.stopGoalTracking_INFO [117.989266556] Stop GoalTracking.
Shooter.LeftTiltMotor.cancel_INFO [117.991800511] Cancel: stopping motor.
Shooter.LeftPrimaryMotor.cancel_INFO [117.99412849] Cancel: stopping motor.
Shooter.RightShooter.disableGoalTracking_INFO [118.001350547] Disable Goal Tracking.
Shooter.RightShooter.stopGoalTracking_INFO [118.007769795] Stop GoalTracking.
Shooter.RightTiltMotor.cancel_INFO [118.008815025] Cancel: stopping motor.
Shooter.RightPrimaryMotor.cancel_INFO [118.01049518] Cancel: stopping motor.
Shooter.LeftShooter.cancel_INFO [118.01334689] owner=null
Shooter.LeftPrimaryMotor.cancel_INFO [118.014588961] Cancel: stopping motor.
Shooter.LeftTiltMotor.cancel_INFO [118.017572685] Cancel: stopping motor.
Shooter.RightShooter.cancel_INFO [118.018444497] owner=null
Shooter.RightPrimaryMotor.cancel_INFO [118.02017375] Cancel: stopping motor.
Shooter.RightTiltMotor.cancel_INFO [118.022032686] Cancel: stopping motor.
Shooter.LeftTransferMotor.cancel_INFO [118.023539009] Cancel: stopping motor.
Shooter.RightTransferMotor.cancel_INFO [118.025771261] Cancel: stopping motor.
Shooter.FeederMotor.cancel_INFO [118.027092973] Cancel: stopping motor.
FrcTeleOp.operatorControllerButtonEvent_INFO [121.131044399] ##### button=Y, pressed=true
FrcTeleOp.shoot_INFO [121.134172294] >>>>> Start Auto Shoot.
TaskAutoShoot.autoShoot_INFO [121.134555177] autoShoot(owner=null, event=null, taskParams=(autoStop=false, noPassback=false))
Shooter.setupGoalTrackingMode_INFO [121.135776664] GoalTracking(trackingMode=AllianceHub, goalPose=(x=-158.838583,y=469.110472,angle=180.000000), noPassback=false).
Shooter.LeftShooter.enableGoalTracking_INFO [121.136216653] Enable GoalTracking (trackingParams=(trackFlywheel=true,trackTiltPos=true,trackPanPos=true)).
Shooter.LeftPrimaryMotor.cancel_INFO [121.136604034] Cancel: stopping motor.
Shooter.LeftTiltMotor.cancel_INFO [121.137110215] Cancel: stopping motor.
Shooter.RightShooter.enableGoalTracking_INFO [121.137546911] Enable GoalTracking (trackingParams=(trackFlywheel=true,trackTiltPos=true,trackPanPos=true)).
Shooter.RightPrimaryMotor.cancel_INFO [121.138088963] Cancel: stopping motor.
Shooter.RightTiltMotor.cancel_INFO [121.138770964] Cancel: stopping motor.
TaskAutoShoot.autoTask_INFO [121.220054713] <Event name="StateInfo" time="121.219822496" tag="vvvvv" TaskAutoShoot.state="START" />
TaskAutoShoot.runTaskState_INFO [121.220336733] ***** Wait for left Shooter ready.
TaskAutoShoot.runTaskState_INFO [121.220530663] ***** Wait for right Shooter ready.
TaskAutoShoot.runTaskState_INFO [121.22540431] ***** Wait for Turret ready.
TaskAutoShoot.autoTask_INFO [121.227027096] <Event name="StateInfo" time="121.226194557" tag="^^^^^" TaskAutoShoot.state="START" />
TaskAutoShoot.autoTask_INFO [121.368332685] <Event name="StateInfo" time="121.368147442" tag="vvvvv" TaskAutoShoot.state="SHOOT" />
TaskAutoShoot.autoTask_INFO [121.373924662] <Event name="StateInfo" time="121.373744035" tag="^^^^^" TaskAutoShoot.state="SHOOT" />
TaskAutoShoot.autoTask_INFO [121.45857967] <Event name="StateInfo" time="121.45838791" tag="vvvvv" TaskAutoShoot.state="SHOOT" />
TaskAutoShoot.autoTask_INFO [121.459612007] <Event name="StateInfo" time="121.459365557" tag="^^^^^" TaskAutoShoot.state="SHOOT" />
TaskAutoShoot.autoTask_INFO [121.521857951] <Event name="StateInfo" time="121.521540662" tag="vvvvv" TaskAutoShoot.state="SHOOT" />
TaskAutoShoot.autoTask_INFO [121.529134015] <Event name="StateInfo" time="121.528923097" tag="^^^^^" TaskAutoShoot.state="SHOOT" />
FrcTeleOp.operatorControllerButtonEvent_INFO [121.533587986] ##### button=Y, pressed=false
FrcTeleOp.shoot_INFO [121.535551426] >>>>> Stop Auto Shoot.
TaskAutoShoot.cancel_INFO [121.536466031] Canceling auto task operation.
TaskAutoShoot.stopSubsystems_INFO [121.538310974] Stopping subsystems.
Shooter.LeftTransferMotor.cancel_INFO [121.541023059] Cancel: stopping motor.
Shooter.RightTransferMotor.cancel_INFO [121.542884515] Cancel: stopping motor.
Shooter.FeederMotor.cancel_INFO [121.543680556] Cancel: stopping motor.
Shooter.LeftShooter.disableGoalTracking_INFO [121.545811491] Disable Goal Tracking.
Shooter.LeftShooter.stopGoalTracking_INFO [121.547041839] Stop GoalTracking.
Shooter.LeftTiltMotor.cancel_INFO [121.548315332] Cancel: stopping motor.
Shooter.LeftPrimaryMotor.cancel_INFO [121.550015843] Cancel: stopping motor.
Shooter.RightShooter.disableGoalTracking_INFO [121.551880858] Disable Goal Tracking.
Shooter.RightShooter.stopGoalTracking_INFO [121.554018782] Stop GoalTracking.
Shooter.RightTiltMotor.cancel_INFO [121.556363832] Cancel: stopping motor.
Shooter.RightPrimaryMotor.cancel_INFO [121.558803872] Cancel: stopping motor.
Shooter.LeftShooter.cancel_INFO [121.56008277] owner=null
Shooter.LeftPrimaryMotor.cancel_INFO [121.563177849] Cancel: stopping motor.
Shooter.LeftTiltMotor.cancel_INFO [121.564620263] Cancel: stopping motor.
Shooter.RightShooter.cancel_INFO [121.566178129] owner=null
Shooter.RightPrimaryMotor.cancel_INFO [121.568400861] Cancel: stopping motor.
Shooter.RightTiltMotor.cancel_INFO [121.570361264] Cancel: stopping motor.
Shooter.LeftTransferMotor.cancel_INFO [121.573134245] Cancel: stopping motor.
Shooter.RightTransferMotor.cancel_INFO [121.574042366] Cancel: stopping motor.
Shooter.FeederMotor.cancel_INFO [121.574336627] Cancel: stopping motor.
FrcTeleOp.operatorControllerButtonEvent_INFO [121.708550987] ##### button=Y, pressed=true
FrcTeleOp.shoot_INFO [121.710383186] >>>>> Start Auto Shoot.
TaskAutoShoot.autoShoot_INFO [121.711561341] autoShoot(owner=null, event=null, taskParams=(autoStop=false, noPassback=false))
Shooter.setupGoalTrackingMode_INFO [121.713362534] GoalTracking(trackingMode=AllianceHub, goalPose=(x=-158.838583,y=469.110472,angle=180.000000), noPassback=false).
Shooter.LeftShooter.enableGoalTracking_INFO [121.714592968] Enable GoalTracking (trackingParams=(trackFlywheel=true,trackTiltPos=true,trackPanPos=true)).
Shooter.LeftPrimaryMotor.cancel_INFO [121.71581938] Cancel: stopping motor.
Shooter.LeftTiltMotor.cancel_INFO [121.718100723] Cancel: stopping motor.
Shooter.RightShooter.enableGoalTracking_INFO [121.71999433] Enable GoalTracking (trackingParams=(trackFlywheel=true,trackTiltPos=true,trackPanPos=true)).
Shooter.RightPrimaryMotor.cancel_INFO [121.721286287] Cancel: stopping motor.
Shooter.RightTiltMotor.cancel_INFO [121.724321862] Cancel: stopping motor.
TaskAutoShoot.autoTask_INFO [121.803545739] <Event name="StateInfo" time="121.80323454" tag="vvvvv" TaskAutoShoot.state="START" />
TaskAutoShoot.runTaskState_INFO [121.806559283] ***** Wait for left Shooter ready.
TaskAutoShoot.runTaskState_INFO [121.807328767] ***** Wait for right Shooter ready.
TaskAutoShoot.runTaskState_INFO [121.808204345] ***** Wait for Turret ready.
TaskAutoShoot.autoTask_INFO [121.809530975] <Event name="StateInfo" time="121.809163823" tag="^^^^^" TaskAutoShoot.state="START" />
Shooter.TurretMotor.pidCtrlTask_INFO [121.843751232] controlMode: Position,onTarget=true(-26.060223906253356/-25.8268057055552), stalled=false, expired=false, event=(TaskAutoShoot.turretReady=SIGNALED)
TaskAutoShoot.autoTask_INFO [121.898559544] <Event name="StateInfo" time="121.898180095" tag="vvvvv" TaskAutoShoot.state="SHOOT" />
TaskAutoShoot.autoTask_INFO [121.90361399] <Event name="StateInfo" time="121.903429991" tag="^^^^^" TaskAutoShoot.state="SHOOT" />
TaskAutoShoot.autoTask_INFO [121.987338843] <Event name="StateInfo" time="121.98692995" tag="vvvvv" TaskAutoShoot.state="SHOOT" />
TaskAutoShoot.autoTask_INFO [121.987692121] <Event name="StateInfo" time="121.987542483" tag="^^^^^" TaskAutoShoot.state="SHOOT" />
TaskAutoShoot.autoTask_INFO [122.056319178] <Event name="StateInfo" time="122.055526428" tag="vvvvv" TaskAutoShoot.state="SHOOT" />
TaskAutoShoot.autoTask_INFO [122.057820311] <Event name="StateInfo" time="122.057625849" tag="^^^^^" TaskAutoShoot.state="SHOOT" />
TaskAutoShoot.autoTask_INFO [122.124859429] <Event name="StateInfo" time="122.124597947" tag="vvvvv" TaskAutoShoot.state="SHOOT" />
TaskAutoShoot.autoTask_INFO [122.125747252] <Event name="StateInfo" time="122.125289339" tag="^^^^^" TaskAutoShoot.state="SHOOT" />
Shooter.LeftShooter.goalTrackingTask_INFO [122.187424179] Shooter.LeftShooter is Ready: rpm1=5457.980769/5419.860600, rpm2=3317.460938/0.000000, tilt=28.016340/27.986823, pan=null/null
Shooter.RightShooter.goalTrackingTask_INFO [122.208170829] Shooter.RightShooter is Ready: rpm1=5337.962740/5419.860600, rpm2=3271.054688/0.000000, tilt=28.016338/27.986823, pan=null/null
TaskAutoShoot.autoTask_INFO [122.208783995] <Event name="StateInfo" time="122.208638813" tag="vvvvv" TaskAutoShoot.state="SHOOT" />
TaskAutoShoot.runTaskState_INFO [122.208960674] ***** Start left shooter shooting.
Shooter.shoot_INFO [122.209334188] shoot(owner=null, event=(TaskAutoShoot.leftShooterDone=CLEARED), shooter=leftShooter, autoStop=false)
Shooter.LeftTransferMotor.cancel_INFO [122.210348056] Cancel: stopping motor.
TaskAutoShoot.runTaskState_INFO [122.211401913] ***** Start right shooter shooting.
Shooter.shoot_INFO [122.211908006] shoot(owner=null, event=(TaskAutoShoot.rightShooterDone=CLEARED), shooter=rightShooter, autoStop=false)
Shooter.RightTransferMotor.cancel_INFO [122.212170247] Cancel: stopping motor.
TaskAutoShoot.autoTask_INFO [122.21353527] <Event name="StateInfo" time="122.213190453" tag="^^^^^" TaskAutoShoot.state="SHOOT" />
FrcTeleOp.operatorControllerButtonEvent_INFO [125.507998896] ##### button=Y, pressed=false
FrcTeleOp.shoot_INFO [125.517187566] >>>>> Stop Auto Shoot.
TaskAutoShoot.cancel_INFO [125.522429298] Canceling auto task operation.
TaskAutoShoot.stopSubsystems_INFO [125.526277756] Stopping subsystems.
Shooter.LeftTransferMotor.cancel_INFO [125.527177712] Cancel: stopping motor.
Shooter.RightTransferMotor.cancel_INFO [125.529368827] Cancel: stopping motor.
Shooter.FeederMotor.cancel_INFO [125.531808343] Cancel: stopping motor.
Shooter.LeftShooter.disableGoalTracking_INFO [125.532844317] Disable Goal Tracking.
Shooter.LeftShooter.stopGoalTracking_INFO [125.535849957] Stop GoalTracking.
Shooter.LeftTiltMotor.cancel_INFO [125.536648675] Cancel: stopping motor.
Shooter.LeftPrimaryMotor.cancel_INFO [125.53796154] Cancel: stopping motor.
Shooter.RightShooter.disableGoalTracking_INFO [125.542224812] Disable Goal Tracking.
Shooter.RightShooter.stopGoalTracking_INFO [125.543162434] Stop GoalTracking.
Shooter.RightTiltMotor.cancel_INFO [125.544190283] Cancel: stopping motor.
Shooter.RightPrimaryMotor.cancel_INFO [125.545402779] Cancel: stopping motor.
Shooter.LeftShooter.cancel_INFO [125.546438972] owner=null
Shooter.LeftPrimaryMotor.cancel_INFO [125.547687856] Cancel: stopping motor.
Shooter.LeftTiltMotor.cancel_INFO [125.548662155] Cancel: stopping motor.
Shooter.RightShooter.cancel_INFO [125.55222216] owner=null
Shooter.RightPrimaryMotor.cancel_INFO [125.553156815] Cancel: stopping motor.
Shooter.RightTiltMotor.cancel_INFO [125.554025402] Cancel: stopping motor.
Shooter.LeftTransferMotor.cancel_INFO [125.554727379] Cancel: stopping motor.
Shooter.RightTransferMotor.cancel_INFO [125.557388439] Cancel: stopping motor.
Shooter.FeederMotor.cancel_INFO [125.558261889] Cancel: stopping motor.
FrcTeleOp.driverControllerButtonEvent_INFO [126.284073502] ##### button=A, pressed=true
FrcTeleOp.driverControllerButtonEvent_INFO [126.336116684] ##### button=A, pressed=false
FrcTeleOp.driverControllerButtonEvent_INFO [128.325013527] ##### button=A, pressed=true
FrcTeleOp.driverControllerButtonEvent_INFO [128.426729096] ##### button=A, pressed=false
FrcTeleOp.operatorControllerButtonEvent_INFO [131.956775328] ##### button=Y, pressed=true
FrcTeleOp.shoot_INFO [131.957330614] >>>>> Start Auto Shoot.
TaskAutoShoot.autoShoot_INFO [131.957785829] autoShoot(owner=null, event=null, taskParams=(autoStop=false, noPassback=false))
Shooter.setupGoalTrackingMode_INFO [131.958747117] GoalTracking(trackingMode=AllianceHub, goalPose=(x=-158.838583,y=469.110472,angle=180.000000), noPassback=false).
Shooter.LeftShooter.enableGoalTracking_INFO [131.959241072] Enable GoalTracking (trackingParams=(trackFlywheel=true,trackTiltPos=true,trackPanPos=true)).
Shooter.LeftPrimaryMotor.cancel_INFO [131.959938297] Cancel: stopping motor.
Shooter.LeftTiltMotor.cancel_INFO [131.960394251] Cancel: stopping motor.
Shooter.RightShooter.enableGoalTracking_INFO [131.960924014] Enable GoalTracking (trackingParams=(trackFlywheel=true,trackTiltPos=true,trackPanPos=true)).
Shooter.RightPrimaryMotor.cancel_INFO [131.96126801] Cancel: stopping motor.
Shooter.RightTiltMotor.cancel_INFO [131.961987546] Cancel: stopping motor.
TaskAutoShoot.autoTask_INFO [132.028128566] <Event name="StateInfo" time="132.027882017" tag="vvvvv" TaskAutoShoot.state="START" />
TaskAutoShoot.runTaskState_INFO [132.030391265] ***** Wait for left Shooter ready.
TaskAutoShoot.runTaskState_INFO [132.032344581] ***** Wait for right Shooter ready.
TaskAutoShoot.runTaskState_INFO [132.032969846] ***** Wait for Turret ready.
TaskAutoShoot.autoTask_INFO [132.034530626] <Event name="StateInfo" time="132.034239391" tag="^^^^^" TaskAutoShoot.state="START" />
TaskAutoShoot.autoTask_INFO [132.157672318] <Event name="StateInfo" time="132.15669769" tag="vvvvv" TaskAutoShoot.state="SHOOT" />
TaskAutoShoot.autoTask_INFO [132.165854368] <Event name="StateInfo" time="132.165653262" tag="^^^^^" TaskAutoShoot.state="SHOOT" />
TaskAutoShoot.autoTask_INFO [132.241428953] <Event name="StateInfo" time="132.240821697" tag="vvvvv" TaskAutoShoot.state="SHOOT" />
TaskAutoShoot.autoTask_INFO [132.248457821] <Event name="StateInfo" time="132.248147407" tag="^^^^^" TaskAutoShoot.state="SHOOT" />
TaskAutoShoot.autoTask_INFO [132.324780973] <Event name="StateInfo" time="132.32461009" tag="vvvvv" TaskAutoShoot.state="SHOOT" />
TaskAutoShoot.autoTask_INFO [132.330811264] <Event name="StateInfo" time="132.325203666" tag="^^^^^" TaskAutoShoot.state="SHOOT" />
TaskAutoShoot.autoTask_INFO [132.40753884] <Event name="StateInfo" time="132.407354278" tag="vvvvv" TaskAutoShoot.state="SHOOT" />
TaskAutoShoot.autoTask_INFO [132.408376916] <Event name="StateInfo" time="132.408203855" tag="^^^^^" TaskAutoShoot.state="SHOOT" />
FrcTeleOp.operatorControllerButtonEvent_INFO [132.420100953] ##### button=Y, pressed=false
FrcTeleOp.shoot_INFO [132.422192705] >>>>> Stop Auto Shoot.
TaskAutoShoot.cancel_INFO [132.424450685] Canceling auto task operation.
TaskAutoShoot.stopSubsystems_INFO [132.42638695] Stopping subsystems.
Shooter.LeftTransferMotor.cancel_INFO [132.427193151] Cancel: stopping motor.
Shooter.RightTransferMotor.cancel_INFO [132.433757274] Cancel: stopping motor.
Shooter.FeederMotor.cancel_INFO [132.435625575] Cancel: stopping motor.
Shooter.LeftShooter.disableGoalTracking_INFO [132.438609077] Disable Goal Tracking.
Shooter.LeftShooter.stopGoalTracking_INFO [132.439643198] Stop GoalTracking.
Shooter.LeftTiltMotor.cancel_INFO [132.440924334] Cancel: stopping motor.
Shooter.LeftPrimaryMotor.cancel_INFO [132.443412382] Cancel: stopping motor.
Shooter.RightShooter.disableGoalTracking_INFO [132.447090834] Disable Goal Tracking.
Shooter.RightShooter.stopGoalTracking_INFO [132.448658207] Stop GoalTracking.
Shooter.RightTiltMotor.cancel_INFO [132.449561094] Cancel: stopping motor.
Shooter.RightPrimaryMotor.cancel_INFO [132.450435003] Cancel: stopping motor.
Shooter.LeftShooter.cancel_INFO [132.451353996] owner=null
Shooter.LeftPrimaryMotor.cancel_INFO [132.452107321] Cancel: stopping motor.
Shooter.LeftTiltMotor.cancel_INFO [132.453455286] Cancel: stopping motor.
Shooter.RightShooter.cancel_INFO [132.454162737] owner=null
Shooter.RightPrimaryMotor.cancel_INFO [132.45604223] Cancel: stopping motor.
Shooter.RightTiltMotor.cancel_INFO [132.459284907] Cancel: stopping motor.
Shooter.LeftTransferMotor.cancel_INFO [132.46288088] Cancel: stopping motor.
Shooter.RightTransferMotor.cancel_INFO [132.465611205] Cancel: stopping motor.
Shooter.FeederMotor.cancel_INFO [132.467638121] Cancel: stopping motor.
FrcTeleOp.operatorControllerButtonEvent_INFO [132.708379383] ##### button=Y, pressed=true
FrcTeleOp.shoot_INFO [132.709125225] >>>>> Start Auto Shoot.
TaskAutoShoot.autoShoot_INFO [132.71884501] autoShoot(owner=null, event=null, taskParams=(autoStop=false, noPassback=false))
Shooter.setupGoalTrackingMode_INFO [132.71948614] GoalTracking(trackingMode=AllianceHub, goalPose=(x=-158.838583,y=469.110472,angle=180.000000), noPassback=false).
Shooter.LeftShooter.enableGoalTracking_INFO [132.720830494] Enable GoalTracking (trackingParams=(trackFlywheel=true,trackTiltPos=true,trackPanPos=true)).
Shooter.LeftPrimaryMotor.cancel_INFO [132.721320689] Cancel: stopping motor.
Shooter.LeftTiltMotor.cancel_INFO [132.721757934] Cancel: stopping motor.
Shooter.RightShooter.enableGoalTracking_INFO [132.726496268] Enable GoalTracking (trackingParams=(trackFlywheel=true,trackTiltPos=true,trackPanPos=true)).
Shooter.RightPrimaryMotor.cancel_INFO [132.726854088] Cancel: stopping motor.
Shooter.RightTiltMotor.cancel_INFO [132.728683771] Cancel: stopping motor.
TaskAutoShoot.autoTask_INFO [132.796304883] <Event name="StateInfo" time="132.795623451" tag="vvvvv" TaskAutoShoot.state="START" />
TaskAutoShoot.runTaskState_INFO [132.7970683] ***** Wait for left Shooter ready.
TaskAutoShoot.runTaskState_INFO [132.800519564] ***** Wait for right Shooter ready.
TaskAutoShoot.runTaskState_INFO [132.801452103] ***** Wait for Turret ready.
TaskAutoShoot.autoTask_INFO [132.802489175] <Event name="StateInfo" time="132.802257637" tag="^^^^^" TaskAutoShoot.state="START" />
Shooter.TurretMotor.pidCtrlTask_INFO [132.828152466] controlMode: Position,onTarget=true(-12.696505272977532/-12.714803730306775), stalled=false, expired=false, event=(TaskAutoShoot.turretReady=SIGNALED)
TaskAutoShoot.autoTask_INFO [132.89494284] <Event name="StateInfo" time="132.894767859" tag="vvvvv" TaskAutoShoot.state="SHOOT" />
TaskAutoShoot.autoTask_INFO [132.900095951] <Event name="StateInfo" time="132.899896114" tag="^^^^^" TaskAutoShoot.state="SHOOT" />
TaskAutoShoot.autoTask_INFO [132.972779747] <Event name="StateInfo" time="132.97259039" tag="vvvvv" TaskAutoShoot.state="SHOOT" />
TaskAutoShoot.autoTask_INFO [132.97446524] <Event name="StateInfo" time="132.973841408" tag="^^^^^" TaskAutoShoot.state="SHOOT" />
TaskAutoShoot.autoTask_INFO [133.034452962] <Event name="StateInfo" time="133.034261656" tag="vvvvv" TaskAutoShoot.state="SHOOT" />
TaskAutoShoot.autoTask_INFO [133.035774293] <Event name="StateInfo" time="133.035577777" tag="^^^^^" TaskAutoShoot.state="SHOOT" />
TaskAutoShoot.autoTask_INFO [133.103639394] <Event name="StateInfo" time="133.103452917" tag="vvvvv" TaskAutoShoot.state="SHOOT" />
TaskAutoShoot.autoTask_INFO [133.108279118] <Event name="StateInfo" time="133.108072504" tag="^^^^^" TaskAutoShoot.state="SHOOT" />
TaskAutoShoot.autoTask_INFO [133.180366221] <Event name="StateInfo" time="133.179816116" tag="vvvvv" TaskAutoShoot.state="SHOOT" />
TaskAutoShoot.autoTask_INFO [133.181473634] <Event name="StateInfo" time="133.181123705" tag="^^^^^" TaskAutoShoot.state="SHOOT" />
Shooter.LeftShooter.goalTrackingTask_INFO [133.246683911] Shooter.LeftShooter is Ready: rpm1=5108.527644/5164.143763, rpm2=3161.601563/0.000000, tilt=25.921362/25.944431, pan=null/null
TaskAutoShoot.autoTask_INFO [133.274161599] <Event name="StateInfo" time="133.273851013" tag="vvvvv" TaskAutoShoot.state="SHOOT" />
TaskAutoShoot.runTaskState_INFO [133.27467726] ***** Start left shooter shooting.
Shooter.shoot_INFO [133.279715206] shoot(owner=null, event=(TaskAutoShoot.leftShooterDone=CLEARED), shooter=leftShooter, autoStop=false)
Shooter.LeftTransferMotor.cancel_INFO [133.283918965] Cancel: stopping motor.
TaskAutoShoot.autoTask_INFO [133.286167996] <Event name="StateInfo" time="133.284806993" tag="^^^^^" TaskAutoShoot.state="SHOOT" />
TaskAutoShoot.autoTask_INFO [133.361569397] <Event name="StateInfo" time="133.361366221" tag="vvvvv" TaskAutoShoot.state="SHOOT" />
TaskAutoShoot.autoTask_INFO [133.364659642] <Event name="StateInfo" time="133.363409782" tag="^^^^^" TaskAutoShoot.state="SHOOT" />
Shooter.RightShooter.goalTrackingTask_INFO [133.441741473] Shooter.RightShooter is Ready: rpm1=5096.033654/5163.876651, rpm2=3173.906250/0.000000, tilt=25.921362/25.942396, pan=null/null
TaskAutoShoot.autoTask_INFO [133.44270475] <Event name="StateInfo" time="133.442526053" tag="vvvvv" TaskAutoShoot.state="SHOOT" />
TaskAutoShoot.runTaskState_INFO [133.44329902] ***** Start right shooter shooting.
Shooter.shoot_INFO [133.444181633] shoot(owner=null, event=(TaskAutoShoot.rightShooterDone=CLEARED), shooter=rightShooter, autoStop=false)
Shooter.RightTransferMotor.cancel_INFO [133.44479502] Cancel: stopping motor.
TaskAutoShoot.autoTask_INFO [133.445547836] <Event name="StateInfo" time="133.445378837" tag="^^^^^" TaskAutoShoot.state="SHOOT" />
FrcTeleOp.operatorControllerButtonEvent_INFO [135.780223971] ##### button=Y, pressed=false
FrcTeleOp.shoot_INFO [135.786331937] >>>>> Stop Auto Shoot.
TaskAutoShoot.cancel_INFO [135.786712173] Canceling auto task operation.
TaskAutoShoot.stopSubsystems_INFO [135.787088244] Stopping subsystems.
Shooter.LeftTransferMotor.cancel_INFO [135.787425208] Cancel: stopping motor.
Shooter.RightTransferMotor.cancel_INFO [135.788055202] Cancel: stopping motor.
Shooter.FeederMotor.cancel_INFO [135.792370739] Cancel: stopping motor.
Shooter.LeftShooter.disableGoalTracking_INFO [135.793314732] Disable Goal Tracking.
Shooter.LeftShooter.stopGoalTracking_INFO [135.793611645] Stop GoalTracking.
Shooter.LeftTiltMotor.cancel_INFO [135.794591378] Cancel: stopping motor.
Shooter.LeftPrimaryMotor.cancel_INFO [135.795406902] Cancel: stopping motor.
Shooter.RightShooter.disableGoalTracking_INFO [135.796045718] Disable Goal Tracking.
Shooter.RightShooter.stopGoalTracking_INFO [135.796283516] Stop GoalTracking.
Shooter.RightTiltMotor.cancel_INFO [135.796939106] Cancel: stopping motor.
Shooter.RightPrimaryMotor.cancel_INFO [135.797568797] Cancel: stopping motor.
Shooter.LeftShooter.cancel_INFO [135.798184386] owner=null
Shooter.LeftPrimaryMotor.cancel_INFO [135.798835178] Cancel: stopping motor.
Shooter.LeftTiltMotor.cancel_INFO [135.801456135] Cancel: stopping motor.
Shooter.RightShooter.cancel_INFO [135.802166872] owner=null
Shooter.RightPrimaryMotor.cancel_INFO [135.80281945] Cancel: stopping motor.
Shooter.RightTiltMotor.cancel_INFO [135.803603936] Cancel: stopping motor.
Shooter.LeftTransferMotor.cancel_INFO [135.804175423] Cancel: stopping motor.
Shooter.RightTransferMotor.cancel_INFO [135.805205304] Cancel: stopping motor.
Shooter.FeederMotor.cancel_INFO [135.805857832] Cancel: stopping motor.
FrcTeleOp.operatorControllerButtonEvent_INFO [141.789651934] ##### button=Y, pressed=true
FrcTeleOp.shoot_INFO [141.790591188] >>>>> Start Auto Shoot.
TaskAutoShoot.autoShoot_INFO [141.791500405] autoShoot(owner=null, event=null, taskParams=(autoStop=false, noPassback=false))
Shooter.setupGoalTrackingMode_INFO [141.79299735] GoalTracking(trackingMode=AllianceHub, goalPose=(x=-158.838583,y=469.110472,angle=180.000000), noPassback=false).
Shooter.LeftShooter.enableGoalTracking_INFO [141.79372724] Enable GoalTracking (trackingParams=(trackFlywheel=true,trackTiltPos=true,trackPanPos=true)).
Shooter.LeftPrimaryMotor.cancel_INFO [141.794398502] Cancel: stopping motor.
Shooter.LeftTiltMotor.cancel_INFO [141.795119564] Cancel: stopping motor.
Shooter.RightShooter.enableGoalTracking_INFO [141.80199591] Enable GoalTracking (trackingParams=(trackFlywheel=true,trackTiltPos=true,trackPanPos=true)).
Shooter.RightPrimaryMotor.cancel_INFO [141.803513714] Cancel: stopping motor.
Shooter.RightTiltMotor.cancel_INFO [141.804332282] Cancel: stopping motor.
TaskAutoShoot.autoTask_INFO [141.888085042] <Event name="StateInfo" time="141.887853627" tag="vvvvv" TaskAutoShoot.state="START" />
TaskAutoShoot.runTaskState_INFO [141.888364125] ***** Wait for left Shooter ready.
TaskAutoShoot.runTaskState_INFO [141.88855577] ***** Wait for right Shooter ready.
TaskAutoShoot.runTaskState_INFO [141.888845346] ***** Wait for Turret ready.
TaskAutoShoot.autoTask_INFO [141.889174494] <Event name="StateInfo" time="141.888984634" tag="^^^^^" TaskAutoShoot.state="START" />
TaskAutoShoot.autoTask_INFO [142.026751908] <Event name="StateInfo" time="142.026557346" tag="vvvvv" TaskAutoShoot.state="SHOOT" />
TaskAutoShoot.autoTask_INFO [142.027163912] <Event name="StateInfo" time="142.026938459" tag="^^^^^" TaskAutoShoot.state="SHOOT" />
TaskAutoShoot.autoTask_INFO [142.105519007] <Event name="StateInfo" time="142.105085608" tag="vvvvv" TaskAutoShoot.state="SHOOT" />
TaskAutoShoot.autoTask_INFO [142.10949667] <Event name="StateInfo" time="142.109232215" tag="^^^^^" TaskAutoShoot.state="SHOOT" />
TaskAutoShoot.autoTask_INFO [142.168751912] <Event name="StateInfo" time="142.16843039" tag="vvvvv" TaskAutoShoot.state="SHOOT" />
TaskAutoShoot.autoTask_INFO [142.170614328] <Event name="StateInfo" time="142.170381869" tag="^^^^^" TaskAutoShoot.state="SHOOT" />
TaskAutoShoot.autoTask_INFO [142.246191649] <Event name="StateInfo" time="142.246001862" tag="vvvvv" TaskAutoShoot.state="SHOOT" />
TaskAutoShoot.autoTask_INFO [142.246506848] <Event name="StateInfo" time="142.246365924" tag="^^^^^" TaskAutoShoot.state="SHOOT" />
TaskAutoShoot.autoTask_INFO [142.318067121] <Event name="StateInfo" time="142.31741337" tag="vvvvv" TaskAutoShoot.state="SHOOT" />
TaskAutoShoot.autoTask_INFO [142.319070773] <Event name="StateInfo" time="142.318848914" tag="^^^^^" TaskAutoShoot.state="SHOOT" />
TaskAutoShoot.autoTask_INFO [142.39672037] <Event name="StateInfo" time="142.394003154" tag="vvvvv" TaskAutoShoot.state="SHOOT" />
TaskAutoShoot.autoTask_INFO [142.397163036] <Event name="StateInfo" time="142.396977313" tag="^^^^^" TaskAutoShoot.state="SHOOT" />
TaskAutoShoot.autoTask_INFO [142.467065289] <Event name="StateInfo" time="142.466879841" tag="vvvvv" TaskAutoShoot.state="SHOOT" />
TaskAutoShoot.autoTask_INFO [142.479711492] <Event name="StateInfo" time="142.479522785" tag="^^^^^" TaskAutoShoot.state="SHOOT" />
FrcRobot.startCompetition_INFO [142.484292723] *** Transitioning from TELEOP_MODE to DISABLED_MODE ***
Robot.cancelAll_INFO [142.489586726] Cancel all operations.
Shooter.LeftShooter.cancel_INFO [142.491984421] owner=null
Shooter.LeftShooter.disableGoalTracking_INFO [142.493344032] Disable Goal Tracking.
Shooter.LeftShooter.stopGoalTracking_INFO [142.494608876] Stop GoalTracking.
Shooter.LeftTiltMotor.cancel_INFO [142.4982907] Cancel: stopping motor.
Shooter.LeftPrimaryMotor.cancel_INFO [142.499949472] Cancel: stopping motor.
Shooter.LeftPrimaryMotor.cancel_INFO [142.501774438] Cancel: stopping motor.
Shooter.LeftTiltMotor.cancel_INFO [142.503850972] Cancel: stopping motor.
Shooter.RightShooter.cancel_INFO [142.505063135] owner=null
Shooter.RightShooter.disableGoalTracking_INFO [142.505878439] Disable Goal Tracking.
Shooter.RightShooter.stopGoalTracking_INFO [142.509000405] Stop GoalTracking.
Shooter.RightTiltMotor.cancel_INFO [142.510224146] Cancel: stopping motor.
Shooter.RightPrimaryMotor.cancel_INFO [142.512220099] Cancel: stopping motor.
Shooter.RightPrimaryMotor.cancel_INFO [142.51413673] Cancel: stopping motor.
Shooter.RightTiltMotor.cancel_INFO [142.515364171] Cancel: stopping motor.
Shooter.LeftTransferMotor.cancel_INFO [142.519331237] Cancel: stopping motor.
Shooter.RightTransferMotor.cancel_INFO [142.520888883] Cancel: stopping motor.
Shooter.FeederMotor.cancel_INFO [142.52192414] Cancel: stopping motor.
Intake.IntakeMotor.cancel_INFO [142.575810101] Cancel: stopping motor.
Climber.Motor.cancel_INFO [142.578196341] Cancel: stopping motor.
TaskAutoShoot.cancel_INFO [142.581686455] Canceling auto task operation.
TaskAutoShoot.stopSubsystems_INFO [142.583683521] Stopping subsystems.
Shooter.LeftTransferMotor.cancel_INFO [142.588831394] Cancel: stopping motor.
Shooter.RightTransferMotor.cancel_INFO [142.590826165] Cancel: stopping motor.
Shooter.FeederMotor.cancel_INFO [142.593246051] Cancel: stopping motor.
Shooter.LeftShooter.cancel_INFO [142.597660138] owner=null
Shooter.LeftPrimaryMotor.cancel_INFO [142.599295687] Cancel: stopping motor.
Shooter.LeftTiltMotor.cancel_INFO [142.600469209] Cancel: stopping motor.
Shooter.RightShooter.cancel_INFO [142.604367245] owner=null
Shooter.RightPrimaryMotor.cancel_INFO [142.605390111] Cancel: stopping motor.
Shooter.RightTiltMotor.cancel_INFO [142.608142731] Cancel: stopping motor.
Shooter.LeftTransferMotor.cancel_INFO [142.61007888] Cancel: stopping motor.
Shooter.RightTransferMotor.cancel_INFO [142.613171592] Cancel: stopping motor.
Shooter.FeederMotor.cancel_INFO [142.614996884] Cancel: stopping motor.
TaskAutoClimb.cancel_INFO [142.664568754] Canceling auto task operation.
FrcRobot.printPerformanceMetrics_INFO [142.680268017] [FrcRobot] Loop Performance Metrics:
Average Loop Interval = 0.001620s (freq=617.371Hz, min=0.000615s, max=0.506054s)
[03]                StartTask=0.000000s
[04]          PrePeriodicTask=0.000181s
[07]               UpdateTask=0.000893s
[02]                StartMode=0.000000s
[06]         PostPeriodicTask=0.000313s
[08]                 StopTask=0.000000s
[09]                 StopMode=0.000000s
[00]                RobotInit=13.863819s
[01]           RobotStartMode=0.000003s
[05]                 Periodic=0.000162s
[10]            RobotStopMode=0.000002s

TrcTaskMgr.printTaskPerformanceMetrics_INFO [142.6844966] FrcDashboard.task: STANDALONE_TASK=5.113601470970618E-4/0.010603467184168493
TrcTaskMgr.printTaskPerformanceMetrics_INFO [142.685687979] TrcWatchdogMgr: STANDALONE_TASK=1.8700133333333336E-4/0.9968795072280702
TrcTaskMgr.printTaskPerformanceMetrics_INFO [142.686373133] DriverController.buttonEventTask: PRE_PERIODIC_TASK=8.884350993493933E-6/0.00250230823180939
TrcTaskMgr.printTaskPerformanceMetrics_INFO [142.687202005] OperatorController.buttonEventTask: PRE_PERIODIC_TASK=8.01402128362933E-5/0.002502302824898892
TrcTaskMgr.printTaskPerformanceMetrics_INFO [142.687840733] flDriveMotor.pidCtrlTask: OUTPUT_TASK=7.848776698619146E-5/0.012054074658502598
TrcTaskMgr.printTaskPerformanceMetrics_INFO [142.69020887] flDriveMotor.odometryCleanupTask: STOP_TASK=3.407525E-5/41.969110149
TrcTaskMgr.printTaskPerformanceMetrics_INFO [142.69138533] frDriveMotor.pidCtrlTask: OUTPUT_TASK=4.92235296005405E-5/0.012053978341102946
TrcTaskMgr.printTaskPerformanceMetrics_INFO [142.693277928] blDriveMotor.pidCtrlTask: OUTPUT_TASK=4.458812308926611E-5/0.012053971463516595
TrcTaskMgr.printTaskPerformanceMetrics_INFO [142.695622112] brDriveMotor.pidCtrlTask: OUTPUT_TASK=4.434734562114686E-5/0.0120539710090364
TrcTaskMgr.printTaskPerformanceMetrics_INFO [142.706509018] flSteerMotor.pidCtrlTask: OUTPUT_TASK=5.167529307942406E-5/0.012053897423890556
TrcTaskMgr.printTaskPerformanceMetrics_INFO [142.707225203] frSteerMotor.pidCtrlTask: OUTPUT_TASK=4.779656703120382E-5/0.01205392135586708
TrcTaskMgr.printTaskPerformanceMetrics_INFO [142.70808726] blSteerMotor.pidCtrlTask: OUTPUT_TASK=4.434753502512351E-5/0.012053971111219018
TrcTaskMgr.printTaskPerformanceMetrics_INFO [142.708696915] brSteerMotor.pidCtrlTask: OUTPUT_TASK=4.9310212346408815E-5/0.012053991757294262
TrcTaskMgr.printTaskPerformanceMetrics_INFO [142.711381484] FrcSwerveDrive.odometryTask: INPUT_TASK=0.0017776736534865294/0.01328826784865293
TrcTaskMgr.printTaskPerformanceMetrics_INFO [142.712000485] FrcSwerveDrive.stopTask: STOP_TASK=0.002708598/41.9690901745
TrcTaskMgr.printTaskPerformanceMetrics_INFO [142.713917054] purePursuitDrive.driveTask: POST_PERIODIC_TASK=0.00547521438547486/0.03628851397020485
TrcTaskMgr.printTaskPerformanceMetrics_INFO [142.714993525] LED: OUTPUT_TASK=5.4524172479310926E-5/0.012053871696672859
TrcTaskMgr.printTaskPerformanceMetrics_INFO [142.716459588] Shooter.LeftPrimaryMotor.pidCtrlTask: OUTPUT_TASK=2.866718751055565E-5/0.012053807755911163
TrcTaskMgr.printTaskPerformanceMetrics_INFO [142.717089448] Shooter.LeftFollowerMotor.pidCtrlTask: OUTPUT_TASK=5.891786606992062E-6/0.01205380702161797
TrcTaskMgr.printTaskPerformanceMetrics_INFO [142.717992012] Shooter.LeftTiltMotor.pidCtrlTask: OUTPUT_TASK=5.442834578618477E-4/0.012053806694646174
TrcTaskMgr.printTaskPerformanceMetrics_INFO [142.718440964] Shooter.LeftShooter.ShooterMotor1VelTrigger.triggerTask: PRE_PERIODIC_TASK=3.158453076923077E-4/0.06784464017307693
TrcTaskMgr.printTaskPerformanceMetrics_INFO [142.718728262] Shooter.LeftShooter.goalTracking: POST_PERIODIC_TASK=0.03503217978843789/0.20462514557441575
TrcTaskMgr.printTaskPerformanceMetrics_INFO [142.71906513] Shooter.LeftTransferMotor.pidCtrlTask: OUTPUT_TASK=8.107893092383043E-6/0.012053375757726734
TrcTaskMgr.printTaskPerformanceMetrics_INFO [142.719643149] Shooter.RightPrimaryMotor.pidCtrlTask: OUTPUT_TASK=2.471705168045938E-5/0.012053375142459044
TrcTaskMgr.printTaskPerformanceMetrics_INFO [142.723777092] Shooter.RightFollowerMotor.pidCtrlTask: OUTPUT_TASK=6.870527929069031E-6/0.012053357330926747
TrcTaskMgr.printTaskPerformanceMetrics_INFO [142.724556286] Shooter.RightTiltMotor.pidCtrlTask: OUTPUT_TASK=5.221706420519316E-4/0.01205335695849694
TrcTaskMgr.printTaskPerformanceMetrics_INFO [142.724980948] Shooter.RightShooter.ShooterMotor1VelTrigger.triggerTask: PRE_PERIODIC_TASK=2.052148529411765E-4/0.06719108916666668
TrcTaskMgr.printTaskPerformanceMetrics_INFO [142.725228464] Shooter.RightShooter.goalTracking: POST_PERIODIC_TASK=0.013573177436654366/0.2045229653493235
TrcTaskMgr.printTaskPerformanceMetrics_INFO [142.732237918] Shooter.RightTransferMotor.pidCtrlTask: OUTPUT_TASK=7.209470002111041E-6/0.012053366647962846
TrcTaskMgr.printTaskPerformanceMetrics_INFO [142.733216929] Shooter.TurretMotor.pidCtrlTask: OUTPUT_TASK=5.721480631174534E-4/0.012053268186017057
TrcTaskMgr.printTaskPerformanceMetrics_INFO [142.73419627] Shooter.FeederMotor.pidCtrlTask: OUTPUT_TASK=7.19448556109094E-6/0.01205326590623153
TrcTaskMgr.printTaskPerformanceMetrics_INFO [142.734672679] ShooterfieldLengthTrigger.triggerTask: PRE_PERIODIC_TASK=5.658858230651297E-5/0.0016179879842825506
TrcTaskMgr.printTaskPerformanceMetrics_INFO [142.735037779] ShooterfieldWidthTrigger.triggerTask: PRE_PERIODIC_TASK=7.638541366191585E-6/0.0016179938397478848
TrcTaskMgr.printTaskPerformanceMetrics_INFO [142.735501637] Intake.IntakeMotor.pidCtrlTask: OUTPUT_TASK=6.5694812547496414E-6/0.012053265310520983
TrcTaskMgr.printTaskPerformanceMetrics_INFO [142.735892271] Climber.Motor.pidCtrlTask: OUTPUT_TASK=7.024052123617327E-5/0.012053264957527654
TrcTaskMgr.printTaskPerformanceMetrics_INFO [142.737435683] TaskAutoShoot: POST_PERIODIC_TASK=0.0027793204418604654/0.28049241401610014
