Robot.robotStartMode_INFO [0.060556956] Sat Mar 07 17:53:15 UTC 2026: ***** TELEOP_MODE *****
Robot.robotStartMode_INFO [0.065084302] <BuildInfo Host="TRC492-DS2024" User="User" Timestamp="2026-03-07 09:29:39" Branch="dev" />
FrcTeleOp.driverControllerButtonEvent_INFO [15.598139192] ##### button=X, pressed=true
FrcTeleOp.driverControllerButtonEvent_INFO [15.607130206] >>>>> Reset field forward heading (heading=176.9921593937922)
FrcTeleOp.driverControllerButtonEvent_INFO [15.647406183] ##### button=X, pressed=false
Shooter.setupGoalTrackingMode_INFO [16.045895676] GoalTracking(trackingMode=AllianceHub, goalPose=(x=-158.838583,y=469.110472,angle=180.000000), noPassback=true).
FrcTeleOp.driverControllerButtonEvent_INFO [16.828070842] ##### button=A, pressed=true
FrcTeleOp.driverControllerButtonEvent_INFO [16.930181696] ##### button=A, pressed=false
Shooter.setupGoalTrackingMode_INFO [18.18670992] GoalTracking(trackingMode=AllianceHub, goalPose=(x=-158.838583,y=469.110472,angle=180.000000), noPassback=true).
FrcTeleOp.driverControllerButtonEvent_INFO [19.092287626] ##### button=A, pressed=true
FrcTeleOp.driverControllerButtonEvent_INFO [19.195099994] ##### button=A, pressed=false
Shooter.setupGoalTrackingMode_INFO [20.108471231] GoalTracking(trackingMode=AllianceHub, goalPose=(x=-158.838583,y=469.110472,angle=180.000000), noPassback=true).
Shooter.setupGoalTrackingMode_INFO [21.880365348] GoalTracking(trackingMode=AllianceHub, goalPose=(x=-158.838583,y=469.110472,angle=180.000000), noPassback=true).
Shooter.setupGoalTrackingMode_INFO [24.548623321] GoalTracking(trackingMode=AllianceHub, goalPose=(x=-158.838583,y=469.110472,angle=180.000000), noPassback=true).
Shooter.setupGoalTrackingMode_INFO [25.027581861] GoalTracking(trackingMode=AllianceHub, goalPose=(x=-158.838583,y=469.110472,angle=180.000000), noPassback=true).
FrcTeleOp.operatorControllerButtonEvent_INFO [26.150961006] ##### button=Y, pressed=true
FrcTeleOp.shoot_INFO [26.153564854] >>>>> Start Auto Shoot.
TaskAutoShoot.autoShoot_INFO [26.15749977] autoShoot(owner=null, event=null, taskParams=(autoStop=false, noPassback=false))
TaskAutoShoot.autoShoot_INFO [26.159233253] Enabling Goal Tracking (prevTrackParams=(trackFlywheel=false,trackTiltPos=false,trackPanPos=true)).
Shooter.setupGoalTrackingMode_INFO [26.160739553] GoalTracking(trackingMode=AllianceHub, goalPose=(x=-158.838583,y=469.110472,angle=180.000000), noPassback=false).
Shooter.LeftShooter.enableGoalTracking_INFO [26.164136088] Enable GoalTracking (trackingParams=(trackFlywheel=true,trackTiltPos=true,trackPanPos=true)).
Shooter.LeftPrimaryMotor.cancel_INFO [26.166941718] Cancel: stopping motor.
Shooter.LeftTiltMotor.cancel_INFO [26.170423391] Cancel: stopping motor.
Shooter.RightShooter.enableGoalTracking_INFO [26.173454852] Enable GoalTracking (trackingParams=(trackFlywheel=true,trackTiltPos=true,trackPanPos=true)).
Shooter.RightPrimaryMotor.cancel_INFO [26.176117068] Cancel: stopping motor.
Shooter.RightTiltMotor.cancel_INFO [26.178074458] Cancel: stopping motor.
TaskAutoShoot.autoTask_INFO [26.257769711] <Event name="StateInfo" time="26.257480333" tag="vvvvv" TaskAutoShoot.state="START" />
TaskAutoShoot.runTaskState_INFO [26.262855601] ***** Wait for left Shooter ready.
TaskAutoShoot.runTaskState_INFO [26.264831528] ***** Wait for right Shooter ready.
TaskAutoShoot.runTaskState_INFO [26.267504572] ***** Wait for Turret ready.
TaskAutoShoot.autoTask_INFO [26.269877485] <Event name="StateInfo" time="26.269589889" tag="^^^^^" TaskAutoShoot.state="START" />
TaskAutoShoot.autoTask_INFO [26.42743902] <Event name="StateInfo" time="26.427050861" tag="vvvvv" TaskAutoShoot.state="SHOOT" />
TaskAutoShoot.autoTask_INFO [26.429480254] <Event name="StateInfo" time="26.429213236" tag="^^^^^" TaskAutoShoot.state="SHOOT" />
TaskAutoShoot.autoTask_INFO [26.511551353] <Event name="StateInfo" time="26.510989716" tag="vvvvv" TaskAutoShoot.state="SHOOT" />
TaskAutoShoot.autoTask_INFO [26.513305838] <Event name="StateInfo" time="26.512827428" tag="^^^^^" TaskAutoShoot.state="SHOOT" />
TaskAutoShoot.autoTask_INFO [26.585413002] <Event name="StateInfo" time="26.58517495" tag="vvvvv" TaskAutoShoot.state="SHOOT" />
TaskAutoShoot.autoTask_INFO [26.589861448] <Event name="StateInfo" time="26.589657116" tag="^^^^^" TaskAutoShoot.state="SHOOT" />
TaskAutoShoot.autoTask_INFO [26.67284997] <Event name="StateInfo" time="26.672616263" tag="vvvvv" TaskAutoShoot.state="SHOOT" />
TaskAutoShoot.autoTask_INFO [26.674342901] <Event name="StateInfo" time="26.674121799" tag="^^^^^" TaskAutoShoot.state="SHOOT" />
TaskAutoShoot.autoTask_INFO [26.752578031] <Event name="StateInfo" time="26.752368197" tag="vvvvv" TaskAutoShoot.state="SHOOT" />
TaskAutoShoot.autoTask_INFO [26.757417873] <Event name="StateInfo" time="26.75720681" tag="^^^^^" TaskAutoShoot.state="SHOOT" />
TaskAutoShoot.autoTask_INFO [26.84636514] <Event name="StateInfo" time="26.846063975" tag="vvvvv" TaskAutoShoot.state="SHOOT" />
TaskAutoShoot.autoTask_INFO [26.848777653] <Event name="StateInfo" time="26.848552706" tag="^^^^^" TaskAutoShoot.state="SHOOT" />
TaskAutoShoot.autoTask_INFO [26.931431245] <Event name="StateInfo" time="26.929209761" tag="vvvvv" TaskAutoShoot.state="SHOOT" />
TaskAutoShoot.autoTask_INFO [26.933108577] <Event name="StateInfo" time="26.932842664" tag="^^^^^" TaskAutoShoot.state="SHOOT" />
Shooter.LeftShooter.goalTrackingTask_INFO [27.01387153] Shooter.LeftShooter is Ready: rpm1=5097.926683/5117.777715, rpm2=3167.109375/0.000000, tilt=26.119006/25.594038, pan=null/null
Shooter.RightShooter.goalTrackingTask_INFO [27.042637109] Shooter.RightShooter is Ready: rpm1=5055.522837/5118.384809, rpm2=3066.445313/0.000000, tilt=26.119004/25.594038, pan=null/null
TaskAutoShoot.autoTask_INFO [27.044061562] <Event name="StateInfo" time="27.043788482" tag="vvvvv" TaskAutoShoot.state="SHOOT" />
TaskAutoShoot.autoTask_INFO [27.049545784] <Event name="StateInfo" time="27.04445948" tag="^^^^^" TaskAutoShoot.state="SHOOT" />
TaskAutoShoot.autoTask_INFO [27.128876336] <Event name="StateInfo" time="27.128659291" tag="vvvvv" TaskAutoShoot.state="SHOOT" />
TaskAutoShoot.autoTask_INFO [27.136573217] <Event name="StateInfo" time="27.135762564" tag="^^^^^" TaskAutoShoot.state="SHOOT" />
TaskAutoShoot.autoTask_INFO [27.212175023] <Event name="StateInfo" time="27.211947715" tag="vvvvv" TaskAutoShoot.state="SHOOT" />
TaskAutoShoot.autoTask_INFO [27.222173887] <Event name="StateInfo" time="27.221944759" tag="^^^^^" TaskAutoShoot.state="SHOOT" />
TaskAutoShoot.autoTask_INFO [27.292237319] <Event name="StateInfo" time="27.29084528" tag="vvvvv" TaskAutoShoot.state="SHOOT" />
TaskAutoShoot.autoTask_INFO [27.296788139] <Event name="StateInfo" time="27.295763625" tag="^^^^^" TaskAutoShoot.state="SHOOT" />
TaskAutoShoot.autoTask_INFO [27.363365998] <Event name="StateInfo" time="27.363079221" tag="vvvvv" TaskAutoShoot.state="SHOOT" />
TaskAutoShoot.autoTask_INFO [27.365406852] <Event name="StateInfo" time="27.365191676" tag="^^^^^" TaskAutoShoot.state="SHOOT" />
TaskAutoShoot.autoTask_INFO [27.436601637] <Event name="StateInfo" time="27.436387811" tag="vvvvv" TaskAutoShoot.state="SHOOT" />
TaskAutoShoot.autoTask_INFO [27.438867512] <Event name="StateInfo" time="27.438643188" tag="^^^^^" TaskAutoShoot.state="SHOOT" />
TaskAutoShoot.autoTask_INFO [27.522303726] <Event name="StateInfo" time="27.522075629" tag="vvvvv" TaskAutoShoot.state="SHOOT" />
TaskAutoShoot.autoTask_INFO [27.524107335] <Event name="StateInfo" time="27.523904322" tag="^^^^^" TaskAutoShoot.state="SHOOT" />
TaskAutoShoot.autoTask_INFO [27.607330382] <Event name="StateInfo" time="27.607109603" tag="vvvvv" TaskAutoShoot.state="SHOOT" />
TaskAutoShoot.autoTask_INFO [27.612350553] <Event name="StateInfo" time="27.61212066" tag="^^^^^" TaskAutoShoot.state="SHOOT" />
TaskAutoShoot.autoTask_INFO [27.683817378] <Event name="StateInfo" time="27.683595151" tag="vvvvv" TaskAutoShoot.state="SHOOT" />
TaskAutoShoot.autoTask_INFO [27.686311118] <Event name="StateInfo" time="27.685656906" tag="^^^^^" TaskAutoShoot.state="SHOOT" />
TaskAutoShoot.autoTask_INFO [27.760810524] <Event name="StateInfo" time="27.760593624" tag="vvvvv" TaskAutoShoot.state="SHOOT" />
TaskAutoShoot.autoTask_INFO [27.762765845] <Event name="StateInfo" time="27.761931624" tag="^^^^^" TaskAutoShoot.state="SHOOT" />
TaskAutoShoot.autoTask_INFO [27.857473756] <Event name="StateInfo" time="27.856057378" tag="vvvvv" TaskAutoShoot.state="SHOOT" />
TaskAutoShoot.autoTask_INFO [27.859591542] <Event name="StateInfo" time="27.857830138" tag="^^^^^" TaskAutoShoot.state="SHOOT" />
TaskAutoShoot.autoTask_INFO [27.942177149] <Event name="StateInfo" time="27.940809216" tag="vvvvv" TaskAutoShoot.state="SHOOT" />
TaskAutoShoot.autoTask_INFO [27.942684454] <Event name="StateInfo" time="27.942519214" tag="^^^^^" TaskAutoShoot.state="SHOOT" />
FrcTeleOp.operatorControllerButtonEvent_INFO [27.947297085] ##### button=Y, pressed=false
TaskAutoShoot.autoTask_INFO [28.019680447] <Event name="StateInfo" time="28.019148868" tag="vvvvv" TaskAutoShoot.state="SHOOT" />
TaskAutoShoot.autoTask_INFO [28.032434814] <Event name="StateInfo" time="28.032234638" tag="^^^^^" TaskAutoShoot.state="SHOOT" />
TaskAutoShoot.autoTask_INFO [28.109047869] <Event name="StateInfo" time="28.108818078" tag="vvvvv" TaskAutoShoot.state="SHOOT" />
TaskAutoShoot.autoTask_INFO [28.115330684] <Event name="StateInfo" time="28.11508512" tag="^^^^^" TaskAutoShoot.state="SHOOT" />
FrcTeleOp.operatorControllerButtonEvent_INFO [28.118661568] ##### button=Y, pressed=true
FrcTeleOp.shoot_INFO [28.121231649] >>>>> Stop Auto Shoot.
TaskAutoShoot.cancel_INFO [28.122517403] Canceling auto task operation.
TaskAutoShoot.stopSubsystems_INFO [28.123794877] Stopping subsystems.
Shooter.LeftTransferMotor.cancel_INFO [28.125408189] Cancel: stopping motor.
Shooter.RightTransferMotor.cancel_INFO [28.133400113] Cancel: stopping motor.
Shooter.FeederMotor.cancel_INFO [28.134787902] Cancel: stopping motor.
TaskAutoShoot.stopSubsystems_INFO [28.136509577] Restoring previous Tracking mode (trackFlywheel=false,trackTiltPos=false,trackPanPos=true).
Shooter.setupGoalTrackingMode_INFO [28.140307053] GoalTracking(trackingMode=AllianceHub, goalPose=(x=-158.838583,y=469.110472,angle=180.000000), noPassback=true).
Shooter.LeftShooter.enableGoalTracking_INFO [28.142143623] Enable GoalTracking (trackingParams=(trackFlywheel=false,trackTiltPos=false,trackPanPos=true)).
Shooter.LeftPrimaryMotor.cancel_INFO [28.143624704] Cancel: stopping motor.
Shooter.LeftTiltMotor.cancel_INFO [28.145079471] Cancel: stopping motor.
Shooter.RightShooter.enableGoalTracking_INFO [28.149198051] Enable GoalTracking (trackingParams=(trackFlywheel=false,trackTiltPos=false,trackPanPos=true)).
Shooter.RightPrimaryMotor.cancel_INFO [28.150737167] Cancel: stopping motor.
Shooter.RightTiltMotor.cancel_INFO [28.154159865] Cancel: stopping motor.
Shooter.LeftPrimaryMotor.cancel_INFO [28.156351286] Cancel: stopping motor.
Shooter.RightPrimaryMotor.cancel_INFO [28.15989283] Cancel: stopping motor.
FrcTeleOp.operatorControllerButtonEvent_INFO [28.300596289] ##### button=Y, pressed=false
FrcTeleOp.operatorControllerButtonEvent_INFO [28.40994364] ##### button=Y, pressed=true
FrcTeleOp.shoot_INFO [28.411532601] >>>>> Start Auto Shoot.
TaskAutoShoot.autoShoot_INFO [28.412513837] autoShoot(owner=null, event=null, taskParams=(autoStop=false, noPassback=false))
TaskAutoShoot.autoShoot_INFO [28.413559999] Enabling Goal Tracking (prevTrackParams=(trackFlywheel=false,trackTiltPos=false,trackPanPos=true)).
Shooter.setupGoalTrackingMode_INFO [28.423626075] GoalTracking(trackingMode=AllianceHub, goalPose=(x=-158.838583,y=469.110472,angle=180.000000), noPassback=false).
Shooter.LeftShooter.enableGoalTracking_INFO [28.425189229] Enable GoalTracking (trackingParams=(trackFlywheel=true,trackTiltPos=true,trackPanPos=true)).
Shooter.LeftPrimaryMotor.cancel_INFO [28.426892682] Cancel: stopping motor.
Shooter.LeftTiltMotor.cancel_INFO [28.438877883] Cancel: stopping motor.
Shooter.RightShooter.enableGoalTracking_INFO [28.440183345] Enable GoalTracking (trackingParams=(trackFlywheel=true,trackTiltPos=true,trackPanPos=true)).
Shooter.RightPrimaryMotor.cancel_INFO [28.4432437] Cancel: stopping motor.
Shooter.RightTiltMotor.cancel_INFO [28.445337507] Cancel: stopping motor.
TaskAutoShoot.autoTask_INFO [28.534014723] <Event name="StateInfo" time="28.533532976" tag="vvvvv" TaskAutoShoot.state="START" />
TaskAutoShoot.runTaskState_INFO [28.536524758] ***** Wait for left Shooter ready.
TaskAutoShoot.runTaskState_INFO [28.543274036] ***** Wait for right Shooter ready.
TaskAutoShoot.runTaskState_INFO [28.545991337] ***** Wait for Turret ready.
TaskAutoShoot.autoTask_INFO [28.547140639] <Event name="StateInfo" time="28.546929243" tag="^^^^^" TaskAutoShoot.state="START" />
Shooter.TurretMotor.pidCtrlTask_INFO [28.583665827] controlMode: Position,onTarget=true(-40.38834034468405/-41.34133751144727), stalled=false, expired=false, event=(TaskAutoShoot.turretReady=SIGNALED)
TaskAutoShoot.autoTask_INFO [28.619910662] <Event name="StateInfo" time="28.619691422" tag="vvvvv" TaskAutoShoot.state="SHOOT" />
TaskAutoShoot.autoTask_INFO [28.620844479] <Event name="StateInfo" time="28.620647303" tag="^^^^^" TaskAutoShoot.state="SHOOT" />
Shooter.LeftShooter.goalTrackingTask_INFO [28.70832044] Shooter.LeftShooter is Ready: rpm1=5175.919471/5168.512822, rpm2=3159.492188/0.000000, tilt=26.000422/25.977736, pan=null/null
Shooter.RightShooter.goalTrackingTask_INFO [28.7386505] Shooter.RightShooter is Ready: rpm1=5169.483173/5153.107745, rpm2=3168.046875/0.000000, tilt=26.000420/25.977736, pan=null/null
TaskAutoShoot.autoTask_INFO [28.740014656] <Event name="StateInfo" time="28.739763069" tag="vvvvv" TaskAutoShoot.state="SHOOT" />
TaskAutoShoot.runTaskState_INFO [28.741586337] ***** Start left shooter shooting.
Shooter.shoot_INFO [28.74414273] shoot(owner=null, event=(TaskAutoShoot.leftShooterDone=CLEARED), shooter=leftShooter, autoStop=false)
Shooter.LeftTransferMotor.cancel_INFO [28.745943434] Cancel: stopping motor.
TaskAutoShoot.runTaskState_INFO [28.750547882] ***** Start right shooter shooting.
Shooter.shoot_INFO [28.751755071] shoot(owner=null, event=(TaskAutoShoot.rightShooterDone=CLEARED), shooter=rightShooter, autoStop=false)
Shooter.RightTransferMotor.cancel_INFO [28.753367144] Cancel: stopping motor.
TaskAutoShoot.autoTask_INFO [28.755231501] <Event name="StateInfo" time="28.754950486" tag="^^^^^" TaskAutoShoot.state="SHOOT" />
FrcTeleOp.operatorControllerButtonEvent_INFO [30.017965278] ##### button=Y, pressed=false
FrcTeleOp.operatorControllerButtonEvent_INFO [31.497234247] ##### button=Y, pressed=true
FrcTeleOp.shoot_INFO [31.502254987] >>>>> Stop Auto Shoot.
TaskAutoShoot.cancel_INFO [31.503600014] Canceling auto task operation.
TaskAutoShoot.stopSubsystems_INFO [31.507233118] Stopping subsystems.
Shooter.LeftTransferMotor.cancel_INFO [31.508152787] Cancel: stopping motor.
Shooter.RightTransferMotor.cancel_INFO [31.509107274] Cancel: stopping motor.
Shooter.FeederMotor.cancel_INFO [31.510104042] Cancel: stopping motor.
TaskAutoShoot.stopSubsystems_INFO [31.511939241] Restoring previous Tracking mode (trackFlywheel=false,trackTiltPos=false,trackPanPos=true).
Shooter.setupGoalTrackingMode_INFO [31.513632815] GoalTracking(trackingMode=AllianceHub, goalPose=(x=-158.838583,y=469.110472,angle=180.000000), noPassback=true).
Shooter.LeftShooter.enableGoalTracking_INFO [31.514636108] Enable GoalTracking (trackingParams=(trackFlywheel=false,trackTiltPos=false,trackPanPos=true)).
Shooter.LeftPrimaryMotor.cancel_INFO [31.520702184] Cancel: stopping motor.
Shooter.LeftTiltMotor.cancel_INFO [31.522428107] Cancel: stopping motor.
Shooter.RightShooter.enableGoalTracking_INFO [31.524020669] Enable GoalTracking (trackingParams=(trackFlywheel=false,trackTiltPos=false,trackPanPos=true)).
Shooter.RightPrimaryMotor.cancel_INFO [31.525291935] Cancel: stopping motor.
Shooter.RightTiltMotor.cancel_INFO [31.526824466] Cancel: stopping motor.
Shooter.LeftPrimaryMotor.cancel_INFO [31.528059767] Cancel: stopping motor.
Shooter.RightPrimaryMotor.cancel_INFO [31.529182337] Cancel: stopping motor.
FrcTeleOp.operatorControllerButtonEvent_INFO [31.649724467] ##### button=Y, pressed=false
Shooter.setupGoalTrackingMode_INFO [31.939195561] GoalTracking(trackingMode=AllianceHub, goalPose=(x=-158.838583,y=469.110472,angle=180.000000), noPassback=true).
Shooter.setupGoalTrackingMode_INFO [32.979909925] GoalTracking(trackingMode=AllianceHub, goalPose=(x=-158.838583,y=469.110472,angle=180.000000), noPassback=true).
FrcTeleOp.driverControllerButtonEvent_INFO [33.613428384] ##### button=A, pressed=true
FrcTeleOp.driverControllerButtonEvent_INFO [33.693933783] ##### button=A, pressed=false
FrcTeleOp.driverControllerButtonEvent_INFO [34.1294177] ##### button=A, pressed=true
FrcTeleOp.driverControllerButtonEvent_INFO [34.259869739] ##### button=A, pressed=false
Shooter.setupGoalTrackingMode_INFO [34.27380395] GoalTracking(trackingMode=AllianceHub, goalPose=(x=-158.838583,y=469.110472,angle=180.000000), noPassback=true).
Shooter.setupGoalTrackingMode_INFO [35.519472926] GoalTracking(trackingMode=AllianceHub, goalPose=(x=-158.838583,y=469.110472,angle=180.000000), noPassback=true).
Shooter.setupGoalTrackingMode_INFO [37.459439839] GoalTracking(trackingMode=AllianceHub, goalPose=(x=-158.838583,y=469.110472,angle=180.000000), noPassback=true).
Shooter.setupGoalTrackingMode_INFO [38.038926383] GoalTracking(trackingMode=AllianceHub, goalPose=(x=-158.838583,y=469.110472,angle=180.000000), noPassback=true).
FrcTeleOp.operatorControllerButtonEvent_INFO [39.204466052] ##### button=Y, pressed=true
FrcTeleOp.shoot_INFO [39.208144516] >>>>> Start Auto Shoot.
TaskAutoShoot.autoShoot_INFO [39.209630732] autoShoot(owner=null, event=null, taskParams=(autoStop=false, noPassback=false))
TaskAutoShoot.autoShoot_INFO [39.210397241] Enabling Goal Tracking (prevTrackParams=(trackFlywheel=false,trackTiltPos=false,trackPanPos=true)).
Shooter.setupGoalTrackingMode_INFO [39.211676481] GoalTracking(trackingMode=AllianceHub, goalPose=(x=-158.838583,y=469.110472,angle=180.000000), noPassback=false).
Shooter.LeftShooter.enableGoalTracking_INFO [39.212432815] Enable GoalTracking (trackingParams=(trackFlywheel=true,trackTiltPos=true,trackPanPos=true)).
Shooter.LeftPrimaryMotor.cancel_INFO [39.213894074] Cancel: stopping motor.
Shooter.LeftTiltMotor.cancel_INFO [39.2165196] Cancel: stopping motor.
Shooter.RightShooter.enableGoalTracking_INFO [39.218110463] Enable GoalTracking (trackingParams=(trackFlywheel=true,trackTiltPos=true,trackPanPos=true)).
Shooter.RightPrimaryMotor.cancel_INFO [39.220041646] Cancel: stopping motor.
Shooter.RightTiltMotor.cancel_INFO [39.220996195] Cancel: stopping motor.
TaskAutoShoot.autoTask_INFO [39.317655447] <Event name="StateInfo" time="39.316115623" tag="vvvvv" TaskAutoShoot.state="START" />
TaskAutoShoot.runTaskState_INFO [39.321508128] ***** Wait for left Shooter ready.
TaskAutoShoot.runTaskState_INFO [39.323820004] ***** Wait for right Shooter ready.
TaskAutoShoot.runTaskState_INFO [39.325761657] ***** Wait for Turret ready.
TaskAutoShoot.autoTask_INFO [39.327319645] <Event name="StateInfo" time="39.327060558" tag="^^^^^" TaskAutoShoot.state="START" />
TaskAutoShoot.autoTask_INFO [39.465256421] <Event name="StateInfo" time="39.464936125" tag="vvvvv" TaskAutoShoot.state="SHOOT" />
TaskAutoShoot.autoTask_INFO [39.466759313] <Event name="StateInfo" time="39.465955151" tag="^^^^^" TaskAutoShoot.state="SHOOT" />
TaskAutoShoot.autoTask_INFO [39.53646821] <Event name="StateInfo" time="39.536132332" tag="vvvvv" TaskAutoShoot.state="SHOOT" />
TaskAutoShoot.autoTask_INFO [39.54343982] <Event name="StateInfo" time="39.543248434" tag="^^^^^" TaskAutoShoot.state="SHOOT" />
TaskAutoShoot.autoTask_INFO [39.625217117] <Event name="StateInfo" time="39.625023143" tag="vvvvv" TaskAutoShoot.state="SHOOT" />
TaskAutoShoot.autoTask_INFO [39.631910195] <Event name="StateInfo" time="39.631642842" tag="^^^^^" TaskAutoShoot.state="SHOOT" />
TaskAutoShoot.autoTask_INFO [39.692341091] <Event name="StateInfo" time="39.692121825" tag="vvvvv" TaskAutoShoot.state="SHOOT" />
TaskAutoShoot.autoTask_INFO [39.693215136] <Event name="StateInfo" time="39.692685219" tag="^^^^^" TaskAutoShoot.state="SHOOT" />
TaskAutoShoot.autoTask_INFO [39.764400988] <Event name="StateInfo" time="39.763842804" tag="vvvvv" TaskAutoShoot.state="SHOOT" />
TaskAutoShoot.autoTask_INFO [39.764947637] <Event name="StateInfo" time="39.764762627" tag="^^^^^" TaskAutoShoot.state="SHOOT" />
TaskAutoShoot.autoTask_INFO [39.844351324] <Event name="StateInfo" time="39.84358322" tag="vvvvv" TaskAutoShoot.state="SHOOT" />
TaskAutoShoot.autoTask_INFO [39.844985457] <Event name="StateInfo" time="39.844798359" tag="^^^^^" TaskAutoShoot.state="SHOOT" />
TaskAutoShoot.autoTask_INFO [39.914101074] <Event name="StateInfo" time="39.913890541" tag="vvvvv" TaskAutoShoot.state="SHOOT" />
TaskAutoShoot.autoTask_INFO [39.91460218] <Event name="StateInfo" time="39.914433774" tag="^^^^^" TaskAutoShoot.state="SHOOT" />
Shooter.LeftShooter.goalTrackingTask_INFO [39.976791302] Shooter.LeftShooter is Ready: rpm1=4751.313101/4825.351384, rpm2=2959.101563/0.000000, tilt=23.391615/23.499340, pan=null/null
TaskAutoShoot.autoTask_INFO [40.002528898] <Event name="StateInfo" time="40.002299707" tag="vvvvv" TaskAutoShoot.state="SHOOT" />
TaskAutoShoot.autoTask_INFO [40.00726171] <Event name="StateInfo" time="40.00705612" tag="^^^^^" TaskAutoShoot.state="SHOOT" />
Shooter.RightShooter.goalTrackingTask_INFO [40.070707255] Shooter.RightShooter is Ready: rpm1=4728.407452/4825.310700, rpm2=2982.773438/0.000000, tilt=23.431142/23.499061, pan=null/null
TaskAutoShoot.autoTask_INFO [40.074833353] <Event name="StateInfo" time="40.074537177" tag="vvvvv" TaskAutoShoot.state="SHOOT" />
TaskAutoShoot.autoTask_INFO [40.077695148] <Event name="StateInfo" time="40.077334635" tag="^^^^^" TaskAutoShoot.state="SHOOT" />
TaskAutoShoot.autoTask_INFO [40.152683278] <Event name="StateInfo" time="40.152331738" tag="vvvvv" TaskAutoShoot.state="SHOOT" />
TaskAutoShoot.autoTask_INFO [40.153259461] <Event name="StateInfo" time="40.153083548" tag="^^^^^" TaskAutoShoot.state="SHOOT" />
TaskAutoShoot.autoTask_INFO [40.246896942] <Event name="StateInfo" time="40.24538289" tag="vvvvv" TaskAutoShoot.state="SHOOT" />
TaskAutoShoot.autoTask_INFO [40.2490059] <Event name="StateInfo" time="40.248758273" tag="^^^^^" TaskAutoShoot.state="SHOOT" />
TaskAutoShoot.autoTask_INFO [40.320732322] <Event name="StateInfo" time="40.320095318" tag="vvvvv" TaskAutoShoot.state="SHOOT" />
TaskAutoShoot.autoTask_INFO [40.323127504] <Event name="StateInfo" time="40.322715964" tag="^^^^^" TaskAutoShoot.state="SHOOT" />
TaskAutoShoot.autoTask_INFO [40.404864843] <Event name="StateInfo" time="40.404630418" tag="vvvvv" TaskAutoShoot.state="SHOOT" />
TaskAutoShoot.autoTask_INFO [40.407257287] <Event name="StateInfo" time="40.406815969" tag="^^^^^" TaskAutoShoot.state="SHOOT" />
TaskAutoShoot.autoTask_INFO [40.492320385] <Event name="StateInfo" time="40.492101385" tag="vvvvv" TaskAutoShoot.state="SHOOT" />
TaskAutoShoot.autoTask_INFO [40.49347824] <Event name="StateInfo" time="40.492826845" tag="^^^^^" TaskAutoShoot.state="SHOOT" />
TaskAutoShoot.autoTask_INFO [40.555446915] <Event name="StateInfo" time="40.555234187" tag="vvvvv" TaskAutoShoot.state="SHOOT" />
TaskAutoShoot.autoTask_INFO [40.55901196] <Event name="StateInfo" time="40.558783346" tag="^^^^^" TaskAutoShoot.state="SHOOT" />
FrcTeleOp.operatorControllerButtonEvent_INFO [40.562587349] ##### button=Y, pressed=false
TaskAutoShoot.autoTask_INFO [40.649000414] <Event name="StateInfo" time="40.647138538" tag="vvvvv" TaskAutoShoot.state="SHOOT" />
TaskAutoShoot.autoTask_INFO [40.650458292] <Event name="StateInfo" time="40.650003695" tag="^^^^^" TaskAutoShoot.state="SHOOT" />
FrcTeleOp.operatorControllerButtonEvent_INFO [40.662094791] ##### button=Y, pressed=true
FrcTeleOp.shoot_INFO [40.662823514] >>>>> Stop Auto Shoot.
TaskAutoShoot.cancel_INFO [40.665105264] Canceling auto task operation.
TaskAutoShoot.stopSubsystems_INFO [40.668042995] Stopping subsystems.
Shooter.LeftTransferMotor.cancel_INFO [40.66957522] Cancel: stopping motor.
Shooter.RightTransferMotor.cancel_INFO [40.672093404] Cancel: stopping motor.
Shooter.FeederMotor.cancel_INFO [40.674246882] Cancel: stopping motor.
TaskAutoShoot.stopSubsystems_INFO [40.676250737] Restoring previous Tracking mode (trackFlywheel=false,trackTiltPos=false,trackPanPos=true).
Shooter.setupGoalTrackingMode_INFO [40.677309815] GoalTracking(trackingMode=AllianceHub, goalPose=(x=-158.838583,y=469.110472,angle=180.000000), noPassback=true).
Shooter.LeftShooter.enableGoalTracking_INFO [40.678603561] Enable GoalTracking (trackingParams=(trackFlywheel=false,trackTiltPos=false,trackPanPos=true)).
Shooter.LeftPrimaryMotor.cancel_INFO [40.683592169] Cancel: stopping motor.
Shooter.LeftTiltMotor.cancel_INFO [40.684737908] Cancel: stopping motor.
Shooter.RightShooter.enableGoalTracking_INFO [40.686853109] Enable GoalTracking (trackingParams=(trackFlywheel=false,trackTiltPos=false,trackPanPos=true)).
Shooter.RightPrimaryMotor.cancel_INFO [40.688956824] Cancel: stopping motor.
Shooter.RightTiltMotor.cancel_INFO [40.690434885] Cancel: stopping motor.
Shooter.LeftPrimaryMotor.cancel_INFO [40.697570256] Cancel: stopping motor.
Shooter.RightPrimaryMotor.cancel_INFO [40.698985739] Cancel: stopping motor.
FrcTeleOp.operatorControllerButtonEvent_INFO [40.809253561] ##### button=Y, pressed=false
FrcTeleOp.operatorControllerButtonEvent_INFO [40.933250398] ##### button=Y, pressed=true
FrcTeleOp.shoot_INFO [40.935266075] >>>>> Start Auto Shoot.
TaskAutoShoot.autoShoot_INFO [40.936801203] autoShoot(owner=null, event=null, taskParams=(autoStop=false, noPassback=false))
TaskAutoShoot.autoShoot_INFO [40.938821265] Enabling Goal Tracking (prevTrackParams=(trackFlywheel=false,trackTiltPos=false,trackPanPos=true)).
Shooter.setupGoalTrackingMode_INFO [40.945877514] GoalTracking(trackingMode=AllianceHub, goalPose=(x=-158.838583,y=469.110472,angle=180.000000), noPassback=false).
Shooter.LeftShooter.enableGoalTracking_INFO [40.947798093] Enable GoalTracking (trackingParams=(trackFlywheel=true,trackTiltPos=true,trackPanPos=true)).
Shooter.LeftPrimaryMotor.cancel_INFO [40.9581068] Cancel: stopping motor.
Shooter.LeftTiltMotor.cancel_INFO [40.959757291] Cancel: stopping motor.
Shooter.RightShooter.enableGoalTracking_INFO [40.961246025] Enable GoalTracking (trackingParams=(trackFlywheel=true,trackTiltPos=true,trackPanPos=true)).
Shooter.RightPrimaryMotor.cancel_INFO [40.962697612] Cancel: stopping motor.
Shooter.RightTiltMotor.cancel_INFO [40.96492874] Cancel: stopping motor.
TaskAutoShoot.autoTask_INFO [41.056835022] <Event name="StateInfo" time="41.055430328" tag="vvvvv" TaskAutoShoot.state="START" />
TaskAutoShoot.runTaskState_INFO [41.060040573] ***** Wait for left Shooter ready.
TaskAutoShoot.runTaskState_INFO [41.063397806] ***** Wait for right Shooter ready.
TaskAutoShoot.runTaskState_INFO [41.06667946] ***** Wait for Turret ready.
TaskAutoShoot.autoTask_INFO [41.069424365] <Event name="StateInfo" time="41.067717933" tag="^^^^^" TaskAutoShoot.state="START" />
Shooter.TurretMotor.pidCtrlTask_INFO [41.10653351] controlMode: Position,onTarget=true(18.85286997428662/19.213111157134115), stalled=false, expired=false, event=(TaskAutoShoot.turretReady=SIGNALED)
TaskAutoShoot.autoTask_INFO [41.14312686] <Event name="StateInfo" time="41.142834851" tag="vvvvv" TaskAutoShoot.state="SHOOT" />
TaskAutoShoot.autoTask_INFO [41.146756004] <Event name="StateInfo" time="41.146522241" tag="^^^^^" TaskAutoShoot.state="SHOOT" />
Shooter.LeftShooter.goalTrackingTask_INFO [41.214801927] Shooter.LeftShooter is Ready: rpm1=4747.148438/4815.651074, rpm2=2983.945313/0.000000, tilt=23.510197/23.432915, pan=null/null
Shooter.RightShooter.goalTrackingTask_INFO [41.247361359] Shooter.RightShooter is Ready: rpm1=4753.206130/4815.651074, rpm2=2964.375000/0.000000, tilt=23.510197/23.432915, pan=null/null
TaskAutoShoot.autoTask_INFO [41.248487206] <Event name="StateInfo" time="41.24829875" tag="vvvvv" TaskAutoShoot.state="SHOOT" />
TaskAutoShoot.runTaskState_INFO [41.249249494] ***** Start left shooter shooting.
Shooter.shoot_INFO [41.250198043] shoot(owner=null, event=(TaskAutoShoot.leftShooterDone=CLEARED), shooter=leftShooter, autoStop=false)
Shooter.LeftTransferMotor.cancel_INFO [41.252871826] Cancel: stopping motor.
TaskAutoShoot.runTaskState_INFO [41.254452703] ***** Start right shooter shooting.
Shooter.shoot_INFO [41.258234273] shoot(owner=null, event=(TaskAutoShoot.rightShooterDone=CLEARED), shooter=rightShooter, autoStop=false)
Shooter.RightTransferMotor.cancel_INFO [41.259899083] Cancel: stopping motor.
TaskAutoShoot.autoTask_INFO [41.26144577] <Event name="StateInfo" time="41.26126881" tag="^^^^^" TaskAutoShoot.state="SHOOT" />
FrcTeleOp.operatorControllerButtonEvent_INFO [41.59918538] ##### button=Y, pressed=false
FrcDashboard.task.run_FATAL [44.945006964] Caught unexpected exception:
java.lang.ArrayIndexOutOfBoundsException: Index 763 out of bounds for length 763
TrcDbgTrace.run_ERR [44.948967269] Stack Trace (depth=16):
org.photonvision.common.dataflow.structures.Packet.decodeByte(Packet.java:297)
org.photonvision.common.dataflow.structures.Packet.decodeList(Packet.java:413)
org.photonvision.struct.PhotonTrackedTargetSerde.unpack(PhotonTrackedTargetSerde.java:128)
org.photonvision.struct.PhotonTrackedTargetSerde.unpack(PhotonTrackedTargetSerde.java:43)
org.photonvision.common.dataflow.structures.Packet.decodeList(Packet.java:419)
org.photonvision.struct.PhotonPipelineResultSerde.unpack(PhotonPipelineResultSerde.java:78)
org.photonvision.struct.PhotonPipelineResultSerde.unpack(PhotonPipelineResultSerde.java:43)
org.photonvision.common.networktables.PacketSubscriber.parse(PacketSubscriber.java:66)
org.photonvision.common.networktables.PacketSubscriber.getAllChanges(PacketSubscriber.java:110)
org.photonvision.PhotonCamera.getAllUnreadResults(PhotonCamera.java:262)
frclib.vision.FrcPhotonVision.getDetectedAprilTag(FrcPhotonVision.java:633)
teamcode.vision.Vision.updateStatus(Vision.java:446)
frclib.driverio.FrcDashboard.dashboardTask(FrcDashboard.java:212)
trclib.robotcore.TrcTaskMgr$TaskObject.standaloneTask(TrcTaskMgr.java:425)
trclib.robotcore.TrcPeriodicThread.run(TrcPeriodicThread.java:351)
java.base/java.lang.Thread.run(Unknown Source)
FrcTeleOp.driverControllerButtonEvent_INFO [46.158331746] ##### button=A, pressed=true
FrcTeleOp.driverControllerButtonEvent_INFO [46.234399988] ##### button=A, pressed=false
TrcWatchdogMgr.checkForExpiration_WARN [46.577154517] ([1.7729060660716183E9]FrcDashboard.task:threshold=1.0,expiredTime=1.7729060653837318E9,expired=true,paused=false) expired.
TrcDbgTrace.checkForExpiration_INFO [46.580349667] Thread stack: 
FrcTeleOp.operatorControllerButtonEvent_INFO [47.366923159] ##### button=Y, pressed=true
FrcTeleOp.shoot_INFO [47.371367779] >>>>> Stop Auto Shoot.
TaskAutoShoot.cancel_INFO [47.372159908] Canceling auto task operation.
TaskAutoShoot.stopSubsystems_INFO [47.373783054] Stopping subsystems.
Shooter.LeftTransferMotor.cancel_INFO [47.379962195] Cancel: stopping motor.
Shooter.RightTransferMotor.cancel_INFO [47.382177631] Cancel: stopping motor.
Shooter.FeederMotor.cancel_INFO [47.384066066] Cancel: stopping motor.
TaskAutoShoot.stopSubsystems_INFO [47.387771405] Restoring previous Tracking mode (trackFlywheel=false,trackTiltPos=false,trackPanPos=true).
Shooter.setupGoalTrackingMode_INFO [47.390480908] GoalTracking(trackingMode=AllianceHub, goalPose=(x=-158.838583,y=469.110472,angle=180.000000), noPassback=true).
Shooter.LeftShooter.enableGoalTracking_INFO [47.394542186] Enable GoalTracking (trackingParams=(trackFlywheel=false,trackTiltPos=false,trackPanPos=true)).
Shooter.LeftPrimaryMotor.cancel_INFO [47.39785387] Cancel: stopping motor.
Shooter.LeftTiltMotor.cancel_INFO [47.404297787] Cancel: stopping motor.
Shooter.RightShooter.enableGoalTracking_INFO [47.40796621] Enable GoalTracking (trackingParams=(trackFlywheel=false,trackTiltPos=false,trackPanPos=true)).
Shooter.RightPrimaryMotor.cancel_INFO [47.409719782] Cancel: stopping motor.
Shooter.RightTiltMotor.cancel_INFO [47.419022101] Cancel: stopping motor.
Shooter.LeftPrimaryMotor.cancel_INFO [47.421337134] Cancel: stopping motor.
Shooter.RightPrimaryMotor.cancel_INFO [47.431078661] Cancel: stopping motor.
FrcTeleOp.operatorControllerButtonEvent_INFO [47.551875378] ##### button=Y, pressed=false
Shooter.setupGoalTrackingMode_INFO [49.26276147] GoalTracking(trackingMode=AllianceHub, goalPose=(x=-158.838583,y=469.110472,angle=180.000000), noPassback=true).
Shooter.setupGoalTrackingMode_INFO [49.75310789] GoalTracking(trackingMode=AllianceHub, goalPose=(x=-158.838583,y=469.110472,angle=180.000000), noPassback=true).
FrcTeleOp.driverControllerButtonEvent_INFO [50.985076087] ##### button=A, pressed=true
FrcTeleOp.driverControllerButtonEvent_INFO [51.121204554] ##### button=A, pressed=false
Shooter.setupGoalTrackingMode_INFO [51.709636543] GoalTracking(trackingMode=AllianceHub, goalPose=(x=-158.838583,y=469.110472,angle=180.000000), noPassback=true).
Shooter.setupGoalTrackingMode_INFO [52.577000692] GoalTracking(trackingMode=AllianceHub, goalPose=(x=-158.838583,y=469.110472,angle=180.000000), noPassback=true).
Shooter.setupGoalTrackingMode_INFO [53.388886216] GoalTracking(trackingMode=AllianceHub, goalPose=(x=-158.838583,y=469.110472,angle=180.000000), noPassback=true).
Shooter.setupGoalTrackingMode_INFO [55.670201858] GoalTracking(trackingMode=AllianceHub, goalPose=(x=-158.838583,y=469.110472,angle=180.000000), noPassback=true).
Shooter.setupGoalTrackingMode_INFO [55.957133478] GoalTracking(trackingMode=AllianceHub, goalPose=(x=-158.838583,y=469.110472,angle=180.000000), noPassback=true).
Shooter.setupGoalTrackingMode_INFO [55.994928252] GoalTracking(trackingMode=AllianceHub, goalPose=(x=-158.838583,y=469.110472,angle=180.000000), noPassback=true).
Shooter.setupGoalTrackingMode_INFO [57.419698101] GoalTracking(trackingMode=AllianceHub, goalPose=(x=-158.838583,y=469.110472,angle=180.000000), noPassback=true).
Shooter.setupGoalTrackingMode_INFO [57.933920248] GoalTracking(trackingMode=AllianceHub, goalPose=(x=-158.838583,y=469.110472,angle=180.000000), noPassback=true).
FrcTeleOp.operatorControllerButtonEvent_INFO [58.802391443] ##### button=Y, pressed=true
FrcTeleOp.shoot_INFO [58.805239751] >>>>> Start Auto Shoot.
TaskAutoShoot.autoShoot_INFO [58.807773043] autoShoot(owner=null, event=null, taskParams=(autoStop=false, noPassback=false))
TaskAutoShoot.autoShoot_INFO [58.811601362] Enabling Goal Tracking (prevTrackParams=(trackFlywheel=false,trackTiltPos=false,trackPanPos=true)).
Shooter.setupGoalTrackingMode_INFO [58.81325169] GoalTracking(trackingMode=AllianceHub, goalPose=(x=-158.838583,y=469.110472,angle=180.000000), noPassback=false).
Shooter.LeftShooter.enableGoalTracking_INFO [58.814659225] Enable GoalTracking (trackingParams=(trackFlywheel=true,trackTiltPos=true,trackPanPos=true)).
Shooter.LeftPrimaryMotor.cancel_INFO [58.817765972] Cancel: stopping motor.
Shooter.LeftTiltMotor.cancel_INFO [58.822346857] Cancel: stopping motor.
Shooter.RightShooter.enableGoalTracking_INFO [58.824172405] Enable GoalTracking (trackingParams=(trackFlywheel=true,trackTiltPos=true,trackPanPos=true)).
Shooter.RightPrimaryMotor.cancel_INFO [58.82582721] Cancel: stopping motor.
Shooter.RightTiltMotor.cancel_INFO [58.828167328] Cancel: stopping motor.
TaskAutoShoot.autoTask_INFO [58.905051844] <Event name="StateInfo" time="58.9047719" tag="vvvvv" TaskAutoShoot.state="START" />
TaskAutoShoot.runTaskState_INFO [58.906004316] ***** Wait for left Shooter ready.
TaskAutoShoot.runTaskState_INFO [58.906573243] ***** Wait for right Shooter ready.
TaskAutoShoot.runTaskState_INFO [58.908684989] ***** Wait for Turret ready.
TaskAutoShoot.autoTask_INFO [58.911874972] <Event name="StateInfo" time="58.911629028" tag="^^^^^" TaskAutoShoot.state="START" />
Shooter.TurretMotor.pidCtrlTask_INFO [58.939350489] controlMode: Position,onTarget=true(83.19159469829302/83.54402533643254), stalled=false, expired=false, event=(TaskAutoShoot.turretReady=SIGNALED)
TaskAutoShoot.autoTask_INFO [58.977817897] <Event name="StateInfo" time="58.977608197" tag="vvvvv" TaskAutoShoot.state="SHOOT" />
TaskAutoShoot.autoTask_INFO [58.979528003] <Event name="StateInfo" time="58.979332263" tag="^^^^^" TaskAutoShoot.state="SHOOT" />
TaskAutoShoot.autoTask_INFO [59.056804421] <Event name="StateInfo" time="59.056518826" tag="vvvvv" TaskAutoShoot.state="SHOOT" />
TaskAutoShoot.autoTask_INFO [59.058545972] <Event name="StateInfo" time="59.058284099" tag="^^^^^" TaskAutoShoot.state="SHOOT" />
TaskAutoShoot.autoTask_INFO [59.132074847] <Event name="StateInfo" time="59.131893236" tag="vvvvv" TaskAutoShoot.state="SHOOT" />
TaskAutoShoot.autoTask_INFO [59.139984456] <Event name="StateInfo" time="59.139760132" tag="^^^^^" TaskAutoShoot.state="SHOOT" />
Shooter.setupGoalTrackingMode_INFO [59.149383123] GoalTracking(trackingMode=AllianceHub, goalPose=(x=-158.838583,y=469.110472,angle=180.000000), noPassback=false).
TaskAutoShoot.autoTask_INFO [59.211791543] <Event name="StateInfo" time="59.211587898" tag="vvvvv" TaskAutoShoot.state="SHOOT" />
TaskAutoShoot.autoTask_INFO [59.22060096] <Event name="StateInfo" time="59.220428716" tag="^^^^^" TaskAutoShoot.state="SHOOT" />
TaskAutoShoot.autoTask_INFO [59.287378017] <Event name="StateInfo" time="59.287163962" tag="vvvvv" TaskAutoShoot.state="SHOOT" />
TaskAutoShoot.autoTask_INFO [59.28961015] <Event name="StateInfo" time="59.289421582" tag="^^^^^" TaskAutoShoot.state="SHOOT" />
TaskAutoShoot.autoTask_INFO [59.357280746] <Event name="StateInfo" time="59.357083022" tag="vvvvv" TaskAutoShoot.state="SHOOT" />
TaskAutoShoot.autoTask_INFO [59.359614427] <Event name="StateInfo" time="59.358633443" tag="^^^^^" TaskAutoShoot.state="SHOOT" />
TaskAutoShoot.autoTask_INFO [59.436270622] <Event name="StateInfo" time="59.435878792" tag="vvvvv" TaskAutoShoot.state="SHOOT" />
TaskAutoShoot.autoTask_INFO [59.444808096] <Event name="StateInfo" time="59.443383318" tag="^^^^^" TaskAutoShoot.state="SHOOT" />
TaskAutoShoot.autoTask_INFO [59.526406185] <Event name="StateInfo" time="59.524630441" tag="vvvvv" TaskAutoShoot.state="SHOOT" />
TaskAutoShoot.autoTask_INFO [59.528828406] <Event name="StateInfo" time="59.528627798" tag="^^^^^" TaskAutoShoot.state="SHOOT" />
FrcTeleOp.driverControllerButtonEvent_INFO [59.5321756] ##### button=A, pressed=true
TaskAutoShoot.autoTask_INFO [59.604316212] <Event name="StateInfo" time="59.602550218" tag="vvvvv" TaskAutoShoot.state="SHOOT" />
TaskAutoShoot.autoTask_INFO [59.610045406] <Event name="StateInfo" time="59.609788906" tag="^^^^^" TaskAutoShoot.state="SHOOT" />
FrcTeleOp.driverControllerButtonEvent_INFO [59.61404811] ##### button=A, pressed=false
TaskAutoShoot.autoTask_INFO [59.685074976] <Event name="StateInfo" time="59.684761063" tag="vvvvv" TaskAutoShoot.state="SHOOT" />
TaskAutoShoot.autoTask_INFO [59.689969451] <Event name="StateInfo" time="59.689773883" tag="^^^^^" TaskAutoShoot.state="SHOOT" />
TaskAutoShoot.autoTask_INFO [59.754550489] <Event name="StateInfo" time="59.75437156" tag="vvvvv" TaskAutoShoot.state="SHOOT" />
TaskAutoShoot.autoTask_INFO [59.758124726] <Event name="StateInfo" time="59.757639139" tag="^^^^^" TaskAutoShoot.state="SHOOT" />
Shooter.LeftShooter.goalTrackingTask_INFO [59.805864539] Shooter.LeftShooter is Ready: rpm1=4339.200721/4353.899472, rpm2=2692.148438/0.000000, tilt=20.901394/20.455669, pan=null/null
TaskAutoShoot.autoTask_INFO [59.831113587] <Event name="StateInfo" time="59.830623941" tag="vvvvv" TaskAutoShoot.state="SHOOT" />
TaskAutoShoot.runTaskState_INFO [59.832204297] ***** Start left shooter shooting.
Shooter.shoot_INFO [59.833541448] shoot(owner=null, event=(TaskAutoShoot.leftShooterDone=CLEARED), shooter=leftShooter, autoStop=false)
Shooter.LeftTransferMotor.cancel_INFO [59.834774838] Cancel: stopping motor.
TaskAutoShoot.autoTask_INFO [59.837305806] <Event name="StateInfo" time="59.83697489" tag="^^^^^" TaskAutoShoot.state="SHOOT" />
Shooter.RightShooter.goalTrackingTask_INFO [59.906688552] Shooter.RightShooter is Ready: rpm1=4350.748197/4363.117907, rpm2=2700.000000/0.000000, tilt=20.466594/20.547130, pan=null/null
TaskAutoShoot.autoTask_INFO [59.9104381] <Event name="StateInfo" time="59.910190831" tag="vvvvv" TaskAutoShoot.state="SHOOT" />
TaskAutoShoot.runTaskState_INFO [59.911729459] ***** Start right shooter shooting.
Shooter.shoot_INFO [59.916033003] shoot(owner=null, event=(TaskAutoShoot.rightShooterDone=CLEARED), shooter=rightShooter, autoStop=false)
Shooter.RightTransferMotor.cancel_INFO [59.917979292] Cancel: stopping motor.
TaskAutoShoot.autoTask_INFO [59.920221989] <Event name="StateInfo" time="59.920027907" tag="^^^^^" TaskAutoShoot.state="SHOOT" />
FrcTeleOp.operatorControllerButtonEvent_INFO [59.921896833] ##### button=Y, pressed=false
FrcTeleOp.operatorControllerButtonEvent_INFO [60.048154386] ##### button=Y, pressed=true
FrcTeleOp.shoot_INFO [60.048940028] >>>>> Stop Auto Shoot.
TaskAutoShoot.cancel_INFO [60.056548358] Canceling auto task operation.
TaskAutoShoot.stopSubsystems_INFO [60.057370769] Stopping subsystems.
Shooter.LeftTransferMotor.cancel_INFO [60.057791526] Cancel: stopping motor.
Shooter.RightTransferMotor.cancel_INFO [60.063051114] Cancel: stopping motor.
Shooter.FeederMotor.cancel_INFO [60.067397297] Cancel: stopping motor.
TaskAutoShoot.stopSubsystems_INFO [60.068326619] Restoring previous Tracking mode (trackFlywheel=false,trackTiltPos=false,trackPanPos=true).
Shooter.setupGoalTrackingMode_INFO [60.068890425] GoalTracking(trackingMode=AllianceHub, goalPose=(x=-158.838583,y=469.110472,angle=180.000000), noPassback=true).
Shooter.LeftShooter.enableGoalTracking_INFO [60.070636912] Enable GoalTracking (trackingParams=(trackFlywheel=false,trackTiltPos=false,trackPanPos=true)).
Shooter.LeftPrimaryMotor.cancel_INFO [60.071201902] Cancel: stopping motor.
Shooter.LeftTiltMotor.cancel_INFO [60.072207094] Cancel: stopping motor.
Shooter.RightShooter.enableGoalTracking_INFO [60.076591291] Enable GoalTracking (trackingParams=(trackFlywheel=false,trackTiltPos=false,trackPanPos=true)).
Shooter.RightPrimaryMotor.cancel_INFO [60.079151344] Cancel: stopping motor.
Shooter.RightTiltMotor.cancel_INFO [60.080692225] Cancel: stopping motor.
Shooter.LeftPrimaryMotor.cancel_INFO [60.084794602] Cancel: stopping motor.
Shooter.RightPrimaryMotor.cancel_INFO [60.087149519] Cancel: stopping motor.
FrcTeleOp.operatorControllerButtonEvent_INFO [60.192277407] ##### button=Y, pressed=false
FrcTeleOp.driverControllerButtonEvent_INFO [60.631994324] ##### button=A, pressed=true
FrcTeleOp.driverControllerButtonEvent_INFO [60.685313435] ##### button=A, pressed=false
FrcTeleOp.operatorControllerButtonEvent_INFO [60.888059734] ##### button=Y, pressed=true
FrcTeleOp.shoot_INFO [60.888744406] >>>>> Start Auto Shoot.
TaskAutoShoot.autoShoot_INFO [60.889297634] autoShoot(owner=null, event=null, taskParams=(autoStop=false, noPassback=false))
TaskAutoShoot.autoShoot_INFO [60.889725037] Enabling Goal Tracking (prevTrackParams=(trackFlywheel=false,trackTiltPos=false,trackPanPos=true)).
Shooter.setupGoalTrackingMode_INFO [60.890223554] GoalTracking(trackingMode=AllianceHub, goalPose=(x=-158.838583,y=469.110472,angle=180.000000), noPassback=false).
Shooter.LeftShooter.enableGoalTracking_INFO [60.890551678] Enable GoalTracking (trackingParams=(trackFlywheel=true,trackTiltPos=true,trackPanPos=true)).
Shooter.LeftPrimaryMotor.cancel_INFO [60.891269063] Cancel: stopping motor.
Shooter.LeftTiltMotor.cancel_INFO [60.900983469] Cancel: stopping motor.
Shooter.RightShooter.enableGoalTracking_INFO [60.901608692] Enable GoalTracking (trackingParams=(trackFlywheel=true,trackTiltPos=true,trackPanPos=true)).
Shooter.RightPrimaryMotor.cancel_INFO [60.902093137] Cancel: stopping motor.
Shooter.RightTiltMotor.cancel_INFO [60.902597409] Cancel: stopping motor.
TaskAutoShoot.autoTask_INFO [60.979971154] <Event name="StateInfo" time="60.979568501" tag="vvvvv" TaskAutoShoot.state="START" />
TaskAutoShoot.runTaskState_INFO [60.983910666] ***** Wait for left Shooter ready.
TaskAutoShoot.runTaskState_INFO [60.988066349] ***** Wait for right Shooter ready.
TaskAutoShoot.runTaskState_INFO [60.990286402] ***** Wait for Turret ready.
TaskAutoShoot.autoTask_INFO [60.993183694] <Event name="StateInfo" time="60.991603982" tag="^^^^^" TaskAutoShoot.state="START" />
TaskAutoShoot.autoTask_INFO [61.130008239] <Event name="StateInfo" time="61.128645182" tag="vvvvv" TaskAutoShoot.state="SHOOT" />
TaskAutoShoot.autoTask_INFO [61.131765011] <Event name="StateInfo" time="61.131558784" tag="^^^^^" TaskAutoShoot.state="SHOOT" />
TaskAutoShoot.autoTask_INFO [61.21088341] <Event name="StateInfo" time="61.210670685" tag="vvvvv" TaskAutoShoot.state="SHOOT" />
TaskAutoShoot.autoTask_INFO [61.218467821] <Event name="StateInfo" time="61.211525703" tag="^^^^^" TaskAutoShoot.state="SHOOT" />
Shooter.setupGoalTrackingMode_INFO [61.228038304] GoalTracking(trackingMode=AllianceHub, goalPose=(x=-158.838583,y=469.110472,angle=180.000000), noPassback=false).
TaskAutoShoot.autoTask_INFO [61.291899831] <Event name="StateInfo" time="61.291546251" tag="vvvvv" TaskAutoShoot.state="SHOOT" />
TaskAutoShoot.autoTask_INFO [61.293703274] <Event name="StateInfo" time="61.293337378" tag="^^^^^" TaskAutoShoot.state="SHOOT" />
TaskAutoShoot.autoTask_INFO [61.368289822] <Event name="StateInfo" time="61.368074489" tag="vvvvv" TaskAutoShoot.state="SHOOT" />
TaskAutoShoot.autoTask_INFO [61.370163846] <Event name="StateInfo" time="61.368604188" tag="^^^^^" TaskAutoShoot.state="SHOOT" />
TaskAutoShoot.autoTask_INFO [61.44111513] <Event name="StateInfo" time="61.44093207" tag="vvvvv" TaskAutoShoot.state="SHOOT" />
TaskAutoShoot.autoTask_INFO [61.44414595] <Event name="StateInfo" time="61.443929264" tag="^^^^^" TaskAutoShoot.state="SHOOT" />
TaskAutoShoot.autoTask_INFO [61.538792744] <Event name="StateInfo" time="61.538011698" tag="vvvvv" TaskAutoShoot.state="SHOOT" />
TaskAutoShoot.autoTask_INFO [61.540051571] <Event name="StateInfo" time="61.539117178" tag="^^^^^" TaskAutoShoot.state="SHOOT" />
FrcTeleOp.operatorControllerButtonEvent_INFO [61.554912316] ##### button=Y, pressed=false
TaskAutoShoot.autoTask_INFO [61.638891996] <Event name="StateInfo" time="61.636768456" tag="vvvvv" TaskAutoShoot.state="SHOOT" />
TaskAutoShoot.autoTask_INFO [61.64507193] <Event name="StateInfo" time="61.639461918" tag="^^^^^" TaskAutoShoot.state="SHOOT" />
TaskAutoShoot.autoTask_INFO [61.719805247] <Event name="StateInfo" time="61.718652128" tag="vvvvv" TaskAutoShoot.state="SHOOT" />
TaskAutoShoot.autoTask_INFO [61.726723753] <Event name="StateInfo" time="61.721343792" tag="^^^^^" TaskAutoShoot.state="SHOOT" />
FrcTeleOp.operatorControllerButtonEvent_INFO [61.733207851] ##### button=Y, pressed=true
FrcTeleOp.shoot_INFO [61.735112849] >>>>> Stop Auto Shoot.
TaskAutoShoot.cancel_INFO [61.735781918] Canceling auto task operation.
TaskAutoShoot.stopSubsystems_INFO [61.73660189] Stopping subsystems.
Shooter.LeftTransferMotor.cancel_INFO [61.737624493] Cancel: stopping motor.
Shooter.RightTransferMotor.cancel_INFO [61.739023139] Cancel: stopping motor.
Shooter.FeederMotor.cancel_INFO [61.739550615] Cancel: stopping motor.
TaskAutoShoot.stopSubsystems_INFO [61.73997046] Restoring previous Tracking mode (trackFlywheel=false,trackTiltPos=false,trackPanPos=true).
Shooter.setupGoalTrackingMode_INFO [61.740508547] GoalTracking(trackingMode=AllianceHub, goalPose=(x=-158.838583,y=469.110472,angle=180.000000), noPassback=true).
Shooter.LeftShooter.enableGoalTracking_INFO [61.743437713] Enable GoalTracking (trackingParams=(trackFlywheel=false,trackTiltPos=false,trackPanPos=true)).
Shooter.LeftPrimaryMotor.cancel_INFO [61.744297954] Cancel: stopping motor.
Shooter.LeftTiltMotor.cancel_INFO [61.744899034] Cancel: stopping motor.
Shooter.RightShooter.enableGoalTracking_INFO [61.745473958] Enable GoalTracking (trackingParams=(trackFlywheel=false,trackTiltPos=false,trackPanPos=true)).
Shooter.RightPrimaryMotor.cancel_INFO [61.746533507] Cancel: stopping motor.
Shooter.RightTiltMotor.cancel_INFO [61.747373985] Cancel: stopping motor.
Shooter.LeftPrimaryMotor.cancel_INFO [61.748270801] Cancel: stopping motor.
Shooter.RightPrimaryMotor.cancel_INFO [61.749030867] Cancel: stopping motor.
FrcTeleOp.operatorControllerButtonEvent_INFO [61.867688027] ##### button=Y, pressed=false
Shooter.setupGoalTrackingMode_INFO [62.408989762] GoalTracking(trackingMode=AllianceHub, goalPose=(x=-158.838583,y=469.110472,angle=180.000000), noPassback=true).
Shooter.setupGoalTrackingMode_INFO [64.372420791] GoalTracking(trackingMode=AllianceHub, goalPose=(x=-158.838583,y=469.110472,angle=180.000000), noPassback=true).
Shooter.LeftShooter.goalTrackingTask_INFO [65.989429335] Shooter.LeftShooter is TimedOut: rpm1=0.000000/0.000000, rpm2=-1.992188/0.000000, tilt=17.067240/17.000000, pan=null/null
Shooter.RightShooter.goalTrackingTask_INFO [65.991380865] Shooter.RightShooter is TimedOut: rpm1=-21.580529/0.000000, rpm2=-2.109375/0.000000, tilt=17.027713/17.000000, pan=null/null
Shooter.setupGoalTrackingMode_INFO [67.347099388] GoalTracking(trackingMode=AllianceHub, goalPose=(x=-158.838583,y=469.110472,angle=180.000000), noPassback=true).
Shooter.setupGoalTrackingMode_INFO [71.25701011] GoalTracking(trackingMode=AllianceHub, goalPose=(x=-158.838583,y=469.110472,angle=180.000000), noPassback=true).
Shooter.setupGoalTrackingMode_INFO [75.38889844] GoalTracking(trackingMode=AllianceHub, goalPose=(x=-158.838583,y=469.110472,angle=180.000000), noPassback=true).
Shooter.setupGoalTrackingMode_INFO [76.466749222] GoalTracking(trackingMode=AllianceHub, goalPose=(x=-158.838583,y=469.110472,angle=180.000000), noPassback=true).
Shooter.setupGoalTrackingMode_INFO [77.881615681] GoalTracking(trackingMode=AllianceHub, goalPose=(x=-158.838583,y=469.110472,angle=180.000000), noPassback=true).
FrcTeleOp.driverControllerButtonEvent_INFO [78.307514307] ##### button=A, pressed=true
FrcTeleOp.driverControllerButtonEvent_INFO [78.441767469] ##### button=A, pressed=false
FrcTeleOp.operatorControllerButtonEvent_INFO [82.682313602] ##### button=Y, pressed=true
FrcTeleOp.shoot_INFO [82.684575191] >>>>> Start Auto Shoot.
TaskAutoShoot.autoShoot_INFO [82.687400783] autoShoot(owner=null, event=null, taskParams=(autoStop=false, noPassback=false))
TaskAutoShoot.autoShoot_INFO [82.688881913] Enabling Goal Tracking (prevTrackParams=(trackFlywheel=false,trackTiltPos=false,trackPanPos=true)).
Shooter.setupGoalTrackingMode_INFO [82.692586516] GoalTracking(trackingMode=AllianceHub, goalPose=(x=-158.838583,y=469.110472,angle=180.000000), noPassback=false).
Shooter.LeftShooter.enableGoalTracking_INFO [82.694653707] Enable GoalTracking (trackingParams=(trackFlywheel=true,trackTiltPos=true,trackPanPos=true)).
Shooter.LeftPrimaryMotor.cancel_INFO [82.696641309] Cancel: stopping motor.
Shooter.LeftTiltMotor.cancel_INFO [82.698753572] Cancel: stopping motor.
Shooter.RightShooter.enableGoalTracking_INFO [82.707489129] Enable GoalTracking (trackingParams=(trackFlywheel=true,trackTiltPos=true,trackPanPos=true)).
Shooter.RightPrimaryMotor.cancel_INFO [82.708844395] Cancel: stopping motor.
Shooter.RightTiltMotor.cancel_INFO [82.711633339] Cancel: stopping motor.
TaskAutoShoot.autoTask_INFO [82.803746139] <Event name="StateInfo" time="82.803185983" tag="vvvvv" TaskAutoShoot.state="START" />
TaskAutoShoot.runTaskState_INFO [82.805099383] ***** Wait for left Shooter ready.
TaskAutoShoot.runTaskState_INFO [82.806876466] ***** Wait for right Shooter ready.
TaskAutoShoot.runTaskState_INFO [82.808071299] ***** Wait for Turret ready.
TaskAutoShoot.autoTask_INFO [82.810286826] <Event name="StateInfo" time="82.809944875" tag="^^^^^" TaskAutoShoot.state="START" />
Shooter.TurretMotor.pidCtrlTask_INFO [82.88528083] controlMode: Position,onTarget=true(64.73037269675162/65.21488953520885), stalled=false, expired=false, event=(TaskAutoShoot.turretReady=SIGNALED)
TaskAutoShoot.autoTask_INFO [82.975324498] <Event name="StateInfo" time="82.975035441" tag="vvvvv" TaskAutoShoot.state="SHOOT" />
TaskAutoShoot.autoTask_INFO [82.979823582] <Event name="StateInfo" time="82.979546599" tag="^^^^^" TaskAutoShoot.state="SHOOT" />
TaskAutoShoot.autoTask_INFO [83.056346879] <Event name="StateInfo" time="83.056121148" tag="vvvvv" TaskAutoShoot.state="SHOOT" />
TaskAutoShoot.autoTask_INFO [83.057098986] <Event name="StateInfo" time="83.0567717" tag="^^^^^" TaskAutoShoot.state="SHOOT" />
TaskAutoShoot.autoTask_INFO [83.133301436] <Event name="StateInfo" time="83.133106173" tag="vvvvv" TaskAutoShoot.state="SHOOT" />
TaskAutoShoot.autoTask_INFO [83.135016947] <Event name="StateInfo" time="83.134827827" tag="^^^^^" TaskAutoShoot.state="SHOOT" />
TaskAutoShoot.autoTask_INFO [83.209461401] <Event name="StateInfo" time="83.209219248" tag="vvvvv" TaskAutoShoot.state="SHOOT" />
TaskAutoShoot.autoTask_INFO [83.216490584] <Event name="StateInfo" time="83.216164511" tag="^^^^^" TaskAutoShoot.state="SHOOT" />
TaskAutoShoot.autoTask_INFO [83.289095526] <Event name="StateInfo" time="83.288650333" tag="vvvvv" TaskAutoShoot.state="SHOOT" />
TaskAutoShoot.autoTask_INFO [83.294433987] <Event name="StateInfo" time="83.294195159" tag="^^^^^" TaskAutoShoot.state="SHOOT" />
TaskAutoShoot.autoTask_INFO [83.361447134] <Event name="StateInfo" time="83.361245566" tag="vvvvv" TaskAutoShoot.state="SHOOT" />
TaskAutoShoot.autoTask_INFO [83.366112856] <Event name="StateInfo" time="83.364439844" tag="^^^^^" TaskAutoShoot.state="SHOOT" />
TaskAutoShoot.autoTask_INFO [83.435445608] <Event name="StateInfo" time="83.432732909" tag="vvvvv" TaskAutoShoot.state="SHOOT" />
TaskAutoShoot.autoTask_INFO [83.439147062] <Event name="StateInfo" time="83.436573403" tag="^^^^^" TaskAutoShoot.state="SHOOT" />
FrcTeleOp.operatorControllerButtonEvent_INFO [83.441678727] ##### button=Y, pressed=false
TaskAutoShoot.autoTask_INFO [83.50441788] <Event name="StateInfo" time="83.504138091" tag="vvvvv" TaskAutoShoot.state="SHOOT" />
TaskAutoShoot.autoTask_INFO [83.505410255] <Event name="StateInfo" time="83.505207017" tag="^^^^^" TaskAutoShoot.state="SHOOT" />
Shooter.LeftShooter.goalTrackingTask_INFO [83.560109108] Shooter.LeftShooter is Ready: rpm1=4959.356971/4966.086486, rpm2=3065.507813/0.000000, tilt=24.498379/24.484146, pan=null/null
Shooter.RightShooter.goalTrackingTask_INFO [83.59047603] Shooter.RightShooter is Ready: rpm1=4900.862380/4966.086486, rpm2=3073.476563/0.000000, tilt=24.498380/24.484146, pan=null/null
TaskAutoShoot.autoTask_INFO [83.593888537] <Event name="StateInfo" time="83.593182027" tag="vvvvv" TaskAutoShoot.state="SHOOT" />
TaskAutoShoot.runTaskState_INFO [83.595299005] ***** Start left shooter shooting.
Shooter.shoot_INFO [83.597187685] shoot(owner=null, event=(TaskAutoShoot.leftShooterDone=CLEARED), shooter=leftShooter, autoStop=false)
Shooter.LeftTransferMotor.cancel_INFO [83.599438239] Cancel: stopping motor.
TaskAutoShoot.runTaskState_INFO [83.602338801] ***** Start right shooter shooting.
Shooter.shoot_INFO [83.60285214] shoot(owner=null, event=(TaskAutoShoot.rightShooterDone=CLEARED), shooter=rightShooter, autoStop=false)
Shooter.RightTransferMotor.cancel_INFO [83.604855067] Cancel: stopping motor.
TaskAutoShoot.autoTask_INFO [83.607588275] <Event name="StateInfo" time="83.607377866" tag="^^^^^" TaskAutoShoot.state="SHOOT" />
FrcTeleOp.driverControllerButtonEvent_INFO [84.820217052] ##### button=RightBumper, pressed=true
FrcTeleOp.driverControllerButtonEvent_INFO [84.83058383] >>>>> Slow Drive
Shooter.setupGoalTrackingMode_INFO [85.331424243] GoalTracking(trackingMode=AllianceHub, goalPose=(x=-158.838583,y=469.110472,angle=180.000000), noPassback=false).
FrcTeleOp.driverControllerButtonEvent_INFO [90.486704823] ##### button=RightBumper, pressed=false
FrcTeleOp.driverControllerButtonEvent_INFO [90.490553816] >>>>> Normal Drive
FrcTeleOp.operatorControllerButtonEvent_INFO [91.298354971] ##### button=Y, pressed=true
FrcTeleOp.shoot_INFO [91.304136488] >>>>> Stop Auto Shoot.
TaskAutoShoot.cancel_INFO [91.304692225] Canceling auto task operation.
TaskAutoShoot.stopSubsystems_INFO [91.305400857] Stopping subsystems.
Shooter.LeftTransferMotor.cancel_INFO [91.311986339] Cancel: stopping motor.
Shooter.RightTransferMotor.cancel_INFO [91.313365008] Cancel: stopping motor.
Shooter.FeederMotor.cancel_INFO [91.314161734] Cancel: stopping motor.
TaskAutoShoot.stopSubsystems_INFO [91.326792987] Restoring previous Tracking mode (trackFlywheel=false,trackTiltPos=false,trackPanPos=true).
Shooter.setupGoalTrackingMode_INFO [91.328088549] GoalTracking(trackingMode=AllianceHub, goalPose=(x=-158.838583,y=469.110472,angle=180.000000), noPassback=true).
Shooter.LeftShooter.enableGoalTracking_INFO [91.328477358] Enable GoalTracking (trackingParams=(trackFlywheel=false,trackTiltPos=false,trackPanPos=true)).
Shooter.LeftPrimaryMotor.cancel_INFO [91.337127584] Cancel: stopping motor.
Shooter.LeftTiltMotor.cancel_INFO [91.338317566] Cancel: stopping motor.
Shooter.RightShooter.enableGoalTracking_INFO [91.340681658] Enable GoalTracking (trackingParams=(trackFlywheel=false,trackTiltPos=false,trackPanPos=true)).
Shooter.RightPrimaryMotor.cancel_INFO [91.342580522] Cancel: stopping motor.
Shooter.RightTiltMotor.cancel_INFO [91.347846305] Cancel: stopping motor.
Shooter.LeftPrimaryMotor.cancel_INFO [91.348645248] Cancel: stopping motor.
Shooter.RightPrimaryMotor.cancel_INFO [91.349415858] Cancel: stopping motor.
FrcTeleOp.operatorControllerButtonEvent_INFO [91.473361982] ##### button=Y, pressed=false
Shooter.setupGoalTrackingMode_INFO [92.091366419] GoalTracking(trackingMode=AllianceHub, goalPose=(x=-158.838583,y=469.110472,angle=180.000000), noPassback=true).
FrcTeleOp.driverControllerButtonEvent_INFO [92.728767013] ##### button=A, pressed=true
FrcTeleOp.driverControllerButtonEvent_INFO [92.837802119] ##### button=A, pressed=false
Shooter.setupGoalTrackingMode_INFO [93.352029303] GoalTracking(trackingMode=AllianceHub, goalPose=(x=-158.838583,y=469.110472,angle=180.000000), noPassback=true).
Shooter.setupGoalTrackingMode_INFO [93.838194764] GoalTracking(trackingMode=AllianceHub, goalPose=(x=-158.838583,y=469.110472,angle=180.000000), noPassback=true).
Shooter.setupGoalTrackingMode_INFO [95.322841709] GoalTracking(trackingMode=AllianceHub, goalPose=(x=-158.838583,y=469.110472,angle=180.000000), noPassback=true).
Shooter.setupGoalTrackingMode_INFO [95.363445524] GoalTracking(trackingMode=AllianceHub, goalPose=(x=-158.838583,y=469.110472,angle=180.000000), noPassback=true).
Shooter.setupGoalTrackingMode_INFO [95.39338177] GoalTracking(trackingMode=AllianceHub, goalPose=(x=-158.838583,y=469.110472,angle=180.000000), noPassback=true).
Shooter.setupGoalTrackingMode_INFO [95.676077701] GoalTracking(trackingMode=AllianceHub, goalPose=(x=-158.838583,y=469.110472,angle=180.000000), noPassback=true).
Shooter.setupGoalTrackingMode_INFO [95.876948093] GoalTracking(trackingMode=AllianceHub, goalPose=(x=-158.838583,y=469.110472,angle=180.000000), noPassback=true).
Shooter.setupGoalTrackingMode_INFO [95.977179976] GoalTracking(trackingMode=AllianceHub, goalPose=(x=-158.838583,y=469.110472,angle=180.000000), noPassback=true).
Shooter.setupGoalTrackingMode_INFO [96.014657389] GoalTracking(trackingMode=AllianceHub, goalPose=(x=-158.838583,y=469.110472,angle=180.000000), noPassback=true).
Shooter.setupGoalTrackingMode_INFO [96.069990359] GoalTracking(trackingMode=AllianceHub, goalPose=(x=-158.838583,y=469.110472,angle=180.000000), noPassback=true).
Shooter.setupGoalTrackingMode_INFO [96.235507774] GoalTracking(trackingMode=AllianceHub, goalPose=(x=-158.838583,y=469.110472,angle=180.000000), noPassback=true).
Shooter.setupGoalTrackingMode_INFO [96.670851499] GoalTracking(trackingMode=AllianceHub, goalPose=(x=-158.838583,y=469.110472,angle=180.000000), noPassback=true).
Shooter.setupGoalTrackingMode_INFO [98.727872368] GoalTracking(trackingMode=AllianceHub, goalPose=(x=-158.838583,y=469.110472,angle=180.000000), noPassback=true).
FrcTeleOp.driverControllerButtonEvent_INFO [100.727320153] ##### button=A, pressed=true
FrcTeleOp.driverControllerButtonEvent_INFO [100.783062596] ##### button=A, pressed=false
Shooter.setupGoalTrackingMode_INFO [101.443813604] GoalTracking(trackingMode=AllianceHub, goalPose=(x=-158.838583,y=469.110472,angle=180.000000), noPassback=true).
Shooter.setupGoalTrackingMode_INFO [101.958029112] GoalTracking(trackingMode=AllianceHub, goalPose=(x=-158.838583,y=469.110472,angle=180.000000), noPassback=true).
FrcTeleOp.operatorControllerButtonEvent_INFO [103.239420688] ##### button=Y, pressed=true
FrcTeleOp.shoot_INFO [103.251331254] >>>>> Start Auto Shoot.
TaskAutoShoot.autoShoot_INFO [103.259250984] autoShoot(owner=null, event=null, taskParams=(autoStop=false, noPassback=false))
TaskAutoShoot.autoShoot_INFO [103.263810188] Enabling Goal Tracking (prevTrackParams=(trackFlywheel=false,trackTiltPos=false,trackPanPos=true)).
Shooter.setupGoalTrackingMode_INFO [103.268767838] GoalTracking(trackingMode=AllianceHub, goalPose=(x=-158.838583,y=469.110472,angle=180.000000), noPassback=false).
Shooter.LeftShooter.enableGoalTracking_INFO [103.275295252] Enable GoalTracking (trackingParams=(trackFlywheel=true,trackTiltPos=true,trackPanPos=true)).
Shooter.LeftPrimaryMotor.cancel_INFO [103.279546764] Cancel: stopping motor.
Shooter.LeftTiltMotor.cancel_INFO [103.285585353] Cancel: stopping motor.
Shooter.RightShooter.enableGoalTracking_INFO [103.28928472] Enable GoalTracking (trackingParams=(trackFlywheel=true,trackTiltPos=true,trackPanPos=true)).
Shooter.RightPrimaryMotor.cancel_INFO [103.297281864] Cancel: stopping motor.
Shooter.RightTiltMotor.cancel_INFO [103.30100447] Cancel: stopping motor.
TaskAutoShoot.autoTask_INFO [103.38272104] <Event name="StateInfo" time="103.382435479" tag="vvvvv" TaskAutoShoot.state="START" />
TaskAutoShoot.runTaskState_INFO [103.384732023] ***** Wait for left Shooter ready.
TaskAutoShoot.runTaskState_INFO [103.385706063] ***** Wait for right Shooter ready.
TaskAutoShoot.runTaskState_INFO [103.387226574] ***** Wait for Turret ready.
TaskAutoShoot.autoTask_INFO [103.388330957] <Event name="StateInfo" time="103.388122997" tag="^^^^^" TaskAutoShoot.state="START" />
Shooter.TurretMotor.pidCtrlTask_INFO [103.461713757] controlMode: Position,onTarget=true(-0.1594345164915012/-1.1219913671740482), stalled=false, expired=false, event=(TaskAutoShoot.turretReady=SIGNALED)
TaskAutoShoot.autoTask_INFO [103.540082413] <Event name="StateInfo" time="103.5398875" tag="vvvvv" TaskAutoShoot.state="SHOOT" />
TaskAutoShoot.autoTask_INFO [103.541220901] <Event name="StateInfo" time="103.54102852" tag="^^^^^" TaskAutoShoot.state="SHOOT" />
TaskAutoShoot.autoTask_INFO [103.618205795] <Event name="StateInfo" time="103.618005515" tag="vvvvv" TaskAutoShoot.state="SHOOT" />
TaskAutoShoot.autoTask_INFO [103.625126232] <Event name="StateInfo" time="103.62442992" tag="^^^^^" TaskAutoShoot.state="SHOOT" />
TaskAutoShoot.autoTask_INFO [103.700608469] <Event name="StateInfo" time="103.700316959" tag="vvvvv" TaskAutoShoot.state="SHOOT" />
TaskAutoShoot.autoTask_INFO [103.702102677] <Event name="StateInfo" time="103.70183396" tag="^^^^^" TaskAutoShoot.state="SHOOT" />
TaskAutoShoot.autoTask_INFO [103.776796953] <Event name="StateInfo" time="103.776598632" tag="vvvvv" TaskAutoShoot.state="SHOOT" />
TaskAutoShoot.autoTask_INFO [103.780032901] <Event name="StateInfo" time="103.779837421" tag="^^^^^" TaskAutoShoot.state="SHOOT" />
TaskAutoShoot.autoTask_INFO [103.853972474] <Event name="StateInfo" time="103.853779622" tag="vvvvv" TaskAutoShoot.state="SHOOT" />
TaskAutoShoot.autoTask_INFO [103.855265628] <Event name="StateInfo" time="103.855089415" tag="^^^^^" TaskAutoShoot.state="SHOOT" />
TaskAutoShoot.autoTask_INFO [103.929972781] <Event name="StateInfo" time="103.929771036" tag="vvvvv" TaskAutoShoot.state="SHOOT" />
TaskAutoShoot.autoTask_INFO [103.93366151] <Event name="StateInfo" time="103.932729527" tag="^^^^^" TaskAutoShoot.state="SHOOT" />
TaskAutoShoot.autoTask_INFO [104.014428277] <Event name="StateInfo" time="104.013664076" tag="vvvvv" TaskAutoShoot.state="SHOOT" />
TaskAutoShoot.autoTask_INFO [104.024029143] <Event name="StateInfo" time="104.023846819" tag="^^^^^" TaskAutoShoot.state="SHOOT" />
TaskAutoShoot.autoTask_INFO [104.099686818] <Event name="StateInfo" time="104.099330757" tag="vvvvv" TaskAutoShoot.state="SHOOT" />
TaskAutoShoot.autoTask_INFO [104.107107147] <Event name="StateInfo" time="104.106805246" tag="^^^^^" TaskAutoShoot.state="SHOOT" />
TaskAutoShoot.autoTask_INFO [104.182289756] <Event name="StateInfo" time="104.181494567" tag="vvvvv" TaskAutoShoot.state="SHOOT" />
TaskAutoShoot.autoTask_INFO [104.183505211] <Event name="StateInfo" time="104.182593386" tag="^^^^^" TaskAutoShoot.state="SHOOT" />
FrcTeleOp.operatorControllerButtonEvent_INFO [104.195758367] ##### button=Y, pressed=false
Shooter.LeftShooter.goalTrackingTask_INFO [104.248368051] Shooter.LeftShooter is Ready: rpm1=5031.292067/5031.083957, rpm2=3158.906250/0.000000, tilt=24.893652/24.953173, pan=null/null
TaskAutoShoot.autoTask_INFO [104.269946901] <Event name="StateInfo" time="104.269751472" tag="vvvvv" TaskAutoShoot.state="SHOOT" />
TaskAutoShoot.runTaskState_INFO [104.271367971] ***** Start left shooter shooting.
Shooter.shoot_INFO [104.274664842] shoot(owner=null, event=(TaskAutoShoot.leftShooterDone=CLEARED), shooter=leftShooter, autoStop=false)
Shooter.LeftTransferMotor.cancel_INFO [104.276227994] Cancel: stopping motor.
TaskAutoShoot.autoTask_INFO [104.278022322] <Event name="StateInfo" time="104.277713476" tag="^^^^^" TaskAutoShoot.state="SHOOT" />
Shooter.RightShooter.goalTrackingTask_INFO [104.352874139] Shooter.RightShooter is Ready: rpm1=4991.349159/5033.230700, rpm2=3055.546875/0.000000, tilt=24.893653/24.968827, pan=null/null
TaskAutoShoot.autoTask_INFO [104.353419244] <Event name="StateInfo" time="104.353256473" tag="vvvvv" TaskAutoShoot.state="SHOOT" />
TaskAutoShoot.runTaskState_INFO [104.361239425] ***** Start right shooter shooting.
Shooter.shoot_INFO [104.36177283] shoot(owner=null, event=(TaskAutoShoot.rightShooterDone=CLEARED), shooter=rightShooter, autoStop=false)
Shooter.RightTransferMotor.cancel_INFO [104.362167911] Cancel: stopping motor.
TaskAutoShoot.autoTask_INFO [104.362720578] <Event name="StateInfo" time="104.362556173" tag="^^^^^" TaskAutoShoot.state="SHOOT" />
FrcTeleOp.driverControllerButtonEvent_INFO [105.217576399] ##### button=RightBumper, pressed=true
FrcTeleOp.driverControllerButtonEvent_INFO [105.228364023] >>>>> Slow Drive
Shooter.setupGoalTrackingMode_INFO [108.257645499] GoalTracking(trackingMode=AllianceHub, goalPose=(x=-158.838583,y=469.110472,angle=180.000000), noPassback=false).
FrcTeleOp.operatorControllerButtonEvent_INFO [108.557211236] ##### button=Y, pressed=true
FrcTeleOp.shoot_INFO [108.557814255] >>>>> Stop Auto Shoot.
TaskAutoShoot.cancel_INFO [108.558574965] Canceling auto task operation.
TaskAutoShoot.stopSubsystems_INFO [108.559163631] Stopping subsystems.
Shooter.LeftTransferMotor.cancel_INFO [108.559567528] Cancel: stopping motor.
Shooter.RightTransferMotor.cancel_INFO [108.560023376] Cancel: stopping motor.
Shooter.FeederMotor.cancel_INFO [108.560949082] Cancel: stopping motor.
TaskAutoShoot.stopSubsystems_INFO [108.561399663] Restoring previous Tracking mode (trackFlywheel=false,trackTiltPos=false,trackPanPos=true).
Shooter.setupGoalTrackingMode_INFO [108.562022818] GoalTracking(trackingMode=AllianceHub, goalPose=(x=-158.838583,y=469.110472,angle=180.000000), noPassback=true).
Shooter.LeftShooter.enableGoalTracking_INFO [108.562975644] Enable GoalTracking (trackingParams=(trackFlywheel=false,trackTiltPos=false,trackPanPos=true)).
Shooter.LeftPrimaryMotor.cancel_INFO [108.563529135] Cancel: stopping motor.
Shooter.LeftTiltMotor.cancel_INFO [108.564272915] Cancel: stopping motor.
Shooter.RightShooter.enableGoalTracking_INFO [108.565024762] Enable GoalTracking (trackingParams=(trackFlywheel=false,trackTiltPos=false,trackPanPos=true)).
Shooter.RightPrimaryMotor.cancel_INFO [108.565630859] Cancel: stopping motor.
Shooter.RightTiltMotor.cancel_INFO [108.566717673] Cancel: stopping motor.
Shooter.LeftPrimaryMotor.cancel_INFO [108.567565471] Cancel: stopping motor.
Shooter.RightPrimaryMotor.cancel_INFO [108.568861787] Cancel: stopping motor.
FrcTeleOp.operatorControllerButtonEvent_INFO [108.691098543] ##### button=Y, pressed=false
FrcTeleOp.driverControllerButtonEvent_INFO [108.817862629] ##### button=RightBumper, pressed=false
FrcTeleOp.driverControllerButtonEvent_INFO [108.830480066] >>>>> Normal Drive
FrcTeleOp.driverControllerButtonEvent_INFO [109.11983684] ##### button=A, pressed=true
FrcTeleOp.driverControllerButtonEvent_INFO [109.179250369] ##### button=A, pressed=false
Shooter.setupGoalTrackingMode_INFO [110.919513523] GoalTracking(trackingMode=AllianceHub, goalPose=(x=-158.838583,y=469.110472,angle=180.000000), noPassback=true).
Shooter.setupGoalTrackingMode_INFO [111.631056637] GoalTracking(trackingMode=AllianceHub, goalPose=(x=-158.838583,y=469.110472,angle=180.000000), noPassback=true).
FrcTeleOp.driverControllerButtonEvent_INFO [111.803627228] ##### button=A, pressed=true
FrcTeleOp.driverControllerButtonEvent_INFO [111.92274757] ##### button=A, pressed=false
Shooter.setupGoalTrackingMode_INFO [112.499817113] GoalTracking(trackingMode=AllianceHub, goalPose=(x=-158.838583,y=469.110472,angle=180.000000), noPassback=true).
Shooter.setupGoalTrackingMode_INFO [113.112406933] GoalTracking(trackingMode=AllianceHub, goalPose=(x=-158.838583,y=469.110472,angle=180.000000), noPassback=true).
FrcTeleOp.driverControllerButtonEvent_INFO [113.897926095] ##### button=A, pressed=true
Shooter.setupGoalTrackingMode_INFO [113.947639288] GoalTracking(trackingMode=AllianceHub, goalPose=(x=-158.838583,y=469.110472,angle=180.000000), noPassback=true).
FrcTeleOp.driverControllerButtonEvent_INFO [114.027008789] ##### button=A, pressed=false
Shooter.setupGoalTrackingMode_INFO [114.595516302] GoalTracking(trackingMode=AllianceHub, goalPose=(x=-158.838583,y=469.110472,angle=180.000000), noPassback=true).
Shooter.setupGoalTrackingMode_INFO [115.394478677] GoalTracking(trackingMode=AllianceHub, goalPose=(x=-158.838583,y=469.110472,angle=180.000000), noPassback=true).
Shooter.setupGoalTrackingMode_INFO [115.410924446] GoalTracking(trackingMode=AllianceHub, goalPose=(x=-158.838583,y=469.110472,angle=180.000000), noPassback=true).
Shooter.setupGoalTrackingMode_INFO [115.562172594] GoalTracking(trackingMode=AllianceHub, goalPose=(x=-158.838583,y=469.110472,angle=180.000000), noPassback=true).
Shooter.setupGoalTrackingMode_INFO [115.628654389] GoalTracking(trackingMode=AllianceHub, goalPose=(x=-158.838583,y=469.110472,angle=180.000000), noPassback=true).
Shooter.setupGoalTrackingMode_INFO [115.728786288] GoalTracking(trackingMode=AllianceHub, goalPose=(x=-158.838583,y=469.110472,angle=180.000000), noPassback=true).
Shooter.setupGoalTrackingMode_INFO [116.166281477] GoalTracking(trackingMode=AllianceHub, goalPose=(x=-158.838583,y=469.110472,angle=180.000000), noPassback=true).
Shooter.setupGoalTrackingMode_INFO [117.710973748] GoalTracking(trackingMode=AllianceHub, goalPose=(x=-158.838583,y=469.110472,angle=180.000000), noPassback=true).
Shooter.setupGoalTrackingMode_INFO [119.004016754] GoalTracking(trackingMode=AllianceHub, goalPose=(x=-158.838583,y=469.110472,angle=180.000000), noPassback=true).
Shooter.setupGoalTrackingMode_INFO [119.559937787] GoalTracking(trackingMode=AllianceHub, goalPose=(x=-158.838583,y=469.110472,angle=180.000000), noPassback=true).
FrcTeleOp.driverControllerButtonEvent_INFO [120.510357473] ##### button=RightBumper, pressed=true
FrcTeleOp.driverControllerButtonEvent_INFO [120.512710163] >>>>> Slow Drive
Shooter.setupGoalTrackingMode_INFO [122.670841178] GoalTracking(trackingMode=AllianceHub, goalPose=(x=-158.838583,y=469.110472,angle=180.000000), noPassback=true).
FrcTeleOp.driverControllerButtonEvent_INFO [123.555152124] ##### button=A, pressed=true
FrcTeleOp.driverControllerButtonEvent_INFO [123.725801026] ##### button=A, pressed=false
FrcTeleOp.driverControllerButtonEvent_INFO [123.987889424] ##### button=RightBumper, pressed=false
FrcTeleOp.driverControllerButtonEvent_INFO [123.993137794] >>>>> Normal Drive
FrcTeleOp.operatorControllerButtonEvent_INFO [125.070257405] ##### button=Y, pressed=true
FrcTeleOp.shoot_INFO [125.077608596] >>>>> Start Auto Shoot.
TaskAutoShoot.autoShoot_INFO [125.07832726] autoShoot(owner=null, event=null, taskParams=(autoStop=false, noPassback=false))
TaskAutoShoot.autoShoot_INFO [125.078701667] Enabling Goal Tracking (prevTrackParams=(trackFlywheel=false,trackTiltPos=false,trackPanPos=true)).
Shooter.setupGoalTrackingMode_INFO [125.079403967] GoalTracking(trackingMode=Passback, goalPose=(x=-269.677165,y=603.220472,angle=180.000000), noPassback=false).
Shooter.LeftShooter.enableGoalTracking_INFO [125.079787187] Enable GoalTracking (trackingParams=(trackFlywheel=true,trackTiltPos=true,trackPanPos=true)).
Shooter.LeftPrimaryMotor.cancel_INFO [125.080764873] Cancel: stopping motor.
Shooter.LeftTiltMotor.cancel_INFO [125.081387244] Cancel: stopping motor.
Shooter.RightShooter.enableGoalTracking_INFO [125.081867126] Enable GoalTracking (trackingParams=(trackFlywheel=true,trackTiltPos=true,trackPanPos=true)).
Shooter.RightPrimaryMotor.cancel_INFO [125.082496466] Cancel: stopping motor.
Shooter.RightTiltMotor.cancel_INFO [125.083071065] Cancel: stopping motor.
TaskAutoShoot.autoTask_INFO [125.154824827] <Event name="StateInfo" time="125.153689364" tag="vvvvv" TaskAutoShoot.state="START" />
TaskAutoShoot.runTaskState_INFO [125.159626576] ***** Wait for left Shooter ready.
TaskAutoShoot.runTaskState_INFO [125.162578832] ***** Wait for right Shooter ready.
TaskAutoShoot.runTaskState_INFO [125.16474006] ***** Wait for Turret ready.
TaskAutoShoot.autoTask_INFO [125.167842503] <Event name="StateInfo" time="125.16658377" tag="^^^^^" TaskAutoShoot.state="START" />
Shooter.TurretMotor.pidCtrlTask_INFO [125.265024436] controlMode: Position,onTarget=true(94.3509888930071/95.05489627137331), stalled=false, expired=false, event=(TaskAutoShoot.turretReady=SIGNALED)
TaskAutoShoot.autoTask_INFO [125.333656923] <Event name="StateInfo" time="125.33337262" tag="vvvvv" TaskAutoShoot.state="SHOOT" />
TaskAutoShoot.autoTask_INFO [125.334512029] <Event name="StateInfo" time="125.333919236" tag="^^^^^" TaskAutoShoot.state="SHOOT" />
TaskAutoShoot.autoTask_INFO [125.414556438] <Event name="StateInfo" time="125.414353934" tag="vvvvv" TaskAutoShoot.state="SHOOT" />
TaskAutoShoot.autoTask_INFO [125.416810761] <Event name="StateInfo" time="125.416314032" tag="^^^^^" TaskAutoShoot.state="SHOOT" />
Shooter.setupGoalTrackingMode_INFO [125.422017743] GoalTracking(trackingMode=Passback, goalPose=(x=-269.677165,y=603.220472,angle=180.000000), noPassback=false).
TaskAutoShoot.autoTask_INFO [125.503784568] <Event name="StateInfo" time="125.502675606" tag="vvvvv" TaskAutoShoot.state="SHOOT" />
TaskAutoShoot.autoTask_INFO [125.516707797] <Event name="StateInfo" time="125.512367669" tag="^^^^^" TaskAutoShoot.state="SHOOT" />
TaskAutoShoot.autoTask_INFO [125.601298905] <Event name="StateInfo" time="125.601070852" tag="vvvvv" TaskAutoShoot.state="SHOOT" />
TaskAutoShoot.autoTask_INFO [125.602519261] <Event name="StateInfo" time="125.60229517" tag="^^^^^" TaskAutoShoot.state="SHOOT" />
TaskAutoShoot.autoTask_INFO [125.715003425] <Event name="StateInfo" time="125.714300354" tag="vvvvv" TaskAutoShoot.state="SHOOT" />
TaskAutoShoot.autoTask_INFO [125.726920335] <Event name="StateInfo" time="125.726713471" tag="^^^^^" TaskAutoShoot.state="SHOOT" />
TaskAutoShoot.autoTask_INFO [125.804702178] <Event name="StateInfo" time="125.803917157" tag="vvvvv" TaskAutoShoot.state="SHOOT" />
TaskAutoShoot.autoTask_INFO [125.808268124] <Event name="StateInfo" time="125.808058285" tag="^^^^^" TaskAutoShoot.state="SHOOT" />
TaskAutoShoot.autoTask_INFO [125.874806327] <Event name="StateInfo" time="125.87453663" tag="vvvvv" TaskAutoShoot.state="SHOOT" />
TaskAutoShoot.autoTask_INFO [125.877682386] <Event name="StateInfo" time="125.87723854" tag="^^^^^" TaskAutoShoot.state="SHOOT" />
TaskAutoShoot.autoTask_INFO [125.956347743] <Event name="StateInfo" time="125.954969266" tag="vvvvv" TaskAutoShoot.state="SHOOT" />
TaskAutoShoot.autoTask_INFO [125.956858835] <Event name="StateInfo" time="125.956689506" tag="^^^^^" TaskAutoShoot.state="SHOOT" />
TaskAutoShoot.autoTask_INFO [126.043551733] <Event name="StateInfo" time="126.043231684" tag="vvvvv" TaskAutoShoot.state="SHOOT" />
TaskAutoShoot.autoTask_INFO [126.045166843] <Event name="StateInfo" time="126.044991523" tag="^^^^^" TaskAutoShoot.state="SHOOT" />
Shooter.setupGoalTrackingMode_INFO [126.053012432] GoalTracking(trackingMode=Passback, goalPose=(x=-269.677165,y=603.220472,angle=180.000000), noPassback=false).
TaskAutoShoot.autoTask_INFO [126.124345374] <Event name="StateInfo" time="126.123949453" tag="vvvvv" TaskAutoShoot.state="SHOOT" />
TaskAutoShoot.autoTask_INFO [126.125124596] <Event name="StateInfo" time="126.124784184" tag="^^^^^" TaskAutoShoot.state="SHOOT" />
TaskAutoShoot.autoTask_INFO [126.200308029] <Event name="StateInfo" time="126.19961616" tag="vvvvv" TaskAutoShoot.state="SHOOT" />
TaskAutoShoot.autoTask_INFO [126.201673027] <Event name="StateInfo" time="126.201477443" tag="^^^^^" TaskAutoShoot.state="SHOOT" />
TaskAutoShoot.autoTask_INFO [126.270286961] <Event name="StateInfo" time="126.269480014" tag="vvvvv" TaskAutoShoot.state="SHOOT" />
TaskAutoShoot.autoTask_INFO [126.271740634] <Event name="StateInfo" time="126.271552305" tag="^^^^^" TaskAutoShoot.state="SHOOT" />
TaskAutoShoot.autoTask_INFO [126.347967208] <Event name="StateInfo" time="126.347764235" tag="vvvvv" TaskAutoShoot.state="SHOOT" />
TaskAutoShoot.autoTask_INFO [126.3559491] <Event name="StateInfo" time="126.35452594" tag="^^^^^" TaskAutoShoot.state="SHOOT" />
TaskAutoShoot.autoTask_INFO [126.418985833] <Event name="StateInfo" time="126.418690139" tag="vvvvv" TaskAutoShoot.state="SHOOT" />
TaskAutoShoot.autoTask_INFO [126.420692743] <Event name="StateInfo" time="126.420512679" tag="^^^^^" TaskAutoShoot.state="SHOOT" />
TaskAutoShoot.autoTask_INFO [126.483172683] <Event name="StateInfo" time="126.482770452" tag="vvvvv" TaskAutoShoot.state="SHOOT" />
TaskAutoShoot.autoTask_INFO [126.483852568] <Event name="StateInfo" time="126.483556108" tag="^^^^^" TaskAutoShoot.state="SHOOT" />
FrcTeleOp.operatorControllerButtonEvent_INFO [126.496769061] ##### button=Y, pressed=false
TaskAutoShoot.autoTask_INFO [126.572695698] <Event name="StateInfo" time="126.572376362" tag="vvvvv" TaskAutoShoot.state="SHOOT" />
TaskAutoShoot.autoTask_INFO [126.573906441] <Event name="StateInfo" time="126.573663187" tag="^^^^^" TaskAutoShoot.state="SHOOT" />
TaskAutoShoot.autoTask_INFO [126.64725167] <Event name="StateInfo" time="126.647050023" tag="vvvvv" TaskAutoShoot.state="SHOOT" />
TaskAutoShoot.autoTask_INFO [126.649240563] <Event name="StateInfo" time="126.648947512" tag="^^^^^" TaskAutoShoot.state="SHOOT" />
FrcTeleOp.operatorControllerButtonEvent_INFO [126.652100253] ##### button=Y, pressed=true
FrcTeleOp.shoot_INFO [126.654349229] >>>>> Stop Auto Shoot.
TaskAutoShoot.cancel_INFO [126.658052925] Canceling auto task operation.
TaskAutoShoot.stopSubsystems_INFO [126.660841508] Stopping subsystems.
Shooter.LeftTransferMotor.cancel_INFO [126.662555775] Cancel: stopping motor.
Shooter.RightTransferMotor.cancel_INFO [126.666577351] Cancel: stopping motor.
Shooter.FeederMotor.cancel_INFO [126.667848108] Cancel: stopping motor.
TaskAutoShoot.stopSubsystems_INFO [126.669245035] Restoring previous Tracking mode (trackFlywheel=false,trackTiltPos=false,trackPanPos=true).
Shooter.setupGoalTrackingMode_INFO [126.672658458] GoalTracking(trackingMode=AllianceHub, goalPose=(x=-158.838583,y=469.110472,angle=180.000000), noPassback=true).
Shooter.LeftShooter.enableGoalTracking_INFO [126.674950176] Enable GoalTracking (trackingParams=(trackFlywheel=false,trackTiltPos=false,trackPanPos=true)).
Shooter.LeftPrimaryMotor.cancel_INFO [126.67766081] Cancel: stopping motor.
Shooter.LeftTiltMotor.cancel_INFO [126.679471322] Cancel: stopping motor.
Shooter.RightShooter.enableGoalTracking_INFO [126.681212365] Enable GoalTracking (trackingParams=(trackFlywheel=false,trackTiltPos=false,trackPanPos=true)).
Shooter.RightPrimaryMotor.cancel_INFO [126.683307138] Cancel: stopping motor.
Shooter.RightTiltMotor.cancel_INFO [126.688728893] Cancel: stopping motor.
Shooter.LeftPrimaryMotor.cancel_INFO [126.690875312] Cancel: stopping motor.
Shooter.RightPrimaryMotor.cancel_INFO [126.692234312] Cancel: stopping motor.
FrcTeleOp.operatorControllerButtonEvent_INFO [126.812800211] ##### button=Y, pressed=false
FrcTeleOp.operatorControllerButtonEvent_INFO [126.882252975] ##### button=Y, pressed=true
FrcTeleOp.shoot_INFO [126.884232116] >>>>> Start Auto Shoot.
TaskAutoShoot.autoShoot_INFO [126.885855873] autoShoot(owner=null, event=null, taskParams=(autoStop=false, noPassback=false))
TaskAutoShoot.autoShoot_INFO [126.889665144] Enabling Goal Tracking (prevTrackParams=(trackFlywheel=false,trackTiltPos=false,trackPanPos=true)).
Shooter.setupGoalTrackingMode_INFO [126.893023129] GoalTracking(trackingMode=Passback, goalPose=(x=-269.677165,y=603.220472,angle=180.000000), noPassback=false).
Shooter.LeftShooter.enableGoalTracking_INFO [126.894344537] Enable GoalTracking (trackingParams=(trackFlywheel=true,trackTiltPos=true,trackPanPos=true)).
Shooter.LeftPrimaryMotor.cancel_INFO [126.895519351] Cancel: stopping motor.
Shooter.LeftTiltMotor.cancel_INFO [126.89728147] Cancel: stopping motor.
Shooter.RightShooter.enableGoalTracking_INFO [126.899302353] Enable GoalTracking (trackingParams=(trackFlywheel=true,trackTiltPos=true,trackPanPos=true)).
Shooter.RightPrimaryMotor.cancel_INFO [126.900825049] Cancel: stopping motor.
Shooter.RightTiltMotor.cancel_INFO [126.902265006] Cancel: stopping motor.
TaskAutoShoot.autoTask_INFO [126.983643946] <Event name="StateInfo" time="126.983258442" tag="vvvvv" TaskAutoShoot.state="START" />
TaskAutoShoot.runTaskState_INFO [126.985388691] ***** Wait for left Shooter ready.
TaskAutoShoot.runTaskState_INFO [126.987671253] ***** Wait for right Shooter ready.
TaskAutoShoot.runTaskState_INFO [126.990319346] ***** Wait for Turret ready.
TaskAutoShoot.autoTask_INFO [126.99181729] <Event name="StateInfo" time="126.991185533" tag="^^^^^" TaskAutoShoot.state="START" />
TaskAutoShoot.autoTask_INFO [127.130681797] <Event name="StateInfo" time="127.130459064" tag="vvvvv" TaskAutoShoot.state="SHOOT" />
TaskAutoShoot.autoTask_INFO [127.139420138] <Event name="StateInfo" time="127.138276088" tag="^^^^^" TaskAutoShoot.state="SHOOT" />
TaskAutoShoot.autoTask_INFO [127.207614754] <Event name="StateInfo" time="127.207427441" tag="vvvvv" TaskAutoShoot.state="SHOOT" />
TaskAutoShoot.autoTask_INFO [127.212477175] <Event name="StateInfo" time="127.212283654" tag="^^^^^" TaskAutoShoot.state="SHOOT" />
TaskAutoShoot.autoTask_INFO [127.290636359] <Event name="StateInfo" time="127.290326461" tag="vvvvv" TaskAutoShoot.state="SHOOT" />
TaskAutoShoot.autoTask_INFO [127.29381941] <Event name="StateInfo" time="127.293615966" tag="^^^^^" TaskAutoShoot.state="SHOOT" />
TaskAutoShoot.autoTask_INFO [127.357318043] <Event name="StateInfo" time="127.357103665" tag="vvvvv" TaskAutoShoot.state="SHOOT" />
TaskAutoShoot.autoTask_INFO [127.358372785] <Event name="StateInfo" time="127.358184895" tag="^^^^^" TaskAutoShoot.state="SHOOT" />
TaskAutoShoot.autoTask_INFO [127.430476215] <Event name="StateInfo" time="127.429390234" tag="vvvvv" TaskAutoShoot.state="SHOOT" />
TaskAutoShoot.autoTask_INFO [127.434809708] <Event name="StateInfo" time="127.434601972" tag="^^^^^" TaskAutoShoot.state="SHOOT" />
TaskAutoShoot.autoTask_INFO [127.513242023] <Event name="StateInfo" time="127.513026153" tag="vvvvv" TaskAutoShoot.state="SHOOT" />
TaskAutoShoot.autoTask_INFO [127.514518401] <Event name="StateInfo" time="127.514027267" tag="^^^^^" TaskAutoShoot.state="SHOOT" />
TaskAutoShoot.autoTask_INFO [127.593598663] <Event name="StateInfo" time="127.593414994" tag="vvvvv" TaskAutoShoot.state="SHOOT" />
TaskAutoShoot.autoTask_INFO [127.604936679] <Event name="StateInfo" time="127.602874751" tag="^^^^^" TaskAutoShoot.state="SHOOT" />
TaskAutoShoot.autoTask_INFO [127.698476591] <Event name="StateInfo" time="127.698235852" tag="vvvvv" TaskAutoShoot.state="SHOOT" />
TaskAutoShoot.autoTask_INFO [127.70175692] <Event name="StateInfo" time="127.699422198" tag="^^^^^" TaskAutoShoot.state="SHOOT" />
Shooter.LeftShooter.goalTrackingTask_INFO [127.762866623] Shooter.LeftShooter is Ready: rpm1=6584.332933/6576.956281, rpm2=4042.031250/0.000000, tilt=44.459670/44.573245, pan=null/null
TaskAutoShoot.autoTask_INFO [127.792152425] <Event name="StateInfo" time="127.791830892" tag="vvvvv" TaskAutoShoot.state="SHOOT" />
TaskAutoShoot.autoTask_INFO [127.795028708] <Event name="StateInfo" time="127.794112545" tag="^^^^^" TaskAutoShoot.state="SHOOT" />
Shooter.RightShooter.goalTrackingTask_INFO [127.866767344] Shooter.RightShooter is Ready: rpm1=6570.324519/6576.741855, rpm2=4043.671875/0.000000, tilt=44.538728/44.562748, pan=null/null
TaskAutoShoot.autoTask_INFO [127.876752865] <Event name="StateInfo" time="127.87602147" tag="vvvvv" TaskAutoShoot.state="SHOOT" />
TaskAutoShoot.autoTask_INFO [127.880481699] <Event name="StateInfo" time="127.880193053" tag="^^^^^" TaskAutoShoot.state="SHOOT" />
TaskAutoShoot.autoTask_INFO [127.960402804] <Event name="StateInfo" time="127.960194061" tag="vvvvv" TaskAutoShoot.state="SHOOT" />
TaskAutoShoot.autoTask_INFO [127.960820275] <Event name="StateInfo" time="127.960658053" tag="^^^^^" TaskAutoShoot.state="SHOOT" />
TaskAutoShoot.autoTask_INFO [128.043767163] <Event name="StateInfo" time="128.043573312" tag="vvvvv" TaskAutoShoot.state="SHOOT" />
TaskAutoShoot.autoTask_INFO [128.045969844] <Event name="StateInfo" time="128.045763028" tag="^^^^^" TaskAutoShoot.state="SHOOT" />
TaskAutoShoot.autoTask_INFO [128.115321837] <Event name="StateInfo" time="128.115119026" tag="vvvvv" TaskAutoShoot.state="SHOOT" />
TaskAutoShoot.autoTask_INFO [128.125347436] <Event name="StateInfo" time="128.125157264" tag="^^^^^" TaskAutoShoot.state="SHOOT" />
TaskAutoShoot.autoTask_INFO [128.189506256] <Event name="StateInfo" time="128.189300537" tag="vvvvv" TaskAutoShoot.state="SHOOT" />
TaskAutoShoot.autoTask_INFO [128.191007902] <Event name="StateInfo" time="128.190758992" tag="^^^^^" TaskAutoShoot.state="SHOOT" />
TaskAutoShoot.autoTask_INFO [128.261783197] <Event name="StateInfo" time="128.261578509" tag="vvvvv" TaskAutoShoot.state="SHOOT" />
TaskAutoShoot.autoTask_INFO [128.263532751] <Event name="StateInfo" time="128.262229666" tag="^^^^^" TaskAutoShoot.state="SHOOT" />
TaskAutoShoot.autoTask_INFO [128.348452538] <Event name="StateInfo" time="128.348264069" tag="vvvvv" TaskAutoShoot.state="SHOOT" />
TaskAutoShoot.autoTask_INFO [128.349611058] <Event name="StateInfo" time="128.349412033" tag="^^^^^" TaskAutoShoot.state="SHOOT" />
TaskAutoShoot.autoTask_INFO [128.420197669] <Event name="StateInfo" time="128.420005159" tag="vvvvv" TaskAutoShoot.state="SHOOT" />
TaskAutoShoot.autoTask_INFO [128.420614277] <Event name="StateInfo" time="128.420454787" tag="^^^^^" TaskAutoShoot.state="SHOOT" />
FrcTeleOp.operatorControllerButtonEvent_INFO [128.427231781] ##### button=Y, pressed=false
TaskAutoShoot.autoTask_INFO [128.50088888] <Event name="StateInfo" time="128.500699091" tag="vvvvv" TaskAutoShoot.state="SHOOT" />
TaskAutoShoot.autoTask_INFO [128.508585602] <Event name="StateInfo" time="128.508395764" tag="^^^^^" TaskAutoShoot.state="SHOOT" />
TaskAutoShoot.autoTask_INFO [128.568412272] <Event name="StateInfo" time="128.56820566" tag="vvvvv" TaskAutoShoot.state="SHOOT" />
TaskAutoShoot.autoTask_INFO [128.572611176] <Event name="StateInfo" time="128.572417127" tag="^^^^^" TaskAutoShoot.state="SHOOT" />
TaskAutoShoot.autoTask_INFO [128.645325168] <Event name="StateInfo" time="128.645087818" tag="vvvvv" TaskAutoShoot.state="SHOOT" />
TaskAutoShoot.autoTask_INFO [128.648451736] <Event name="StateInfo" time="128.64824277" tag="^^^^^" TaskAutoShoot.state="SHOOT" />
TaskAutoShoot.autoTask_INFO [128.714141131] <Event name="StateInfo" time="128.713930656" tag="vvvvv" TaskAutoShoot.state="SHOOT" />
TaskAutoShoot.autoTask_INFO [128.720472195] <Event name="StateInfo" time="128.720169034" tag="^^^^^" TaskAutoShoot.state="SHOOT" />
TaskAutoShoot.autoTask_INFO [128.799100927] <Event name="StateInfo" time="128.79743431" tag="vvvvv" TaskAutoShoot.state="SHOOT" />
TaskAutoShoot.autoTask_INFO [128.800689794] <Event name="StateInfo" time="128.80033882" tag="^^^^^" TaskAutoShoot.state="SHOOT" />
TaskAutoShoot.autoTask_INFO [128.861442394] <Event name="StateInfo" time="128.86125368" tag="vvvvv" TaskAutoShoot.state="SHOOT" />
TaskAutoShoot.autoTask_INFO [128.861864641] <Event name="StateInfo" time="128.861707808" tag="^^^^^" TaskAutoShoot.state="SHOOT" />
TaskAutoShoot.autoTask_INFO [128.923961059] <Event name="StateInfo" time="128.923527734" tag="vvvvv" TaskAutoShoot.state="SHOOT" />
TaskAutoShoot.autoTask_INFO [128.924529293] <Event name="StateInfo" time="128.924248856" tag="^^^^^" TaskAutoShoot.state="SHOOT" />
TaskAutoShoot.autoTask_INFO [128.993144007] <Event name="StateInfo" time="128.992760854" tag="vvvvv" TaskAutoShoot.state="SHOOT" />
TaskAutoShoot.autoTask_INFO [128.996984217] <Event name="StateInfo" time="128.993873607" tag="^^^^^" TaskAutoShoot.state="SHOOT" />
Shooter.setupGoalTrackingMode_INFO [129.00512975] GoalTracking(trackingMode=Passback, goalPose=(x=-269.677165,y=603.220472,angle=180.000000), noPassback=false).
TaskAutoShoot.autoTask_INFO [129.076549681] <Event name="StateInfo" time="129.076327309" tag="vvvvv" TaskAutoShoot.state="SHOOT" />
TaskAutoShoot.autoTask_INFO [129.079070839] <Event name="StateInfo" time="129.078519857" tag="^^^^^" TaskAutoShoot.state="SHOOT" />
TaskAutoShoot.autoTask_INFO [129.151130303] <Event name="StateInfo" time="129.150923963" tag="vvvvv" TaskAutoShoot.state="SHOOT" />
TaskAutoShoot.autoTask_INFO [129.154595822] <Event name="StateInfo" time="129.152357033" tag="^^^^^" TaskAutoShoot.state="SHOOT" />
TaskAutoShoot.autoTask_INFO [129.22547558] <Event name="StateInfo" time="129.225252679" tag="vvvvv" TaskAutoShoot.state="SHOOT" />
TaskAutoShoot.autoTask_INFO [129.228803406] <Event name="StateInfo" time="129.228591476" tag="^^^^^" TaskAutoShoot.state="SHOOT" />
TaskAutoShoot.autoTask_INFO [129.303658964] <Event name="StateInfo" time="129.303408496" tag="vvvvv" TaskAutoShoot.state="SHOOT" />
TaskAutoShoot.autoTask_INFO [129.304743806] <Event name="StateInfo" time="129.304337419" tag="^^^^^" TaskAutoShoot.state="SHOOT" />
TaskAutoShoot.autoTask_INFO [129.371768208] <Event name="StateInfo" time="129.37156343" tag="vvvvv" TaskAutoShoot.state="SHOOT" />
TaskAutoShoot.autoTask_INFO [129.376892351] <Event name="StateInfo" time="129.372482884" tag="^^^^^" TaskAutoShoot.state="SHOOT" />
TaskAutoShoot.autoTask_INFO [129.449341761] <Event name="StateInfo" time="129.448693415" tag="vvvvv" TaskAutoShoot.state="SHOOT" />
TaskAutoShoot.autoTask_INFO [129.456171753] <Event name="StateInfo" time="129.453767449" tag="^^^^^" TaskAutoShoot.state="SHOOT" />
TaskAutoShoot.autoTask_INFO [129.539183637] <Event name="StateInfo" time="129.537625786" tag="vvvvv" TaskAutoShoot.state="SHOOT" />
TaskAutoShoot.autoTask_INFO [129.540686204] <Event name="StateInfo" time="129.540472583" tag="^^^^^" TaskAutoShoot.state="SHOOT" />
TaskAutoShoot.autoTask_INFO [129.625671814] <Event name="StateInfo" time="129.62530039" tag="vvvvv" TaskAutoShoot.state="SHOOT" />
TaskAutoShoot.autoTask_INFO [129.638950285] <Event name="StateInfo" time="129.63842519" tag="^^^^^" TaskAutoShoot.state="SHOOT" />
FrcTeleOp.operatorControllerButtonEvent_INFO [129.65577336] ##### button=Y, pressed=true
FrcTeleOp.shoot_INFO [129.660497967] >>>>> Stop Auto Shoot.
TaskAutoShoot.cancel_INFO [129.662743093] Canceling auto task operation.
TaskAutoShoot.stopSubsystems_INFO [129.664722537] Stopping subsystems.
Shooter.LeftTransferMotor.cancel_INFO [129.666406359] Cancel: stopping motor.
Shooter.RightTransferMotor.cancel_INFO [129.670196296] Cancel: stopping motor.
Shooter.FeederMotor.cancel_INFO [129.674288631] Cancel: stopping motor.
TaskAutoShoot.stopSubsystems_INFO [129.676624537] Restoring previous Tracking mode (trackFlywheel=false,trackTiltPos=false,trackPanPos=true).
Shooter.setupGoalTrackingMode_INFO [129.681320312] GoalTracking(trackingMode=AllianceHub, goalPose=(x=-158.838583,y=469.110472,angle=180.000000), noPassback=true).
Shooter.LeftShooter.enableGoalTracking_INFO [129.682540094] Enable GoalTracking (trackingParams=(trackFlywheel=false,trackTiltPos=false,trackPanPos=true)).
Shooter.LeftPrimaryMotor.cancel_INFO [129.685020852] Cancel: stopping motor.
Shooter.LeftTiltMotor.cancel_INFO [129.691654526] Cancel: stopping motor.
Shooter.RightShooter.enableGoalTracking_INFO [129.69280623] Enable GoalTracking (trackingParams=(trackFlywheel=false,trackTiltPos=false,trackPanPos=true)).
Shooter.RightPrimaryMotor.cancel_INFO [129.697061405] Cancel: stopping motor.
Shooter.RightTiltMotor.cancel_INFO [129.698342146] Cancel: stopping motor.
Shooter.LeftPrimaryMotor.cancel_INFO [129.703608095] Cancel: stopping motor.
Shooter.RightPrimaryMotor.cancel_INFO [129.70493053] Cancel: stopping motor.
FrcTeleOp.driverControllerButtonEvent_INFO [129.831184076] ##### button=A, pressed=true
FrcTeleOp.operatorControllerButtonEvent_INFO [129.847582881] ##### button=Y, pressed=false
FrcTeleOp.driverControllerButtonEvent_INFO [129.942647248] ##### button=A, pressed=false
FrcTeleOp.operatorControllerButtonEvent_INFO [130.144352835] ##### button=Y, pressed=true
FrcTeleOp.shoot_INFO [130.1464958] >>>>> Start Auto Shoot.
TaskAutoShoot.autoShoot_INFO [130.147238838] autoShoot(owner=null, event=null, taskParams=(autoStop=false, noPassback=false))
TaskAutoShoot.autoShoot_INFO [130.148432775] Enabling Goal Tracking (prevTrackParams=(trackFlywheel=false,trackTiltPos=false,trackPanPos=true)).
Shooter.setupGoalTrackingMode_INFO [130.14978524] GoalTracking(trackingMode=Passback, goalPose=(x=-269.677165,y=603.220472,angle=180.000000), noPassback=false).
Shooter.LeftShooter.enableGoalTracking_INFO [130.150671214] Enable GoalTracking (trackingParams=(trackFlywheel=true,trackTiltPos=true,trackPanPos=true)).
Shooter.LeftPrimaryMotor.cancel_INFO [130.159926975] Cancel: stopping motor.
Shooter.LeftTiltMotor.cancel_INFO [130.161261015] Cancel: stopping motor.
Shooter.RightShooter.enableGoalTracking_INFO [130.162470145] Enable GoalTracking (trackingParams=(trackFlywheel=true,trackTiltPos=true,trackPanPos=true)).
Shooter.RightPrimaryMotor.cancel_INFO [130.163797672] Cancel: stopping motor.
Shooter.RightTiltMotor.cancel_INFO [130.164938079] Cancel: stopping motor.
TaskAutoShoot.autoTask_INFO [130.251548588] <Event name="StateInfo" time="130.25067013" tag="vvvvv" TaskAutoShoot.state="START" />
TaskAutoShoot.runTaskState_INFO [130.25471104] ***** Wait for left Shooter ready.
TaskAutoShoot.runTaskState_INFO [130.256276883] ***** Wait for right Shooter ready.
TaskAutoShoot.runTaskState_INFO [130.258371991] ***** Wait for Turret ready.
TaskAutoShoot.autoTask_INFO [130.261014013] <Event name="StateInfo" time="130.260755318" tag="^^^^^" TaskAutoShoot.state="START" />
Shooter.TurretMotor.pidCtrlTask_INFO [130.29161528] controlMode: Position,onTarget=true(-10.216658214347092/-9.963564011874228), stalled=false, expired=false, event=(TaskAutoShoot.turretReady=SIGNALED)
TaskAutoShoot.autoTask_INFO [130.32527943] <Event name="StateInfo" time="130.325076171" tag="vvvvv" TaskAutoShoot.state="SHOOT" />
TaskAutoShoot.autoTask_INFO [130.325727958] <Event name="StateInfo" time="130.325569186" tag="^^^^^" TaskAutoShoot.state="SHOOT" />
TaskAutoShoot.autoTask_INFO [130.410725909] <Event name="StateInfo" time="130.410551581" tag="vvvvv" TaskAutoShoot.state="SHOOT" />
TaskAutoShoot.autoTask_INFO [130.411118965] <Event name="StateInfo" time="130.410973061" tag="^^^^^" TaskAutoShoot.state="SHOOT" />
TaskAutoShoot.autoTask_INFO [130.484294929] <Event name="StateInfo" time="130.484074939" tag="vvvvv" TaskAutoShoot.state="SHOOT" />
TaskAutoShoot.autoTask_INFO [130.487119242] <Event name="StateInfo" time="130.484594587" tag="^^^^^" TaskAutoShoot.state="SHOOT" />
Shooter.LeftShooter.goalTrackingTask_INFO [130.542662935] Shooter.LeftShooter is Ready: rpm1=6415.096154/6347.432406, rpm2=3999.375000/0.000000, tilt=38.570186/38.573287, pan=null/null
Shooter.RightShooter.goalTrackingTask_INFO [130.56517131] Shooter.RightShooter is Ready: rpm1=6380.832332/6347.324521, rpm2=4018.710938/0.000000, tilt=38.570188/38.573287, pan=null/null
TaskAutoShoot.autoTask_INFO [130.566642175] <Event name="StateInfo" time="130.566350183" tag="vvvvv" TaskAutoShoot.state="SHOOT" />
TaskAutoShoot.runTaskState_INFO [130.56969234] ***** Start left shooter shooting.
Shooter.shoot_INFO [130.570533127] shoot(owner=null, event=(TaskAutoShoot.leftShooterDone=CLEARED), shooter=leftShooter, autoStop=false)
Shooter.LeftTransferMotor.cancel_INFO [130.571394727] Cancel: stopping motor.
TaskAutoShoot.runTaskState_INFO [130.573022065] ***** Start right shooter shooting.
Shooter.shoot_INFO [130.576596724] shoot(owner=null, event=(TaskAutoShoot.rightShooterDone=CLEARED), shooter=rightShooter, autoStop=false)
Shooter.RightTransferMotor.cancel_INFO [130.577749666] Cancel: stopping motor.
TaskAutoShoot.autoTask_INFO [130.578873999] <Event name="StateInfo" time="130.578682544" tag="^^^^^" TaskAutoShoot.state="SHOOT" />
FrcTeleOp.driverControllerButtonEvent_INFO [130.581901795] ##### button=A, pressed=true
FrcTeleOp.driverControllerButtonEvent_INFO [130.660491267] ##### button=A, pressed=false
FrcTeleOp.operatorControllerButtonEvent_INFO [130.914590507] ##### button=Y, pressed=false
FrcTeleOp.operatorControllerButtonEvent_INFO [131.641410628] ##### button=Y, pressed=true
FrcTeleOp.shoot_INFO [131.643093093] >>>>> Stop Auto Shoot.
TaskAutoShoot.cancel_INFO [131.644528117] Canceling auto task operation.
TaskAutoShoot.stopSubsystems_INFO [131.645981834] Stopping subsystems.
Shooter.LeftTransferMotor.cancel_INFO [131.648042795] Cancel: stopping motor.
Shooter.RightTransferMotor.cancel_INFO [131.648823506] Cancel: stopping motor.
Shooter.FeederMotor.cancel_INFO [131.649923154] Cancel: stopping motor.
TaskAutoShoot.stopSubsystems_INFO [131.655086521] Restoring previous Tracking mode (trackFlywheel=false,trackTiltPos=false,trackPanPos=true).
Shooter.setupGoalTrackingMode_INFO [131.657008681] GoalTracking(trackingMode=AllianceHub, goalPose=(x=-158.838583,y=469.110472,angle=180.000000), noPassback=true).
Shooter.LeftShooter.enableGoalTracking_INFO [131.667750315] Enable GoalTracking (trackingParams=(trackFlywheel=false,trackTiltPos=false,trackPanPos=true)).
Shooter.LeftPrimaryMotor.cancel_INFO [131.671883373] Cancel: stopping motor.
Shooter.LeftTiltMotor.cancel_INFO [131.676785355] Cancel: stopping motor.
Shooter.RightShooter.enableGoalTracking_INFO [131.680219538] Enable GoalTracking (trackingParams=(trackFlywheel=false,trackTiltPos=false,trackPanPos=true)).
Shooter.RightPrimaryMotor.cancel_INFO [131.682407184] Cancel: stopping motor.
Shooter.RightTiltMotor.cancel_INFO [131.686751457] Cancel: stopping motor.
Shooter.LeftPrimaryMotor.cancel_INFO [131.691461851] Cancel: stopping motor.
Shooter.RightPrimaryMotor.cancel_INFO [131.693815914] Cancel: stopping motor.
FrcTeleOp.operatorControllerButtonEvent_INFO [131.818805967] ##### button=Y, pressed=false
Shooter.setupGoalTrackingMode_INFO [132.63163799] GoalTracking(trackingMode=AllianceHub, goalPose=(x=-158.838583,y=469.110472,angle=180.000000), noPassback=true).
Shooter.setupGoalTrackingMode_INFO [134.659134509] GoalTracking(trackingMode=AllianceHub, goalPose=(x=-158.838583,y=469.110472,angle=180.000000), noPassback=true).
Shooter.setupGoalTrackingMode_INFO [135.249860412] GoalTracking(trackingMode=AllianceHub, goalPose=(x=-158.838583,y=469.110472,angle=180.000000), noPassback=true).
FrcTeleOp.operatorControllerButtonEvent_INFO [136.139216986] ##### button=Y, pressed=true
FrcTeleOp.shoot_INFO [136.140305963] >>>>> Start Auto Shoot.
TaskAutoShoot.autoShoot_INFO [136.140809472] autoShoot(owner=null, event=null, taskParams=(autoStop=false, noPassback=false))
TaskAutoShoot.autoShoot_INFO [136.141072747] Enabling Goal Tracking (prevTrackParams=(trackFlywheel=false,trackTiltPos=false,trackPanPos=true)).
Shooter.setupGoalTrackingMode_INFO [136.141626376] GoalTracking(trackingMode=AllianceHub, goalPose=(x=-158.838583,y=469.110472,angle=180.000000), noPassback=false).
Shooter.LeftShooter.enableGoalTracking_INFO [136.142099783] Enable GoalTracking (trackingParams=(trackFlywheel=true,trackTiltPos=true,trackPanPos=true)).
Shooter.LeftPrimaryMotor.cancel_INFO [136.142530574] Cancel: stopping motor.
Shooter.LeftTiltMotor.cancel_INFO [136.143127034] Cancel: stopping motor.
Shooter.RightShooter.enableGoalTracking_INFO [136.143548504] Enable GoalTracking (trackingParams=(trackFlywheel=true,trackTiltPos=true,trackPanPos=true)).
Shooter.RightPrimaryMotor.cancel_INFO [136.143986377] Cancel: stopping motor.
Shooter.RightTiltMotor.cancel_INFO [136.144461233] Cancel: stopping motor.
TaskAutoShoot.autoTask_INFO [136.212638598] <Event name="StateInfo" time="136.212376093" tag="vvvvv" TaskAutoShoot.state="START" />
TaskAutoShoot.runTaskState_INFO [136.21560053] ***** Wait for left Shooter ready.
TaskAutoShoot.runTaskState_INFO [136.219522465] ***** Wait for right Shooter ready.
TaskAutoShoot.runTaskState_INFO [136.227673905] ***** Wait for Turret ready.
TaskAutoShoot.autoTask_INFO [136.230596914] <Event name="StateInfo" time="136.229638211" tag="^^^^^" TaskAutoShoot.state="START" />
TaskAutoShoot.autoTask_INFO [136.394134798] <Event name="StateInfo" time="136.393964112" tag="vvvvv" TaskAutoShoot.state="SHOOT" />
TaskAutoShoot.autoTask_INFO [136.394504077] <Event name="StateInfo" time="136.394361699" tag="^^^^^" TaskAutoShoot.state="SHOOT" />
TaskAutoShoot.autoTask_INFO [136.45365982] <Event name="StateInfo" time="136.45346908" tag="vvvvv" TaskAutoShoot.state="SHOOT" />
TaskAutoShoot.autoTask_INFO [136.45960955] <Event name="StateInfo" time="136.459295583" tag="^^^^^" TaskAutoShoot.state="SHOOT" />
TaskAutoShoot.autoTask_INFO [136.530190625] <Event name="StateInfo" time="136.529885605" tag="vvvvv" TaskAutoShoot.state="SHOOT" />
TaskAutoShoot.autoTask_INFO [136.531485898] <Event name="StateInfo" time="136.531292336" tag="^^^^^" TaskAutoShoot.state="SHOOT" />
FrcTeleOp.operatorControllerButtonEvent_INFO [136.535576488] ##### button=Y, pressed=false
TaskAutoShoot.autoTask_INFO [136.604060376] <Event name="StateInfo" time="136.603885633" tag="vvvvv" TaskAutoShoot.state="SHOOT" />
TaskAutoShoot.autoTask_INFO [136.604437331] <Event name="StateInfo" time="136.604288614" tag="^^^^^" TaskAutoShoot.state="SHOOT" />
FrcTeleOp.driverControllerButtonEvent_INFO [136.607099461] ##### button=A, pressed=true
TaskAutoShoot.autoTask_INFO [136.673195541] <Event name="StateInfo" time="136.672849609" tag="vvvvv" TaskAutoShoot.state="SHOOT" />
TaskAutoShoot.autoTask_INFO [136.67699923] <Event name="StateInfo" time="136.676787587" tag="^^^^^" TaskAutoShoot.state="SHOOT" />
FrcTeleOp.driverControllerButtonEvent_INFO [136.68209554] ##### button=A, pressed=false
TaskAutoShoot.autoTask_INFO [136.752446173] <Event name="StateInfo" time="136.750280983" tag="vvvvv" TaskAutoShoot.state="SHOOT" />
TaskAutoShoot.autoTask_INFO [136.753371669] <Event name="StateInfo" time="136.753178374" tag="^^^^^" TaskAutoShoot.state="SHOOT" />
TaskAutoShoot.autoTask_INFO [136.816512407] <Event name="StateInfo" time="136.813850961" tag="vvvvv" TaskAutoShoot.state="SHOOT" />
TaskAutoShoot.autoTask_INFO [136.817619155] <Event name="StateInfo" time="136.817427252" tag="^^^^^" TaskAutoShoot.state="SHOOT" />
TaskAutoShoot.autoTask_INFO [136.877225796] <Event name="StateInfo" time="136.876955199" tag="vvvvv" TaskAutoShoot.state="SHOOT" />
TaskAutoShoot.autoTask_INFO [136.877887432] <Event name="StateInfo" time="136.877701608" tag="^^^^^" TaskAutoShoot.state="SHOOT" />
TaskAutoShoot.autoTask_INFO [136.956546612] <Event name="StateInfo" time="136.956266918" tag="vvvvv" TaskAutoShoot.state="SHOOT" />
TaskAutoShoot.autoTask_INFO [136.956964025] <Event name="StateInfo" time="136.95678727" tag="^^^^^" TaskAutoShoot.state="SHOOT" />
TaskAutoShoot.autoTask_INFO [137.024955844] <Event name="StateInfo" time="137.024654515" tag="vvvvv" TaskAutoShoot.state="SHOOT" />
TaskAutoShoot.autoTask_INFO [137.026797611] <Event name="StateInfo" time="137.026304282" tag="^^^^^" TaskAutoShoot.state="SHOOT" />
TaskAutoShoot.autoTask_INFO [137.098425659] <Event name="StateInfo" time="137.098224917" tag="vvvvv" TaskAutoShoot.state="SHOOT" />
TaskAutoShoot.autoTask_INFO [137.10491641] <Event name="StateInfo" time="137.104707463" tag="^^^^^" TaskAutoShoot.state="SHOOT" />
TaskAutoShoot.autoTask_INFO [137.166702284] <Event name="StateInfo" time="137.165932885" tag="vvvvv" TaskAutoShoot.state="SHOOT" />
TaskAutoShoot.autoTask_INFO [137.168140555] <Event name="StateInfo" time="137.167944438" tag="^^^^^" TaskAutoShoot.state="SHOOT" />
Shooter.RightShooter.goalTrackingTask_INFO [137.241072218] Shooter.RightShooter is Ready: rpm1=4928.121995/4930.745768, rpm2=3049.335938/0.000000, tilt=24.537906/24.100384, pan=null/null
TaskAutoShoot.autoTask_INFO [137.24794031] <Event name="StateInfo" time="137.247748368" tag="vvvvv" TaskAutoShoot.state="SHOOT" />
TaskAutoShoot.autoTask_INFO [137.251332071] <Event name="StateInfo" time="137.249985682" tag="^^^^^" TaskAutoShoot.state="SHOOT" />
FrcTeleOp.driverControllerButtonEvent_INFO [137.259056651] ##### button=A, pressed=true
Shooter.LeftShooter.goalTrackingTask_INFO [137.321735463] Shooter.LeftShooter is Ready: rpm1=4924.146635/4878.151691, rpm2=3013.242188/0.000000, tilt=24.142633/23.864104, pan=null/null
TaskAutoShoot.autoTask_INFO [137.34376597] <Event name="StateInfo" time="137.342702673" tag="vvvvv" TaskAutoShoot.state="SHOOT" />
TaskAutoShoot.autoTask_INFO [137.347026239] <Event name="StateInfo" time="137.346847081" tag="^^^^^" TaskAutoShoot.state="SHOOT" />
FrcTeleOp.driverControllerButtonEvent_INFO [137.35193545] ##### button=A, pressed=false
TaskAutoShoot.autoTask_INFO [137.420526842] <Event name="StateInfo" time="137.420351432" tag="vvvvv" TaskAutoShoot.state="SHOOT" />
TaskAutoShoot.autoTask_INFO [137.420875772] <Event name="StateInfo" time="137.420738435" tag="^^^^^" TaskAutoShoot.state="SHOOT" />
TaskAutoShoot.autoTask_INFO [137.498240524] <Event name="StateInfo" time="137.498052089" tag="vvvvv" TaskAutoShoot.state="SHOOT" />
TaskAutoShoot.autoTask_INFO [137.503772611] <Event name="StateInfo" time="137.503575823" tag="^^^^^" TaskAutoShoot.state="SHOOT" />
TaskAutoShoot.autoTask_INFO [137.577847581] <Event name="StateInfo" time="137.575828708" tag="vvvvv" TaskAutoShoot.state="SHOOT" />
TaskAutoShoot.autoTask_INFO [137.578239079] <Event name="StateInfo" time="137.578078307" tag="^^^^^" TaskAutoShoot.state="SHOOT" />
TaskAutoShoot.autoTask_INFO [137.650000375] <Event name="StateInfo" time="137.649418165" tag="vvvvv" TaskAutoShoot.state="SHOOT" />
TaskAutoShoot.autoTask_INFO [137.652769924] <Event name="StateInfo" time="137.652581339" tag="^^^^^" TaskAutoShoot.state="SHOOT" />
TaskAutoShoot.autoTask_INFO [137.73436507] <Event name="StateInfo" time="137.733285393" tag="vvvvv" TaskAutoShoot.state="SHOOT" />
TaskAutoShoot.autoTask_INFO [137.741890893] <Event name="StateInfo" time="137.741674404" tag="^^^^^" TaskAutoShoot.state="SHOOT" />
FrcTeleOp.operatorControllerButtonEvent_INFO [137.748111299] ##### button=Y, pressed=true
FrcTeleOp.shoot_INFO [137.751184787] >>>>> Stop Auto Shoot.
TaskAutoShoot.cancel_INFO [137.751548999] Canceling auto task operation.
TaskAutoShoot.stopSubsystems_INFO [137.753334465] Stopping subsystems.
Shooter.LeftTransferMotor.cancel_INFO [137.761280157] Cancel: stopping motor.
Shooter.RightTransferMotor.cancel_INFO [137.761815913] Cancel: stopping motor.
Shooter.FeederMotor.cancel_INFO [137.76357143] Cancel: stopping motor.
TaskAutoShoot.stopSubsystems_INFO [137.764021587] Restoring previous Tracking mode (trackFlywheel=false,trackTiltPos=false,trackPanPos=true).
Shooter.setupGoalTrackingMode_INFO [137.764489107] GoalTracking(trackingMode=AllianceHub, goalPose=(x=-158.838583,y=469.110472,angle=180.000000), noPassback=true).
Shooter.LeftShooter.enableGoalTracking_INFO [137.767410214] Enable GoalTracking (trackingParams=(trackFlywheel=false,trackTiltPos=false,trackPanPos=true)).
Shooter.LeftPrimaryMotor.cancel_INFO [137.773141555] Cancel: stopping motor.
Shooter.LeftTiltMotor.cancel_INFO [137.774529345] Cancel: stopping motor.
Shooter.RightShooter.enableGoalTracking_INFO [137.775979098] Enable GoalTracking (trackingParams=(trackFlywheel=false,trackTiltPos=false,trackPanPos=true)).
Shooter.RightPrimaryMotor.cancel_INFO [137.776872498] Cancel: stopping motor.
Shooter.RightTiltMotor.cancel_INFO [137.777403036] Cancel: stopping motor.
Shooter.LeftPrimaryMotor.cancel_INFO [137.803407849] Cancel: stopping motor.
Shooter.RightPrimaryMotor.cancel_INFO [137.804251258] Cancel: stopping motor.
FrcTeleOp.operatorControllerButtonEvent_INFO [137.917236443] ##### button=Y, pressed=false
Shooter.setupGoalTrackingMode_INFO [137.947950489] GoalTracking(trackingMode=AllianceHub, goalPose=(x=-158.838583,y=469.110472,angle=180.000000), noPassback=true).
FrcTeleOp.operatorControllerButtonEvent_INFO [138.05119539] ##### button=Y, pressed=true
FrcTeleOp.shoot_INFO [138.052368893] >>>>> Start Auto Shoot.
TaskAutoShoot.autoShoot_INFO [138.054628707] autoShoot(owner=null, event=null, taskParams=(autoStop=false, noPassback=false))
TaskAutoShoot.autoShoot_INFO [138.054963417] Enabling Goal Tracking (prevTrackParams=(trackFlywheel=false,trackTiltPos=false,trackPanPos=true)).
Shooter.setupGoalTrackingMode_INFO [138.055386374] GoalTracking(trackingMode=AllianceHub, goalPose=(x=-158.838583,y=469.110472,angle=180.000000), noPassback=false).
Shooter.LeftShooter.enableGoalTracking_INFO [138.055805148] Enable GoalTracking (trackingParams=(trackFlywheel=true,trackTiltPos=true,trackPanPos=true)).
Shooter.LeftPrimaryMotor.cancel_INFO [138.057444593] Cancel: stopping motor.
Shooter.LeftTiltMotor.cancel_INFO [138.058014618] Cancel: stopping motor.
Shooter.RightShooter.enableGoalTracking_INFO [138.058739873] Enable GoalTracking (trackingParams=(trackFlywheel=true,trackTiltPos=true,trackPanPos=true)).
Shooter.RightPrimaryMotor.cancel_INFO [138.05939325] Cancel: stopping motor.
Shooter.RightTiltMotor.cancel_INFO [138.06210717] Cancel: stopping motor.
TaskAutoShoot.autoTask_INFO [138.139000238] <Event name="StateInfo" time="138.138313709" tag="vvvvv" TaskAutoShoot.state="START" />
TaskAutoShoot.runTaskState_INFO [138.143093526] ***** Wait for left Shooter ready.
TaskAutoShoot.runTaskState_INFO [138.14501417] ***** Wait for right Shooter ready.
TaskAutoShoot.runTaskState_INFO [138.147453989] ***** Wait for Turret ready.
TaskAutoShoot.autoTask_INFO [138.1503809] <Event name="StateInfo" time="138.148887738" tag="^^^^^" TaskAutoShoot.state="START" />
Shooter.LeftShooter.goalTrackingTask_INFO [138.221900486] Shooter.LeftShooter is Ready: rpm1=4756.802885/4760.916636, rpm2=2928.632813/0.000000, tilt=23.352086/23.061427, pan=null/null
TaskAutoShoot.autoTask_INFO [138.25333651] <Event name="StateInfo" time="138.253164375" tag="vvvvv" TaskAutoShoot.state="SHOOT" />
TaskAutoShoot.autoTask_INFO [138.254039846] <Event name="StateInfo" time="138.253878068" tag="^^^^^" TaskAutoShoot.state="SHOOT" />
Shooter.RightShooter.goalTrackingTask_INFO [138.327069305] Shooter.RightShooter is Ready: rpm1=4851.454327/4804.318780, rpm2=2915.273438/0.000000, tilt=23.075395/22.920809, pan=null/null
TaskAutoShoot.autoTask_INFO [138.332381624] <Event name="StateInfo" time="138.331400467" tag="vvvvv" TaskAutoShoot.state="SHOOT" />
TaskAutoShoot.autoTask_INFO [138.333441655] <Event name="StateInfo" time="138.333175022" tag="^^^^^" TaskAutoShoot.state="SHOOT" />
FrcTeleOp.operatorControllerButtonEvent_INFO [138.33623418] ##### button=Y, pressed=false
TaskAutoShoot.autoTask_INFO [138.405232801] <Event name="StateInfo" time="138.404950541" tag="vvvvv" TaskAutoShoot.state="SHOOT" />
TaskAutoShoot.autoTask_INFO [138.406208293] <Event name="StateInfo" time="138.406032179" tag="^^^^^" TaskAutoShoot.state="SHOOT" />
TaskAutoShoot.autoTask_INFO [138.474837623] <Event name="StateInfo" time="138.474656467" tag="vvvvv" TaskAutoShoot.state="SHOOT" />
TaskAutoShoot.autoTask_INFO [138.475430474] <Event name="StateInfo" time="138.47504229" tag="^^^^^" TaskAutoShoot.state="SHOOT" />
TaskAutoShoot.autoTask_INFO [138.541915478] <Event name="StateInfo" time="138.541730127" tag="vvvvv" TaskAutoShoot.state="SHOOT" />
TaskAutoShoot.autoTask_INFO [138.542494125] <Event name="StateInfo" time="138.542310158" tag="^^^^^" TaskAutoShoot.state="SHOOT" />
TaskAutoShoot.autoTask_INFO [138.612256934] <Event name="StateInfo" time="138.61207914" tag="vvvvv" TaskAutoShoot.state="SHOOT" />
TaskAutoShoot.autoTask_INFO [138.612600903] <Event name="StateInfo" time="138.612460459" tag="^^^^^" TaskAutoShoot.state="SHOOT" />
TaskAutoShoot.autoTask_INFO [138.681024535] <Event name="StateInfo" time="138.680827206" tag="vvvvv" TaskAutoShoot.state="SHOOT" />
TaskAutoShoot.autoTask_INFO [138.684599134] <Event name="StateInfo" time="138.684434496" tag="^^^^^" TaskAutoShoot.state="SHOOT" />
TaskAutoShoot.autoTask_INFO [138.756908948] <Event name="StateInfo" time="138.756583415" tag="vvvvv" TaskAutoShoot.state="SHOOT" />
TaskAutoShoot.autoTask_INFO [138.757745581] <Event name="StateInfo" time="138.757515534" tag="^^^^^" TaskAutoShoot.state="SHOOT" />
TaskAutoShoot.autoTask_INFO [138.831193532] <Event name="StateInfo" time="138.830917557" tag="vvvvv" TaskAutoShoot.state="SHOOT" />
TaskAutoShoot.autoTask_INFO [138.843260349] <Event name="StateInfo" time="138.843052034" tag="^^^^^" TaskAutoShoot.state="SHOOT" />
TaskAutoShoot.autoTask_INFO [138.917490269] <Event name="StateInfo" time="138.917283322" tag="vvvvv" TaskAutoShoot.state="SHOOT" />
TaskAutoShoot.autoTask_INFO [138.920372946] <Event name="StateInfo" time="138.919349625" tag="^^^^^" TaskAutoShoot.state="SHOOT" />
TaskAutoShoot.autoTask_INFO [138.991414503] <Event name="StateInfo" time="138.987202514" tag="vvvvv" TaskAutoShoot.state="SHOOT" />
TaskAutoShoot.autoTask_INFO [138.992106499] <Event name="StateInfo" time="138.991926455" tag="^^^^^" TaskAutoShoot.state="SHOOT" />
TaskAutoShoot.autoTask_INFO [139.057289028] <Event name="StateInfo" time="139.05708326" tag="vvvvv" TaskAutoShoot.state="SHOOT" />
TaskAutoShoot.autoTask_INFO [139.063956276] <Event name="StateInfo" time="139.063032428" tag="^^^^^" TaskAutoShoot.state="SHOOT" />
TaskAutoShoot.autoTask_INFO [139.131294404] <Event name="StateInfo" time="139.13101684" tag="vvvvv" TaskAutoShoot.state="SHOOT" />
TaskAutoShoot.autoTask_INFO [139.137068544] <Event name="StateInfo" time="139.135435577" tag="^^^^^" TaskAutoShoot.state="SHOOT" />
TaskAutoShoot.autoTask_INFO [139.209040172] <Event name="StateInfo" time="139.208852697" tag="vvvvv" TaskAutoShoot.state="SHOOT" />
TaskAutoShoot.autoTask_INFO [139.210330562] <Event name="StateInfo" time="139.209862241" tag="^^^^^" TaskAutoShoot.state="SHOOT" />
TaskAutoShoot.autoTask_INFO [139.294567942] <Event name="StateInfo" time="139.294373371" tag="vvvvv" TaskAutoShoot.state="SHOOT" />
TaskAutoShoot.autoTask_INFO [139.300390647] <Event name="StateInfo" time="139.299998489" tag="^^^^^" TaskAutoShoot.state="SHOOT" />
TaskAutoShoot.autoTask_INFO [139.36604112] <Event name="StateInfo" time="139.365814002" tag="vvvvv" TaskAutoShoot.state="SHOOT" />
TaskAutoShoot.autoTask_INFO [139.369250084] <Event name="StateInfo" time="139.369046165" tag="^^^^^" TaskAutoShoot.state="SHOOT" />
FrcTeleOp.driverControllerButtonEvent_INFO [139.385883656] ##### button=RightBumper, pressed=true
FrcTeleOp.driverControllerButtonEvent_INFO [139.388652917] >>>>> Slow Drive
TaskAutoShoot.autoTask_INFO [139.459172053] <Event name="StateInfo" time="139.458983992" tag="vvvvv" TaskAutoShoot.state="SHOOT" />
TaskAutoShoot.autoTask_INFO [139.466412593] <Event name="StateInfo" time="139.4660622" tag="^^^^^" TaskAutoShoot.state="SHOOT" />
TaskAutoShoot.autoTask_INFO [139.537773149] <Event name="StateInfo" time="139.537534729" tag="vvvvv" TaskAutoShoot.state="SHOOT" />
TaskAutoShoot.autoTask_INFO [139.544474576] <Event name="StateInfo" time="139.544274333" tag="^^^^^" TaskAutoShoot.state="SHOOT" />
TaskAutoShoot.autoTask_INFO [139.611370581] <Event name="StateInfo" time="139.611181018" tag="vvvvv" TaskAutoShoot.state="SHOOT" />
TaskAutoShoot.autoTask_INFO [139.612179159] <Event name="StateInfo" time="139.612001017" tag="^^^^^" TaskAutoShoot.state="SHOOT" />
TaskAutoShoot.autoTask_INFO [139.682234706] <Event name="StateInfo" time="139.681932391" tag="vvvvv" TaskAutoShoot.state="SHOOT" />
TaskAutoShoot.autoTask_INFO [139.683411299] <Event name="StateInfo" time="139.68316895" tag="^^^^^" TaskAutoShoot.state="SHOOT" />
TaskAutoShoot.autoTask_INFO [139.748097228] <Event name="StateInfo" time="139.74617538" tag="vvvvv" TaskAutoShoot.state="SHOOT" />
TaskAutoShoot.autoTask_INFO [139.748963135] <Event name="StateInfo" time="139.748662018" tag="^^^^^" TaskAutoShoot.state="SHOOT" />
TaskAutoShoot.autoTask_INFO [139.834714605] <Event name="StateInfo" time="139.834417125" tag="vvvvv" TaskAutoShoot.state="SHOOT" />
TaskAutoShoot.autoTask_INFO [139.838084522] <Event name="StateInfo" time="139.837316503" tag="^^^^^" TaskAutoShoot.state="SHOOT" />
TaskAutoShoot.autoTask_INFO [139.911233165] <Event name="StateInfo" time="139.911010904" tag="vvvvv" TaskAutoShoot.state="SHOOT" />
TaskAutoShoot.autoTask_INFO [139.912809908] <Event name="StateInfo" time="139.911686518" tag="^^^^^" TaskAutoShoot.state="SHOOT" />
TaskAutoShoot.autoTask_INFO [139.999949365] <Event name="StateInfo" time="139.999767388" tag="vvvvv" TaskAutoShoot.state="SHOOT" />
TaskAutoShoot.autoTask_INFO [140.00087121] <Event name="StateInfo" time="140.000711344" tag="^^^^^" TaskAutoShoot.state="SHOOT" />
FrcRobot.startCompetition_INFO [140.004965213] *** Transitioning from TELEOP_MODE to DISABLED_MODE ***
Robot.cancelAll_INFO [140.01144351] Cancel all operations.
Shooter.LeftShooter.cancel_INFO [140.013335552] owner=null
Shooter.LeftShooter.disableGoalTracking_INFO [140.015380426] Disable Goal Tracking.
Shooter.LeftShooter.stopGoalTracking_INFO [140.016629686] Stop GoalTracking.
Shooter.LeftTiltMotor.cancel_INFO [140.020906156] Cancel: stopping motor.
Shooter.LeftPrimaryMotor.cancel_INFO [140.022147065] Cancel: stopping motor.
Shooter.LeftPrimaryMotor.cancel_INFO [140.023388333] Cancel: stopping motor.
Shooter.LeftTiltMotor.cancel_INFO [140.024393998] Cancel: stopping motor.
Shooter.RightShooter.cancel_INFO [140.025733346] owner=null
Shooter.RightShooter.disableGoalTracking_INFO [140.026457913] Disable Goal Tracking.
Shooter.RightShooter.stopGoalTracking_INFO [140.026962882] Stop GoalTracking.
Shooter.RightTiltMotor.cancel_INFO [140.027637213] Cancel: stopping motor.
Shooter.RightPrimaryMotor.cancel_INFO [140.028505927] Cancel: stopping motor.
Shooter.RightPrimaryMotor.cancel_INFO [140.032471009] Cancel: stopping motor.
Shooter.RightTiltMotor.cancel_INFO [140.033816096] Cancel: stopping motor.
Shooter.LeftTransferMotor.cancel_INFO [140.034801005] Cancel: stopping motor.
Shooter.RightTransferMotor.cancel_INFO [140.035577816] Cancel: stopping motor.
Shooter.FeederMotor.cancel_INFO [140.037669935] Cancel: stopping motor.
Intake.IntakeMotor.cancel_INFO [140.089124025] Cancel: stopping motor.
Climber.Motor.cancel_INFO [140.092662059] Cancel: stopping motor.
TaskAutoShoot.cancel_INFO [140.094148303] Canceling auto task operation.
TaskAutoShoot.stopSubsystems_INFO [140.095136097] Stopping subsystems.
Shooter.LeftTransferMotor.cancel_INFO [140.096305236] Cancel: stopping motor.
Shooter.RightTransferMotor.cancel_INFO [140.106816419] Cancel: stopping motor.
Shooter.FeederMotor.cancel_INFO [140.109023358] Cancel: stopping motor.
TaskAutoShoot.stopSubsystems_INFO [140.1118125] Restoring previous Tracking mode (trackFlywheel=false,trackTiltPos=false,trackPanPos=true).
Shooter.setupGoalTrackingMode_INFO [140.116366463] GoalTracking(trackingMode=AllianceHub, goalPose=(x=-158.838583,y=469.110472,angle=180.000000), noPassback=true).
Shooter.LeftShooter.enableGoalTracking_INFO [140.118801904] Enable GoalTracking (trackingParams=(trackFlywheel=false,trackTiltPos=false,trackPanPos=true)).
Shooter.LeftPrimaryMotor.cancel_INFO [140.121298158] Cancel: stopping motor.
Shooter.LeftTiltMotor.cancel_INFO [140.127165076] Cancel: stopping motor.
Shooter.RightShooter.enableGoalTracking_INFO [140.129325964] Enable GoalTracking (trackingParams=(trackFlywheel=false,trackTiltPos=false,trackPanPos=true)).
Shooter.RightPrimaryMotor.cancel_INFO [140.131221708] Cancel: stopping motor.
Shooter.RightTiltMotor.cancel_INFO [140.133316996] Cancel: stopping motor.
Shooter.LeftPrimaryMotor.cancel_INFO [140.13437058] Cancel: stopping motor.
Shooter.RightPrimaryMotor.cancel_INFO [140.137851494] Cancel: stopping motor.
TaskAutoClimb.cancel_INFO [140.181969947] Canceling auto task operation.
FrcRobot.printPerformanceMetrics_INFO [140.194643325] [FrcRobot] Loop Performance Metrics:
Average Loop Interval = 0.001449s (freq=690.062Hz, min=0.000611s, max=0.534097s)
[03]                StartTask=0.000000s
[04]          PrePeriodicTask=0.000111s
[07]               UpdateTask=0.000810s
[02]                StartMode=0.000000s
[06]         PostPeriodicTask=0.000410s
[08]                 StopTask=0.000000s
[09]                 StopMode=0.000000s
[00]                RobotInit=13.706261s
[01]           RobotStartMode=0.000002s
[05]                 Periodic=0.000062s
[10]            RobotStopMode=0.000001s

TrcTaskMgr.printTaskPerformanceMetrics_INFO [140.196621086] FrcDashboard.task: STANDALONE_TASK=3.7883913086670355E-4/0.01050344312966722
TrcTaskMgr.printTaskPerformanceMetrics_INFO [140.199621098] TrcWatchdogMgr: STANDALONE_TASK=2.095850366132723E-4/0.9980641642173913
TrcTaskMgr.printTaskPerformanceMetrics_INFO [140.200877256] DriverController.buttonEventTask: PRE_PERIODIC_TASK=2.9885712578805162E-5/0.008395550788832182
TrcTaskMgr.printTaskPerformanceMetrics_INFO [140.202433088] OperatorController.buttonEventTask: PRE_PERIODIC_TASK=1.231472361453017E-4/0.008395536675112579
TrcTaskMgr.printTaskPerformanceMetrics_INFO [140.203918697] flDriveMotor.pidCtrlTask: OUTPUT_TASK=4.466869461960528E-5/0.011923796422460622
TrcTaskMgr.printTaskPerformanceMetrics_INFO [140.205208021] flDriveMotor.odometryCleanupTask: STOP_TASK=3.44255E-5/41.13083663625
TrcTaskMgr.printTaskPerformanceMetrics_INFO [140.206868307] frDriveMotor.pidCtrlTask: OUTPUT_TASK=2.806544203313952E-5/0.011923780743236972
TrcTaskMgr.printTaskPerformanceMetrics_INFO [140.211963795] blDriveMotor.pidCtrlTask: OUTPUT_TASK=2.7282515613910574E-5/0.011923748513948791
TrcTaskMgr.printTaskPerformanceMetrics_INFO [140.216298048] brDriveMotor.pidCtrlTask: OUTPUT_TASK=2.4312451465851394E-5/0.0119237483447344
TrcTaskMgr.printTaskPerformanceMetrics_INFO [140.217870608] flSteerMotor.pidCtrlTask: OUTPUT_TASK=2.9531768002402138E-5/0.011923748204509473
TrcTaskMgr.printTaskPerformanceMetrics_INFO [140.221759139] frSteerMotor.pidCtrlTask: OUTPUT_TASK=2.5334751194213182E-5/0.01192371599202948
TrcTaskMgr.printTaskPerformanceMetrics_INFO [140.223244386] blSteerMotor.pidCtrlTask: OUTPUT_TASK=2.8069683089941313E-5/0.011923718649651973
TrcTaskMgr.printTaskPerformanceMetrics_INFO [140.225035167] brSteerMotor.pidCtrlTask: OUTPUT_TASK=2.6116445311860244E-5/0.011923719636140303
TrcTaskMgr.printTaskPerformanceMetrics_INFO [140.2264508] FrcSwerveDrive.odometryTask: INPUT_TASK=0.0016805743862953139/0.01452666019036251
TrcTaskMgr.printTaskPerformanceMetrics_INFO [140.227983722] FrcSwerveDrive.stopTask: STOP_TASK=0.00293684475/41.130817898
TrcTaskMgr.printTaskPerformanceMetrics_INFO [140.242903015] purePursuitDrive.driveTask: POST_PERIODIC_TASK=0.0070276126211604095/0.06541562381228669
TrcTaskMgr.printTaskPerformanceMetrics_INFO [140.244199036] LED: OUTPUT_TASK=4.659636621448263E-5/0.011923685086824795
TrcTaskMgr.printTaskPerformanceMetrics_INFO [140.244971044] Shooter.LeftPrimaryMotor.pidCtrlTask: OUTPUT_TASK=2.0721965171820837E-5/0.011923652043262276
TrcTaskMgr.printTaskPerformanceMetrics_INFO [140.246662421] Shooter.LeftFollowerMotor.pidCtrlTask: OUTPUT_TASK=4.747989955509458E-6/0.011923651475557497
TrcTaskMgr.printTaskPerformanceMetrics_INFO [140.247337696] Shooter.LeftTiltMotor.pidCtrlTask: OUTPUT_TASK=4.040659089172148E-4/0.011923651247400168
TrcTaskMgr.printTaskPerformanceMetrics_INFO [140.247977917] Shooter.LeftShooter.ShooterMotor1VelTrigger.triggerTask: PRE_PERIODIC_TASK=3.23557432E-4/0.063721517184
TrcTaskMgr.printTaskPerformanceMetrics_INFO [140.250403124] Shooter.LeftShooter.goalTracking: POST_PERIODIC_TASK=0.02297775030233727/0.04110643430233727
TrcTaskMgr.printTaskPerformanceMetrics_INFO [140.251947967] Shooter.LeftTransferMotor.pidCtrlTask: OUTPUT_TASK=6.484898026585146E-6/0.01192357439683926
TrcTaskMgr.printTaskPerformanceMetrics_INFO [140.253870616] Shooter.RightPrimaryMotor.pidCtrlTask: OUTPUT_TASK=1.945095638289161E-5/0.011923573706608074
TrcTaskMgr.printTaskPerformanceMetrics_INFO [140.256065091] Shooter.RightFollowerMotor.pidCtrlTask: OUTPUT_TASK=4.957310934002948E-6/0.011923555107948031
TrcTaskMgr.printTaskPerformanceMetrics_INFO [140.257400238] Shooter.RightTiltMotor.pidCtrlTask: OUTPUT_TASK=3.8602025743763305E-4/0.011923554903761123
TrcTaskMgr.printTaskPerformanceMetrics_INFO [140.258030808] Shooter.RightShooter.ShooterMotor1VelTrigger.triggerTask: PRE_PERIODIC_TASK=1.4353816E-4/0.063719788352
TrcTaskMgr.printTaskPerformanceMetrics_INFO [140.261030525] Shooter.RightShooter.goalTracking: POST_PERIODIC_TASK=0.0032144811095752702/0.041082511840663485
TrcTaskMgr.printTaskPerformanceMetrics_INFO [140.262825521] Shooter.RightTransferMotor.pidCtrlTask: OUTPUT_TASK=6.831674327201266E-6/0.011923552148616191
TrcTaskMgr.printTaskPerformanceMetrics_INFO [140.264948075] Shooter.TurretMotor.pidCtrlTask: OUTPUT_TASK=0.0014713435334625254/0.011923551935340356
TrcTaskMgr.printTaskPerformanceMetrics_INFO [140.26591722] Shooter.FeederMotor.pidCtrlTask: OUTPUT_TASK=5.801593056579055E-6/0.011923530093315865
TrcTaskMgr.printTaskPerformanceMetrics_INFO [140.266887805] ShooterfieldLengthTrigger.triggerTask: PRE_PERIODIC_TASK=2.071367682866114E-5/0.001447663106941577
TrcTaskMgr.printTaskPerformanceMetrics_INFO [140.267465875] ShooterfieldWidthTrigger.triggerTask: PRE_PERIODIC_TASK=5.307373342936612E-6/0.001447662876881103
TrcTaskMgr.printTaskPerformanceMetrics_INFO [140.268378722] Intake.IntakeMotor.pidCtrlTask: OUTPUT_TASK=5.999489587597915E-6/0.011923529773247085
TrcTaskMgr.printTaskPerformanceMetrics_INFO [140.269007917] Climber.Motor.pidCtrlTask: OUTPUT_TASK=6.014380548049892E-5/0.011923529611807092
TrcTaskMgr.printTaskPerformanceMetrics_INFO [140.26965561] TaskAutoShoot: POST_PERIODIC_TASK=0.002417391867601246/0.23835569047663552
