Robot.robotStartMode_INFO [0.032353438] Thu Apr 09 23:36:19 UTC 2026: ***** TELEOP_MODE *****
Robot.robotStartMode_INFO [0.034429616] <BuildInfo Host="TRC492-DS2024" User="User" Timestamp="2026-04-09 16:28:52" Branch="dev" />
Shooter.stopTiltCallback_ERR [0.092305531] StopRightTilt was completed.
Shooter.stopTiltCallback_ERR [0.095058029] StopLeftTilt was completed.
FrcTeleOp.driverControllerButtonEvent_INFO [0.550033129] ##### button=B, pressed=true
FrcTeleOp.driverControllerButtonEvent_INFO [0.55512585] >>>>> Reset field forward heading (heading=-175.13602194547914)
FrcTeleOp.driverControllerButtonEvent_INFO [0.650183686] ##### button=B, pressed=false
FrcTeleOp.driverControllerButtonEvent_INFO [2.708975984] ##### button=A, pressed=true
FrcTeleOp.toggleIntake_INFO [2.710814361] >>>>> Toggle Intake.
FrcTeleOp.driverControllerButtonEvent_INFO [2.808814393] ##### button=A, pressed=false
FrcTeleOp.driverControllerButtonEvent_INFO [3.525216236] ##### button=A, pressed=true
FrcTeleOp.toggleIntake_INFO [3.526460954] >>>>> Toggle Intake.
FrcTeleOp.driverControllerButtonEvent_INFO [3.628534055] ##### button=A, pressed=false
FrcTeleOp.operatorControllerButtonEvent_INFO [4.552209291] ##### button=Y, pressed=true
FrcTeleOp.shoot_INFO [4.554062458] >>>>> Start Auto Shoot.
TaskAutoShoot.autoShoot_INFO [4.554682226] autoShoot(owner=null, event=null, taskParams=(autoStop=false, noPassback=false, noWait=false))
Shooter.enableGoalTracking_INFO [4.55566467] EnableGoalTracking: goalTrackingParams=(trackFlywheel=true,trackTiltPos=true,trackPanPos=true), noPassback=false
Shooter.setupGoalTrackingMode_INFO [4.556580921] PassingBack: alliance=Red, fieldLengthZone=5, fieldWidthZone=3, blueGoalPose= (x=-238.257874,y=78.305000,angle=0.000000), goalFieldPose=(x=-79.419291,y=572.915472,angle=180.000000).
Shooter.setupGoalTrackingMode_INFO [4.558505721] GoalTracking(trackingMode=Passback, goalPose=(x=-79.419291,y=572.915472,angle=180.000000), noPassback=false).
Shooter.LeftShooter.enableGoalTracking_INFO [4.55969677] Enable GoalTracking (trackingParams=(trackFlywheel=true,trackTiltPos=true,trackPanPos=true)).
Shooter.LeftPrimaryMotor.cancel_INFO [4.561006614] Cancel: stopping motor.
Shooter.LeftTiltMotor.cancel_INFO [4.561628276] Cancel: stopping motor.
Shooter.RightShooter.enableGoalTracking_INFO [4.562421921] Enable GoalTracking (trackingParams=(trackFlywheel=true,trackTiltPos=true,trackPanPos=true)).
Shooter.RightPrimaryMotor.cancel_INFO [4.563543104] Cancel: stopping motor.
Shooter.RightTiltMotor.cancel_INFO [4.564592841] Cancel: stopping motor.
Shooter.enableGoalTracking_ERR [4.565276562] EnableGoalTrackingTimestamps=[4.555905289, 4.559056925, 4.561948671, 4.565005803]
TaskAutoShoot.autoTask_INFO [4.694233923] <Event name="StateInfo" time="4.693441939" tag="vvvvv" TaskAutoShoot.state="START" />
TaskAutoShoot.runTaskState_INFO [4.695904164] ***** Wait for left Shooter ready.
TaskAutoShoot.runTaskState_INFO [4.697005334] ***** Wait for right Shooter ready.
TaskAutoShoot.runTaskState_INFO [4.698433665] ***** Wait for Turret ready.
TaskAutoShoot.autoTask_INFO [4.699245831] <Event name="StateInfo" time="4.699041956" tag="^^^^^" TaskAutoShoot.state="START" />
TaskAutoShoot.autoTask_INFO [4.894819663] <Event name="StateInfo" time="4.894633691" tag="vvvvv" TaskAutoShoot.state="SHOOT" />
TaskAutoShoot.autoTask_INFO [4.896342664] <Event name="StateInfo" time="4.896113132" tag="^^^^^" TaskAutoShoot.state="SHOOT" />
TaskAutoShoot.autoTask_INFO [5.023917983] <Event name="StateInfo" time="5.023724517" tag="vvvvv" TaskAutoShoot.state="SHOOT" />
TaskAutoShoot.autoTask_INFO [5.026487042] <Event name="StateInfo" time="5.026278277" tag="^^^^^" TaskAutoShoot.state="SHOOT" />
TaskAutoShoot.autoTask_INFO [5.139336821] <Event name="StateInfo" time="5.139135987" tag="vvvvv" TaskAutoShoot.state="SHOOT" />
TaskAutoShoot.autoTask_INFO [5.142554109] <Event name="StateInfo" time="5.142356076" tag="^^^^^" TaskAutoShoot.state="SHOOT" />
TaskAutoShoot.autoTask_INFO [5.246620963] <Event name="StateInfo" time="5.246432491" tag="vvvvv" TaskAutoShoot.state="SHOOT" />
TaskAutoShoot.autoTask_INFO [5.252888678] <Event name="StateInfo" time="5.252442821" tag="^^^^^" TaskAutoShoot.state="SHOOT" />
TaskAutoShoot.autoTask_INFO [5.350614573] <Event name="StateInfo" time="5.350407965" tag="vvvvv" TaskAutoShoot.state="SHOOT" />
TaskAutoShoot.autoTask_INFO [5.351126505] <Event name="StateInfo" time="5.350957545" tag="^^^^^" TaskAutoShoot.state="SHOOT" />
TaskAutoShoot.autoTask_INFO [5.450107869] <Event name="StateInfo" time="5.448684206" tag="vvvvv" TaskAutoShoot.state="SHOOT" />
TaskAutoShoot.autoTask_INFO [5.450649753] <Event name="StateInfo" time="5.450470258" tag="^^^^^" TaskAutoShoot.state="SHOOT" />
TaskAutoShoot.autoTask_INFO [5.555347373] <Event name="StateInfo" time="5.552012898" tag="vvvvv" TaskAutoShoot.state="SHOOT" />
TaskAutoShoot.autoTask_INFO [5.557691753] <Event name="StateInfo" time="5.557439324" tag="^^^^^" TaskAutoShoot.state="SHOOT" />
TaskAutoShoot.autoTask_INFO [5.65787912] <Event name="StateInfo" time="5.657596684" tag="vvvvv" TaskAutoShoot.state="SHOOT" />
TaskAutoShoot.autoTask_INFO [5.658966625] <Event name="StateInfo" time="5.658604709" tag="^^^^^" TaskAutoShoot.state="SHOOT" />
TaskAutoShoot.autoTask_INFO [5.748976706] <Event name="StateInfo" time="5.748786767" tag="vvvvv" TaskAutoShoot.state="SHOOT" />
TaskAutoShoot.runTaskState_INFO [5.756408909] ***** Start left shooter shooting (timedout=true, turretReady=false).
Shooter.shoot_INFO [5.759654445] shoot(owner=null, event=(TaskAutoShoot.leftShooterDone=CLEARED), shooter=leftShooter, autoStop=false)
Shooter.LeftTransferMotor.cancel_INFO [5.761991667] Cancel: stopping motor.
TaskAutoShoot.runTaskState_INFO [5.765801327] ***** Start right shooter shooting (timedout=true, turretReady=false).
Shooter.shoot_INFO [5.769114701] shoot(owner=null, event=(TaskAutoShoot.rightShooterDone=CLEARED), shooter=rightShooter, autoStop=false)
Shooter.RightTransferMotor.cancel_INFO [5.77512761] Cancel: stopping motor.
TaskAutoShoot.autoTask_INFO [5.779217935] <Event name="StateInfo" time="5.778523804" tag="^^^^^" TaskAutoShoot.state="SHOOT" />
Shooter.fieldTriggerCallback_INFO [5.977378872] FieldTriggerCallback: canceled=false, zoneCtxt=(value=351.249857,prevZone=5,currZone=4)
Shooter.setupGoalTrackingMode_INFO [5.979363451] PassingBack: alliance=Red, fieldLengthZone=4, fieldWidthZone=3, blueGoalPose= (x=-238.257874,y=78.305000,angle=0.000000), goalFieldPose=(x=-79.419291,y=572.915472,angle=180.000000).
Shooter.setupGoalTrackingMode_INFO [5.980760239] GoalTracking(trackingMode=Passback, goalPose=(x=-79.419291,y=572.915472,angle=180.000000), noPassback=false).
Shooter.fieldTriggerCallback_INFO [6.158636159] FieldTriggerCallback: canceled=false, zoneCtxt=(value=-132.553630,prevZone=3,currZone=2)
Shooter.setupGoalTrackingMode_INFO [6.160229141] PassingBack: alliance=Red, fieldLengthZone=4, fieldWidthZone=2, blueGoalPose= (x=-238.257874,y=78.305000,angle=0.000000), goalFieldPose=(x=-79.419291,y=572.915472,angle=180.000000).
Shooter.setupGoalTrackingMode_INFO [6.160778328] GoalTracking(trackingMode=Passback, goalPose=(x=-79.419291,y=572.915472,angle=180.000000), noPassback=false).
FrcTeleOp.operatorControllerButtonEvent_INFO [6.533316285] ##### button=Y, pressed=false
FrcTeleOp.shoot_INFO [6.534683736] >>>>> Stop Auto Shoot.
TaskAutoShoot.cancel_INFO [6.535991104] Canceling auto task operation.
TaskAutoShoot.stopSubsystems_INFO [6.537093784] Stopping subsystems.
Shooter.LeftTransferMotor.cancel_INFO [6.53838301] Cancel: stopping motor.
Shooter.RightTransferMotor.cancel_INFO [6.542084447] Cancel: stopping motor.
Shooter.FeederMotor.cancel_INFO [6.543674953] Cancel: stopping motor.
Shooter.LeftShooter.disableGoalTracking_INFO [6.547060356] Disable Goal Tracking.
Shooter.LeftShooter.stopGoalTracking_INFO [6.548265996] Stop GoalTracking.
Shooter.LeftTiltMotor.cancel_INFO [6.553858541] Cancel: stopping motor.
Shooter.LeftPrimaryMotor.cancel_INFO [6.555050242] Cancel: stopping motor.
Shooter.RightShooter.disableGoalTracking_INFO [6.556313212] Disable Goal Tracking.
Shooter.RightShooter.stopGoalTracking_INFO [6.563935096] Stop GoalTracking.
Shooter.RightTiltMotor.cancel_INFO [6.565469372] Cancel: stopping motor.
Shooter.RightPrimaryMotor.cancel_INFO [6.566556221] Cancel: stopping motor.
Shooter.LeftShooter.cancel_INFO [6.568195421] owner=null
Shooter.LeftPrimaryMotor.cancel_INFO [6.570025204] Cancel: stopping motor.
Shooter.LeftTiltMotor.cancel_INFO [6.574898972] Cancel: stopping motor.
Shooter.RightShooter.cancel_INFO [6.576019675] owner=null
Shooter.RightPrimaryMotor.cancel_INFO [6.577172367] Cancel: stopping motor.
Shooter.RightTiltMotor.cancel_INFO [6.578471321] Cancel: stopping motor.
Shooter.LeftTransferMotor.cancel_INFO [6.579716873] Cancel: stopping motor.
Shooter.RightTransferMotor.cancel_INFO [6.581380707] Cancel: stopping motor.
Shooter.FeederMotor.cancel_INFO [6.582530901] Cancel: stopping motor.
Shooter.stopTilt_ERR [6.585532915] StopTilt is called
Shooter.stopTilt_ERR [6.668772285] StopTilt is called
Shooter.stopTiltCallback_ERR [6.738212285] StopRightTilt was canceled.
Shooter.stopTiltCallback_ERR [6.744378183] StopLeftTilt was canceled.
FrcTeleOp.driverControllerButtonEvent_INFO [6.768076782] ##### button=RightBumper, pressed=true
FrcTeleOp.driverControllerButtonEvent_INFO [6.769754883] >>>>> Slow Drive
FrcTeleOp.operatorControllerButtonEvent_INFO [6.770762251] ##### button=Y, pressed=true
FrcTeleOp.shoot_INFO [6.772995562] >>>>> Start Auto Shoot.
TaskAutoShoot.autoShoot_INFO [6.774816832] autoShoot(owner=null, event=null, taskParams=(autoStop=false, noPassback=false, noWait=false))
Shooter.enableGoalTracking_INFO [6.776345286] EnableGoalTracking: goalTrackingParams=(trackFlywheel=true,trackTiltPos=true,trackPanPos=true), noPassback=false
Shooter.setupGoalTrackingMode_INFO [6.779608409] PassingBack: alliance=Red, fieldLengthZone=3, fieldWidthZone=2, blueGoalPose= (x=-238.257874,y=78.305000,angle=0.000000), goalFieldPose=(x=-79.419291,y=572.915472,angle=180.000000).
Shooter.setupGoalTrackingMode_INFO [6.783161798] GoalTracking(trackingMode=Passback, goalPose=(x=-79.419291,y=572.915472,angle=180.000000), noPassback=false).
Shooter.LeftShooter.enableGoalTracking_INFO [6.786066426] Enable GoalTracking (trackingParams=(trackFlywheel=true,trackTiltPos=true,trackPanPos=true)).
Shooter.LeftPrimaryMotor.cancel_INFO [6.787645282] Cancel: stopping motor.
Shooter.LeftTiltMotor.cancel_INFO [6.790438626] Cancel: stopping motor.
Shooter.RightShooter.enableGoalTracking_INFO [6.794470093] Enable GoalTracking (trackingParams=(trackFlywheel=true,trackTiltPos=true,trackPanPos=true)).
Shooter.RightPrimaryMotor.cancel_INFO [6.796544715] Cancel: stopping motor.
Shooter.RightTiltMotor.cancel_INFO [6.797142502] Cancel: stopping motor.
Shooter.enableGoalTracking_ERR [6.799104285] EnableGoalTrackingTimestamps=[6.77719069, 6.785045055, 6.794211357, 6.798376351]
Shooter.stopTiltCallback_ERR [6.80686121] StopRightTilt was canceled.
Shooter.stopTiltCallback_ERR [6.809150909] StopLeftTilt was canceled.
TaskAutoShoot.autoTask_INFO [6.903481455] <Event name="StateInfo" time="6.902682176" tag="vvvvv" TaskAutoShoot.state="START" />
TaskAutoShoot.runTaskState_INFO [6.905396438] ***** Wait for left Shooter ready.
TaskAutoShoot.runTaskState_INFO [6.920610599] ***** Wait for right Shooter ready.
TaskAutoShoot.runTaskState_INFO [6.926780674] ***** Wait for Turret ready.
TaskAutoShoot.autoTask_INFO [6.934889302] <Event name="StateInfo" time="6.932753055" tag="^^^^^" TaskAutoShoot.state="START" />
Shooter.TurretMotor.pidCtrlTask_INFO [7.014082484] controlMode: Position,onTarget=true(136.0494384765625/133.5256592579568), stalled=false, expired=false, event=(TaskAutoShoot.turretReady=SIGNALED)
TaskAutoShoot.autoTask_INFO [7.065649158] <Event name="StateInfo" time="7.065439845" tag="vvvvv" TaskAutoShoot.state="SHOOT" />
TaskAutoShoot.autoTask_INFO [7.073927702] <Event name="StateInfo" time="7.066786834" tag="^^^^^" TaskAutoShoot.state="SHOOT" />
TaskAutoShoot.autoTask_INFO [7.187099856] <Event name="StateInfo" time="7.186913537" tag="vvvvv" TaskAutoShoot.state="SHOOT" />
TaskAutoShoot.autoTask_INFO [7.187667647] <Event name="StateInfo" time="7.187503204" tag="^^^^^" TaskAutoShoot.state="SHOOT" />
Shooter.RightShooter.goalTrackingTask_INFO [7.291697267] Shooter.RightShooter is Ready: rpm1=5965.691106/6065.334134, rpm2=3725.742188/0.000000, tilt=39.993151/40.000000, pan=null/null
TaskAutoShoot.autoTask_INFO [7.294544791] <Event name="StateInfo" time="7.294362829" tag="vvvvv" TaskAutoShoot.state="SHOOT" />
TaskAutoShoot.runTaskState_INFO [7.297089649] ***** Start right shooter shooting (timedout=false, turretReady=true).
Shooter.shoot_INFO [7.298083935] shoot(owner=null, event=(TaskAutoShoot.rightShooterDone=CLEARED), shooter=rightShooter, autoStop=false)
Shooter.RightTransferMotor.cancel_INFO [7.302248436] Cancel: stopping motor.
TaskAutoShoot.autoTask_INFO [7.303822176] <Event name="StateInfo" time="7.303633898" tag="^^^^^" TaskAutoShoot.state="SHOOT" />
FrcTeleOp.driverControllerButtonEvent_INFO [7.307425713] ##### button=A, pressed=true
FrcTeleOp.toggleIntake_INFO [7.312425117] >>>>> Toggle Intake.
Shooter.fieldTriggerCallback_INFO [7.315451288] FieldTriggerCallback: canceled=false, zoneCtxt=(value=-160.551625,prevZone=2,currZone=1)
Shooter.setupGoalTrackingMode_INFO [7.317190852] PassingBack: alliance=Red, fieldLengthZone=3, fieldWidthZone=1, blueGoalPose= (x=-79.419291,y=78.305000,angle=0.000000), goalFieldPose=(x=-238.257874,y=572.915472,angle=180.000000).
Shooter.setupGoalTrackingMode_INFO [7.318735181] GoalTracking(trackingMode=Passback, goalPose=(x=-238.257874,y=572.915472,angle=180.000000), noPassback=false).
Shooter.LeftShooter.goalTrackingTask_INFO [7.398694131] Shooter.LeftShooter is Ready: rpm1=6038.762019/6011.550789, rpm2=3701.367188/0.000000, tilt=39.993151/40.000000, pan=null/null
TaskAutoShoot.autoTask_INFO [7.428820635] <Event name="StateInfo" time="7.427564593" tag="vvvvv" TaskAutoShoot.state="SHOOT" />
TaskAutoShoot.runTaskState_INFO [7.430595107] ***** Start left shooter shooting (timedout=false, turretReady=true).
Shooter.shoot_INFO [7.438445473] shoot(owner=null, event=(TaskAutoShoot.leftShooterDone=CLEARED), shooter=leftShooter, autoStop=false)
Shooter.LeftTransferMotor.cancel_INFO [7.449449304] Cancel: stopping motor.
TaskAutoShoot.autoTask_INFO [7.453759409] <Event name="StateInfo" time="7.453537624" tag="^^^^^" TaskAutoShoot.state="SHOOT" />
FrcTeleOp.driverControllerButtonEvent_INFO [7.458931393] ##### button=A, pressed=false
Shooter.fieldTriggerCallback_INFO [7.571602104] FieldTriggerCallback: canceled=false, zoneCtxt=(value=296.752201,prevZone=3,currZone=2)
TaskAutoShoot.cancel_INFO [7.573143754] Canceling auto task operation.
TaskAutoShoot.stopSubsystems_INFO [7.575416514] Stopping subsystems.
Shooter.LeftTransferMotor.cancel_INFO [7.584014918] Cancel: stopping motor.
Shooter.RightTransferMotor.cancel_INFO [7.585791417] Cancel: stopping motor.
Shooter.FeederMotor.cancel_INFO [7.587201906] Cancel: stopping motor.
Shooter.LeftShooter.disableGoalTracking_INFO [7.588478395] Disable Goal Tracking.
Shooter.LeftShooter.stopGoalTracking_INFO [7.590186825] Stop GoalTracking.
Shooter.LeftTiltMotor.cancel_INFO [7.594942647] Cancel: stopping motor.
Shooter.LeftPrimaryMotor.cancel_INFO [7.597128519] Cancel: stopping motor.
Shooter.RightShooter.disableGoalTracking_INFO [7.598599163] Disable Goal Tracking.
Shooter.RightShooter.stopGoalTracking_INFO [7.599733682] Stop GoalTracking.
Shooter.RightTiltMotor.cancel_INFO [7.60502678] Cancel: stopping motor.
Shooter.RightPrimaryMotor.cancel_INFO [7.607171612] Cancel: stopping motor.
Shooter.LeftShooter.cancel_INFO [7.609089556] owner=null
Shooter.LeftPrimaryMotor.cancel_INFO [7.610763944] Cancel: stopping motor.
Shooter.LeftTiltMotor.cancel_INFO [7.61259482] Cancel: stopping motor.
Shooter.RightShooter.cancel_INFO [7.616353975] owner=null
Shooter.RightPrimaryMotor.cancel_INFO [7.61790036] Cancel: stopping motor.
Shooter.RightTiltMotor.cancel_INFO [7.620116741] Cancel: stopping motor.
Shooter.LeftTransferMotor.cancel_INFO [7.621577303] Cancel: stopping motor.
Shooter.RightTransferMotor.cancel_INFO [7.622677015] Cancel: stopping motor.
Shooter.FeederMotor.cancel_INFO [7.630416718] Cancel: stopping motor.
Shooter.stopTilt_ERR [7.632012392] StopTilt is called
Shooter.setupGoalTrackingMode_INFO [7.75019733] PassingBack: alliance=Red, fieldLengthZone=2, fieldWidthZone=1, blueGoalPose= (x=-79.419291,y=78.305000,angle=0.000000), goalFieldPose=null.
Shooter.setupGoalTrackingMode_INFO [7.752439901] GoalTracking(trackingMode=Disabled, goalPose=null, noPassback=false).
Shooter.LeftTiltMotor.pidCtrlTask_INFO [7.917627854] controlMode: Position,onTarget=true(17.14629389253774/17.0), stalled=false, expired=false, event=(stopLeftTilt=SIGNALED)
Shooter.stopTiltCallback_ERR [7.926346044] StopLeftTilt was completed.
Shooter.RightTiltMotor.pidCtrlTask_INFO [7.994194347] controlMode: Position,onTarget=true(17.185821255346887/17.0), stalled=false, expired=false, event=(stopRightTilt=SIGNALED)
Shooter.stopTiltCallback_ERR [7.99723751] StopRightTilt was completed.
FrcTeleOp.operatorControllerButtonEvent_INFO [8.326281876] ##### button=Y, pressed=false
FrcTeleOp.shoot_INFO [8.328312841] >>>>> Stop Auto Shoot.
TaskAutoShoot.cancel_INFO [8.329626767] Canceling auto task operation.
Shooter.stopTilt_ERR [8.330781179] StopTilt is called
Shooter.LeftTiltMotor.pidCtrlTask_INFO [8.360615612] controlMode: Position,onTarget=true(16.988184391824824/17.0), stalled=false, expired=false, event=(stopLeftTilt=SIGNALED)
Shooter.RightTiltMotor.pidCtrlTask_INFO [8.393980117] controlMode: Position,onTarget=true(16.94865697953934/17.0), stalled=false, expired=false, event=(stopRightTilt=SIGNALED)
Shooter.stopTiltCallback_ERR [8.396689588] StopRightTilt was completed.
Shooter.stopTiltCallback_ERR [8.397778064] StopLeftTilt was completed.
FrcTeleOp.operatorControllerButtonEvent_INFO [8.414365131] ##### button=Y, pressed=true
FrcTeleOp.shoot_INFO [8.415028039] >>>>> Start Auto Shoot.
TaskAutoShoot.autoShoot_INFO [8.415470243] autoShoot(owner=null, event=null, taskParams=(autoStop=false, noPassback=false, noWait=false))
Shooter.enableGoalTracking_INFO [8.415898941] EnableGoalTracking: goalTrackingParams=(trackFlywheel=true,trackTiltPos=true,trackPanPos=true), noPassback=false
Shooter.setupGoalTrackingMode_INFO [8.426815692] PassingBack: alliance=Red, fieldLengthZone=2, fieldWidthZone=1, blueGoalPose= (x=-79.419291,y=78.305000,angle=0.000000), goalFieldPose=(x=-238.257874,y=572.915472,angle=180.000000).
Shooter.setupGoalTrackingMode_INFO [8.433427602] GoalTracking(trackingMode=Passback, goalPose=(x=-238.257874,y=572.915472,angle=180.000000), noPassback=false).
Shooter.LeftShooter.enableGoalTracking_INFO [8.433992456] Enable GoalTracking (trackingParams=(trackFlywheel=true,trackTiltPos=true,trackPanPos=true)).
Shooter.LeftPrimaryMotor.cancel_INFO [8.435085351] Cancel: stopping motor.
Shooter.LeftTiltMotor.cancel_INFO [8.437019924] Cancel: stopping motor.
Shooter.RightShooter.enableGoalTracking_INFO [8.440713797] Enable GoalTracking (trackingParams=(trackFlywheel=true,trackTiltPos=true,trackPanPos=true)).
Shooter.RightPrimaryMotor.cancel_INFO [8.442034921] Cancel: stopping motor.
Shooter.RightTiltMotor.cancel_INFO [8.444139693] Cancel: stopping motor.
Shooter.enableGoalTracking_ERR [8.446108455] EnableGoalTrackingTimestamps=[8.416056879, 8.433696351, 8.439655794, 8.444494312]
TaskAutoShoot.autoTask_INFO [8.559567337] <Event name="StateInfo" time="8.559289002" tag="vvvvv" TaskAutoShoot.state="START" />
TaskAutoShoot.runTaskState_INFO [8.560521448] ***** Wait for left Shooter ready.
TaskAutoShoot.runTaskState_INFO [8.561374597] ***** Wait for right Shooter ready.
TaskAutoShoot.runTaskState_INFO [8.561695302] ***** Wait for Turret ready.
TaskAutoShoot.autoTask_INFO [8.563688574] <Event name="StateInfo" time="8.562684725" tag="^^^^^" TaskAutoShoot.state="START" />
TaskAutoShoot.autoTask_INFO [8.752704655] <Event name="StateInfo" time="8.752505293" tag="vvvvv" TaskAutoShoot.state="SHOOT" />
TaskAutoShoot.autoTask_INFO [8.754891643] <Event name="StateInfo" time="8.754711087" tag="^^^^^" TaskAutoShoot.state="SHOOT" />
TaskAutoShoot.autoTask_INFO [8.852610899] <Event name="StateInfo" time="8.852303251" tag="vvvvv" TaskAutoShoot.state="SHOOT" />
TaskAutoShoot.autoTask_INFO [8.856772178] <Event name="StateInfo" time="8.85652369" tag="^^^^^" TaskAutoShoot.state="SHOOT" />
TaskAutoShoot.autoTask_INFO [8.945827969] <Event name="StateInfo" time="8.945498061" tag="vvvvv" TaskAutoShoot.state="SHOOT" />
TaskAutoShoot.autoTask_INFO [8.947848247] <Event name="StateInfo" time="8.947465286" tag="^^^^^" TaskAutoShoot.state="SHOOT" />
FrcTeleOp.driverControllerButtonEvent_INFO [8.953643064] ##### button=A, pressed=true
FrcTeleOp.toggleIntake_INFO [8.958762296] >>>>> Toggle Intake.
Shooter.LeftShooter.goalTrackingTask_INFO [9.04263282] Shooter.LeftShooter is Ready: rpm1=6219.924880/6182.607943, rpm2=3797.460938/0.000000, tilt=39.993151/40.000000, pan=null/null
Shooter.RightShooter.goalTrackingTask_INFO [9.092261853] Shooter.RightShooter is Ready: rpm1=6159.915865/6182.607943, rpm2=3833.789063/0.000000, tilt=39.993151/40.000000, pan=null/null
TaskAutoShoot.autoTask_INFO [9.11152612] <Event name="StateInfo" time="9.1111417" tag="vvvvv" TaskAutoShoot.state="SHOOT" />
TaskAutoShoot.autoTask_INFO [9.115789088] <Event name="StateInfo" time="9.115425587" tag="^^^^^" TaskAutoShoot.state="SHOOT" />
FrcTeleOp.driverControllerButtonEvent_INFO [9.146471201] ##### button=A, pressed=false
Shooter.fieldTriggerCallback_INFO [9.15207264] FieldTriggerCallback: canceled=false, zoneCtxt=(value=-192.023044,prevZone=1,currZone=0)
Shooter.setupGoalTrackingMode_INFO [9.155639845] PassingBack: alliance=Red, fieldLengthZone=2, fieldWidthZone=0, blueGoalPose= (x=-79.419291,y=78.305000,angle=0.000000), goalFieldPose=(x=-238.257874,y=572.915472,angle=180.000000).
Shooter.setupGoalTrackingMode_INFO [9.157547965] GoalTracking(trackingMode=Passback, goalPose=(x=-238.257874,y=572.915472,angle=180.000000), noPassback=false).
TaskAutoShoot.autoTask_INFO [9.265974057] <Event name="StateInfo" time="9.262404475" tag="vvvvv" TaskAutoShoot.state="SHOOT" />
TaskAutoShoot.autoTask_INFO [9.269589426] <Event name="StateInfo" time="9.268755265" tag="^^^^^" TaskAutoShoot.state="SHOOT" />
TaskAutoShoot.autoTask_INFO [9.387613661] <Event name="StateInfo" time="9.387061751" tag="vvvvv" TaskAutoShoot.state="SHOOT" />
TaskAutoShoot.autoTask_INFO [9.389256313] <Event name="StateInfo" time="9.387944088" tag="^^^^^" TaskAutoShoot.state="SHOOT" />
TaskAutoShoot.autoTask_INFO [9.489604286] <Event name="StateInfo" time="9.489112776" tag="vvvvv" TaskAutoShoot.state="SHOOT" />
TaskAutoShoot.autoTask_INFO [9.491872432] <Event name="StateInfo" time="9.491516803" tag="^^^^^" TaskAutoShoot.state="SHOOT" />
Climber.Motor.isMotorStalled_INFO [9.533201951] Stall detection triggered.
Climber.Motor.checkStallReset_INFO [9.536595659] Resetting stall.
TaskAutoShoot.autoTask_INFO [9.603288882] <Event name="StateInfo" time="9.602571162" tag="vvvvv" TaskAutoShoot.state="SHOOT" />
TaskAutoShoot.runTaskState_INFO [9.603973812] ***** Start left shooter shooting (timedout=true, turretReady=false).
Shooter.shoot_INFO [9.604609203] shoot(owner=null, event=(TaskAutoShoot.leftShooterDone=CLEARED), shooter=leftShooter, autoStop=false)
Shooter.LeftTransferMotor.cancel_INFO [9.613643087] Cancel: stopping motor.
TaskAutoShoot.runTaskState_INFO [9.617752953] ***** Start right shooter shooting (timedout=true, turretReady=false).
Shooter.shoot_INFO [9.618818325] shoot(owner=null, event=(TaskAutoShoot.rightShooterDone=CLEARED), shooter=rightShooter, autoStop=false)
Shooter.RightTransferMotor.cancel_INFO [9.619287054] Cancel: stopping motor.
TaskAutoShoot.autoTask_INFO [9.622500915] <Event name="StateInfo" time="9.62129656" tag="^^^^^" TaskAutoShoot.state="SHOOT" />
FrcTeleOp.driverControllerButtonEvent_INFO [9.72273283] ##### button=A, pressed=true
FrcTeleOp.toggleIntake_INFO [9.724835793] >>>>> Toggle Intake.
FrcTeleOp.driverControllerButtonEvent_INFO [9.8344905] ##### button=A, pressed=false
FrcTeleOp.periodic_INFO [10.029833489] >>>>> Shift[1]: Blue
FrcTeleOp.driverControllerButtonEvent_INFO [10.804306243] ##### button=A, pressed=true
FrcTeleOp.toggleIntake_INFO [10.805996858] >>>>> Toggle Intake.
FrcTeleOp.driverControllerButtonEvent_INFO [10.903880408] ##### button=A, pressed=false
FrcTeleOp.driverControllerButtonEvent_INFO [12.365640126] ##### button=RightBumper, pressed=false
FrcTeleOp.driverControllerButtonEvent_INFO [12.372340853] >>>>> Normal Drive
FrcTeleOp.operatorControllerButtonEvent_INFO [12.469768441] ##### button=Y, pressed=false
FrcTeleOp.shoot_INFO [12.471897899] >>>>> Stop Auto Shoot.
TaskAutoShoot.cancel_INFO [12.472811854] Canceling auto task operation.
TaskAutoShoot.stopSubsystems_INFO [12.473940004] Stopping subsystems.
Shooter.LeftTransferMotor.cancel_INFO [12.474736806] Cancel: stopping motor.
Shooter.RightTransferMotor.cancel_INFO [12.475184152] Cancel: stopping motor.
Shooter.FeederMotor.cancel_INFO [12.476150111] Cancel: stopping motor.
Shooter.LeftShooter.disableGoalTracking_INFO [12.480943794] Disable Goal Tracking.
Shooter.LeftShooter.stopGoalTracking_INFO [12.482371764] Stop GoalTracking.
Shooter.LeftTiltMotor.cancel_INFO [12.484034579] Cancel: stopping motor.
Shooter.LeftPrimaryMotor.cancel_INFO [12.485822155] Cancel: stopping motor.
Shooter.RightShooter.disableGoalTracking_INFO [12.487082494] Disable Goal Tracking.
Shooter.RightShooter.stopGoalTracking_INFO [12.496161066] Stop GoalTracking.
Shooter.RightTiltMotor.cancel_INFO [12.497562276] Cancel: stopping motor.
Shooter.RightPrimaryMotor.cancel_INFO [12.501817172] Cancel: stopping motor.
Shooter.LeftShooter.cancel_INFO [12.503833206] owner=null
Shooter.LeftPrimaryMotor.cancel_INFO [12.504989739] Cancel: stopping motor.
Shooter.LeftTiltMotor.cancel_INFO [12.506613408] Cancel: stopping motor.
Shooter.RightShooter.cancel_INFO [12.507874264] owner=null
Shooter.RightPrimaryMotor.cancel_INFO [12.512333303] Cancel: stopping motor.
Shooter.RightTiltMotor.cancel_INFO [12.514329046] Cancel: stopping motor.
Shooter.LeftTransferMotor.cancel_INFO [12.516205061] Cancel: stopping motor.
Shooter.RightTransferMotor.cancel_INFO [12.51781467] Cancel: stopping motor.
Shooter.FeederMotor.cancel_INFO [12.519035861] Cancel: stopping motor.
Shooter.stopTilt_ERR [12.524121664] StopTilt is called
Shooter.stopTilt_ERR [12.606000435] StopTilt is called
Shooter.stopTiltCallback_ERR [12.679086859] StopRightTilt was canceled.
Shooter.stopTiltCallback_ERR [12.683678654] StopLeftTilt was canceled.
Shooter.LeftTiltMotor.pidCtrlTask_INFO [12.791673127] controlMode: Position,onTarget=true(17.185821280085054/17.0), stalled=false, expired=false, event=(stopLeftTilt=SIGNALED)
Shooter.stopTiltCallback_ERR [12.794250787] StopLeftTilt was completed.
Shooter.RightTiltMotor.pidCtrlTask_INFO [12.838307156] controlMode: Position,onTarget=true(17.2253486428942/17.0), stalled=false, expired=false, event=(stopRightTilt=SIGNALED)
Shooter.stopTiltCallback_ERR [12.840897084] StopRightTilt was completed.
FrcTeleOp.operatorControllerButtonEvent_INFO [20.75449052] ##### button=Y, pressed=true
FrcTeleOp.shoot_INFO [20.755711467] >>>>> Start Auto Shoot.
TaskAutoShoot.autoShoot_INFO [20.76034313] autoShoot(owner=null, event=null, taskParams=(autoStop=false, noPassback=false, noWait=false))
Shooter.enableGoalTracking_INFO [20.767515699] EnableGoalTracking: goalTrackingParams=(trackFlywheel=true,trackTiltPos=true,trackPanPos=true), noPassback=false
Shooter.setupGoalTrackingMode_INFO [20.771304662] AlliancHub: alliance=Red, fieldLengthZone=7, fieldWidthZone=3.
Shooter.setupGoalTrackingMode_INFO [20.774765769] GoalTracking(trackingMode=AllianceHub, goalPose=(x=-158.838583,y=469.110472,angle=180.000000), noPassback=false).
Shooter.LeftShooter.enableGoalTracking_INFO [20.777173682] Enable GoalTracking (trackingParams=(trackFlywheel=true,trackTiltPos=true,trackPanPos=true)).
Shooter.LeftPrimaryMotor.cancel_INFO [20.781159891] Cancel: stopping motor.
Shooter.LeftTiltMotor.cancel_INFO [20.78525319] Cancel: stopping motor.
Shooter.RightShooter.enableGoalTracking_INFO [20.787322657] Enable GoalTracking (trackingParams=(trackFlywheel=true,trackTiltPos=true,trackPanPos=true)).
Shooter.RightPrimaryMotor.cancel_INFO [20.791304889] Cancel: stopping motor.
Shooter.RightTiltMotor.cancel_INFO [20.79448707] Cancel: stopping motor.
Shooter.enableGoalTracking_ERR [20.797283483] EnableGoalTrackingTimestamps=[20.77036511, 20.776877624, 20.787018018, 20.796973911]
TaskAutoShoot.autoTask_INFO [20.902932807] <Event name="StateInfo" time="20.90269191" tag="vvvvv" TaskAutoShoot.state="START" />
TaskAutoShoot.runTaskState_INFO [20.905279899] ***** Wait for left Shooter ready.
TaskAutoShoot.runTaskState_INFO [20.906760122] ***** Wait for right Shooter ready.
TaskAutoShoot.runTaskState_INFO [20.907237701] ***** Wait for Turret ready.
TaskAutoShoot.autoTask_INFO [20.908963901] <Event name="StateInfo" time="20.908080623" tag="^^^^^" TaskAutoShoot.state="START" />
TaskAutoShoot.autoTask_INFO [21.101077139] <Event name="StateInfo" time="21.100347246" tag="vvvvv" TaskAutoShoot.state="SHOOT" />
TaskAutoShoot.autoTask_INFO [21.106490929] <Event name="StateInfo" time="21.106224181" tag="^^^^^" TaskAutoShoot.state="SHOOT" />
TaskAutoShoot.autoTask_INFO [21.208966138] <Event name="StateInfo" time="21.20875702" tag="vvvvv" TaskAutoShoot.state="SHOOT" />
TaskAutoShoot.autoTask_INFO [21.211098377] <Event name="StateInfo" time="21.210260641" tag="^^^^^" TaskAutoShoot.state="SHOOT" />
FrcTeleOp.operatorControllerButtonEvent_INFO [21.217451576] ##### button=Y, pressed=false
FrcTeleOp.shoot_INFO [21.220511772] >>>>> Stop Auto Shoot.
TaskAutoShoot.cancel_INFO [21.221392771] Canceling auto task operation.
TaskAutoShoot.stopSubsystems_INFO [21.222911068] Stopping subsystems.
Shooter.LeftTransferMotor.cancel_INFO [21.224670446] Cancel: stopping motor.
Shooter.RightTransferMotor.cancel_INFO [21.233414382] Cancel: stopping motor.
Shooter.FeederMotor.cancel_INFO [21.235300861] Cancel: stopping motor.
Shooter.LeftShooter.disableGoalTracking_INFO [21.237870539] Disable Goal Tracking.
Shooter.LeftShooter.stopGoalTracking_INFO [21.239460421] Stop GoalTracking.
Shooter.LeftTiltMotor.cancel_INFO [21.243396271] Cancel: stopping motor.
Shooter.LeftPrimaryMotor.cancel_INFO [21.244911366] Cancel: stopping motor.
Shooter.RightShooter.disableGoalTracking_INFO [21.246102345] Disable Goal Tracking.
Shooter.RightShooter.stopGoalTracking_INFO [21.247768827] Stop GoalTracking.
Shooter.RightTiltMotor.cancel_INFO [21.253612183] Cancel: stopping motor.
Shooter.RightPrimaryMotor.cancel_INFO [21.254842695] Cancel: stopping motor.
Shooter.LeftShooter.cancel_INFO [21.256117192] owner=null
Shooter.LeftPrimaryMotor.cancel_INFO [21.257703906] Cancel: stopping motor.
Shooter.LeftTiltMotor.cancel_INFO [21.258911646] Cancel: stopping motor.
Shooter.RightShooter.cancel_INFO [21.260364073] owner=null
Shooter.RightPrimaryMotor.cancel_INFO [21.264016815] Cancel: stopping motor.
Shooter.RightTiltMotor.cancel_INFO [21.265770447] Cancel: stopping motor.
Shooter.LeftTransferMotor.cancel_INFO [21.267011312] Cancel: stopping motor.
Shooter.RightTransferMotor.cancel_INFO [21.269392945] Cancel: stopping motor.
Shooter.FeederMotor.cancel_INFO [21.275131442] Cancel: stopping motor.
Shooter.stopTilt_ERR [21.280839941] StopTilt is called
Shooter.stopTilt_ERR [21.357994263] StopTilt is called
Shooter.stopTiltCallback_ERR [21.431803601] StopRightTilt was canceled.
Shooter.stopTiltCallback_ERR [21.436709301] StopLeftTilt was canceled.
Climber.Motor.isMotorStalled_INFO [21.442042029] Stall detection triggered.
Climber.Motor.checkStallReset_INFO [21.446218895] Resetting stall.
Shooter.LeftTiltMotor.pidCtrlTask_INFO [21.46392502] controlMode: Position,onTarget=true(17.383458168345285/17.0), stalled=false, expired=false, event=(stopLeftTilt=SIGNALED)
Shooter.stopTiltCallback_ERR [21.476549364] StopLeftTilt was completed.
Shooter.RightTiltMotor.pidCtrlTask_INFO [21.490837787] controlMode: Position,onTarget=true(17.9763696000092/17.0), stalled=false, expired=false, event=(stopRightTilt=SIGNALED)
Shooter.stopTiltCallback_ERR [21.494757548] StopRightTilt was completed.
FrcTeleOp.driverControllerButtonEvent_INFO [21.507620874] ##### button=A, pressed=true
FrcTeleOp.toggleIntake_INFO [21.515903722] >>>>> Toggle Intake.
FrcTeleOp.driverControllerButtonEvent_INFO [21.611095535] ##### button=A, pressed=false
FrcTeleOp.driverControllerButtonEvent_INFO [24.323066345] ##### button=A, pressed=true
FrcTeleOp.toggleIntake_INFO [24.324708266] >>>>> Toggle Intake.
FrcTeleOp.driverControllerButtonEvent_INFO [24.474852894] ##### button=A, pressed=false
FrcTeleOp.operatorControllerButtonEvent_INFO [24.476385516] ##### button=Y, pressed=true
FrcTeleOp.shoot_INFO [24.477610991] >>>>> Start Auto Shoot.
TaskAutoShoot.autoShoot_INFO [24.478690215] autoShoot(owner=null, event=null, taskParams=(autoStop=false, noPassback=false, noWait=false))
Shooter.enableGoalTracking_INFO [24.479807466] EnableGoalTracking: goalTrackingParams=(trackFlywheel=true,trackTiltPos=true,trackPanPos=true), noPassback=false
Shooter.setupGoalTrackingMode_INFO [24.481468037] PassingBack: alliance=Red, fieldLengthZone=5, fieldWidthZone=3, blueGoalPose= (x=-238.257874,y=78.305000,angle=0.000000), goalFieldPose=(x=-79.419291,y=572.915472,angle=180.000000).
Shooter.setupGoalTrackingMode_INFO [24.483176519] GoalTracking(trackingMode=Passback, goalPose=(x=-79.419291,y=572.915472,angle=180.000000), noPassback=false).
Shooter.LeftShooter.enableGoalTracking_INFO [24.484540573] Enable GoalTracking (trackingParams=(trackFlywheel=true,trackTiltPos=true,trackPanPos=true)).
Shooter.LeftPrimaryMotor.cancel_INFO [24.485779204] Cancel: stopping motor.
Shooter.LeftTiltMotor.cancel_INFO [24.487265187] Cancel: stopping motor.
Shooter.RightShooter.enableGoalTracking_INFO [24.489945973] Enable GoalTracking (trackingParams=(trackFlywheel=true,trackTiltPos=true,trackPanPos=true)).
Shooter.RightPrimaryMotor.cancel_INFO [24.491786925] Cancel: stopping motor.
Shooter.RightTiltMotor.cancel_INFO [24.492743995] Cancel: stopping motor.
Shooter.enableGoalTracking_ERR [24.494362677] EnableGoalTrackingTimestamps=[24.480421097, 24.484176851, 24.489391051, 24.49367531]
TaskAutoShoot.autoTask_INFO [24.594088686] <Event name="StateInfo" time="24.593839423" tag="vvvvv" TaskAutoShoot.state="START" />
TaskAutoShoot.runTaskState_INFO [24.595351672] ***** Wait for left Shooter ready.
TaskAutoShoot.runTaskState_INFO [24.599339076] ***** Wait for right Shooter ready.
TaskAutoShoot.runTaskState_INFO [24.599686201] ***** Wait for Turret ready.
TaskAutoShoot.autoTask_INFO [24.601600402] <Event name="StateInfo" time="24.599838643" tag="^^^^^" TaskAutoShoot.state="START" />
TaskAutoShoot.autoTask_INFO [24.793916227] <Event name="StateInfo" time="24.793738062" tag="vvvvv" TaskAutoShoot.state="SHOOT" />
TaskAutoShoot.autoTask_INFO [24.796240634] <Event name="StateInfo" time="24.796046578" tag="^^^^^" TaskAutoShoot.state="SHOOT" />
TaskAutoShoot.autoTask_INFO [24.896436228] <Event name="StateInfo" time="24.89625761" tag="vvvvv" TaskAutoShoot.state="SHOOT" />
TaskAutoShoot.autoTask_INFO [24.89950226] <Event name="StateInfo" time="24.899298443" tag="^^^^^" TaskAutoShoot.state="SHOOT" />
TaskAutoShoot.autoTask_INFO [25.004992536] <Event name="StateInfo" time="25.004822817" tag="vvvvv" TaskAutoShoot.state="SHOOT" />
TaskAutoShoot.autoTask_INFO [25.009233945] <Event name="StateInfo" time="25.005267235" tag="^^^^^" TaskAutoShoot.state="SHOOT" />
TaskAutoShoot.autoTask_INFO [25.110628123] <Event name="StateInfo" time="25.110434429" tag="vvvvv" TaskAutoShoot.state="SHOOT" />
TaskAutoShoot.autoTask_INFO [25.11105743] <Event name="StateInfo" time="25.11090719" tag="^^^^^" TaskAutoShoot.state="SHOOT" />
TaskAutoShoot.autoTask_INFO [25.198128577] <Event name="StateInfo" time="25.19796168" tag="vvvvv" TaskAutoShoot.state="SHOOT" />
TaskAutoShoot.autoTask_INFO [25.198894726] <Event name="StateInfo" time="25.198413803" tag="^^^^^" TaskAutoShoot.state="SHOOT" />
TaskAutoShoot.autoTask_INFO [25.293528074] <Event name="StateInfo" time="25.293209642" tag="vvvvv" TaskAutoShoot.state="SHOOT" />
TaskAutoShoot.autoTask_INFO [25.300315105] <Event name="StateInfo" time="25.299480058" tag="^^^^^" TaskAutoShoot.state="SHOOT" />
TaskAutoShoot.autoTask_INFO [25.398224492] <Event name="StateInfo" time="25.398028721" tag="vvvvv" TaskAutoShoot.state="SHOOT" />
TaskAutoShoot.autoTask_INFO [25.400269511] <Event name="StateInfo" time="25.400000879" tag="^^^^^" TaskAutoShoot.state="SHOOT" />
TaskAutoShoot.autoTask_INFO [25.496946933] <Event name="StateInfo" time="25.496694541" tag="vvvvv" TaskAutoShoot.state="SHOOT" />
TaskAutoShoot.autoTask_INFO [25.49755975] <Event name="StateInfo" time="25.497390853" tag="^^^^^" TaskAutoShoot.state="SHOOT" />
Shooter.LeftShooter.goalTrackingTask_INFO [25.565103125] Shooter.LeftShooter is Ready: rpm1=4468.115986/4562.803552, rpm2=2809.335938/0.000000, tilt=39.993151/40.000000, pan=null/null
TaskAutoShoot.autoTask_INFO [25.604270414] <Event name="StateInfo" time="25.60367116" tag="vvvvv" TaskAutoShoot.state="SHOOT" />
TaskAutoShoot.runTaskState_INFO [25.60602685] ***** Start left shooter shooting (timedout=true, turretReady=false).
Shooter.shoot_INFO [25.608075167] shoot(owner=null, event=(TaskAutoShoot.leftShooterDone=CLEARED), shooter=leftShooter, autoStop=false)
Shooter.LeftTransferMotor.cancel_INFO [25.610321562] Cancel: stopping motor.
TaskAutoShoot.runTaskState_INFO [25.612312545] ***** Start right shooter shooting (timedout=true, turretReady=false).
Shooter.shoot_INFO [25.614529614] shoot(owner=null, event=(TaskAutoShoot.rightShooterDone=CLEARED), shooter=rightShooter, autoStop=false)
Shooter.RightTransferMotor.cancel_INFO [25.616858996] Cancel: stopping motor.
TaskAutoShoot.autoTask_INFO [25.624603367] <Event name="StateInfo" time="25.623795924" tag="^^^^^" TaskAutoShoot.state="SHOOT" />
FrcTeleOp.driverControllerButtonEvent_INFO [25.63153805] ##### button=RightBumper, pressed=true
FrcTeleOp.driverControllerButtonEvent_INFO [25.634482342] >>>>> Slow Drive
Shooter.RightShooter.goalTrackingTask_INFO [26.197290579] Shooter.RightShooter is Ready: rpm1=4545.919471/4634.597943, rpm2=2786.015625/0.000000, tilt=39.993151/40.000000, pan=null/null
Shooter.fieldTriggerCallback_INFO [27.780382491] FieldTriggerCallback: canceled=false, zoneCtxt=(value=350.172767,prevZone=5,currZone=4)
Shooter.setupGoalTrackingMode_INFO [27.782211677] PassingBack: alliance=Red, fieldLengthZone=4, fieldWidthZone=3, blueGoalPose= (x=-238.257874,y=78.305000,angle=0.000000), goalFieldPose=(x=-79.419291,y=572.915472,angle=180.000000).
Shooter.setupGoalTrackingMode_INFO [27.783776721] GoalTracking(trackingMode=Passback, goalPose=(x=-79.419291,y=572.915472,angle=180.000000), noPassback=false).
FrcTeleOp.operatorControllerButtonEvent_INFO [28.538159781] ##### button=Y, pressed=false
FrcTeleOp.shoot_INFO [28.539614022] >>>>> Stop Auto Shoot.
TaskAutoShoot.cancel_INFO [28.540082979] Canceling auto task operation.
TaskAutoShoot.stopSubsystems_INFO [28.540445022] Stopping subsystems.
Shooter.LeftTransferMotor.cancel_INFO [28.541552903] Cancel: stopping motor.
Shooter.RightTransferMotor.cancel_INFO [28.542260024] Cancel: stopping motor.
Shooter.FeederMotor.cancel_INFO [28.546451848] Cancel: stopping motor.
Shooter.LeftShooter.disableGoalTracking_INFO [28.550669336] Disable Goal Tracking.
Shooter.LeftShooter.stopGoalTracking_INFO [28.551654561] Stop GoalTracking.
Shooter.LeftTiltMotor.cancel_INFO [28.55242254] Cancel: stopping motor.
Shooter.LeftPrimaryMotor.cancel_INFO [28.554005652] Cancel: stopping motor.
Shooter.RightShooter.disableGoalTracking_INFO [28.557408617] Disable Goal Tracking.
Shooter.RightShooter.stopGoalTracking_INFO [28.55855982] Stop GoalTracking.
Shooter.RightTiltMotor.cancel_INFO [28.558921577] Cancel: stopping motor.
Shooter.RightPrimaryMotor.cancel_INFO [28.55971521] Cancel: stopping motor.
Shooter.LeftShooter.cancel_INFO [28.561644337] owner=null
Shooter.LeftPrimaryMotor.cancel_INFO [28.563365892] Cancel: stopping motor.
Shooter.LeftTiltMotor.cancel_INFO [28.564213159] Cancel: stopping motor.
Shooter.RightShooter.cancel_INFO [28.564982823] owner=null
Shooter.RightPrimaryMotor.cancel_INFO [28.567600616] Cancel: stopping motor.
Shooter.RightTiltMotor.cancel_INFO [28.569606421] Cancel: stopping motor.
Shooter.LeftTransferMotor.cancel_INFO [28.571561511] Cancel: stopping motor.
Shooter.RightTransferMotor.cancel_INFO [28.57240828] Cancel: stopping motor.
Shooter.FeederMotor.cancel_INFO [28.575181531] Cancel: stopping motor.
Shooter.stopTilt_ERR [28.576033185] StopTilt is called
Shooter.stopTilt_ERR [28.648339523] StopTilt is called
Shooter.stopTiltCallback_ERR [28.71089662] StopRightTilt was canceled.
Shooter.stopTiltCallback_ERR [28.715506866] StopLeftTilt was canceled.
Shooter.LeftTiltMotor.pidCtrlTask_INFO [28.852437834] controlMode: Position,onTarget=true(17.10676650499043/17.0), stalled=false, expired=false, event=(stopLeftTilt=SIGNALED)
Shooter.stopTiltCallback_ERR [28.857759518] StopLeftTilt was completed.
Shooter.RightTiltMotor.pidCtrlTask_INFO [28.901107553] controlMode: Position,onTarget=true(17.067239142181283/17.0), stalled=false, expired=false, event=(stopRightTilt=SIGNALED)
Shooter.stopTiltCallback_ERR [28.910135679] StopRightTilt was completed.
FrcTeleOp.driverControllerButtonEvent_INFO [28.986632923] ##### button=RightBumper, pressed=false
FrcTeleOp.driverControllerButtonEvent_INFO [28.988044169] >>>>> Normal Drive
FrcTeleOp.operatorControllerButtonEvent_INFO [33.955075717] ##### button=Y, pressed=true
FrcTeleOp.shoot_INFO [33.962548189] >>>>> Start Auto Shoot.
TaskAutoShoot.autoShoot_INFO [33.967111438] autoShoot(owner=null, event=null, taskParams=(autoStop=false, noPassback=false, noWait=false))
Shooter.enableGoalTracking_INFO [33.970232338] EnableGoalTracking: goalTrackingParams=(trackFlywheel=true,trackTiltPos=true,trackPanPos=true), noPassback=false
Shooter.setupGoalTrackingMode_INFO [33.972608652] AlliancHub: alliance=Red, fieldLengthZone=7, fieldWidthZone=0.
Shooter.setupGoalTrackingMode_INFO [33.97471135] GoalTracking(trackingMode=AllianceHub, goalPose=(x=-158.838583,y=469.110472,angle=180.000000), noPassback=false).
Shooter.LeftShooter.enableGoalTracking_INFO [33.976880832] Enable GoalTracking (trackingParams=(trackFlywheel=true,trackTiltPos=true,trackPanPos=true)).
Shooter.LeftPrimaryMotor.cancel_INFO [33.978518128] Cancel: stopping motor.
Shooter.LeftTiltMotor.cancel_INFO [33.982717842] Cancel: stopping motor.
Shooter.RightShooter.enableGoalTracking_INFO [33.984522395] Enable GoalTracking (trackingParams=(trackFlywheel=true,trackTiltPos=true,trackPanPos=true)).
Shooter.RightPrimaryMotor.cancel_INFO [33.986152872] Cancel: stopping motor.
Shooter.RightTiltMotor.cancel_INFO [33.990296177] Cancel: stopping motor.
Shooter.enableGoalTracking_ERR [33.992810927] EnableGoalTrackingTimestamps=[33.972188548, 33.975979579, 33.984081407, 33.991853313]
TaskAutoShoot.autoTask_INFO [34.107179008] <Event name="StateInfo" time="34.106734904" tag="vvvvv" TaskAutoShoot.state="START" />
TaskAutoShoot.runTaskState_INFO [34.10951935] ***** Wait for left Shooter ready.
TaskAutoShoot.runTaskState_INFO [34.111952299] ***** Wait for right Shooter ready.
TaskAutoShoot.runTaskState_INFO [34.114023379] ***** Wait for Turret ready.
TaskAutoShoot.autoTask_INFO [34.119865761] <Event name="StateInfo" time="34.11852754" tag="^^^^^" TaskAutoShoot.state="START" />
FrcTeleOp.driverControllerButtonEvent_INFO [34.126448108] ##### button=RightBumper, pressed=true
FrcTeleOp.driverControllerButtonEvent_INFO [34.129869442] >>>>> Slow Drive
TaskAutoShoot.autoTask_INFO [34.320991862] <Event name="StateInfo" time="34.320451929" tag="vvvvv" TaskAutoShoot.state="SHOOT" />
TaskAutoShoot.autoTask_INFO [34.321443683] <Event name="StateInfo" time="34.321280395" tag="^^^^^" TaskAutoShoot.state="SHOOT" />
TaskAutoShoot.autoTask_INFO [34.421890804] <Event name="StateInfo" time="34.421190225" tag="vvvvv" TaskAutoShoot.state="SHOOT" />
TaskAutoShoot.autoTask_INFO [34.422364578] <Event name="StateInfo" time="34.422201191" tag="^^^^^" TaskAutoShoot.state="SHOOT" />
TaskAutoShoot.autoTask_INFO [34.548067171] <Event name="StateInfo" time="34.547394407" tag="vvvvv" TaskAutoShoot.state="SHOOT" />
TaskAutoShoot.autoTask_INFO [34.552309075] <Event name="StateInfo" time="34.549113472" tag="^^^^^" TaskAutoShoot.state="SHOOT" />
TaskAutoShoot.autoTask_INFO [34.641018137] <Event name="StateInfo" time="34.640825754" tag="vvvvv" TaskAutoShoot.state="SHOOT" />
TaskAutoShoot.autoTask_INFO [34.643368882] <Event name="StateInfo" time="34.642833912" tag="^^^^^" TaskAutoShoot.state="SHOOT" />
TaskAutoShoot.autoTask_INFO [34.746843651] <Event name="StateInfo" time="34.746650735" tag="vvvvv" TaskAutoShoot.state="SHOOT" />
TaskAutoShoot.autoTask_INFO [34.747277133] <Event name="StateInfo" time="34.747127479" tag="^^^^^" TaskAutoShoot.state="SHOOT" />
TaskAutoShoot.autoTask_INFO [34.836736243] <Event name="StateInfo" time="34.836390069" tag="vvvvv" TaskAutoShoot.state="SHOOT" />
TaskAutoShoot.autoTask_INFO [34.838122657] <Event name="StateInfo" time="34.837934017" tag="^^^^^" TaskAutoShoot.state="SHOOT" />
TaskAutoShoot.autoTask_INFO [34.937193841] <Event name="StateInfo" time="34.936977601" tag="vvvvv" TaskAutoShoot.state="SHOOT" />
TaskAutoShoot.autoTask_INFO [34.939645859] <Event name="StateInfo" time="34.93945931" tag="^^^^^" TaskAutoShoot.state="SHOOT" />
Shooter.RightShooter.goalTrackingTask_INFO [35.053511814] Shooter.RightShooter is Ready: rpm1=5231.006611/5281.613057, rpm2=3255.820313/0.000000, tilt=26.593337/26.918359, pan=null/null
TaskAutoShoot.autoTask_INFO [35.060321761] <Event name="StateInfo" time="35.060135796" tag="vvvvv" TaskAutoShoot.state="SHOOT" />
TaskAutoShoot.autoTask_INFO [35.064253944] <Event name="StateInfo" time="35.064013379" tag="^^^^^" TaskAutoShoot.state="SHOOT" />
FrcTeleOp.periodic_INFO [35.076058105] >>>>> Shift[2]: Red
Shooter.LeftShooter.goalTrackingTask_INFO [35.147272867] Shooter.LeftShooter is Ready: rpm1=5247.665264/5260.463891, rpm2=3283.593750/0.000000, tilt=26.909561/26.752126, pan=null/null
TaskAutoShoot.autoTask_INFO [35.172716043] <Event name="StateInfo" time="35.172521694" tag="vvvvv" TaskAutoShoot.state="SHOOT" />
TaskAutoShoot.runTaskState_INFO [35.174918669] ***** Start left shooter shooting (timedout=true, turretReady=false).
Shooter.shoot_INFO [35.175329496] shoot(owner=null, event=(TaskAutoShoot.leftShooterDone=CLEARED), shooter=leftShooter, autoStop=false)
Shooter.LeftTransferMotor.cancel_INFO [35.179880198] Cancel: stopping motor.
TaskAutoShoot.runTaskState_INFO [35.183418013] ***** Start right shooter shooting (timedout=true, turretReady=false).
Shooter.shoot_INFO [35.186433839] shoot(owner=null, event=(TaskAutoShoot.rightShooterDone=CLEARED), shooter=rightShooter, autoStop=false)
Shooter.RightTransferMotor.cancel_INFO [35.186898075] Cancel: stopping motor.
TaskAutoShoot.autoTask_INFO [35.192467388] <Event name="StateInfo" time="35.192282482" tag="^^^^^" TaskAutoShoot.state="SHOOT" />
Shooter.fieldTriggerCallback_INFO [39.697042649] FieldTriggerCallback: canceled=false, zoneCtxt=(value=-188.042662,prevZone=0,currZone=1)
Shooter.setupGoalTrackingMode_INFO [39.697579277] AlliancHub: alliance=Red, fieldLengthZone=7, fieldWidthZone=1.
Shooter.setupGoalTrackingMode_INFO [39.698821434] GoalTracking(trackingMode=AllianceHub, goalPose=(x=-158.838583,y=469.110472,angle=180.000000), noPassback=false).
Shooter.fieldTriggerCallback_INFO [41.518632712] FieldTriggerCallback: canceled=false, zoneCtxt=(value=-157.262457,prevZone=1,currZone=2)
Shooter.setupGoalTrackingMode_INFO [41.519553666] AlliancHub: alliance=Red, fieldLengthZone=7, fieldWidthZone=2.
Shooter.setupGoalTrackingMode_INFO [41.520069428] GoalTracking(trackingMode=AllianceHub, goalPose=(x=-158.838583,y=469.110472,angle=180.000000), noPassback=false).
Shooter.fieldTriggerCallback_INFO [42.770075996] FieldTriggerCallback: canceled=false, zoneCtxt=(value=-127.866100,prevZone=2,currZone=3)
Shooter.setupGoalTrackingMode_INFO [42.775692751] AlliancHub: alliance=Red, fieldLengthZone=7, fieldWidthZone=3.
Shooter.setupGoalTrackingMode_INFO [42.777878175] GoalTracking(trackingMode=AllianceHub, goalPose=(x=-158.838583,y=469.110472,angle=180.000000), noPassback=false).
FrcTeleOp.operatorControllerButtonEvent_INFO [42.889547913] ##### button=Y, pressed=false
FrcTeleOp.shoot_INFO [42.89076631] >>>>> Stop Auto Shoot.
TaskAutoShoot.cancel_INFO [42.891517341] Canceling auto task operation.
TaskAutoShoot.stopSubsystems_INFO [42.892361431] Stopping subsystems.
Shooter.LeftTransferMotor.cancel_INFO [42.893659376] Cancel: stopping motor.
Shooter.RightTransferMotor.cancel_INFO [42.894629426] Cancel: stopping motor.
Shooter.FeederMotor.cancel_INFO [42.897845673] Cancel: stopping motor.
Shooter.LeftShooter.disableGoalTracking_INFO [42.900215721] Disable Goal Tracking.
Shooter.LeftShooter.stopGoalTracking_INFO [42.901120323] Stop GoalTracking.
Shooter.LeftTiltMotor.cancel_INFO [42.902017849] Cancel: stopping motor.
Shooter.LeftPrimaryMotor.cancel_INFO [42.903457678] Cancel: stopping motor.
Shooter.RightShooter.disableGoalTracking_INFO [42.904769468] Disable Goal Tracking.
Shooter.RightShooter.stopGoalTracking_INFO [42.910877329] Stop GoalTracking.
Shooter.RightTiltMotor.cancel_INFO [42.911832776] Cancel: stopping motor.
Shooter.RightPrimaryMotor.cancel_INFO [42.913419686] Cancel: stopping motor.
Shooter.LeftShooter.cancel_INFO [42.915326191] owner=null
Shooter.LeftPrimaryMotor.cancel_INFO [42.916484263] Cancel: stopping motor.
Shooter.LeftTiltMotor.cancel_INFO [42.91948909] Cancel: stopping motor.
Shooter.RightShooter.cancel_INFO [42.921302103] owner=null
Shooter.RightPrimaryMotor.cancel_INFO [42.922324598] Cancel: stopping motor.
Shooter.RightTiltMotor.cancel_INFO [42.92370968] Cancel: stopping motor.
Shooter.LeftTransferMotor.cancel_INFO [42.92515643] Cancel: stopping motor.
Shooter.RightTransferMotor.cancel_INFO [42.92631533] Cancel: stopping motor.
Shooter.FeederMotor.cancel_INFO [42.927441486] Cancel: stopping motor.
Shooter.stopTilt_ERR [42.93211589] StopTilt is called
Shooter.stopTilt_ERR [43.037591242] StopTilt is called
Shooter.LeftTiltMotor.pidCtrlTask_INFO [43.075553256] controlMode: Position,onTarget=true(16.909129616730194/17.0), stalled=false, expired=false, event=(stopLeftTilt=SIGNALED)
Shooter.stopTiltCallback_ERR [43.100557855] StopLeftTilt was completed.
Shooter.stopTiltCallback_ERR [43.103427593] StopRightTilt was canceled.
Shooter.stopTiltCallback_ERR [43.105814993] StopLeftTilt was canceled.
Shooter.RightTiltMotor.pidCtrlTask_INFO [43.113054025] controlMode: Position,onTarget=true(17.185821255346887/17.0), stalled=false, expired=false, event=(stopRightTilt=SIGNALED)
Shooter.stopTiltCallback_ERR [43.134922613] StopRightTilt was completed.
FrcTeleOp.operatorControllerButtonEvent_INFO [43.185558036] ##### button=Y, pressed=true
FrcTeleOp.shoot_INFO [43.18667311] >>>>> Start Auto Shoot.
TaskAutoShoot.autoShoot_INFO [43.190749656] autoShoot(owner=null, event=null, taskParams=(autoStop=false, noPassback=false, noWait=false))
Shooter.enableGoalTracking_INFO [43.191872904] EnableGoalTracking: goalTrackingParams=(trackFlywheel=true,trackTiltPos=true,trackPanPos=true), noPassback=false
Shooter.setupGoalTrackingMode_INFO [43.194123564] AlliancHub: alliance=Red, fieldLengthZone=7, fieldWidthZone=3.
Shooter.setupGoalTrackingMode_INFO [43.195129829] GoalTracking(trackingMode=AllianceHub, goalPose=(x=-158.838583,y=469.110472,angle=180.000000), noPassback=false).
Shooter.LeftShooter.enableGoalTracking_INFO [43.196045893] Enable GoalTracking (trackingParams=(trackFlywheel=true,trackTiltPos=true,trackPanPos=true)).
Shooter.LeftPrimaryMotor.cancel_INFO [43.196958664] Cancel: stopping motor.
Shooter.LeftTiltMotor.cancel_INFO [43.197831837] Cancel: stopping motor.
Shooter.RightShooter.enableGoalTracking_INFO [43.199236836] Enable GoalTracking (trackingParams=(trackFlywheel=true,trackTiltPos=true,trackPanPos=true)).
Shooter.RightPrimaryMotor.cancel_INFO [43.200320455] Cancel: stopping motor.
Shooter.RightTiltMotor.cancel_INFO [43.202298338] Cancel: stopping motor.
Shooter.enableGoalTracking_ERR [43.204417448] EnableGoalTrackingTimestamps=[43.193038268, 43.195766131, 43.19865935, 43.203852805]
TaskAutoShoot.autoTask_INFO [43.316687505] <Event name="StateInfo" time="43.316354814" tag="vvvvv" TaskAutoShoot.state="START" />
TaskAutoShoot.runTaskState_INFO [43.318183183] ***** Wait for left Shooter ready.
TaskAutoShoot.runTaskState_INFO [43.321396801] ***** Wait for right Shooter ready.
TaskAutoShoot.runTaskState_INFO [43.325354674] ***** Wait for Turret ready.
TaskAutoShoot.autoTask_INFO [43.326265808] <Event name="StateInfo" time="43.32597428" tag="^^^^^" TaskAutoShoot.state="START" />
Shooter.LeftShooter.goalTrackingTask_INFO [43.446605249] Shooter.LeftShooter is Ready: rpm1=4547.244591/4611.021935, rpm2=2771.835938/0.000000, tilt=21.889576/22.100024, pan=null/null
TaskAutoShoot.autoTask_INFO [43.478208708] <Event name="StateInfo" time="43.477477943" tag="vvvvv" TaskAutoShoot.state="SHOOT" />
TaskAutoShoot.autoTask_INFO [43.479023021] <Event name="StateInfo" time="43.478848218" tag="^^^^^" TaskAutoShoot.state="SHOOT" />
Shooter.TurretMotor.pidCtrlTask_INFO [43.484457533] controlMode: Position,onTarget=true(174.20111083984375/176.64626601734633), stalled=false, expired=false, event=(TaskAutoShoot.turretReady=SIGNALED)
Shooter.RightShooter.goalTrackingTask_INFO [43.585684721] Shooter.RightShooter is Ready: rpm1=4573.368389/4601.284908, rpm2=2813.554688/0.000000, tilt=22.047685/22.035844, pan=null/null
TaskAutoShoot.autoTask_INFO [43.587055968] <Event name="StateInfo" time="43.586876002" tag="vvvvv" TaskAutoShoot.state="SHOOT" />
TaskAutoShoot.runTaskState_INFO [43.589866656] ***** Start left shooter shooting (timedout=false, turretReady=true).
Shooter.shoot_INFO [43.591650193] shoot(owner=null, event=(TaskAutoShoot.leftShooterDone=CLEARED), shooter=leftShooter, autoStop=false)
Shooter.LeftTransferMotor.cancel_INFO [43.593576498] Cancel: stopping motor.
TaskAutoShoot.runTaskState_INFO [43.596108212] ***** Start right shooter shooting (timedout=false, turretReady=true).
Shooter.shoot_INFO [43.598141683] shoot(owner=null, event=(TaskAutoShoot.rightShooterDone=CLEARED), shooter=rightShooter, autoStop=false)
Shooter.RightTransferMotor.cancel_INFO [43.599596339] Cancel: stopping motor.
TaskAutoShoot.autoTask_INFO [43.602215812] <Event name="StateInfo" time="43.601919666" tag="^^^^^" TaskAutoShoot.state="SHOOT" />
FrcTeleOp.driverControllerButtonEvent_INFO [44.956274278] ##### button=RightBumper, pressed=false
FrcTeleOp.driverControllerButtonEvent_INFO [44.959182137] >>>>> Normal Drive
FrcTeleOp.operatorControllerButtonEvent_INFO [45.148904344] ##### button=Y, pressed=false
FrcTeleOp.shoot_INFO [45.15155627] >>>>> Stop Auto Shoot.
TaskAutoShoot.cancel_INFO [45.154575009] Canceling auto task operation.
TaskAutoShoot.stopSubsystems_INFO [45.155849473] Stopping subsystems.
Shooter.LeftTransferMotor.cancel_INFO [45.159628864] Cancel: stopping motor.
Shooter.RightTransferMotor.cancel_INFO [45.161011712] Cancel: stopping motor.
Shooter.FeederMotor.cancel_INFO [45.162111103] Cancel: stopping motor.
Shooter.LeftShooter.disableGoalTracking_INFO [45.163564255] Disable Goal Tracking.
Shooter.LeftShooter.stopGoalTracking_INFO [45.164659216] Stop GoalTracking.
Shooter.LeftTiltMotor.cancel_INFO [45.165872019] Cancel: stopping motor.
Shooter.LeftPrimaryMotor.cancel_INFO [45.169277065] Cancel: stopping motor.
Shooter.RightShooter.disableGoalTracking_INFO [45.171210865] Disable Goal Tracking.
Shooter.RightShooter.stopGoalTracking_INFO [45.172422826] Stop GoalTracking.
Shooter.RightTiltMotor.cancel_INFO [45.173828056] Cancel: stopping motor.
Shooter.RightPrimaryMotor.cancel_INFO [45.175050844] Cancel: stopping motor.
Shooter.LeftShooter.cancel_INFO [45.176426222] owner=null
Shooter.LeftPrimaryMotor.cancel_INFO [45.179729465] Cancel: stopping motor.
Shooter.LeftTiltMotor.cancel_INFO [45.181333968] Cancel: stopping motor.
Shooter.RightShooter.cancel_INFO [45.182546146] owner=null
Shooter.RightPrimaryMotor.cancel_INFO [45.184012832] Cancel: stopping motor.
Shooter.RightTiltMotor.cancel_INFO [45.185301838] Cancel: stopping motor.
Shooter.LeftTransferMotor.cancel_INFO [45.186385535] Cancel: stopping motor.
Shooter.RightTransferMotor.cancel_INFO [45.187959067] Cancel: stopping motor.
Shooter.FeederMotor.cancel_INFO [45.192670772] Cancel: stopping motor.
Shooter.stopTilt_ERR [45.194469462] StopTilt is called
Shooter.stopTilt_ERR [45.262958653] StopTilt is called
Shooter.stopTiltCallback_ERR [45.324191977] StopRightTilt was canceled.
Shooter.stopTiltCallback_ERR [45.328756436] StopLeftTilt was canceled.
Shooter.LeftTiltMotor.pidCtrlTask_INFO [45.3591682] controlMode: Position,onTarget=true(17.699677565581815/17.0), stalled=false, expired=false, event=(stopLeftTilt=SIGNALED)
Shooter.stopTiltCallback_ERR [45.361829574] StopLeftTilt was completed.
Shooter.RightTiltMotor.pidCtrlTask_INFO [45.369692597] controlMode: Position,onTarget=true(17.02771175463397/17.0), stalled=false, expired=false, event=(stopRightTilt=SIGNALED)
Shooter.stopTiltCallback_ERR [45.372526208] StopRightTilt was completed.
FrcTeleOp.operatorControllerButtonEvent_INFO [46.011807795] ##### button=Y, pressed=true
FrcTeleOp.shoot_INFO [46.014181483] >>>>> Start Auto Shoot.
TaskAutoShoot.autoShoot_INFO [46.015231734] autoShoot(owner=null, event=null, taskParams=(autoStop=false, noPassback=false, noWait=false))
Shooter.enableGoalTracking_INFO [46.016487809] EnableGoalTracking: goalTrackingParams=(trackFlywheel=true,trackTiltPos=true,trackPanPos=true), noPassback=false
Shooter.setupGoalTrackingMode_INFO [46.018409265] AlliancHub: alliance=Red, fieldLengthZone=7, fieldWidthZone=3.
Shooter.setupGoalTrackingMode_INFO [46.019455568] GoalTracking(trackingMode=AllianceHub, goalPose=(x=-158.838583,y=469.110472,angle=180.000000), noPassback=false).
Shooter.LeftShooter.enableGoalTracking_INFO [46.021358733] Enable GoalTracking (trackingParams=(trackFlywheel=true,trackTiltPos=true,trackPanPos=true)).
Shooter.LeftPrimaryMotor.cancel_INFO [46.023974687] Cancel: stopping motor.
Shooter.LeftTiltMotor.cancel_INFO [46.025825874] Cancel: stopping motor.
Shooter.RightShooter.enableGoalTracking_INFO [46.027558065] Enable GoalTracking (trackingParams=(trackFlywheel=true,trackTiltPos=true,trackPanPos=true)).
Shooter.RightPrimaryMotor.cancel_INFO [46.038659311] Cancel: stopping motor.
Shooter.RightTiltMotor.cancel_INFO [46.040988615] Cancel: stopping motor.
Shooter.enableGoalTracking_ERR [46.042954109] EnableGoalTrackingTimestamps=[46.018001055, 46.020994254, 46.027155774, 46.042172775]
TaskAutoShoot.autoTask_INFO [46.135104864] <Event name="StateInfo" time="46.134743092" tag="vvvvv" TaskAutoShoot.state="START" />
TaskAutoShoot.runTaskState_INFO [46.135478459] ***** Wait for left Shooter ready.
TaskAutoShoot.runTaskState_INFO [46.138451288] ***** Wait for right Shooter ready.
TaskAutoShoot.runTaskState_INFO [46.139208444] ***** Wait for Turret ready.
TaskAutoShoot.autoTask_INFO [46.145930523] <Event name="StateInfo" time="46.145694709" tag="^^^^^" TaskAutoShoot.state="START" />
Shooter.TurretMotor.pidCtrlTask_INFO [46.290116572] controlMode: Position,onTarget=true(-147.15911865234375/-144.95197929394055), stalled=false, expired=false, event=(TaskAutoShoot.turretReady=SIGNALED)
TaskAutoShoot.autoTask_INFO [46.400476921] <Event name="StateInfo" time="46.400297906" tag="vvvvv" TaskAutoShoot.state="SHOOT" />
TaskAutoShoot.autoTask_INFO [46.400880038] <Event name="StateInfo" time="46.400735057" tag="^^^^^" TaskAutoShoot.state="SHOOT" />
TaskAutoShoot.autoTask_INFO [46.491647989] <Event name="StateInfo" time="46.491461677" tag="vvvvv" TaskAutoShoot.state="SHOOT" />
TaskAutoShoot.autoTask_INFO [46.501542815] <Event name="StateInfo" time="46.501321327" tag="^^^^^" TaskAutoShoot.state="SHOOT" />
TaskAutoShoot.autoTask_INFO [46.599700131] <Event name="StateInfo" time="46.599521718" tag="vvvvv" TaskAutoShoot.state="SHOOT" />
TaskAutoShoot.autoTask_INFO [46.603738255] <Event name="StateInfo" time="46.60355349" tag="^^^^^" TaskAutoShoot.state="SHOOT" />
TaskAutoShoot.autoTask_INFO [46.721574224] <Event name="StateInfo" time="46.721196214" tag="vvvvv" TaskAutoShoot.state="SHOOT" />
TaskAutoShoot.autoTask_INFO [46.723246675] <Event name="StateInfo" time="46.722324023" tag="^^^^^" TaskAutoShoot.state="SHOOT" />
TaskAutoShoot.autoTask_INFO [46.807754741] <Event name="StateInfo" time="46.807121907" tag="vvvvv" TaskAutoShoot.state="SHOOT" />
TaskAutoShoot.autoTask_INFO [46.811633648] <Event name="StateInfo" time="46.810458751" tag="^^^^^" TaskAutoShoot.state="SHOOT" />
TaskAutoShoot.autoTask_INFO [46.922779591] <Event name="StateInfo" time="46.922558768" tag="vvvvv" TaskAutoShoot.state="SHOOT" />
TaskAutoShoot.autoTask_INFO [46.924708187] <Event name="StateInfo" time="46.924348792" tag="^^^^^" TaskAutoShoot.state="SHOOT" />
TaskAutoShoot.autoTask_INFO [47.022484951] <Event name="StateInfo" time="47.022195684" tag="vvvvv" TaskAutoShoot.state="SHOOT" />
TaskAutoShoot.autoTask_INFO [47.030700958] <Event name="StateInfo" time="47.023340488" tag="^^^^^" TaskAutoShoot.state="SHOOT" />
TaskAutoShoot.autoTask_INFO [47.13828364] <Event name="StateInfo" time="47.137995796" tag="vvvvv" TaskAutoShoot.state="SHOOT" />
TaskAutoShoot.autoTask_INFO [47.139616611] <Event name="StateInfo" time="47.139442653" tag="^^^^^" TaskAutoShoot.state="SHOOT" />
TaskAutoShoot.autoTask_INFO [47.238972039] <Event name="StateInfo" time="47.237722354" tag="vvvvv" TaskAutoShoot.state="SHOOT" />
TaskAutoShoot.runTaskState_INFO [47.245222292] ***** Start left shooter shooting (timedout=true, turretReady=true).
Shooter.shoot_INFO [47.246601676] shoot(owner=null, event=(TaskAutoShoot.leftShooterDone=CLEARED), shooter=leftShooter, autoStop=false)
Shooter.LeftTransferMotor.cancel_INFO [47.252070593] Cancel: stopping motor.
TaskAutoShoot.runTaskState_INFO [47.255482332] ***** Start right shooter shooting (timedout=true, turretReady=true).
Shooter.shoot_INFO [47.255960338] shoot(owner=null, event=(TaskAutoShoot.rightShooterDone=CLEARED), shooter=rightShooter, autoStop=false)
Shooter.RightTransferMotor.cancel_INFO [47.268130759] Cancel: stopping motor.
TaskAutoShoot.autoTask_INFO [47.273688804] <Event name="StateInfo" time="47.271484521" tag="^^^^^" TaskAutoShoot.state="SHOOT" />
Shooter.LeftShooter.goalTrackingTask_INFO [47.47007252] Shooter.LeftShooter is Ready: rpm1=5588.599760/5601.474081, rpm2=3432.070313/0.000000, tilt=29.834623/29.584966, pan=null/null
Shooter.RightShooter.goalTrackingTask_INFO [47.510222767] Shooter.RightShooter is Ready: rpm1=5628.731971/5601.474081, rpm2=3445.312500/0.000000, tilt=29.795095/29.584966, pan=null/null
FrcTeleOp.driverControllerButtonEvent_INFO [48.395539527] ##### button=RightBumper, pressed=true
FrcTeleOp.driverControllerButtonEvent_INFO [48.397454444] >>>>> Slow Drive
FrcTeleOp.operatorControllerButtonEvent_INFO [54.828494422] ##### button=Y, pressed=false
FrcTeleOp.shoot_INFO [54.830120284] >>>>> Stop Auto Shoot.
TaskAutoShoot.cancel_INFO [54.831260965] Canceling auto task operation.
TaskAutoShoot.stopSubsystems_INFO [54.832375319] Stopping subsystems.
Shooter.LeftTransferMotor.cancel_INFO [54.833559449] Cancel: stopping motor.
Shooter.RightTransferMotor.cancel_INFO [54.838228024] Cancel: stopping motor.
Shooter.FeederMotor.cancel_INFO [54.844101655] Cancel: stopping motor.
Shooter.LeftShooter.disableGoalTracking_INFO [54.84809103] Disable Goal Tracking.
Shooter.LeftShooter.stopGoalTracking_INFO [54.849738279] Stop GoalTracking.
Shooter.LeftTiltMotor.cancel_INFO [54.851021194] Cancel: stopping motor.
Shooter.LeftPrimaryMotor.cancel_INFO [54.852527977] Cancel: stopping motor.
Shooter.RightShooter.disableGoalTracking_INFO [54.854153988] Disable Goal Tracking.
Shooter.RightShooter.stopGoalTracking_INFO [54.855152663] Stop GoalTracking.
Shooter.RightTiltMotor.cancel_INFO [54.858977804] Cancel: stopping motor.
Shooter.RightPrimaryMotor.cancel_INFO [54.860457701] Cancel: stopping motor.
Shooter.LeftShooter.cancel_INFO [54.862504419] owner=null
Shooter.LeftPrimaryMotor.cancel_INFO [54.863848475] Cancel: stopping motor.
Shooter.LeftTiltMotor.cancel_INFO [54.865023713] Cancel: stopping motor.
Shooter.RightShooter.cancel_INFO [54.866151826] owner=null
Shooter.RightPrimaryMotor.cancel_INFO [54.869670355] Cancel: stopping motor.
Shooter.RightTiltMotor.cancel_INFO [54.871268047] Cancel: stopping motor.
Shooter.LeftTransferMotor.cancel_INFO [54.872714638] Cancel: stopping motor.
Shooter.RightTransferMotor.cancel_INFO [54.874227413] Cancel: stopping motor.
Shooter.FeederMotor.cancel_INFO [54.876391348] Cancel: stopping motor.
Shooter.stopTilt_ERR [54.881840689] StopTilt is called
Shooter.stopTilt_ERR [54.948951311] StopTilt is called
Shooter.LeftTiltMotor.pidCtrlTask_INFO [54.984081293] controlMode: Position,onTarget=true(17.93684228667639/17.0), stalled=false, expired=false, event=(stopLeftTilt=SIGNALED)
Shooter.stopTiltCallback_ERR [55.009885108] StopLeftTilt was completed.
Shooter.stopTiltCallback_ERR [55.011660598] StopRightTilt was canceled.
Shooter.stopTiltCallback_ERR [55.015681787] StopLeftTilt was canceled.
Shooter.RightTiltMotor.pidCtrlTask_INFO [55.01628898] controlMode: Position,onTarget=true(17.264876030441513/17.0), stalled=false, expired=false, event=(stopRightTilt=SIGNALED)
Shooter.stopTiltCallback_ERR [55.032117038] StopRightTilt was completed.
FrcTeleOp.driverControllerButtonEvent_INFO [55.134702776] ##### button=RightBumper, pressed=false
FrcTeleOp.driverControllerButtonEvent_INFO [55.136169312] >>>>> Normal Drive
FrcTeleOp.driverControllerButtonEvent_INFO [55.289419538] ##### button=RightBumper, pressed=true
FrcTeleOp.driverControllerButtonEvent_INFO [55.290641597] >>>>> Slow Drive
FrcTeleOp.driverControllerButtonEvent_INFO [55.449329353] ##### button=RightBumper, pressed=false
FrcTeleOp.driverControllerButtonEvent_INFO [55.451645967] >>>>> Normal Drive
FrcTeleOp.operatorControllerButtonEvent_INFO [58.734015039] ##### button=Y, pressed=true
FrcTeleOp.shoot_INFO [58.735685238] >>>>> Start Auto Shoot.
TaskAutoShoot.autoShoot_INFO [58.736592609] autoShoot(owner=null, event=null, taskParams=(autoStop=false, noPassback=false, noWait=false))
Shooter.enableGoalTracking_INFO [58.737551285] EnableGoalTracking: goalTrackingParams=(trackFlywheel=true,trackTiltPos=true,trackPanPos=true), noPassback=false
Shooter.setupGoalTrackingMode_INFO [58.738527732] AlliancHub: alliance=Red, fieldLengthZone=7, fieldWidthZone=0.
Shooter.setupGoalTrackingMode_INFO [58.739808102] GoalTracking(trackingMode=AllianceHub, goalPose=(x=-158.838583,y=469.110472,angle=180.000000), noPassback=false).
Shooter.LeftShooter.enableGoalTracking_INFO [58.740826925] Enable GoalTracking (trackingParams=(trackFlywheel=true,trackTiltPos=true,trackPanPos=true)).
Shooter.LeftPrimaryMotor.cancel_INFO [58.741973756] Cancel: stopping motor.
Shooter.LeftTiltMotor.cancel_INFO [58.743273734] Cancel: stopping motor.
Shooter.RightShooter.enableGoalTracking_INFO [58.744326902] Enable GoalTracking (trackingParams=(trackFlywheel=true,trackTiltPos=true,trackPanPos=true)).
Shooter.RightPrimaryMotor.cancel_INFO [58.7459733] Cancel: stopping motor.
Shooter.RightTiltMotor.cancel_INFO [58.74693012] Cancel: stopping motor.
Shooter.enableGoalTracking_ERR [58.753848824] EnableGoalTrackingTimestamps=[58.737985885, 58.740534805, 58.744061652, 58.753106435]
TaskAutoShoot.autoTask_INFO [58.862990654] <Event name="StateInfo" time="58.862475335" tag="vvvvv" TaskAutoShoot.state="START" />
TaskAutoShoot.runTaskState_INFO [58.864383203] ***** Wait for left Shooter ready.
TaskAutoShoot.runTaskState_INFO [58.870990071] ***** Wait for right Shooter ready.
TaskAutoShoot.runTaskState_INFO [58.873170607] ***** Wait for Turret ready.
TaskAutoShoot.autoTask_INFO [58.877043725] <Event name="StateInfo" time="58.874323996" tag="^^^^^" TaskAutoShoot.state="START" />
TaskAutoShoot.autoTask_INFO [59.109535094] <Event name="StateInfo" time="59.109358417" tag="vvvvv" TaskAutoShoot.state="SHOOT" />
TaskAutoShoot.autoTask_INFO [59.112756032] <Event name="StateInfo" time="59.112569469" tag="^^^^^" TaskAutoShoot.state="SHOOT" />
FrcTeleOp.operatorControllerButtonEvent_INFO [59.115994181] ##### button=Y, pressed=false
FrcTeleOp.shoot_INFO [59.117299075] >>>>> Stop Auto Shoot.
TaskAutoShoot.cancel_INFO [59.117908285] Canceling auto task operation.
TaskAutoShoot.stopSubsystems_INFO [59.121651967] Stopping subsystems.
Shooter.LeftTransferMotor.cancel_INFO [59.122914893] Cancel: stopping motor.
Shooter.RightTransferMotor.cancel_INFO [59.124036833] Cancel: stopping motor.
Shooter.FeederMotor.cancel_INFO [59.125138013] Cancel: stopping motor.
Shooter.LeftShooter.disableGoalTracking_INFO [59.126256122] Disable Goal Tracking.
Shooter.LeftShooter.stopGoalTracking_INFO [59.127255102] Stop GoalTracking.
Shooter.LeftTiltMotor.cancel_INFO [59.128388922] Cancel: stopping motor.
Shooter.LeftPrimaryMotor.cancel_INFO [59.132818371] Cancel: stopping motor.
Shooter.RightShooter.disableGoalTracking_INFO [59.134145204] Disable Goal Tracking.
Shooter.RightShooter.stopGoalTracking_INFO [59.135568513] Stop GoalTracking.
Shooter.RightTiltMotor.cancel_INFO [59.136319029] Cancel: stopping motor.
Shooter.RightPrimaryMotor.cancel_INFO [59.137118283] Cancel: stopping motor.
Shooter.LeftShooter.cancel_INFO [59.137974896] owner=null
Shooter.LeftPrimaryMotor.cancel_INFO [59.138879866] Cancel: stopping motor.
Shooter.LeftTiltMotor.cancel_INFO [59.139963916] Cancel: stopping motor.
Shooter.RightShooter.cancel_INFO [59.142952403] owner=null
Shooter.RightPrimaryMotor.cancel_INFO [59.144148118] Cancel: stopping motor.
Shooter.RightTiltMotor.cancel_INFO [59.145231416] Cancel: stopping motor.
Shooter.LeftTransferMotor.cancel_INFO [59.146892744] Cancel: stopping motor.
Shooter.RightTransferMotor.cancel_INFO [59.148127775] Cancel: stopping motor.
Shooter.FeederMotor.cancel_INFO [59.149174044] Cancel: stopping motor.
Shooter.stopTilt_ERR [59.150314332] StopTilt is called
Shooter.stopTilt_ERR [59.219030159] StopTilt is called
Shooter.stopTiltCallback_ERR [59.286050283] StopRightTilt was canceled.
Shooter.LeftTiltMotor.pidCtrlTask_INFO [59.291540101] controlMode: Position,onTarget=true(16.86960222918288/17.0), stalled=false, expired=false, event=(stopLeftTilt=SIGNALED)
Shooter.stopTiltCallback_ERR [59.290400998] StopLeftTilt was canceled.
Shooter.stopTiltCallback_ERR [59.306306599] StopLeftTilt was completed.
Shooter.RightTiltMotor.pidCtrlTask_INFO [59.313217688] controlMode: Position,onTarget=true(17.42298558063077/17.0), stalled=false, expired=false, event=(stopRightTilt=SIGNALED)
Shooter.stopTiltCallback_ERR [59.333885741] StopRightTilt was completed.
FrcTeleOp.driverControllerButtonEvent_INFO [59.614503302] ##### button=RightBumper, pressed=true
FrcTeleOp.driverControllerButtonEvent_INFO [59.615739011] >>>>> Slow Drive
FrcTeleOp.driverControllerButtonEvent_INFO [59.81941732] ##### button=RightBumper, pressed=false
FrcTeleOp.driverControllerButtonEvent_INFO [59.821021921] >>>>> Normal Drive
FrcTeleOp.periodic_INFO [60.025706714] >>>>> Shift[3]: Blue
FrcTeleOp.driverControllerButtonEvent_INFO [64.590810915] ##### button=RightBumper, pressed=true
FrcTeleOp.driverControllerButtonEvent_INFO [64.591412615] >>>>> Slow Drive
FrcTeleOp.operatorControllerButtonEvent_INFO [65.054472037] ##### button=Y, pressed=true
FrcTeleOp.shoot_INFO [65.055093974] >>>>> Start Auto Shoot.
TaskAutoShoot.autoShoot_INFO [65.056404992] autoShoot(owner=null, event=null, taskParams=(autoStop=false, noPassback=false, noWait=false))
Shooter.enableGoalTracking_INFO [65.056762428] EnableGoalTracking: goalTrackingParams=(trackFlywheel=true,trackTiltPos=true,trackPanPos=true), noPassback=false
Shooter.setupGoalTrackingMode_INFO [65.058810145] PassingBack: alliance=Red, fieldLengthZone=5, fieldWidthZone=3, blueGoalPose= (x=-238.257874,y=78.305000,angle=0.000000), goalFieldPose=(x=-79.419291,y=572.915472,angle=180.000000).
Shooter.setupGoalTrackingMode_INFO [65.059579006] GoalTracking(trackingMode=Passback, goalPose=(x=-79.419291,y=572.915472,angle=180.000000), noPassback=false).
Shooter.LeftShooter.enableGoalTracking_INFO [65.060413004] Enable GoalTracking (trackingParams=(trackFlywheel=true,trackTiltPos=true,trackPanPos=true)).
Shooter.LeftPrimaryMotor.cancel_INFO [65.061425672] Cancel: stopping motor.
Shooter.LeftTiltMotor.cancel_INFO [65.06210334] Cancel: stopping motor.
Shooter.RightShooter.enableGoalTracking_INFO [65.062923782] Enable GoalTracking (trackingParams=(trackFlywheel=true,trackTiltPos=true,trackPanPos=true)).
Shooter.RightPrimaryMotor.cancel_INFO [65.064009979] Cancel: stopping motor.
Shooter.RightTiltMotor.cancel_INFO [65.065477669] Cancel: stopping motor.
Shooter.enableGoalTracking_ERR [65.066554447] EnableGoalTrackingTimestamps=[65.056852666, 65.060081312, 65.062318311, 65.065827296]
TaskAutoShoot.autoTask_INFO [65.168356633] <Event name="StateInfo" time="65.167816327" tag="vvvvv" TaskAutoShoot.state="START" />
TaskAutoShoot.runTaskState_INFO [65.170048947] ***** Wait for left Shooter ready.
TaskAutoShoot.runTaskState_INFO [65.171566137] ***** Wait for right Shooter ready.
TaskAutoShoot.runTaskState_INFO [65.173588906] ***** Wait for Turret ready.
TaskAutoShoot.autoTask_INFO [65.175455866] <Event name="StateInfo" time="65.174733302" tag="^^^^^" TaskAutoShoot.state="START" />
TaskAutoShoot.autoTask_INFO [65.359012932] <Event name="StateInfo" time="65.358702709" tag="vvvvv" TaskAutoShoot.state="SHOOT" />
TaskAutoShoot.autoTask_INFO [65.360926847] <Event name="StateInfo" time="65.36022457" tag="^^^^^" TaskAutoShoot.state="SHOOT" />
TaskAutoShoot.autoTask_INFO [65.455578141] <Event name="StateInfo" time="65.455390639" tag="vvvvv" TaskAutoShoot.state="SHOOT" />
TaskAutoShoot.autoTask_INFO [65.468878046] <Event name="StateInfo" time="65.46867642" tag="^^^^^" TaskAutoShoot.state="SHOOT" />
TaskAutoShoot.autoTask_INFO [65.576200897] <Event name="StateInfo" time="65.575961536" tag="vvvvv" TaskAutoShoot.state="SHOOT" />
TaskAutoShoot.autoTask_INFO [65.580127357] <Event name="StateInfo" time="65.576501804" tag="^^^^^" TaskAutoShoot.state="SHOOT" />
TaskAutoShoot.autoTask_INFO [65.681022143] <Event name="StateInfo" time="65.680833083" tag="vvvvv" TaskAutoShoot.state="SHOOT" />
TaskAutoShoot.autoTask_INFO [65.68729221] <Event name="StateInfo" time="65.687112997" tag="^^^^^" TaskAutoShoot.state="SHOOT" />
TaskAutoShoot.autoTask_INFO [65.773493295] <Event name="StateInfo" time="65.772978751" tag="vvvvv" TaskAutoShoot.state="SHOOT" />
TaskAutoShoot.autoTask_INFO [65.774606115] <Event name="StateInfo" time="65.774427636" tag="^^^^^" TaskAutoShoot.state="SHOOT" />
TaskAutoShoot.autoTask_INFO [65.863531507] <Event name="StateInfo" time="65.863341734" tag="vvvvv" TaskAutoShoot.state="SHOOT" />
TaskAutoShoot.autoTask_INFO [65.866027958] <Event name="StateInfo" time="65.865851934" tag="^^^^^" TaskAutoShoot.state="SHOOT" />
FrcTeleOp.operatorControllerButtonEvent_INFO [65.871819621] ##### button=Y, pressed=false
FrcTeleOp.shoot_INFO [65.873772241] >>>>> Stop Auto Shoot.
TaskAutoShoot.cancel_INFO [65.878178161] Canceling auto task operation.
TaskAutoShoot.stopSubsystems_INFO [65.879123133] Stopping subsystems.
Shooter.LeftTransferMotor.cancel_INFO [65.880850766] Cancel: stopping motor.
Shooter.RightTransferMotor.cancel_INFO [65.881788686] Cancel: stopping motor.
Shooter.FeederMotor.cancel_INFO [65.882820739] Cancel: stopping motor.
Shooter.LeftShooter.disableGoalTracking_INFO [65.884489199] Disable Goal Tracking.
Shooter.LeftShooter.stopGoalTracking_INFO [65.885291403] Stop GoalTracking.
Shooter.LeftTiltMotor.cancel_INFO [65.890534187] Cancel: stopping motor.
Shooter.LeftPrimaryMotor.cancel_INFO [65.892034046] Cancel: stopping motor.
Shooter.RightShooter.disableGoalTracking_INFO [65.894023296] Disable Goal Tracking.
Shooter.RightShooter.stopGoalTracking_INFO [65.894854704] Stop GoalTracking.
Shooter.RightTiltMotor.cancel_INFO [65.895967019] Cancel: stopping motor.
Shooter.RightPrimaryMotor.cancel_INFO [65.89866358] Cancel: stopping motor.
Shooter.LeftShooter.cancel_INFO [65.900312526] owner=null
Shooter.LeftPrimaryMotor.cancel_INFO [65.901239281] Cancel: stopping motor.
Shooter.LeftTiltMotor.cancel_INFO [65.903146986] Cancel: stopping motor.
Shooter.RightShooter.cancel_INFO [65.904389586] owner=null
Shooter.RightPrimaryMotor.cancel_INFO [65.905184076] Cancel: stopping motor.
Shooter.RightTiltMotor.cancel_INFO [65.906085015] Cancel: stopping motor.
Shooter.LeftTransferMotor.cancel_INFO [65.91029906] Cancel: stopping motor.
Shooter.RightTransferMotor.cancel_INFO [65.911829048] Cancel: stopping motor.
Shooter.FeederMotor.cancel_INFO [65.913364896] Cancel: stopping motor.
Shooter.stopTilt_ERR [65.914354393] StopTilt is called
Shooter.stopTilt_ERR [65.975671526] StopTilt is called
Shooter.stopTiltCallback_ERR [66.041179804] StopRightTilt was canceled.
Shooter.stopTiltCallback_ERR [66.044054355] StopLeftTilt was canceled.
FrcTeleOp.operatorControllerButtonEvent_INFO [66.073545884] ##### button=Y, pressed=true
FrcTeleOp.shoot_INFO [66.0754283] >>>>> Start Auto Shoot.
TaskAutoShoot.autoShoot_INFO [66.077198294] autoShoot(owner=null, event=null, taskParams=(autoStop=false, noPassback=false, noWait=false))
Shooter.enableGoalTracking_INFO [66.077992832] EnableGoalTracking: goalTrackingParams=(trackFlywheel=true,trackTiltPos=true,trackPanPos=true), noPassback=false
Shooter.setupGoalTrackingMode_INFO [66.083321827] PassingBack: alliance=Red, fieldLengthZone=5, fieldWidthZone=3, blueGoalPose= (x=-238.257874,y=78.305000,angle=0.000000), goalFieldPose=(x=-79.419291,y=572.915472,angle=180.000000).
Shooter.setupGoalTrackingMode_INFO [66.086229731] GoalTracking(trackingMode=Passback, goalPose=(x=-79.419291,y=572.915472,angle=180.000000), noPassback=false).
Shooter.LeftShooter.enableGoalTracking_INFO [66.087974003] Enable GoalTracking (trackingParams=(trackFlywheel=true,trackTiltPos=true,trackPanPos=true)).
Shooter.LeftPrimaryMotor.cancel_INFO [66.105187664] Cancel: stopping motor.
Shooter.LeftTiltMotor.cancel_INFO [66.110434904] Cancel: stopping motor.
Shooter.RightShooter.enableGoalTracking_INFO [66.112696934] Enable GoalTracking (trackingParams=(trackFlywheel=true,trackTiltPos=true,trackPanPos=true)).
Shooter.RightPrimaryMotor.cancel_INFO [66.116485893] Cancel: stopping motor.
Shooter.RightTiltMotor.cancel_INFO [66.117497576] Cancel: stopping motor.
Shooter.enableGoalTracking_ERR [66.118968349] EnableGoalTrackingTimestamps=[66.079153317, 66.087647702, 66.111503368, 66.118654279]
Shooter.stopTiltCallback_ERR [66.121424107] StopRightTilt was canceled.
Shooter.stopTiltCallback_ERR [66.125780894] StopLeftTilt was canceled.
TaskAutoShoot.autoTask_INFO [66.24063147] <Event name="StateInfo" time="66.24040036" tag="vvvvv" TaskAutoShoot.state="START" />
TaskAutoShoot.runTaskState_INFO [66.241986402] ***** Wait for left Shooter ready.
TaskAutoShoot.runTaskState_INFO [66.244703943] ***** Wait for right Shooter ready.
TaskAutoShoot.runTaskState_INFO [66.245673063] ***** Wait for Turret ready.
TaskAutoShoot.autoTask_INFO [66.247183824] <Event name="StateInfo" time="66.246997369" tag="^^^^^" TaskAutoShoot.state="START" />
Shooter.TurretMotor.pidCtrlTask_INFO [66.319849546] controlMode: Position,onTarget=true(137.31857299804688/137.50950591272743), stalled=false, expired=false, event=(TaskAutoShoot.turretReady=SIGNALED)
TaskAutoShoot.autoTask_INFO [66.373293395] <Event name="StateInfo" time="66.370423918" tag="vvvvv" TaskAutoShoot.state="SHOOT" />
TaskAutoShoot.autoTask_INFO [66.375467765] <Event name="StateInfo" time="66.374016981" tag="^^^^^" TaskAutoShoot.state="SHOOT" />
Shooter.LeftShooter.goalTrackingTask_INFO [66.456633574] Shooter.LeftShooter is Ready: rpm1=5006.304087/5105.377219, rpm2=3128.671875/0.000000, tilt=39.993151/40.000000, pan=null/null
Shooter.RightShooter.goalTrackingTask_INFO [66.488741624] Shooter.RightShooter is Ready: rpm1=5051.358173/5105.377219, rpm2=3137.695313/0.000000, tilt=39.993151/40.000000, pan=null/null
TaskAutoShoot.autoTask_INFO [66.491736766] <Event name="StateInfo" time="66.490562315" tag="vvvvv" TaskAutoShoot.state="SHOOT" />
TaskAutoShoot.runTaskState_INFO [66.493131379] ***** Start left shooter shooting (timedout=false, turretReady=true).
Shooter.shoot_INFO [66.4942567] shoot(owner=null, event=(TaskAutoShoot.leftShooterDone=CLEARED), shooter=leftShooter, autoStop=false)
Shooter.LeftTransferMotor.cancel_INFO [66.495650333] Cancel: stopping motor.
TaskAutoShoot.runTaskState_INFO [66.499462408] ***** Start right shooter shooting (timedout=false, turretReady=true).
Shooter.shoot_INFO [66.501366469] shoot(owner=null, event=(TaskAutoShoot.rightShooterDone=CLEARED), shooter=rightShooter, autoStop=false)
Shooter.RightTransferMotor.cancel_INFO [66.502279205] Cancel: stopping motor.
TaskAutoShoot.autoTask_INFO [66.503862545] <Event name="StateInfo" time="66.50356369" tag="^^^^^" TaskAutoShoot.state="SHOOT" />
Shooter.fieldTriggerCallback_INFO [66.607768135] FieldTriggerCallback: canceled=false, zoneCtxt=(value=349.855469,prevZone=5,currZone=4)
Shooter.setupGoalTrackingMode_INFO [66.609179301] PassingBack: alliance=Red, fieldLengthZone=4, fieldWidthZone=3, blueGoalPose= (x=-238.257874,y=78.305000,angle=0.000000), goalFieldPose=(x=-79.419291,y=572.915472,angle=180.000000).
Shooter.setupGoalTrackingMode_INFO [66.610171795] GoalTracking(trackingMode=Passback, goalPose=(x=-79.419291,y=572.915472,angle=180.000000), noPassback=false).
Shooter.fieldTriggerCallback_INFO [67.438099891] FieldTriggerCallback: canceled=false, zoneCtxt=(value=325.472619,prevZone=4,currZone=3)
Shooter.setupGoalTrackingMode_INFO [67.452565824] PassingBack: alliance=Red, fieldLengthZone=3, fieldWidthZone=3, blueGoalPose= (x=-238.257874,y=78.305000,angle=0.000000), goalFieldPose=(x=-79.419291,y=572.915472,angle=180.000000).
Shooter.setupGoalTrackingMode_INFO [67.457681496] GoalTracking(trackingMode=Passback, goalPose=(x=-79.419291,y=572.915472,angle=180.000000), noPassback=false).
Shooter.fieldTriggerCallback_INFO [68.38951152] FieldTriggerCallback: canceled=false, zoneCtxt=(value=298.245183,prevZone=3,currZone=2)
Shooter.setupGoalTrackingMode_INFO [68.39142923] PassingBack: alliance=Red, fieldLengthZone=2, fieldWidthZone=3, blueGoalPose= (x=-238.257874,y=78.305000,angle=0.000000), goalFieldPose=(x=-79.419291,y=572.915472,angle=180.000000).
Shooter.setupGoalTrackingMode_INFO [68.392093338] GoalTracking(trackingMode=Passback, goalPose=(x=-79.419291,y=572.915472,angle=180.000000), noPassback=false).
Shooter.fieldTriggerCallback_INFO [73.85798085] FieldTriggerCallback: canceled=false, zoneCtxt=(value=299.401372,prevZone=2,currZone=3)
Shooter.setupGoalTrackingMode_INFO [73.864635529] PassingBack: alliance=Red, fieldLengthZone=3, fieldWidthZone=3, blueGoalPose= (x=-238.257874,y=78.305000,angle=0.000000), goalFieldPose=(x=-79.419291,y=572.915472,angle=180.000000).
Shooter.setupGoalTrackingMode_INFO [73.868205573] GoalTracking(trackingMode=Passback, goalPose=(x=-79.419291,y=572.915472,angle=180.000000), noPassback=false).
FrcTeleOp.driverControllerButtonEvent_INFO [74.452721686] ##### button=RightBumper, pressed=false
FrcTeleOp.driverControllerButtonEvent_INFO [74.456309707] >>>>> Normal Drive
FrcTeleOp.operatorControllerButtonEvent_INFO [74.654652329] ##### button=Y, pressed=false
FrcTeleOp.shoot_INFO [74.656908615] >>>>> Stop Auto Shoot.
TaskAutoShoot.cancel_INFO [74.657759551] Canceling auto task operation.
TaskAutoShoot.stopSubsystems_INFO [74.659043507] Stopping subsystems.
Shooter.LeftTransferMotor.cancel_INFO [74.660680577] Cancel: stopping motor.
Shooter.RightTransferMotor.cancel_INFO [74.661907019] Cancel: stopping motor.
Shooter.FeederMotor.cancel_INFO [74.663443309] Cancel: stopping motor.
Shooter.LeftShooter.disableGoalTracking_INFO [74.664235734] Disable Goal Tracking.
Shooter.LeftShooter.stopGoalTracking_INFO [74.665156988] Stop GoalTracking.
Shooter.LeftTiltMotor.cancel_INFO [74.666405228] Cancel: stopping motor.
Shooter.LeftPrimaryMotor.cancel_INFO [74.667422306] Cancel: stopping motor.
Shooter.RightShooter.disableGoalTracking_INFO [74.668570056] Disable Goal Tracking.
Shooter.RightShooter.stopGoalTracking_INFO [74.669156609] Stop GoalTracking.
Shooter.RightTiltMotor.cancel_INFO [74.67182083] Cancel: stopping motor.
Shooter.RightPrimaryMotor.cancel_INFO [74.673135917] Cancel: stopping motor.
Shooter.LeftShooter.cancel_INFO [74.682806122] owner=null
Shooter.LeftPrimaryMotor.cancel_INFO [74.684239183] Cancel: stopping motor.
Shooter.LeftTiltMotor.cancel_INFO [74.685944934] Cancel: stopping motor.
Shooter.RightShooter.cancel_INFO [74.686906871] owner=null
Shooter.RightPrimaryMotor.cancel_INFO [74.689223111] Cancel: stopping motor.
Shooter.RightTiltMotor.cancel_INFO [74.69021915] Cancel: stopping motor.
Shooter.LeftTransferMotor.cancel_INFO [74.694723318] Cancel: stopping motor.
Shooter.RightTransferMotor.cancel_INFO [74.695723889] Cancel: stopping motor.
Shooter.FeederMotor.cancel_INFO [74.696906418] Cancel: stopping motor.
Shooter.stopTilt_ERR [74.697633246] StopTilt is called
Shooter.stopTilt_ERR [74.754089788] StopTilt is called
Shooter.stopTiltCallback_ERR [74.807004553] StopRightTilt was canceled.
Shooter.stopTiltCallback_ERR [74.811605821] StopLeftTilt was canceled.
Shooter.LeftTiltMotor.pidCtrlTask_INFO [74.981381201] controlMode: Position,onTarget=true(17.06723916691945/17.0), stalled=false, expired=false, event=(stopLeftTilt=SIGNALED)
Shooter.stopTiltCallback_ERR [74.981539098] StopLeftTilt was completed.
Shooter.stopTiltCallback_ERR [74.998085019] StopRightTilt was completed.
Shooter.RightTiltMotor.pidCtrlTask_INFO [74.999063744] controlMode: Position,onTarget=true(17.2253486428942/17.0), stalled=false, expired=false, event=(stopRightTilt=SIGNALED)
FrcTeleOp.operatorControllerButtonEvent_INFO [76.857544739] ##### button=Y, pressed=true
FrcTeleOp.shoot_INFO [76.864112611] >>>>> Start Auto Shoot.
TaskAutoShoot.autoShoot_INFO [76.865299887] autoShoot(owner=null, event=null, taskParams=(autoStop=false, noPassback=false, noWait=false))
Shooter.enableGoalTracking_INFO [76.86625529] EnableGoalTracking: goalTrackingParams=(trackFlywheel=true,trackTiltPos=true,trackPanPos=true), noPassback=false
Shooter.setupGoalTrackingMode_INFO [76.86758126] PassingBack: alliance=Red, fieldLengthZone=5, fieldWidthZone=0, blueGoalPose= (x=-79.419291,y=78.305000,angle=0.000000), goalFieldPose=(x=-238.257874,y=572.915472,angle=180.000000).
Shooter.setupGoalTrackingMode_INFO [76.868778096] GoalTracking(trackingMode=Passback, goalPose=(x=-238.257874,y=572.915472,angle=180.000000), noPassback=false).
Shooter.LeftShooter.enableGoalTracking_INFO [76.870063187] Enable GoalTracking (trackingParams=(trackFlywheel=true,trackTiltPos=true,trackPanPos=true)).
Shooter.LeftPrimaryMotor.cancel_INFO [76.87110571] Cancel: stopping motor.
Shooter.LeftTiltMotor.cancel_INFO [76.872212766] Cancel: stopping motor.
Shooter.RightShooter.enableGoalTracking_INFO [76.873829466] Enable GoalTracking (trackingParams=(trackFlywheel=true,trackTiltPos=true,trackPanPos=true)).
Shooter.RightPrimaryMotor.cancel_INFO [76.875121215] Cancel: stopping motor.
Shooter.RightTiltMotor.cancel_INFO [76.876202074] Cancel: stopping motor.
Shooter.enableGoalTracking_ERR [76.877212381] EnableGoalTrackingTimestamps=[76.866613547, 76.869511155, 76.873543118, 76.876962096]
TaskAutoShoot.autoTask_INFO [76.968179165] <Event name="StateInfo" time="76.967885117" tag="vvvvv" TaskAutoShoot.state="START" />
TaskAutoShoot.runTaskState_INFO [76.971170493] ***** Wait for left Shooter ready.
TaskAutoShoot.runTaskState_INFO [76.972649449] ***** Wait for right Shooter ready.
TaskAutoShoot.runTaskState_INFO [76.979503808] ***** Wait for Turret ready.
TaskAutoShoot.autoTask_INFO [76.994670276] <Event name="StateInfo" time="76.994364188" tag="^^^^^" TaskAutoShoot.state="START" />
TaskAutoShoot.autoTask_INFO [77.180966508] <Event name="StateInfo" time="77.180081351" tag="vvvvv" TaskAutoShoot.state="SHOOT" />
TaskAutoShoot.autoTask_INFO [77.190647181] <Event name="StateInfo" time="77.190460777" tag="^^^^^" TaskAutoShoot.state="SHOOT" />
TaskAutoShoot.autoTask_INFO [77.290493732] <Event name="StateInfo" time="77.290311662" tag="vvvvv" TaskAutoShoot.state="SHOOT" />
TaskAutoShoot.autoTask_INFO [77.29122768] <Event name="StateInfo" time="77.291052899" tag="^^^^^" TaskAutoShoot.state="SHOOT" />
TaskAutoShoot.autoTask_INFO [77.390916197] <Event name="StateInfo" time="77.390347407" tag="vvvvv" TaskAutoShoot.state="SHOOT" />
TaskAutoShoot.autoTask_INFO [77.396366551] <Event name="StateInfo" time="77.391525666" tag="^^^^^" TaskAutoShoot.state="SHOOT" />
FrcTeleOp.operatorControllerButtonEvent_INFO [77.405175318] ##### button=Y, pressed=false
FrcTeleOp.shoot_INFO [77.406722667] >>>>> Stop Auto Shoot.
TaskAutoShoot.cancel_INFO [77.4093122] Canceling auto task operation.
TaskAutoShoot.stopSubsystems_INFO [77.411675833] Stopping subsystems.
Shooter.LeftTransferMotor.cancel_INFO [77.412308559] Cancel: stopping motor.
Shooter.RightTransferMotor.cancel_INFO [77.413714437] Cancel: stopping motor.
Shooter.FeederMotor.cancel_INFO [77.415488515] Cancel: stopping motor.
Shooter.LeftShooter.disableGoalTracking_INFO [77.416171029] Disable Goal Tracking.
Shooter.LeftShooter.stopGoalTracking_INFO [77.417732905] Stop GoalTracking.
Shooter.LeftTiltMotor.cancel_INFO [77.418269621] Cancel: stopping motor.
Shooter.LeftPrimaryMotor.cancel_INFO [77.420697348] Cancel: stopping motor.
Shooter.RightShooter.disableGoalTracking_INFO [77.423478163] Disable Goal Tracking.
Shooter.RightShooter.stopGoalTracking_INFO [77.423766611] Stop GoalTracking.
Shooter.RightTiltMotor.cancel_INFO [77.424374552] Cancel: stopping motor.
Shooter.RightPrimaryMotor.cancel_INFO [77.42777949] Cancel: stopping motor.
Shooter.LeftShooter.cancel_INFO [77.429685757] owner=null
Shooter.LeftPrimaryMotor.cancel_INFO [77.43216422] Cancel: stopping motor.
Shooter.LeftTiltMotor.cancel_INFO [77.43389691] Cancel: stopping motor.
Shooter.RightShooter.cancel_INFO [77.436702046] owner=null
Shooter.RightPrimaryMotor.cancel_INFO [77.43825942] Cancel: stopping motor.
Shooter.RightTiltMotor.cancel_INFO [77.439993801] Cancel: stopping motor.
Shooter.LeftTransferMotor.cancel_INFO [77.442107538] Cancel: stopping motor.
Shooter.RightTransferMotor.cancel_INFO [77.442578331] Cancel: stopping motor.
Shooter.FeederMotor.cancel_INFO [77.444265173] Cancel: stopping motor.
Shooter.stopTilt_ERR [77.444595231] StopTilt is called
Shooter.stopTilt_ERR [77.50697323] StopTilt is called
Climber.Motor.isMotorStalled_INFO [77.512516963] Stall detection triggered.
Climber.Motor.checkStallReset_INFO [77.515475429] Resetting stall.
Shooter.stopTiltCallback_ERR [77.555815846] StopRightTilt was canceled.
Shooter.stopTiltCallback_ERR [77.556992377] StopLeftTilt was canceled.
Shooter.LeftTiltMotor.pidCtrlTask_INFO [77.710841689] controlMode: Position,onTarget=true(17.027711779372137/17.0), stalled=false, expired=false, event=(stopLeftTilt=SIGNALED)
Shooter.stopTiltCallback_ERR [77.712100779] StopLeftTilt was completed.
FrcTeleOp.driverControllerButtonEvent_INFO [77.724316263] ##### button=RightBumper, pressed=true
FrcTeleOp.driverControllerButtonEvent_INFO [77.725324166] >>>>> Slow Drive
Shooter.RightTiltMotor.pidCtrlTask_INFO [77.732395565] controlMode: Position,onTarget=true(17.93684216298555/17.0), stalled=false, expired=false, event=(stopRightTilt=SIGNALED)
Shooter.stopTiltCallback_ERR [77.738035297] StopRightTilt was completed.
FrcTeleOp.operatorControllerButtonEvent_INFO [77.876447701] ##### button=Y, pressed=true
FrcTeleOp.shoot_INFO [77.880397651] >>>>> Start Auto Shoot.
TaskAutoShoot.autoShoot_INFO [77.880784127] autoShoot(owner=null, event=null, taskParams=(autoStop=false, noPassback=false, noWait=false))
Shooter.enableGoalTracking_INFO [77.88204967] EnableGoalTracking: goalTrackingParams=(trackFlywheel=true,trackTiltPos=true,trackPanPos=true), noPassback=false
Shooter.setupGoalTrackingMode_INFO [77.884902596] PassingBack: alliance=Red, fieldLengthZone=5, fieldWidthZone=0, blueGoalPose= (x=-79.419291,y=78.305000,angle=0.000000), goalFieldPose=(x=-238.257874,y=572.915472,angle=180.000000).
Shooter.setupGoalTrackingMode_INFO [77.886601776] GoalTracking(trackingMode=Passback, goalPose=(x=-238.257874,y=572.915472,angle=180.000000), noPassback=false).
Shooter.LeftShooter.enableGoalTracking_INFO [77.889146454] Enable GoalTracking (trackingParams=(trackFlywheel=true,trackTiltPos=true,trackPanPos=true)).
Shooter.LeftPrimaryMotor.cancel_INFO [77.890498852] Cancel: stopping motor.
Shooter.LeftTiltMotor.cancel_INFO [77.898986667] Cancel: stopping motor.
Shooter.RightShooter.enableGoalTracking_INFO [77.904988402] Enable GoalTracking (trackingParams=(trackFlywheel=true,trackTiltPos=true,trackPanPos=true)).
Shooter.RightPrimaryMotor.cancel_INFO [77.906824485] Cancel: stopping motor.
Shooter.RightTiltMotor.cancel_INFO [77.909589615] Cancel: stopping motor.
Shooter.enableGoalTracking_ERR [77.911060612] EnableGoalTrackingTimestamps=[77.883966543, 77.888868834, 77.904545413, 77.910818039]
TaskAutoShoot.autoTask_INFO [78.010901772] <Event name="StateInfo" time="78.010315182" tag="vvvvv" TaskAutoShoot.state="START" />
TaskAutoShoot.runTaskState_INFO [78.011444812] ***** Wait for left Shooter ready.
TaskAutoShoot.runTaskState_INFO [78.013156009] ***** Wait for right Shooter ready.
TaskAutoShoot.runTaskState_INFO [78.014174032] ***** Wait for Turret ready.
TaskAutoShoot.autoTask_INFO [78.014920482] <Event name="StateInfo" time="78.014702246" tag="^^^^^" TaskAutoShoot.state="START" />
TaskAutoShoot.autoTask_INFO [78.198333346] <Event name="StateInfo" time="78.198156362" tag="vvvvv" TaskAutoShoot.state="SHOOT" />
TaskAutoShoot.autoTask_INFO [78.203006986] <Event name="StateInfo" time="78.20280794" tag="^^^^^" TaskAutoShoot.state="SHOOT" />
TaskAutoShoot.autoTask_INFO [78.3111041] <Event name="StateInfo" time="78.310936172" tag="vvvvv" TaskAutoShoot.state="SHOOT" />
TaskAutoShoot.autoTask_INFO [78.31552382] <Event name="StateInfo" time="78.315320591" tag="^^^^^" TaskAutoShoot.state="SHOOT" />
TaskAutoShoot.autoTask_INFO [78.42922118] <Event name="StateInfo" time="78.427474857" tag="vvvvv" TaskAutoShoot.state="SHOOT" />
TaskAutoShoot.autoTask_INFO [78.441530847] <Event name="StateInfo" time="78.440167405" tag="^^^^^" TaskAutoShoot.state="SHOOT" />
TaskAutoShoot.autoTask_INFO [78.545342477] <Event name="StateInfo" time="78.54504719" tag="vvvvv" TaskAutoShoot.state="SHOOT" />
TaskAutoShoot.autoTask_INFO [78.551245144] <Event name="StateInfo" time="78.545935277" tag="^^^^^" TaskAutoShoot.state="SHOOT" />
Shooter.RightShooter.goalTrackingTask_INFO [78.646130322] Shooter.RightShooter is Ready: rpm1=4852.779447/4767.094699, rpm2=3037.500000/0.000000, tilt=39.953625/40.000000, pan=null/null
TaskAutoShoot.autoTask_INFO [78.657693017] <Event name="StateInfo" time="78.657527777" tag="vvvvv" TaskAutoShoot.state="SHOOT" />
TaskAutoShoot.autoTask_INFO [78.658326322] <Event name="StateInfo" time="78.65816437" tag="^^^^^" TaskAutoShoot.state="SHOOT" />
TaskAutoShoot.autoTask_INFO [78.754758663] <Event name="StateInfo" time="78.753429222" tag="vvvvv" TaskAutoShoot.state="SHOOT" />
TaskAutoShoot.autoTask_INFO [78.755247169] <Event name="StateInfo" time="78.755074662" tag="^^^^^" TaskAutoShoot.state="SHOOT" />
Shooter.LeftShooter.goalTrackingTask_INFO [78.83176133] Shooter.LeftShooter is Ready: rpm1=4690.736178/4649.611424, rpm2=2902.031250/0.000000, tilt=39.993151/40.000000, pan=null/null
TaskAutoShoot.autoTask_INFO [78.861488462] <Event name="StateInfo" time="78.861289761" tag="vvvvv" TaskAutoShoot.state="SHOOT" />
TaskAutoShoot.autoTask_INFO [78.863685178] <Event name="StateInfo" time="78.863500818" tag="^^^^^" TaskAutoShoot.state="SHOOT" />
TaskAutoShoot.autoTask_INFO [78.97722125] <Event name="StateInfo" time="78.977035867" tag="vvvvv" TaskAutoShoot.state="SHOOT" />
TaskAutoShoot.autoTask_INFO [78.983947186] <Event name="StateInfo" time="78.983754101" tag="^^^^^" TaskAutoShoot.state="SHOOT" />
TaskAutoShoot.autoTask_INFO [79.090780578] <Event name="StateInfo" time="79.084078178" tag="vvvvv" TaskAutoShoot.state="SHOOT" />
TaskAutoShoot.runTaskState_INFO [79.095970193] ***** Start left shooter shooting (timedout=true, turretReady=false).
Shooter.shoot_INFO [79.098192106] shoot(owner=null, event=(TaskAutoShoot.leftShooterDone=CLEARED), shooter=leftShooter, autoStop=false)
Shooter.LeftTransferMotor.cancel_INFO [79.099040845] Cancel: stopping motor.
TaskAutoShoot.runTaskState_INFO [79.10226969] ***** Start right shooter shooting (timedout=true, turretReady=false).
Shooter.shoot_INFO [79.103046101] shoot(owner=null, event=(TaskAutoShoot.rightShooterDone=CLEARED), shooter=rightShooter, autoStop=false)
Shooter.RightTransferMotor.cancel_INFO [79.104352661] Cancel: stopping motor.
TaskAutoShoot.autoTask_INFO [79.107438383] <Event name="StateInfo" time="79.10724431" tag="^^^^^" TaskAutoShoot.state="SHOOT" />
Shooter.fieldTriggerCallback_INFO [79.534796629] FieldTriggerCallback: canceled=false, zoneCtxt=(value=350.478895,prevZone=5,currZone=4)
Shooter.setupGoalTrackingMode_INFO [79.535951264] PassingBack: alliance=Red, fieldLengthZone=4, fieldWidthZone=0, blueGoalPose= (x=-79.419291,y=78.305000,angle=0.000000), goalFieldPose=(x=-238.257874,y=572.915472,angle=180.000000).
Shooter.setupGoalTrackingMode_INFO [79.543283973] GoalTracking(trackingMode=Passback, goalPose=(x=-238.257874,y=572.915472,angle=180.000000), noPassback=false).
Shooter.fieldTriggerCallback_INFO [80.507844145] FieldTriggerCallback: canceled=false, zoneCtxt=(value=323.946193,prevZone=4,currZone=3)
Shooter.setupGoalTrackingMode_INFO [80.511784142] PassingBack: alliance=Red, fieldLengthZone=3, fieldWidthZone=0, blueGoalPose= (x=-79.419291,y=78.305000,angle=0.000000), goalFieldPose=(x=-238.257874,y=572.915472,angle=180.000000).
Shooter.setupGoalTrackingMode_INFO [80.513769011] GoalTracking(trackingMode=Passback, goalPose=(x=-238.257874,y=572.915472,angle=180.000000), noPassback=false).
Shooter.fieldTriggerCallback_INFO [81.347883619] FieldTriggerCallback: canceled=false, zoneCtxt=(value=296.920390,prevZone=3,currZone=2)
Shooter.setupGoalTrackingMode_INFO [81.348609451] PassingBack: alliance=Red, fieldLengthZone=2, fieldWidthZone=0, blueGoalPose= (x=-79.419291,y=78.305000,angle=0.000000), goalFieldPose=(x=-238.257874,y=572.915472,angle=180.000000).
Shooter.setupGoalTrackingMode_INFO [81.351366679] GoalTracking(trackingMode=Passback, goalPose=(x=-238.257874,y=572.915472,angle=180.000000), noPassback=false).
Climber.Motor.isMotorStalled_INFO [81.58589895] Stall detection triggered.
Climber.Motor.checkStallReset_INFO [81.586242409] Resetting stall.
Shooter.LeftTiltMotor.isMotorStalled_INFO [81.623770342] Stall detection triggered.
Shooter.LeftTiltMotor.checkStallReset_INFO [81.625266758] Resetting stall.
Shooter.RightTiltMotor.isMotorStalled_INFO [81.657458861] Stall detection triggered.
Shooter.RightTiltMotor.checkStallReset_INFO [81.658131569] Resetting stall.
FrcTeleOp.driverControllerButtonEvent_INFO [82.704291613] ##### button=RightBumper, pressed=false
FrcTeleOp.driverControllerButtonEvent_INFO [82.706636815] >>>>> Normal Drive
Shooter.fieldTriggerCallback_INFO [83.539171618] FieldTriggerCallback: canceled=false, zoneCtxt=(value=302.659444,prevZone=2,currZone=3)
Shooter.setupGoalTrackingMode_INFO [83.540372135] PassingBack: alliance=Red, fieldLengthZone=3, fieldWidthZone=0, blueGoalPose= (x=-79.419291,y=78.305000,angle=0.000000), goalFieldPose=(x=-238.257874,y=572.915472,angle=180.000000).
Shooter.setupGoalTrackingMode_INFO [83.541480236] GoalTracking(trackingMode=Passback, goalPose=(x=-238.257874,y=572.915472,angle=180.000000), noPassback=false).
FrcTeleOp.operatorControllerButtonEvent_INFO [83.656512249] ##### button=Y, pressed=false
FrcTeleOp.shoot_INFO [83.661335137] >>>>> Stop Auto Shoot.
TaskAutoShoot.cancel_INFO [83.661617276] Canceling auto task operation.
TaskAutoShoot.stopSubsystems_INFO [83.66609346] Stopping subsystems.
Shooter.LeftTransferMotor.cancel_INFO [83.666443] Cancel: stopping motor.
Shooter.RightTransferMotor.cancel_INFO [83.668315953] Cancel: stopping motor.
Shooter.FeederMotor.cancel_INFO [83.668766207] Cancel: stopping motor.
Shooter.LeftShooter.disableGoalTracking_INFO [83.669355974] Disable Goal Tracking.
Shooter.LeftShooter.stopGoalTracking_INFO [83.6696592] Stop GoalTracking.
Shooter.LeftTiltMotor.cancel_INFO [83.672093114] Cancel: stopping motor.
Shooter.LeftPrimaryMotor.cancel_INFO [83.674911896] Cancel: stopping motor.
Shooter.RightShooter.disableGoalTracking_INFO [83.678098369] Disable Goal Tracking.
Shooter.RightShooter.stopGoalTracking_INFO [83.685266955] Stop GoalTracking.
Shooter.RightTiltMotor.cancel_INFO [83.687035138] Cancel: stopping motor.
Shooter.RightPrimaryMotor.cancel_INFO [83.694182883] Cancel: stopping motor.
Shooter.LeftShooter.cancel_INFO [83.695788248] owner=null
Shooter.LeftPrimaryMotor.cancel_INFO [83.698183346] Cancel: stopping motor.
Shooter.LeftTiltMotor.cancel_INFO [83.703153502] Cancel: stopping motor.
Shooter.RightShooter.cancel_INFO [83.705512508] owner=null
Shooter.RightPrimaryMotor.cancel_INFO [83.706950941] Cancel: stopping motor.
Shooter.RightTiltMotor.cancel_INFO [83.709734106] Cancel: stopping motor.
Shooter.LeftTransferMotor.cancel_INFO [83.714125031] Cancel: stopping motor.
Shooter.RightTransferMotor.cancel_INFO [83.719246423] Cancel: stopping motor.
Shooter.FeederMotor.cancel_INFO [83.720240094] Cancel: stopping motor.
Shooter.stopTilt_ERR [83.720962758] StopTilt is called
Shooter.stopTilt_ERR [83.790244533] StopTilt is called
Shooter.stopTiltCallback_ERR [83.854420684] StopRightTilt was canceled.
Shooter.stopTiltCallback_ERR [83.858380202] StopLeftTilt was canceled.
Shooter.stopTiltCallback_ERR [83.99975162] StopLeftTilt was completed.
Shooter.LeftTiltMotor.pidCtrlTask_INFO [84.014094233] controlMode: Position,onTarget=true(17.027711779372137/17.0), stalled=false, expired=false, event=(stopLeftTilt=SIGNALED)
Shooter.stopTiltCallback_ERR [84.019810283] StopRightTilt was completed.
Shooter.RightTiltMotor.pidCtrlTask_INFO [84.018572896] controlMode: Position,onTarget=true(17.462512918701744/17.0), stalled=false, expired=false, event=(stopRightTilt=SIGNALED)
FrcTeleOp.periodic_INFO [85.028700343] >>>>> Shift[4]: Red
FrcTeleOp.operatorControllerButtonEvent_INFO [88.967881974] ##### button=Y, pressed=true
FrcTeleOp.shoot_INFO [88.972579985] >>>>> Start Auto Shoot.
TaskAutoShoot.autoShoot_INFO [88.975530008] autoShoot(owner=null, event=null, taskParams=(autoStop=false, noPassback=false, noWait=false))
Shooter.enableGoalTracking_INFO [88.993696829] EnableGoalTracking: goalTrackingParams=(trackFlywheel=true,trackTiltPos=true,trackPanPos=true), noPassback=false
Shooter.setupGoalTrackingMode_INFO [88.998980948] PassingBack: alliance=Red, fieldLengthZone=6, fieldWidthZone=3, blueGoalPose= (x=-238.257874,y=78.305000,angle=0.000000), goalFieldPose=(x=-79.419291,y=572.915472,angle=180.000000).
Shooter.setupGoalTrackingMode_INFO [89.00152243] GoalTracking(trackingMode=Passback, goalPose=(x=-79.419291,y=572.915472,angle=180.000000), noPassback=false).
Shooter.LeftShooter.enableGoalTracking_INFO [89.007983824] Enable GoalTracking (trackingParams=(trackFlywheel=true,trackTiltPos=true,trackPanPos=true)).
Shooter.LeftPrimaryMotor.cancel_INFO [89.012066808] Cancel: stopping motor.
Shooter.LeftTiltMotor.cancel_INFO [89.015019936] Cancel: stopping motor.
Shooter.RightShooter.enableGoalTracking_INFO [89.017551943] Enable GoalTracking (trackingParams=(trackFlywheel=true,trackTiltPos=true,trackPanPos=true)).
Shooter.RightPrimaryMotor.cancel_INFO [89.018661825] Cancel: stopping motor.
Shooter.RightTiltMotor.cancel_INFO [89.021418027] Cancel: stopping motor.
Shooter.enableGoalTracking_ERR [89.024130249] EnableGoalTrackingTimestamps=[88.995931051, 89.006380127, 89.016910991, 89.022660849]
TaskAutoShoot.autoTask_INFO [89.131115397] <Event name="StateInfo" time="89.130122355" tag="vvvvv" TaskAutoShoot.state="START" />
TaskAutoShoot.runTaskState_INFO [89.133528749] ***** Wait for left Shooter ready.
TaskAutoShoot.runTaskState_INFO [89.135016664] ***** Wait for right Shooter ready.
TaskAutoShoot.runTaskState_INFO [89.13658982] ***** Wait for Turret ready.
TaskAutoShoot.autoTask_INFO [89.137470553] <Event name="StateInfo" time="89.137261273" tag="^^^^^" TaskAutoShoot.state="START" />
TaskAutoShoot.autoTask_INFO [89.319359887] <Event name="StateInfo" time="89.319189711" tag="vvvvv" TaskAutoShoot.state="SHOOT" />
TaskAutoShoot.autoTask_INFO [89.320310188] <Event name="StateInfo" time="89.320100596" tag="^^^^^" TaskAutoShoot.state="SHOOT" />
TaskAutoShoot.autoTask_INFO [89.414720236] <Event name="StateInfo" time="89.414524269" tag="vvvvv" TaskAutoShoot.state="SHOOT" />
TaskAutoShoot.autoTask_INFO [89.415323111] <Event name="StateInfo" time="89.415155321" tag="^^^^^" TaskAutoShoot.state="SHOOT" />
TaskAutoShoot.autoTask_INFO [89.517463326] <Event name="StateInfo" time="89.517283437" tag="vvvvv" TaskAutoShoot.state="SHOOT" />
TaskAutoShoot.autoTask_INFO [89.521836387] <Event name="StateInfo" time="89.518416077" tag="^^^^^" TaskAutoShoot.state="SHOOT" />
FrcTeleOp.operatorControllerButtonEvent_INFO [89.525243136] ##### button=Y, pressed=false
FrcTeleOp.shoot_INFO [89.52596831] >>>>> Stop Auto Shoot.
TaskAutoShoot.cancel_INFO [89.526434886] Canceling auto task operation.
TaskAutoShoot.stopSubsystems_INFO [89.530606478] Stopping subsystems.
Shooter.LeftTransferMotor.cancel_INFO [89.53158278] Cancel: stopping motor.
Shooter.RightTransferMotor.cancel_INFO [89.533433764] Cancel: stopping motor.
Shooter.FeederMotor.cancel_INFO [89.534278428] Cancel: stopping motor.
Shooter.LeftShooter.disableGoalTracking_INFO [89.535076562] Disable Goal Tracking.
Shooter.LeftShooter.stopGoalTracking_INFO [89.536026235] Stop GoalTracking.
Shooter.LeftTiltMotor.cancel_INFO [89.540565348] Cancel: stopping motor.
Shooter.LeftPrimaryMotor.cancel_INFO [89.541857854] Cancel: stopping motor.
Shooter.RightShooter.disableGoalTracking_INFO [89.542987405] Disable Goal Tracking.
Shooter.RightShooter.stopGoalTracking_INFO [89.543847246] Stop GoalTracking.
Shooter.RightTiltMotor.cancel_INFO [89.544443986] Cancel: stopping motor.
Shooter.RightPrimaryMotor.cancel_INFO [89.545634152] Cancel: stopping motor.
Shooter.LeftShooter.cancel_INFO [89.551235009] owner=null
Shooter.LeftPrimaryMotor.cancel_INFO [89.552211163] Cancel: stopping motor.
Shooter.LeftTiltMotor.cancel_INFO [89.554341313] Cancel: stopping motor.
Shooter.RightShooter.cancel_INFO [89.557629184] owner=null
Shooter.RightPrimaryMotor.cancel_INFO [89.562625057] Cancel: stopping motor.
Shooter.RightTiltMotor.cancel_INFO [89.564099114] Cancel: stopping motor.
Shooter.LeftTransferMotor.cancel_INFO [89.566510461] Cancel: stopping motor.
Shooter.RightTransferMotor.cancel_INFO [89.572242568] Cancel: stopping motor.
Shooter.FeederMotor.cancel_INFO [89.575054034] Cancel: stopping motor.
Shooter.stopTilt_ERR [89.575991594] StopTilt is called
Shooter.stopTilt_ERR [89.649772037] StopTilt is called
Shooter.stopTiltCallback_ERR [89.706697758] StopRightTilt was canceled.
Shooter.stopTiltCallback_ERR [89.711174137] StopLeftTilt was canceled.
Shooter.LeftTiltMotor.pidCtrlTask_INFO [89.861274257] controlMode: Position,onTarget=true(17.027711779372137/17.0), stalled=false, expired=false, event=(stopLeftTilt=SIGNALED)
Shooter.stopTiltCallback_ERR [89.861295984] StopLeftTilt was completed.
Shooter.RightTiltMotor.pidCtrlTask_INFO [89.887638289] controlMode: Position,onTarget=true(17.778732315938274/17.0), stalled=false, expired=false, event=(stopRightTilt=SIGNALED)
Shooter.stopTiltCallback_ERR [89.886783123] StopRightTilt was completed.
FrcTeleOp.operatorControllerButtonEvent_INFO [90.388669902] ##### button=Y, pressed=true
FrcTeleOp.shoot_INFO [90.389484917] >>>>> Start Auto Shoot.
TaskAutoShoot.autoShoot_INFO [90.390409046] autoShoot(owner=null, event=null, taskParams=(autoStop=false, noPassback=false, noWait=false))
Shooter.enableGoalTracking_INFO [90.391049479] EnableGoalTracking: goalTrackingParams=(trackFlywheel=true,trackTiltPos=true,trackPanPos=true), noPassback=false
Shooter.setupGoalTrackingMode_INFO [90.392180925] PassingBack: alliance=Red, fieldLengthZone=6, fieldWidthZone=3, blueGoalPose= (x=-238.257874,y=78.305000,angle=0.000000), goalFieldPose=(x=-79.419291,y=572.915472,angle=180.000000).
Shooter.setupGoalTrackingMode_INFO [90.392831038] GoalTracking(trackingMode=Passback, goalPose=(x=-79.419291,y=572.915472,angle=180.000000), noPassback=false).
Shooter.LeftShooter.enableGoalTracking_INFO [90.393742658] Enable GoalTracking (trackingParams=(trackFlywheel=true,trackTiltPos=true,trackPanPos=true)).
Shooter.LeftPrimaryMotor.cancel_INFO [90.394648143] Cancel: stopping motor.
Shooter.LeftTiltMotor.cancel_INFO [90.395396664] Cancel: stopping motor.
Shooter.RightShooter.enableGoalTracking_INFO [90.396135825] Enable GoalTracking (trackingParams=(trackFlywheel=true,trackTiltPos=true,trackPanPos=true)).
Shooter.RightPrimaryMotor.cancel_INFO [90.39695242] Cancel: stopping motor.
Shooter.RightTiltMotor.cancel_INFO [90.397621224] Cancel: stopping motor.
Shooter.enableGoalTracking_ERR [90.400330895] EnableGoalTrackingTimestamps=[90.391473204, 90.393502129, 90.395896789, 90.398198777]
TaskAutoShoot.autoTask_INFO [90.48544917] <Event name="StateInfo" time="90.484830088" tag="vvvvv" TaskAutoShoot.state="START" />
TaskAutoShoot.runTaskState_INFO [90.491555241] ***** Wait for left Shooter ready.
TaskAutoShoot.runTaskState_INFO [90.492856106] ***** Wait for right Shooter ready.
TaskAutoShoot.runTaskState_INFO [90.494058951] ***** Wait for Turret ready.
TaskAutoShoot.autoTask_INFO [90.49511703] <Event name="StateInfo" time="90.49491714" tag="^^^^^" TaskAutoShoot.state="START" />
Shooter.fieldTriggerCallback_INFO [90.500492363] FieldTriggerCallback: canceled=false, zoneCtxt=(value=503.918841,prevZone=6,currZone=7)
Shooter.setupGoalTrackingMode_INFO [90.501859473] AlliancHub: alliance=Red, fieldLengthZone=7, fieldWidthZone=3.
Shooter.setupGoalTrackingMode_INFO [90.504004909] GoalTracking(trackingMode=AllianceHub, goalPose=(x=-158.838583,y=469.110472,angle=180.000000), noPassback=false).
TaskAutoShoot.autoTask_INFO [90.691154798] <Event name="StateInfo" time="90.690826234" tag="vvvvv" TaskAutoShoot.state="SHOOT" />
TaskAutoShoot.autoTask_INFO [90.691514771] <Event name="StateInfo" time="90.691369744" tag="^^^^^" TaskAutoShoot.state="SHOOT" />
TaskAutoShoot.autoTask_INFO [90.798265367] <Event name="StateInfo" time="90.798098694" tag="vvvvv" TaskAutoShoot.state="SHOOT" />
TaskAutoShoot.autoTask_INFO [90.798831979] <Event name="StateInfo" time="90.79867108" tag="^^^^^" TaskAutoShoot.state="SHOOT" />
TaskAutoShoot.autoTask_INFO [90.894197606] <Event name="StateInfo" time="90.892478571" tag="vvvvv" TaskAutoShoot.state="SHOOT" />
TaskAutoShoot.autoTask_INFO [90.895892327] <Event name="StateInfo" time="90.895706359" tag="^^^^^" TaskAutoShoot.state="SHOOT" />
TaskAutoShoot.autoTask_INFO [90.982745381] <Event name="StateInfo" time="90.982429968" tag="vvvvv" TaskAutoShoot.state="SHOOT" />
TaskAutoShoot.autoTask_INFO [90.983973584] <Event name="StateInfo" time="90.983777462" tag="^^^^^" TaskAutoShoot.state="SHOOT" />
TaskAutoShoot.autoTask_INFO [91.084576991] <Event name="StateInfo" time="91.084282292" tag="vvvvv" TaskAutoShoot.state="SHOOT" />
TaskAutoShoot.autoTask_INFO [91.085417122] <Event name="StateInfo" time="91.085174332" tag="^^^^^" TaskAutoShoot.state="SHOOT" />
TaskAutoShoot.autoTask_INFO [91.182342622] <Event name="StateInfo" time="91.182144993" tag="vvvvv" TaskAutoShoot.state="SHOOT" />
TaskAutoShoot.autoTask_INFO [91.187926093] <Event name="StateInfo" time="91.187733098" tag="^^^^^" TaskAutoShoot.state="SHOOT" />
TaskAutoShoot.autoTask_INFO [91.280354495] <Event name="StateInfo" time="91.277749457" tag="vvvvv" TaskAutoShoot.state="SHOOT" />
TaskAutoShoot.autoTask_INFO [91.280702583] <Event name="StateInfo" time="91.280557634" tag="^^^^^" TaskAutoShoot.state="SHOOT" />
FrcTeleOp.driverControllerButtonEvent_INFO [91.284076637] ##### button=RightBumper, pressed=true
FrcTeleOp.driverControllerButtonEvent_INFO [91.285302224] >>>>> Slow Drive
TaskAutoShoot.autoTask_INFO [91.389195379] <Event name="StateInfo" time="91.388962302" tag="vvvvv" TaskAutoShoot.state="SHOOT" />
TaskAutoShoot.autoTask_INFO [91.390343601] <Event name="StateInfo" time="91.390156927" tag="^^^^^" TaskAutoShoot.state="SHOOT" />
TaskAutoShoot.autoTask_INFO [91.495950932] <Event name="StateInfo" time="91.49550318" tag="vvvvv" TaskAutoShoot.state="SHOOT" />
TaskAutoShoot.runTaskState_INFO [91.504592275] ***** Start left shooter shooting (timedout=true, turretReady=false).
Shooter.shoot_INFO [91.507124709] shoot(owner=null, event=(TaskAutoShoot.leftShooterDone=CLEARED), shooter=leftShooter, autoStop=false)
Shooter.LeftTransferMotor.cancel_INFO [91.507945354] Cancel: stopping motor.
TaskAutoShoot.runTaskState_INFO [91.510019561] ***** Start right shooter shooting (timedout=true, turretReady=false).
Shooter.shoot_INFO [91.512072346] shoot(owner=null, event=(TaskAutoShoot.rightShooterDone=CLEARED), shooter=rightShooter, autoStop=false)
Shooter.RightTransferMotor.cancel_INFO [91.514397145] Cancel: stopping motor.
TaskAutoShoot.autoTask_INFO [91.516319045] <Event name="StateInfo" time="91.516137335" tag="^^^^^" TaskAutoShoot.state="SHOOT" />
Shooter.RightShooter.goalTrackingTask_INFO [91.824346944] Shooter.RightShooter is Ready: rpm1=4795.231370/4839.885323, rpm2=2974.218750/0.000000, tilt=23.431141/23.650936, pan=null/null
Shooter.LeftShooter.goalTrackingTask_INFO [91.904093095] Shooter.LeftShooter is Ready: rpm1=4817.758413/4831.557008, rpm2=2961.679688/0.000000, tilt=23.628777/23.592993, pan=null/null
FrcTeleOp.driverControllerButtonEvent_INFO [99.135288083] ##### button=RightBumper, pressed=false
FrcTeleOp.driverControllerButtonEvent_INFO [99.150732944] >>>>> Normal Drive
FrcTeleOp.operatorControllerButtonEvent_INFO [99.532018408] ##### button=Y, pressed=false
FrcTeleOp.shoot_INFO [99.53376534] >>>>> Stop Auto Shoot.
TaskAutoShoot.cancel_INFO [99.534284892] Canceling auto task operation.
TaskAutoShoot.stopSubsystems_INFO [99.534829422] Stopping subsystems.
Shooter.LeftTransferMotor.cancel_INFO [99.535673287] Cancel: stopping motor.
Shooter.RightTransferMotor.cancel_INFO [99.536454903] Cancel: stopping motor.
Shooter.FeederMotor.cancel_INFO [99.537093513] Cancel: stopping motor.
Shooter.LeftShooter.disableGoalTracking_INFO [99.538967714] Disable Goal Tracking.
Shooter.LeftShooter.stopGoalTracking_INFO [99.540529309] Stop GoalTracking.
Shooter.LeftTiltMotor.cancel_INFO [99.542383235] Cancel: stopping motor.
Shooter.LeftPrimaryMotor.cancel_INFO [99.543435513] Cancel: stopping motor.
Shooter.RightShooter.disableGoalTracking_INFO [99.545803741] Disable Goal Tracking.
Shooter.RightShooter.stopGoalTracking_INFO [99.546695396] Stop GoalTracking.
Shooter.RightTiltMotor.cancel_INFO [99.549328768] Cancel: stopping motor.
Shooter.RightPrimaryMotor.cancel_INFO [99.552748178] Cancel: stopping motor.
Shooter.LeftShooter.cancel_INFO [99.554002459] owner=null
Shooter.LeftPrimaryMotor.cancel_INFO [99.554904287] Cancel: stopping motor.
Shooter.LeftTiltMotor.cancel_INFO [99.555579391] Cancel: stopping motor.
Shooter.RightShooter.cancel_INFO [99.556251938] owner=null
Shooter.RightPrimaryMotor.cancel_INFO [99.55687714] Cancel: stopping motor.
Shooter.RightTiltMotor.cancel_INFO [99.557760153] Cancel: stopping motor.
Shooter.LeftTransferMotor.cancel_INFO [99.558706743] Cancel: stopping motor.
Shooter.RightTransferMotor.cancel_INFO [99.55935421] Cancel: stopping motor.
Shooter.FeederMotor.cancel_INFO [99.560107362] Cancel: stopping motor.
Shooter.stopTilt_ERR [99.564148118] StopTilt is called
Shooter.stopTilt_ERR [99.628775499] StopTilt is called
Shooter.stopTiltCallback_ERR [99.706118265] StopRightTilt was canceled.
Shooter.stopTiltCallback_ERR [99.710327973] StopLeftTilt was canceled.
Shooter.LeftTiltMotor.pidCtrlTask_INFO [99.719796608] controlMode: Position,onTarget=true(17.422985605368936/17.0), stalled=false, expired=false, event=(stopLeftTilt=SIGNALED)
Shooter.stopTiltCallback_ERR [99.725653409] StopLeftTilt was completed.
Shooter.stopTiltCallback_ERR [99.740379883] StopRightTilt was completed.
Shooter.RightTiltMotor.pidCtrlTask_INFO [99.740144356] controlMode: Position,onTarget=true(17.264876030441513/17.0), stalled=false, expired=false, event=(stopRightTilt=SIGNALED)
FrcTeleOp.operatorControllerButtonEvent_INFO [102.350341726] ##### button=Y, pressed=true
FrcTeleOp.shoot_INFO [102.350844235] >>>>> Start Auto Shoot.
TaskAutoShoot.autoShoot_INFO [102.351124664] autoShoot(owner=null, event=null, taskParams=(autoStop=false, noPassback=false, noWait=false))
Shooter.enableGoalTracking_INFO [102.351384228] EnableGoalTracking: goalTrackingParams=(trackFlywheel=true,trackTiltPos=true,trackPanPos=true), noPassback=false
Shooter.setupGoalTrackingMode_INFO [102.351907458] AlliancHub: alliance=Red, fieldLengthZone=7, fieldWidthZone=0.
Shooter.setupGoalTrackingMode_INFO [102.352555761] GoalTracking(trackingMode=AllianceHub, goalPose=(x=-158.838583,y=469.110472,angle=180.000000), noPassback=false).
Shooter.LeftShooter.enableGoalTracking_INFO [102.354021718] Enable GoalTracking (trackingParams=(trackFlywheel=true,trackTiltPos=true,trackPanPos=true)).
Shooter.LeftPrimaryMotor.cancel_INFO [102.354875564] Cancel: stopping motor.
Shooter.LeftTiltMotor.cancel_INFO [102.355297272] Cancel: stopping motor.
Shooter.RightShooter.enableGoalTracking_INFO [102.356511021] Enable GoalTracking (trackingParams=(trackFlywheel=true,trackTiltPos=true,trackPanPos=true)).
Shooter.RightPrimaryMotor.cancel_INFO [102.356896223] Cancel: stopping motor.
Shooter.RightTiltMotor.cancel_INFO [102.357439772] Cancel: stopping motor.
Shooter.enableGoalTracking_ERR [102.357860979] EnableGoalTrackingTimestamps=[102.35148783, 102.352642121, 102.356244988, 102.357628929]
TaskAutoShoot.autoTask_INFO [102.484323381] <Event name="StateInfo" time="102.484084904" tag="vvvvv" TaskAutoShoot.state="START" />
TaskAutoShoot.runTaskState_INFO [102.486920345] ***** Wait for left Shooter ready.
TaskAutoShoot.runTaskState_INFO [102.489359022] ***** Wait for right Shooter ready.
TaskAutoShoot.runTaskState_INFO [102.492461529] ***** Wait for Turret ready.
TaskAutoShoot.autoTask_INFO [102.495584878] <Event name="StateInfo" time="102.493693632" tag="^^^^^" TaskAutoShoot.state="START" />
FrcTeleOp.operatorControllerButtonEvent_INFO [102.505490003] ##### button=Y, pressed=false
FrcTeleOp.shoot_INFO [102.510243478] >>>>> Stop Auto Shoot.
TaskAutoShoot.cancel_INFO [102.511603281] Canceling auto task operation.
TaskAutoShoot.stopSubsystems_INFO [102.514511814] Stopping subsystems.
Shooter.LeftTransferMotor.cancel_INFO [102.517538421] Cancel: stopping motor.
Shooter.RightTransferMotor.cancel_INFO [102.521341969] Cancel: stopping motor.
Shooter.FeederMotor.cancel_INFO [102.524069968] Cancel: stopping motor.
Shooter.LeftShooter.disableGoalTracking_INFO [102.529485148] Disable Goal Tracking.
Shooter.LeftShooter.stopGoalTracking_INFO [102.530830914] Stop GoalTracking.
Shooter.LeftTiltMotor.cancel_INFO [102.534223012] Cancel: stopping motor.
Shooter.LeftPrimaryMotor.cancel_INFO [102.535670369] Cancel: stopping motor.
Shooter.RightShooter.disableGoalTracking_INFO [102.538063293] Disable Goal Tracking.
Shooter.RightShooter.stopGoalTracking_INFO [102.539314621] Stop GoalTracking.
Shooter.RightTiltMotor.cancel_INFO [102.541253533] Cancel: stopping motor.
Shooter.RightPrimaryMotor.cancel_INFO [102.542900281] Cancel: stopping motor.
Shooter.LeftShooter.cancel_INFO [102.544946537] owner=null
Shooter.LeftPrimaryMotor.cancel_INFO [102.548236113] Cancel: stopping motor.
Shooter.LeftTiltMotor.cancel_INFO [102.550517427] Cancel: stopping motor.
Shooter.RightShooter.cancel_INFO [102.552570486] owner=null
Shooter.RightPrimaryMotor.cancel_INFO [102.555545173] Cancel: stopping motor.
Shooter.RightTiltMotor.cancel_INFO [102.557772061] Cancel: stopping motor.
Shooter.LeftTransferMotor.cancel_INFO [102.559861123] Cancel: stopping motor.
Shooter.RightTransferMotor.cancel_INFO [102.561697801] Cancel: stopping motor.
Shooter.FeederMotor.cancel_INFO [102.564561583] Cancel: stopping motor.
Shooter.stopTilt_ERR [102.565872601] StopTilt is called
Shooter.stopTilt_ERR [102.630117593] StopTilt is called
Shooter.stopTiltCallback_ERR [102.685296617] StopRightTilt was canceled.
Shooter.stopTiltCallback_ERR [102.693858001] StopLeftTilt was canceled.
Shooter.LeftTiltMotor.pidCtrlTask_INFO [102.694707634] controlMode: Position,onTarget=true(17.185821280085054/17.0), stalled=false, expired=false, event=(stopLeftTilt=SIGNALED)
Shooter.RightTiltMotor.pidCtrlTask_INFO [102.697627298] controlMode: Position,onTarget=true(17.42298558063077/17.0), stalled=false, expired=false, event=(stopRightTilt=SIGNALED)
Shooter.stopTiltCallback_ERR [102.732099547] StopRightTilt was completed.
Shooter.stopTiltCallback_ERR [102.738590432] StopLeftTilt was completed.
FrcTeleOp.driverControllerButtonEvent_INFO [104.994170969] ##### button=RightBumper, pressed=true
FrcTeleOp.driverControllerButtonEvent_INFO [104.995216185] >>>>> Slow Drive
FrcTeleOp.driverControllerButtonEvent_INFO [105.3019139] ##### button=RightBumper, pressed=false
FrcTeleOp.driverControllerButtonEvent_INFO [105.302389915] >>>>> Normal Drive
FrcTeleOp.operatorControllerButtonEvent_INFO [106.785978778] ##### button=Y, pressed=true
FrcTeleOp.shoot_INFO [106.786792787] >>>>> Start Auto Shoot.
TaskAutoShoot.autoShoot_INFO [106.787594246] autoShoot(owner=null, event=null, taskParams=(autoStop=false, noPassback=false, noWait=false))
Shooter.enableGoalTracking_INFO [106.78787923] EnableGoalTracking: goalTrackingParams=(trackFlywheel=true,trackTiltPos=true,trackPanPos=true), noPassback=false
Shooter.setupGoalTrackingMode_INFO [106.788394808] AlliancHub: alliance=Red, fieldLengthZone=7, fieldWidthZone=0.
Shooter.setupGoalTrackingMode_INFO [106.788760732] GoalTracking(trackingMode=AllianceHub, goalPose=(x=-158.838583,y=469.110472,angle=180.000000), noPassback=false).
Shooter.LeftShooter.enableGoalTracking_INFO [106.789036549] Enable GoalTracking (trackingParams=(trackFlywheel=true,trackTiltPos=true,trackPanPos=true)).
Shooter.LeftPrimaryMotor.cancel_INFO [106.789575506] Cancel: stopping motor.
Shooter.LeftTiltMotor.cancel_INFO [106.791382766] Cancel: stopping motor.
Shooter.RightShooter.enableGoalTracking_INFO [106.792035315] Enable GoalTracking (trackingParams=(trackFlywheel=true,trackTiltPos=true,trackPanPos=true)).
Shooter.RightPrimaryMotor.cancel_INFO [106.792335063] Cancel: stopping motor.
Shooter.RightTiltMotor.cancel_INFO [106.793255703] Cancel: stopping motor.
Shooter.enableGoalTracking_ERR [106.794583427] EnableGoalTrackingTimestamps=[106.787943661, 106.788828084, 106.791812784, 106.793848919]
TaskAutoShoot.autoTask_INFO [106.906460703] <Event name="StateInfo" time="106.906203224" tag="vvvvv" TaskAutoShoot.state="START" />
TaskAutoShoot.runTaskState_INFO [106.906853198] ***** Wait for left Shooter ready.
TaskAutoShoot.runTaskState_INFO [106.907064818] ***** Wait for right Shooter ready.
TaskAutoShoot.runTaskState_INFO [106.907394848] ***** Wait for Turret ready.
TaskAutoShoot.autoTask_INFO [106.907795968] <Event name="StateInfo" time="106.907546389" tag="^^^^^" TaskAutoShoot.state="START" />
FrcTeleOp.driverControllerButtonEvent_INFO [106.911076168] ##### button=RightBumper, pressed=true
FrcTeleOp.driverControllerButtonEvent_INFO [106.911584881] >>>>> Slow Drive
TaskAutoShoot.autoTask_INFO [107.008414934] <Event name="StateInfo" time="107.008245584" tag="vvvvv" TaskAutoShoot.state="SHOOT" />
TaskAutoShoot.autoTask_INFO [107.009829492] <Event name="StateInfo" time="107.009551041" tag="^^^^^" TaskAutoShoot.state="SHOOT" />
TaskAutoShoot.autoTask_INFO [107.103768955] <Event name="StateInfo" time="107.103596856" tag="vvvvv" TaskAutoShoot.state="SHOOT" />
TaskAutoShoot.autoTask_INFO [107.11407299] <Event name="StateInfo" time="107.11389875" tag="^^^^^" TaskAutoShoot.state="SHOOT" />
TaskAutoShoot.autoTask_INFO [107.215664143] <Event name="StateInfo" time="107.213041072" tag="vvvvv" TaskAutoShoot.state="SHOOT" />
TaskAutoShoot.autoTask_INFO [107.217387516] <Event name="StateInfo" time="107.217158891" tag="^^^^^" TaskAutoShoot.state="SHOOT" />
TaskAutoShoot.autoTask_INFO [107.304478162] <Event name="StateInfo" time="107.304316519" tag="vvvvv" TaskAutoShoot.state="SHOOT" />
TaskAutoShoot.autoTask_INFO [107.311744519] <Event name="StateInfo" time="107.304659978" tag="^^^^^" TaskAutoShoot.state="SHOOT" />
TaskAutoShoot.autoTask_INFO [107.406190918] <Event name="StateInfo" time="107.405889575" tag="vvvvv" TaskAutoShoot.state="SHOOT" />
TaskAutoShoot.autoTask_INFO [107.407025998] <Event name="StateInfo" time="107.406687169" tag="^^^^^" TaskAutoShoot.state="SHOOT" />
TaskAutoShoot.autoTask_INFO [107.498788022] <Event name="StateInfo" time="107.498613085" tag="vvvvv" TaskAutoShoot.state="SHOOT" />
TaskAutoShoot.autoTask_INFO [107.499789978] <Event name="StateInfo" time="107.499204293" tag="^^^^^" TaskAutoShoot.state="SHOOT" />
TaskAutoShoot.autoTask_INFO [107.600143261] <Event name="StateInfo" time="107.599980835" tag="vvvvv" TaskAutoShoot.state="SHOOT" />
TaskAutoShoot.autoTask_INFO [107.602362542] <Event name="StateInfo" time="107.600327152" tag="^^^^^" TaskAutoShoot.state="SHOOT" />
TaskAutoShoot.autoTask_INFO [107.700320025] <Event name="StateInfo" time="107.700135317" tag="vvvvv" TaskAutoShoot.state="SHOOT" />
TaskAutoShoot.autoTask_INFO [107.701313563] <Event name="StateInfo" time="107.701161308" tag="^^^^^" TaskAutoShoot.state="SHOOT" />
TaskAutoShoot.autoTask_INFO [107.803873918] <Event name="StateInfo" time="107.803687715" tag="vvvvv" TaskAutoShoot.state="SHOOT" />
TaskAutoShoot.autoTask_INFO [107.807646755] <Event name="StateInfo" time="107.804053295" tag="^^^^^" TaskAutoShoot.state="SHOOT" />
TaskAutoShoot.autoTask_INFO [107.911325151] <Event name="StateInfo" time="107.911145594" tag="vvvvv" TaskAutoShoot.state="SHOOT" />
TaskAutoShoot.runTaskState_INFO [107.911696327] ***** Start left shooter shooting (timedout=true, turretReady=false).
Shooter.shoot_INFO [107.912296729] shoot(owner=null, event=(TaskAutoShoot.leftShooterDone=CLEARED), shooter=leftShooter, autoStop=false)
Shooter.LeftTransferMotor.cancel_INFO [107.912938131] Cancel: stopping motor.
TaskAutoShoot.runTaskState_INFO [107.916766186] ***** Start right shooter shooting (timedout=true, turretReady=false).
Shooter.shoot_INFO [107.91792372] shoot(owner=null, event=(TaskAutoShoot.rightShooterDone=CLEARED), shooter=rightShooter, autoStop=false)
Shooter.RightTransferMotor.cancel_INFO [107.919355078] Cancel: stopping motor.
TaskAutoShoot.autoTask_INFO [107.921433097] <Event name="StateInfo" time="107.920962783" tag="^^^^^" TaskAutoShoot.state="SHOOT" />
Shooter.LeftShooter.goalTrackingTask_INFO [108.005305093] Shooter.LeftShooter is Ready: rpm1=5481.643630/5566.784853, rpm2=3439.101563/0.000000, tilt=29.597457/29.280364, pan=null/null
Shooter.RightShooter.goalTrackingTask_INFO [108.202090134] Shooter.RightShooter is Ready: rpm1=5580.270433/5587.567276, rpm2=3424.101563/0.000000, tilt=29.399815/29.462349, pan=null/null
FrcTeleOp.periodic_INFO [110.057291168] >>>>> Shift[5]: Blue
FrcTeleOp.driverControllerButtonEvent_INFO [110.398282268] ##### button=A, pressed=true
FrcTeleOp.toggleIntake_INFO [110.399152584] >>>>> Toggle Intake.
FrcTeleOp.driverControllerButtonEvent_INFO [110.478820195] ##### button=A, pressed=false
FrcTeleOp.operatorControllerButtonEvent_INFO [110.85224147] ##### button=Y, pressed=false
FrcTeleOp.shoot_INFO [110.853794289] >>>>> Stop Auto Shoot.
TaskAutoShoot.cancel_INFO [110.854646794] Canceling auto task operation.
TaskAutoShoot.stopSubsystems_INFO [110.855198967] Stopping subsystems.
Shooter.LeftTransferMotor.cancel_INFO [110.855751664] Cancel: stopping motor.
Shooter.RightTransferMotor.cancel_INFO [110.856285607] Cancel: stopping motor.
Shooter.FeederMotor.cancel_INFO [110.868502038] Cancel: stopping motor.
Shooter.LeftShooter.disableGoalTracking_INFO [110.869495135] Disable Goal Tracking.
Shooter.LeftShooter.stopGoalTracking_INFO [110.870090896] Stop GoalTracking.
Shooter.LeftTiltMotor.cancel_INFO [110.870642651] Cancel: stopping motor.
Shooter.LeftPrimaryMotor.cancel_INFO [110.871421906] Cancel: stopping motor.
Shooter.RightShooter.disableGoalTracking_INFO [110.872148652] Disable Goal Tracking.
Shooter.RightShooter.stopGoalTracking_INFO [110.872882613] Stop GoalTracking.
Shooter.RightTiltMotor.cancel_INFO [110.873575246] Cancel: stopping motor.
Shooter.RightPrimaryMotor.cancel_INFO [110.875315112] Cancel: stopping motor.
Shooter.LeftShooter.cancel_INFO [110.87869029] owner=null
Shooter.LeftPrimaryMotor.cancel_INFO [110.879652554] Cancel: stopping motor.
Shooter.LeftTiltMotor.cancel_INFO [110.880911345] Cancel: stopping motor.
Shooter.RightShooter.cancel_INFO [110.881599277] owner=null
Shooter.RightPrimaryMotor.cancel_INFO [110.882231234] Cancel: stopping motor.
Shooter.RightTiltMotor.cancel_INFO [110.883211126] Cancel: stopping motor.
Shooter.LeftTransferMotor.cancel_INFO [110.883884151] Cancel: stopping motor.
Shooter.RightTransferMotor.cancel_INFO [110.885702843] Cancel: stopping motor.
Shooter.FeederMotor.cancel_INFO [110.888887311] Cancel: stopping motor.
Shooter.stopTilt_ERR [110.890414041] StopTilt is called
Shooter.stopTilt_ERR [110.959292609] StopTilt is called
Shooter.stopTiltCallback_ERR [111.021841343] StopRightTilt was canceled.
Shooter.stopTiltCallback_ERR [111.027707534] StopLeftTilt was canceled.
Shooter.LeftTiltMotor.pidCtrlTask_INFO [111.03476674] controlMode: Position,onTarget=true(17.34393083027431/17.0), stalled=false, expired=false, event=(stopLeftTilt=SIGNALED)
FrcTeleOp.driverControllerButtonEvent_INFO [111.03787789] ##### button=RightBumper, pressed=false
FrcTeleOp.driverControllerButtonEvent_INFO [111.038276934] >>>>> Normal Drive
FrcTeleOp.operatorControllerButtonEvent_INFO [111.038608037] ##### button=Y, pressed=true
FrcTeleOp.shoot_INFO [111.038967051] >>>>> Start Auto Shoot.
TaskAutoShoot.autoShoot_INFO [111.039234954] autoShoot(owner=null, event=null, taskParams=(autoStop=false, noPassback=false, noWait=false))
Shooter.enableGoalTracking_INFO [111.045279008] EnableGoalTracking: goalTrackingParams=(trackFlywheel=true,trackTiltPos=true,trackPanPos=true), noPassback=false
Shooter.setupGoalTrackingMode_INFO [111.045738153] AlliancHub: alliance=Red, fieldLengthZone=7, fieldWidthZone=0.
Shooter.setupGoalTrackingMode_INFO [111.046097364] GoalTracking(trackingMode=AllianceHub, goalPose=(x=-158.838583,y=469.110472,angle=180.000000), noPassback=false).
Shooter.LeftShooter.enableGoalTracking_INFO [111.048769674] Enable GoalTracking (trackingParams=(trackFlywheel=true,trackTiltPos=true,trackPanPos=true)).
Shooter.LeftPrimaryMotor.cancel_INFO [111.049746845] Cancel: stopping motor.
Shooter.LeftTiltMotor.cancel_INFO [111.050478608] Cancel: stopping motor.
Shooter.RightShooter.enableGoalTracking_INFO [111.052829449] Enable GoalTracking (trackingParams=(trackFlywheel=true,trackTiltPos=true,trackPanPos=true)).
Shooter.RightPrimaryMotor.cancel_INFO [111.056049645] Cancel: stopping motor.
Shooter.RightTiltMotor.cancel_INFO [111.060014099] Cancel: stopping motor.
Shooter.enableGoalTracking_ERR [111.061439493] EnableGoalTrackingTimestamps=[111.045399275, 111.047193056, 111.052353525, 111.060360599]
Shooter.stopTiltCallback_ERR [111.064857583] StopRightTilt was canceled.
Shooter.stopTiltCallback_ERR [111.066513894] StopLeftTilt was completed.
TaskAutoShoot.autoTask_INFO [111.185228459] <Event name="StateInfo" time="111.184441296" tag="vvvvv" TaskAutoShoot.state="START" />
TaskAutoShoot.runTaskState_INFO [111.186453963] ***** Wait for left Shooter ready.
TaskAutoShoot.runTaskState_INFO [111.188038021] ***** Wait for right Shooter ready.
TaskAutoShoot.runTaskState_INFO [111.190945889] ***** Wait for Turret ready.
TaskAutoShoot.autoTask_INFO [111.197076961] <Event name="StateInfo" time="111.192023678" tag="^^^^^" TaskAutoShoot.state="START" />
Shooter.TurretMotor.pidCtrlTask_INFO [111.244893526] controlMode: Position,onTarget=true(-75.737060546875/-75.3037848861957), stalled=false, expired=false, event=(TaskAutoShoot.turretReady=SIGNALED)
TaskAutoShoot.autoTask_INFO [111.294136819] <Event name="StateInfo" time="111.293959664" tag="vvvvv" TaskAutoShoot.state="SHOOT" />
TaskAutoShoot.autoTask_INFO [111.298504958] <Event name="StateInfo" time="111.297215807" tag="^^^^^" TaskAutoShoot.state="SHOOT" />
Shooter.LeftShooter.goalTrackingTask_INFO [111.371404844] Shooter.LeftShooter is Ready: rpm1=5277.007212/5290.139777, rpm2=3262.265625/0.000000, tilt=26.988616/26.985696, pan=null/null
Shooter.RightShooter.goalTrackingTask_INFO [111.404920505] Shooter.RightShooter is Ready: rpm1=5226.084736/5290.139777, rpm2=3203.085938/0.000000, tilt=26.988616/26.985696, pan=null/null
TaskAutoShoot.autoTask_INFO [111.40552665] <Event name="StateInfo" time="111.405362262" tag="vvvvv" TaskAutoShoot.state="SHOOT" />
TaskAutoShoot.runTaskState_INFO [111.407337582] ***** Start left shooter shooting (timedout=false, turretReady=true).
Shooter.shoot_INFO [111.407960123] shoot(owner=null, event=(TaskAutoShoot.leftShooterDone=CLEARED), shooter=leftShooter, autoStop=false)
Shooter.LeftTransferMotor.cancel_INFO [111.408874763] Cancel: stopping motor.
TaskAutoShoot.runTaskState_INFO [111.410172767] ***** Start right shooter shooting (timedout=false, turretReady=true).
Shooter.shoot_INFO [111.41089038] shoot(owner=null, event=(TaskAutoShoot.rightShooterDone=CLEARED), shooter=rightShooter, autoStop=false)
Shooter.RightTransferMotor.cancel_INFO [111.411604253] Cancel: stopping motor.
TaskAutoShoot.autoTask_INFO [111.412902725] <Event name="StateInfo" time="111.412394608" tag="^^^^^" TaskAutoShoot.state="SHOOT" />
Climber.Motor.isMotorStalled_INFO [113.324813933] Stall detection triggered.
Climber.Motor.checkStallReset_INFO [113.325467458] Resetting stall.
FrcTeleOp.driverControllerButtonEvent_INFO [116.403698591] ##### button=A, pressed=true
FrcTeleOp.toggleIntake_INFO [116.404647701] >>>>> Toggle Intake.
FrcTeleOp.operatorControllerButtonEvent_INFO [116.405602537] ##### button=Y, pressed=false
FrcTeleOp.shoot_INFO [116.413709506] >>>>> Stop Auto Shoot.
TaskAutoShoot.cancel_INFO [116.414247168] Canceling auto task operation.
TaskAutoShoot.stopSubsystems_INFO [116.415011674] Stopping subsystems.
Shooter.LeftTransferMotor.cancel_INFO [116.415683624] Cancel: stopping motor.
Shooter.RightTransferMotor.cancel_INFO [116.416276571] Cancel: stopping motor.
Shooter.FeederMotor.cancel_INFO [116.417424344] Cancel: stopping motor.
Shooter.LeftShooter.disableGoalTracking_INFO [116.418695751] Disable Goal Tracking.
Shooter.LeftShooter.stopGoalTracking_INFO [116.425079063] Stop GoalTracking.
Shooter.LeftTiltMotor.cancel_INFO [116.426020897] Cancel: stopping motor.
Shooter.LeftPrimaryMotor.cancel_INFO [116.43665244] Cancel: stopping motor.
Shooter.RightShooter.disableGoalTracking_INFO [116.438374288] Disable Goal Tracking.
Shooter.RightShooter.stopGoalTracking_INFO [116.439392495] Stop GoalTracking.
Shooter.RightTiltMotor.cancel_INFO [116.440352056] Cancel: stopping motor.
Shooter.RightPrimaryMotor.cancel_INFO [116.44521252] Cancel: stopping motor.
Shooter.LeftShooter.cancel_INFO [116.44660104] owner=null
Shooter.LeftPrimaryMotor.cancel_INFO [116.449083077] Cancel: stopping motor.
Shooter.LeftTiltMotor.cancel_INFO [116.450764263] Cancel: stopping motor.
Shooter.RightShooter.cancel_INFO [116.465006888] owner=null
Shooter.RightPrimaryMotor.cancel_INFO [116.470146564] Cancel: stopping motor.
Shooter.RightTiltMotor.cancel_INFO [116.485863412] Cancel: stopping motor.
Shooter.LeftTransferMotor.cancel_INFO [116.489842854] Cancel: stopping motor.
Shooter.RightTransferMotor.cancel_INFO [116.495943057] Cancel: stopping motor.
Shooter.FeederMotor.cancel_INFO [116.499289598] Cancel: stopping motor.
Shooter.stopTilt_ERR [116.501504408] StopTilt is called
Shooter.stopTilt_ERR [116.573619379] StopTilt is called
Shooter.LeftTiltMotor.pidCtrlTask_INFO [116.603646569] controlMode: Position,onTarget=true(17.06723916691945/17.0), stalled=false, expired=false, event=(stopLeftTilt=SIGNALED)
Shooter.stopTiltCallback_ERR [116.625356337] StopLeftTilt was completed.
Shooter.stopTiltCallback_ERR [116.626503094] StopRightTilt was canceled.
Shooter.stopTiltCallback_ERR [116.629561737] StopLeftTilt was canceled.
Shooter.RightTiltMotor.pidCtrlTask_INFO [116.628610458] controlMode: Position,onTarget=true(17.502040355725395/17.0), stalled=false, expired=false, event=(stopRightTilt=SIGNALED)
FrcTeleOp.driverControllerButtonEvent_INFO [116.640779681] ##### button=A, pressed=false
Shooter.stopTiltCallback_ERR [116.642813589] StopRightTilt was completed.
FrcTeleOp.operatorControllerButtonEvent_INFO [117.518127663] ##### button=B, pressed=true
FrcTeleOp.operatorControllerButtonEvent_INFO [117.519336622] >>>>> Enable GoalTracking with pre-spin.
Shooter.enableGoalTracking_INFO [117.520281601] EnableGoalTracking: goalTrackingParams=(trackFlywheel=true,trackTiltPos=false,trackPanPos=true), noPassback=false
Shooter.setupGoalTrackingMode_INFO [117.521203467] AlliancHub: alliance=Red, fieldLengthZone=7, fieldWidthZone=0.
Shooter.setupGoalTrackingMode_INFO [117.52200353] GoalTracking(trackingMode=AllianceHub, goalPose=(x=-158.838583,y=469.110472,angle=180.000000), noPassback=false).
Shooter.LeftShooter.enableGoalTracking_INFO [117.522561421] Enable GoalTracking (trackingParams=(trackFlywheel=true,trackTiltPos=false,trackPanPos=true)).
Shooter.LeftPrimaryMotor.cancel_INFO [117.523508037] Cancel: stopping motor.
Shooter.LeftTiltMotor.cancel_INFO [117.524259481] Cancel: stopping motor.
Shooter.RightShooter.enableGoalTracking_INFO [117.52503983] Enable GoalTracking (trackingParams=(trackFlywheel=true,trackTiltPos=false,trackPanPos=true)).
Shooter.RightPrimaryMotor.cancel_INFO [117.525770923] Cancel: stopping motor.
Shooter.RightTiltMotor.cancel_INFO [117.526646152] Cancel: stopping motor.
Shooter.enableGoalTracking_ERR [117.527356061] EnableGoalTrackingTimestamps=[117.520594067, 117.522331942, 117.524814336, 117.527107522]
FrcTeleOp.operatorControllerButtonEvent_INFO [117.63099034] ##### button=B, pressed=false
Shooter.fieldTriggerCallback_INFO [118.052979382] FieldTriggerCallback: canceled=false, zoneCtxt=(value=-187.788582,prevZone=0,currZone=1)
Shooter.setupGoalTrackingMode_INFO [118.053967568] AlliancHub: alliance=Red, fieldLengthZone=7, fieldWidthZone=1.
Shooter.setupGoalTrackingMode_INFO [118.054576305] GoalTracking(trackingMode=AllianceHub, goalPose=(x=-158.838583,y=469.110472,angle=180.000000), noPassback=false).
Shooter.fieldTriggerCallback_INFO [118.686306917] FieldTriggerCallback: canceled=false, zoneCtxt=(value=-158.545812,prevZone=1,currZone=2)
Shooter.setupGoalTrackingMode_INFO [118.686958247] AlliancHub: alliance=Red, fieldLengthZone=7, fieldWidthZone=2.
Shooter.setupGoalTrackingMode_INFO [118.687528984] GoalTracking(trackingMode=AllianceHub, goalPose=(x=-158.838583,y=469.110472,angle=180.000000), noPassback=false).
Shooter.fieldTriggerCallback_INFO [119.495063554] FieldTriggerCallback: canceled=false, zoneCtxt=(value=-128.679666,prevZone=2,currZone=3)
Shooter.setupGoalTrackingMode_INFO [119.500808723] AlliancHub: alliance=Red, fieldLengthZone=7, fieldWidthZone=3.
Shooter.setupGoalTrackingMode_INFO [119.501649609] GoalTracking(trackingMode=AllianceHub, goalPose=(x=-158.838583,y=469.110472,angle=180.000000), noPassback=false).
FrcTeleOp.driverControllerButtonEvent_INFO [119.540647565] ##### button=RightBumper, pressed=true
FrcTeleOp.driverControllerButtonEvent_INFO [119.545141226] >>>>> Slow Drive
FrcTeleOp.driverControllerButtonEvent_INFO [120.014161202] ##### button=RightBumper, pressed=false
FrcTeleOp.driverControllerButtonEvent_INFO [120.014952353] >>>>> Normal Drive
Shooter.fieldTriggerCallback_INFO [122.506059656] FieldTriggerCallback: canceled=false, zoneCtxt=(value=-129.768103,prevZone=3,currZone=2)
Shooter.setupGoalTrackingMode_INFO [122.506762738] AlliancHub: alliance=Red, fieldLengthZone=7, fieldWidthZone=2.
Shooter.setupGoalTrackingMode_INFO [122.507579273] GoalTracking(trackingMode=AllianceHub, goalPose=(x=-158.838583,y=469.110472,angle=180.000000), noPassback=false).
Shooter.fieldTriggerCallback_INFO [122.839709508] FieldTriggerCallback: canceled=false, zoneCtxt=(value=-162.224873,prevZone=2,currZone=1)
Shooter.setupGoalTrackingMode_INFO [122.841227704] AlliancHub: alliance=Red, fieldLengthZone=7, fieldWidthZone=1.
Shooter.setupGoalTrackingMode_INFO [122.841968602] GoalTracking(trackingMode=AllianceHub, goalPose=(x=-158.838583,y=469.110472,angle=180.000000), noPassback=false).
Shooter.fieldTriggerCallback_INFO [123.131935518] FieldTriggerCallback: canceled=false, zoneCtxt=(value=-190.807046,prevZone=1,currZone=0)
Shooter.setupGoalTrackingMode_INFO [123.144313403] AlliancHub: alliance=Red, fieldLengthZone=7, fieldWidthZone=0.
Shooter.setupGoalTrackingMode_INFO [123.145002328] GoalTracking(trackingMode=AllianceHub, goalPose=(x=-158.838583,y=469.110472,angle=180.000000), noPassback=false).
FrcTeleOp.driverControllerButtonEvent_INFO [123.976073814] ##### button=RightBumper, pressed=true
FrcTeleOp.driverControllerButtonEvent_INFO [123.981304534] >>>>> Slow Drive
FrcTeleOp.driverControllerButtonEvent_INFO [124.396255693] ##### button=A, pressed=true
FrcTeleOp.toggleIntake_INFO [124.398701702] >>>>> Toggle Intake.
FrcTeleOp.driverControllerButtonEvent_INFO [124.468860472] ##### button=A, pressed=false
FrcTeleOp.driverControllerButtonEvent_INFO [124.689413483] ##### button=RightBumper, pressed=false
FrcTeleOp.driverControllerButtonEvent_INFO [124.691166086] >>>>> Normal Drive
FrcTeleOp.operatorControllerButtonEvent_INFO [124.691956546] ##### button=Y, pressed=true
FrcTeleOp.shoot_INFO [124.693153346] >>>>> Start Auto Shoot.
TaskAutoShoot.autoShoot_INFO [124.69459119] autoShoot(owner=null, event=null, taskParams=(autoStop=false, noPassback=false, noWait=true))
Shooter.enableGoalTracking_INFO [124.695805406] EnableGoalTracking: goalTrackingParams=(trackFlywheel=true,trackTiltPos=true,trackPanPos=true), noPassback=false
Shooter.setupGoalTrackingMode_INFO [124.696948789] AlliancHub: alliance=Red, fieldLengthZone=7, fieldWidthZone=0.
Shooter.setupGoalTrackingMode_INFO [124.698730309] GoalTracking(trackingMode=AllianceHub, goalPose=(x=-158.838583,y=469.110472,angle=180.000000), noPassback=false).
Shooter.LeftShooter.enableGoalTracking_INFO [124.699647831] Enable GoalTracking (trackingParams=(trackFlywheel=true,trackTiltPos=true,trackPanPos=true)).
Shooter.LeftPrimaryMotor.cancel_INFO [124.701340971] Cancel: stopping motor.
Shooter.LeftTiltMotor.cancel_INFO [124.706854983] Cancel: stopping motor.
Shooter.RightShooter.enableGoalTracking_INFO [124.709157079] Enable GoalTracking (trackingParams=(trackFlywheel=true,trackTiltPos=true,trackPanPos=true)).
Shooter.RightPrimaryMotor.cancel_INFO [124.711076544] Cancel: stopping motor.
Shooter.RightTiltMotor.cancel_INFO [124.713552335] Cancel: stopping motor.
Shooter.enableGoalTracking_ERR [124.715821581] EnableGoalTrackingTimestamps=[124.696530086, 124.699390242, 124.708738579, 124.71533803]
TaskAutoShoot.autoTask_INFO [124.841061815] <Event name="StateInfo" time="124.840761707" tag="vvvvv" TaskAutoShoot.state="START" />
TaskAutoShoot.runTaskState_INFO [124.847026256] ***** Wait for left Shooter ready.
TaskAutoShoot.runTaskState_INFO [124.848224717] ***** Wait for right Shooter ready.
TaskAutoShoot.runTaskState_INFO [124.850581872] ***** Wait for Turret ready.
TaskAutoShoot.autoTask_INFO [124.851604932] <Event name="StateInfo" time="124.851370955" tag="^^^^^" TaskAutoShoot.state="START" />
Shooter.TurretMotor.pidCtrlTask_INFO [124.896784095] controlMode: Position,onTarget=true(74.81938171386719/74.62689839733294), stalled=false, expired=false, event=(TaskAutoShoot.turretReady=SIGNALED)
TaskAutoShoot.autoTask_INFO [124.942872448] <Event name="StateInfo" time="124.942688098" tag="vvvvv" TaskAutoShoot.state="SHOOT" />
TaskAutoShoot.runTaskState_INFO [124.943834661] ***** Start left shooter shooting (timedout=false, turretReady=true).
Shooter.shoot_INFO [124.947425779] shoot(owner=null, event=(TaskAutoShoot.leftShooterDone=CLEARED), shooter=leftShooter, autoStop=false)
Shooter.LeftTransferMotor.cancel_INFO [124.949781099] Cancel: stopping motor.
TaskAutoShoot.runTaskState_INFO [124.951773877] ***** Start right shooter shooting (timedout=false, turretReady=true).
Shooter.shoot_INFO [124.95555474] shoot(owner=null, event=(TaskAutoShoot.rightShooterDone=CLEARED), shooter=rightShooter, autoStop=false)
Shooter.RightTransferMotor.cancel_INFO [124.957318265] Cancel: stopping motor.
TaskAutoShoot.autoTask_INFO [124.959656303] <Event name="StateInfo" time="124.95931015" tag="^^^^^" TaskAutoShoot.state="SHOOT" />
Shooter.RightShooter.goalTrackingTask_INFO [125.05880871] Shooter.RightShooter is Ready: rpm1=5211.887019/5275.919668, rpm2=3209.414063/0.000000, tilt=26.830504/26.873499, pan=null/null
Shooter.LeftShooter.goalTrackingTask_INFO [125.121147728] Shooter.LeftShooter is Ready: rpm1=5331.526442/5277.976729, rpm2=3297.070313/0.000000, tilt=26.870033/26.889697, pan=null/null
Climber.Motor.isMotorStalled_INFO [127.902663191] Stall detection triggered.
Climber.Motor.checkStallReset_INFO [127.904044098] Resetting stall.
FrcTeleOp.driverControllerButtonEvent_INFO [128.749322572] ##### button=A, pressed=true
FrcTeleOp.toggleIntake_INFO [128.751875517] >>>>> Toggle Intake.
FrcTeleOp.driverControllerButtonEvent_INFO [128.851409352] ##### button=A, pressed=false
FrcTeleOp.operatorControllerButtonEvent_INFO [130.55416702] ##### button=Y, pressed=false
FrcTeleOp.shoot_INFO [130.559816124] >>>>> Stop Auto Shoot.
TaskAutoShoot.cancel_INFO [130.563932074] Canceling auto task operation.
TaskAutoShoot.stopSubsystems_INFO [130.565675235] Stopping subsystems.
Shooter.LeftTransferMotor.cancel_INFO [130.567839239] Cancel: stopping motor.
Shooter.RightTransferMotor.cancel_INFO [130.569482902] Cancel: stopping motor.
Shooter.FeederMotor.cancel_INFO [130.570973715] Cancel: stopping motor.
Shooter.LeftShooter.disableGoalTracking_INFO [130.572365819] Disable Goal Tracking.
Shooter.LeftShooter.stopGoalTracking_INFO [130.573786079] Stop GoalTracking.
Shooter.LeftTiltMotor.cancel_INFO [130.575185106] Cancel: stopping motor.
Shooter.LeftPrimaryMotor.cancel_INFO [130.576612716] Cancel: stopping motor.
Shooter.RightShooter.disableGoalTracking_INFO [130.578521358] Disable Goal Tracking.
Shooter.RightShooter.stopGoalTracking_INFO [130.579655485] Stop GoalTracking.
Shooter.RightTiltMotor.cancel_INFO [130.580967622] Cancel: stopping motor.
Shooter.RightPrimaryMotor.cancel_INFO [130.582187531] Cancel: stopping motor.
Shooter.LeftShooter.cancel_INFO [130.584196852] owner=null
Shooter.LeftPrimaryMotor.cancel_INFO [130.58549267] Cancel: stopping motor.
Shooter.LeftTiltMotor.cancel_INFO [130.586783956] Cancel: stopping motor.
Shooter.RightShooter.cancel_INFO [130.588778914] owner=null
Shooter.RightPrimaryMotor.cancel_INFO [130.590352361] Cancel: stopping motor.
Shooter.RightTiltMotor.cancel_INFO [130.591890505] Cancel: stopping motor.
Shooter.LeftTransferMotor.cancel_INFO [130.593460446] Cancel: stopping motor.
Shooter.RightTransferMotor.cancel_INFO [130.594994506] Cancel: stopping motor.
Shooter.FeederMotor.cancel_INFO [130.596157105] Cancel: stopping motor.
Shooter.stopTilt_ERR [130.597626403] StopTilt is called
Shooter.stopTilt_ERR [130.639866833] StopTilt is called
Shooter.LeftTiltMotor.pidCtrlTask_INFO [130.699389878] controlMode: Position,onTarget=true(16.988184391824824/17.0), stalled=false, expired=false, event=(stopLeftTilt=SIGNALED)
Shooter.stopTiltCallback_ERR [130.70181203] StopLeftTilt was completed.
Shooter.RightTiltMotor.pidCtrlTask_INFO [130.710710189] controlMode: Position,onTarget=true(17.14629391727591/17.0), stalled=false, expired=false, event=(stopRightTilt=SIGNALED)
Shooter.stopTiltCallback_ERR [130.704912445] StopRightTilt was canceled.
Shooter.stopTiltCallback_ERR [130.713962896] StopLeftTilt was canceled.
Shooter.stopTiltCallback_ERR [130.72610348] StopRightTilt was completed.
FrcTeleOp.driverControllerButtonEvent_INFO [130.777246997] ##### button=A, pressed=true
FrcTeleOp.toggleIntake_INFO [130.77778951] >>>>> Toggle Intake.
FrcTeleOp.driverControllerButtonEvent_INFO [130.826515058] ##### button=A, pressed=false
FrcTeleOp.driverControllerButtonEvent_INFO [131.857213229] ##### button=A, pressed=true
FrcTeleOp.toggleIntake_INFO [131.858074167] >>>>> Toggle Intake.
FrcTeleOp.driverControllerButtonEvent_INFO [132.01067165] ##### button=A, pressed=false
FrcTeleOp.operatorControllerButtonEvent_INFO [132.216148466] ##### button=B, pressed=true
FrcTeleOp.operatorControllerButtonEvent_INFO [132.216657495] >>>>> Enable GoalTracking with pre-spin.
Shooter.enableGoalTracking_INFO [132.217005317] EnableGoalTracking: goalTrackingParams=(trackFlywheel=true,trackTiltPos=false,trackPanPos=true), noPassback=false
Shooter.setupGoalTrackingMode_INFO [132.220938947] AlliancHub: alliance=Red, fieldLengthZone=7, fieldWidthZone=0.
Shooter.setupGoalTrackingMode_INFO [132.223846247] GoalTracking(trackingMode=AllianceHub, goalPose=(x=-158.838583,y=469.110472,angle=180.000000), noPassback=false).
Shooter.LeftShooter.enableGoalTracking_INFO [132.227650393] Enable GoalTracking (trackingParams=(trackFlywheel=true,trackTiltPos=false,trackPanPos=true)).
Shooter.LeftPrimaryMotor.cancel_INFO [132.229627005] Cancel: stopping motor.
Shooter.LeftTiltMotor.cancel_INFO [132.235321672] Cancel: stopping motor.
Shooter.RightShooter.enableGoalTracking_INFO [132.238401906] Enable GoalTracking (trackingParams=(trackFlywheel=true,trackTiltPos=false,trackPanPos=true)).
Shooter.RightPrimaryMotor.cancel_INFO [132.240548441] Cancel: stopping motor.
Shooter.RightTiltMotor.cancel_INFO [132.241005463] Cancel: stopping motor.
Shooter.enableGoalTracking_ERR [132.244581414] EnableGoalTrackingTimestamps=[132.217090817, 132.227393805, 132.238155133, 132.243255209]
FrcTeleOp.operatorControllerButtonEvent_INFO [132.29081625] ##### button=B, pressed=false
FrcTeleOp.operatorControllerButtonEvent_INFO [133.539568409] ##### button=Y, pressed=true
FrcTeleOp.shoot_INFO [133.540774501] >>>>> Start Auto Shoot.
TaskAutoShoot.autoShoot_INFO [133.541517521] autoShoot(owner=null, event=null, taskParams=(autoStop=false, noPassback=false, noWait=true))
Shooter.enableGoalTracking_INFO [133.544097941] EnableGoalTracking: goalTrackingParams=(trackFlywheel=true,trackTiltPos=true,trackPanPos=true), noPassback=false
Shooter.setupGoalTrackingMode_INFO [133.544571555] AlliancHub: alliance=Red, fieldLengthZone=7, fieldWidthZone=0.
Shooter.setupGoalTrackingMode_INFO [133.544928092] GoalTracking(trackingMode=AllianceHub, goalPose=(x=-158.838583,y=469.110472,angle=180.000000), noPassback=false).
Shooter.LeftShooter.enableGoalTracking_INFO [133.548486902] Enable GoalTracking (trackingParams=(trackFlywheel=true,trackTiltPos=true,trackPanPos=true)).
Shooter.LeftPrimaryMotor.cancel_INFO [133.549120008] Cancel: stopping motor.
Shooter.LeftTiltMotor.cancel_INFO [133.549827452] Cancel: stopping motor.
Shooter.RightShooter.enableGoalTracking_INFO [133.55038892] Enable GoalTracking (trackingParams=(trackFlywheel=true,trackTiltPos=true,trackPanPos=true)).
Shooter.RightPrimaryMotor.cancel_INFO [133.550844408] Cancel: stopping motor.
Shooter.RightTiltMotor.cancel_INFO [133.551682197] Cancel: stopping motor.
Shooter.enableGoalTracking_ERR [133.552236523] EnableGoalTrackingTimestamps=[133.544224783, 133.544995548, 133.550142982, 133.551940666]
TaskAutoShoot.autoTask_INFO [133.677056614] <Event name="StateInfo" time="133.676784456" tag="vvvvv" TaskAutoShoot.state="START" />
TaskAutoShoot.runTaskState_INFO [133.68216281] ***** Wait for left Shooter ready.
TaskAutoShoot.runTaskState_INFO [133.683714341] ***** Wait for right Shooter ready.
TaskAutoShoot.runTaskState_INFO [133.685891972] ***** Wait for Turret ready.
TaskAutoShoot.autoTask_INFO [133.689259548] <Event name="StateInfo" time="133.686043149" tag="^^^^^" TaskAutoShoot.state="START" />
TaskAutoShoot.autoTask_INFO [133.879506005] <Event name="StateInfo" time="133.879321863" tag="vvvvv" TaskAutoShoot.state="SHOOT" />
TaskAutoShoot.runTaskState_INFO [133.881091715] ***** Start left shooter shooting (timedout=false, turretReady=true).
Shooter.shoot_INFO [133.882852858] shoot(owner=null, event=(TaskAutoShoot.leftShooterDone=CLEARED), shooter=leftShooter, autoStop=false)
Shooter.LeftTransferMotor.cancel_INFO [133.897682627] Cancel: stopping motor.
TaskAutoShoot.runTaskState_INFO [133.899506641] ***** Start right shooter shooting (timedout=false, turretReady=true).
Shooter.shoot_INFO [133.901414539] shoot(owner=null, event=(TaskAutoShoot.rightShooterDone=CLEARED), shooter=rightShooter, autoStop=false)
Shooter.RightTransferMotor.cancel_INFO [133.901741636] Cancel: stopping motor.
TaskAutoShoot.autoTask_INFO [133.905491544] <Event name="StateInfo" time="133.905314969" tag="^^^^^" TaskAutoShoot.state="SHOOT" />
FrcTeleOp.driverControllerButtonEvent_INFO [134.442699426] ##### button=A, pressed=true
FrcTeleOp.toggleIntake_INFO [134.444035508] >>>>> Toggle Intake.
FrcTeleOp.driverControllerButtonEvent_INFO [134.551068963] ##### button=A, pressed=false
FrcTeleOp.driverControllerButtonEvent_INFO [134.634049846] ##### button=RightBumper, pressed=true
FrcTeleOp.driverControllerButtonEvent_INFO [134.6376247] >>>>> Slow Drive
Shooter.RightShooter.goalTrackingTask_INFO [135.098694115] Shooter.RightShooter is Ready: rpm1=5219.648438/5206.901472, rpm2=3240.000000/0.000000, tilt=26.711920/26.336017, pan=null/null
Shooter.LeftShooter.goalTrackingTask_INFO [135.172404031] Shooter.LeftShooter is Ready: rpm1=5229.681490/5163.071156, rpm2=3261.679688/0.000000, tilt=26.356170/26.000545, pan=null/null
FrcTeleOp.operatorControllerButtonEvent_INFO [138.081055938] ##### button=Y, pressed=false
FrcTeleOp.shoot_INFO [138.083951868] >>>>> Stop Auto Shoot.
TaskAutoShoot.cancel_INFO [138.084871133] Canceling auto task operation.
TaskAutoShoot.stopSubsystems_INFO [138.086084042] Stopping subsystems.
Shooter.LeftTransferMotor.cancel_INFO [138.090969828] Cancel: stopping motor.
Shooter.RightTransferMotor.cancel_INFO [138.092390612] Cancel: stopping motor.
Shooter.FeederMotor.cancel_INFO [138.093991103] Cancel: stopping motor.
Shooter.LeftShooter.disableGoalTracking_INFO [138.095054843] Disable Goal Tracking.
Shooter.LeftShooter.stopGoalTracking_INFO [138.095971484] Stop GoalTracking.
Shooter.LeftTiltMotor.cancel_INFO [138.097256474] Cancel: stopping motor.
Shooter.LeftPrimaryMotor.cancel_INFO [138.09840105] Cancel: stopping motor.
Shooter.RightShooter.disableGoalTracking_INFO [138.102412138] Disable Goal Tracking.
Shooter.RightShooter.stopGoalTracking_INFO [138.103611432] Stop GoalTracking.
Shooter.RightTiltMotor.cancel_INFO [138.104447836] Cancel: stopping motor.
Shooter.RightPrimaryMotor.cancel_INFO [138.105557326] Cancel: stopping motor.
Shooter.LeftShooter.cancel_INFO [138.107190503] owner=null
Shooter.LeftPrimaryMotor.cancel_INFO [138.108429969] Cancel: stopping motor.
Shooter.LeftTiltMotor.cancel_INFO [138.109769725] Cancel: stopping motor.
Shooter.RightShooter.cancel_INFO [138.113773219] owner=null
Shooter.RightPrimaryMotor.cancel_INFO [138.115833069] Cancel: stopping motor.
Shooter.RightTiltMotor.cancel_INFO [138.117986343] Cancel: stopping motor.
Shooter.LeftTransferMotor.cancel_INFO [138.120573633] Cancel: stopping motor.
Shooter.RightTransferMotor.cancel_INFO [138.124613377] Cancel: stopping motor.
Shooter.FeederMotor.cancel_INFO [138.126858065] Cancel: stopping motor.
Shooter.stopTilt_ERR [138.12887491] StopTilt is called
Shooter.stopTilt_ERR [138.21643622] StopTilt is called
Shooter.LeftTiltMotor.pidCtrlTask_INFO [138.250460024] controlMode: Position,onTarget=true(17.89731484965274/17.0), stalled=false, expired=false, event=(stopLeftTilt=SIGNALED)
Shooter.stopTiltCallback_ERR [138.277852642] StopLeftTilt was completed.
Shooter.stopTiltCallback_ERR [138.280755922] StopRightTilt was canceled.
Shooter.stopTiltCallback_ERR [138.283790486] StopLeftTilt was canceled.
Shooter.RightTiltMotor.pidCtrlTask_INFO [138.290059755] controlMode: Position,onTarget=true(17.818259752961925/17.0), stalled=false, expired=false, event=(stopRightTilt=SIGNALED)
FrcTeleOp.driverControllerButtonEvent_INFO [138.295289316] ##### button=RightBumper, pressed=false
FrcTeleOp.driverControllerButtonEvent_INFO [138.297398747] >>>>> Normal Drive
Shooter.stopTiltCallback_ERR [138.299968215] StopRightTilt was completed.
FrcTeleOp.driverControllerButtonEvent_INFO [138.981497533] ##### button=A, pressed=true
FrcTeleOp.toggleIntake_INFO [138.984003669] >>>>> Toggle Intake.
FrcTeleOp.driverControllerButtonEvent_INFO [139.13466528] ##### button=A, pressed=false
FrcTeleOp.operatorControllerButtonEvent_INFO [139.907898002] ##### button=Y, pressed=true
FrcTeleOp.shoot_INFO [139.908504383] >>>>> Start Auto Shoot.
TaskAutoShoot.autoShoot_INFO [139.908842026] autoShoot(owner=null, event=null, taskParams=(autoStop=false, noPassback=false, noWait=false))
Shooter.enableGoalTracking_INFO [139.914449377] EnableGoalTracking: goalTrackingParams=(trackFlywheel=true,trackTiltPos=true,trackPanPos=true), noPassback=false
Shooter.setupGoalTrackingMode_INFO [139.914994879] AlliancHub: alliance=Red, fieldLengthZone=7, fieldWidthZone=0.
Shooter.setupGoalTrackingMode_INFO [139.915466472] GoalTracking(trackingMode=AllianceHub, goalPose=(x=-158.838583,y=469.110472,angle=180.000000), noPassback=false).
Shooter.LeftShooter.enableGoalTracking_INFO [139.915775702] Enable GoalTracking (trackingParams=(trackFlywheel=true,trackTiltPos=true,trackPanPos=true)).
Shooter.LeftPrimaryMotor.cancel_INFO [139.916289801] Cancel: stopping motor.
Shooter.LeftTiltMotor.cancel_INFO [139.916896442] Cancel: stopping motor.
Shooter.RightShooter.enableGoalTracking_INFO [139.917696242] Enable GoalTracking (trackingParams=(trackFlywheel=true,trackTiltPos=true,trackPanPos=true)).
Shooter.RightPrimaryMotor.cancel_INFO [139.918047656] Cancel: stopping motor.
Shooter.RightTiltMotor.cancel_INFO [139.918538693] Cancel: stopping motor.
Shooter.enableGoalTracking_ERR [139.922976658] EnableGoalTrackingTimestamps=[139.91455077, 139.915542748, 139.917443682, 139.918772827]
TaskAutoShoot.autoTask_INFO [140.020843975] <Event name="StateInfo" time="140.020407844" tag="vvvvv" TaskAutoShoot.state="START" />
TaskAutoShoot.runTaskState_INFO [140.025624249] ***** Wait for left Shooter ready.
TaskAutoShoot.runTaskState_INFO [140.028947954] ***** Wait for right Shooter ready.
TaskAutoShoot.runTaskState_INFO [140.031185656] ***** Wait for Turret ready.
TaskAutoShoot.autoTask_INFO [140.034712636] <Event name="StateInfo" time="140.034180293" tag="^^^^^" TaskAutoShoot.state="START" />
TaskAutoShoot.autoTask_INFO [140.225548074] <Event name="StateInfo" time="140.225362501" tag="vvvvv" TaskAutoShoot.state="SHOOT" />
TaskAutoShoot.autoTask_INFO [140.226024839] <Event name="StateInfo" time="140.225743226" tag="^^^^^" TaskAutoShoot.state="SHOOT" />
TaskAutoShoot.autoTask_INFO [140.322541277] <Event name="StateInfo" time="140.3223004" tag="vvvvv" TaskAutoShoot.state="SHOOT" />
TaskAutoShoot.autoTask_INFO [140.322987898] <Event name="StateInfo" time="140.322836786" tag="^^^^^" TaskAutoShoot.state="SHOOT" />
FrcTeleOp.driverControllerButtonEvent_INFO [140.335716402] ##### button=A, pressed=true
FrcTeleOp.toggleIntake_INFO [140.341080379] >>>>> Toggle Intake.
TaskAutoShoot.autoTask_INFO [140.420110398] <Event name="StateInfo" time="140.419874548" tag="vvvvv" TaskAutoShoot.state="SHOOT" />
TaskAutoShoot.autoTask_INFO [140.422095614] <Event name="StateInfo" time="140.421768198" tag="^^^^^" TaskAutoShoot.state="SHOOT" />
FrcTeleOp.driverControllerButtonEvent_INFO [140.427315418] ##### button=A, pressed=false
TaskAutoShoot.autoTask_INFO [140.513904791] <Event name="StateInfo" time="140.513723524" tag="vvvvv" TaskAutoShoot.state="SHOOT" />
TaskAutoShoot.autoTask_INFO [140.515203782] <Event name="StateInfo" time="140.515046051" tag="^^^^^" TaskAutoShoot.state="SHOOT" />
Shooter.LeftShooter.goalTrackingTask_INFO [140.580525224] Shooter.LeftShooter is Ready: rpm1=4540.808293/4547.369180, rpm2=2768.320313/0.000000, tilt=21.652412/21.682961, pan=null/null
Shooter.RightShooter.goalTrackingTask_INFO [140.610974479] Shooter.RightShooter is Ready: rpm1=4482.313702/4547.369180, rpm2=2730.703125/0.000000, tilt=21.652412/21.682961, pan=null/null
TaskAutoShoot.autoTask_INFO [140.611988551] <Event name="StateInfo" time="140.611817814" tag="vvvvv" TaskAutoShoot.state="SHOOT" />
TaskAutoShoot.autoTask_INFO [140.613330248] <Event name="StateInfo" time="140.612964559" tag="^^^^^" TaskAutoShoot.state="SHOOT" />
TaskAutoShoot.autoTask_INFO [140.715880281] <Event name="StateInfo" time="140.715608733" tag="vvvvv" TaskAutoShoot.state="SHOOT" />
TaskAutoShoot.autoTask_INFO [140.718842666] <Event name="StateInfo" time="140.718623144" tag="^^^^^" TaskAutoShoot.state="SHOOT" />
TaskAutoShoot.autoTask_INFO [140.805175798] <Event name="StateInfo" time="140.804983396" tag="vvvvv" TaskAutoShoot.state="SHOOT" />
TaskAutoShoot.autoTask_INFO [140.812828117] <Event name="StateInfo" time="140.805599065" tag="^^^^^" TaskAutoShoot.state="SHOOT" />
TaskAutoShoot.autoTask_INFO [140.900804512] <Event name="StateInfo" time="140.900581469" tag="vvvvv" TaskAutoShoot.state="SHOOT" />
TaskAutoShoot.autoTask_INFO [140.902424189] <Event name="StateInfo" time="140.900986545" tag="^^^^^" TaskAutoShoot.state="SHOOT" />
TaskAutoShoot.autoTask_INFO [141.000585096] <Event name="StateInfo" time="141.000408857" tag="vvvvv" TaskAutoShoot.state="SHOOT" />
TaskAutoShoot.autoTask_INFO [141.000917964] <Event name="StateInfo" time="141.000778236" tag="^^^^^" TaskAutoShoot.state="SHOOT" />
TaskAutoShoot.autoTask_INFO [141.111140601] <Event name="StateInfo" time="141.110961015" tag="vvvvv" TaskAutoShoot.state="SHOOT" />
TaskAutoShoot.runTaskState_INFO [141.11362414] ***** Start left shooter shooting (timedout=true, turretReady=false).
Shooter.shoot_INFO [141.114719957] shoot(owner=null, event=(TaskAutoShoot.leftShooterDone=CLEARED), shooter=leftShooter, autoStop=false)
Shooter.LeftTransferMotor.cancel_INFO [141.11657152] Cancel: stopping motor.
TaskAutoShoot.runTaskState_INFO [141.119144535] ***** Start right shooter shooting (timedout=true, turretReady=false).
Shooter.shoot_INFO [141.122040915] shoot(owner=null, event=(TaskAutoShoot.rightShooterDone=CLEARED), shooter=rightShooter, autoStop=false)
Shooter.RightTransferMotor.cancel_INFO [141.123989493] Cancel: stopping motor.
TaskAutoShoot.autoTask_INFO [141.127591515] <Event name="StateInfo" time="141.126498202" tag="^^^^^" TaskAutoShoot.state="SHOOT" />
FrcRobot.startCompetition_INFO [141.833772819] *** Transitioning from TELEOP_MODE to DISABLED_MODE ***
Robot.cancelAll_INFO [141.838481428] Cancel all operations.
Shooter.LeftShooter.cancel_INFO [141.842803758] owner=null
Shooter.LeftShooter.disableGoalTracking_INFO [141.843914148] Disable Goal Tracking.
Shooter.LeftShooter.stopGoalTracking_INFO [141.844558389] Stop GoalTracking.
Shooter.LeftTiltMotor.cancel_INFO [141.845045705] Cancel: stopping motor.
Shooter.LeftPrimaryMotor.cancel_INFO [141.845619868] Cancel: stopping motor.
Shooter.LeftPrimaryMotor.cancel_INFO [141.846387967] Cancel: stopping motor.
Shooter.LeftTiltMotor.cancel_INFO [141.846996616] Cancel: stopping motor.
Shooter.RightShooter.cancel_INFO [141.847452692] owner=null
Shooter.RightShooter.disableGoalTracking_INFO [141.847864027] Disable Goal Tracking.
Shooter.RightShooter.stopGoalTracking_INFO [141.849846102] Stop GoalTracking.
Shooter.RightTiltMotor.cancel_INFO [141.852704815] Cancel: stopping motor.
Shooter.RightPrimaryMotor.cancel_INFO [141.853606032] Cancel: stopping motor.
Shooter.RightPrimaryMotor.cancel_INFO [141.855099891] Cancel: stopping motor.
Shooter.RightTiltMotor.cancel_INFO [141.855766313] Cancel: stopping motor.
Shooter.LeftTransferMotor.cancel_INFO [141.856357106] Cancel: stopping motor.
Shooter.RightTransferMotor.cancel_INFO [141.856846099] Cancel: stopping motor.
Shooter.FeederMotor.cancel_INFO [141.857334614] Cancel: stopping motor.
Shooter.stopTilt_ERR [141.857812133] StopTilt is called
Intake.IntakeMotor.cancel_INFO [141.919296661] Cancel: stopping motor.
Climber.Motor.cancel_INFO [141.921158918] Cancel: stopping motor.
TaskAutoShoot.cancel_INFO [141.923193241] Canceling auto task operation.
TaskAutoShoot.stopSubsystems_INFO [141.924835864] Stopping subsystems.
Shooter.LeftTransferMotor.cancel_INFO [141.925789167] Cancel: stopping motor.
Shooter.RightTransferMotor.cancel_INFO [141.927280658] Cancel: stopping motor.
Shooter.FeederMotor.cancel_INFO [141.937916554] Cancel: stopping motor.
Shooter.LeftShooter.cancel_INFO [141.944763943] owner=null
Shooter.LeftPrimaryMotor.cancel_INFO [141.945897793] Cancel: stopping motor.
Shooter.LeftTiltMotor.cancel_INFO [141.949024354] Cancel: stopping motor.
Shooter.RightShooter.cancel_INFO [141.954690881] owner=null
Shooter.RightPrimaryMotor.cancel_INFO [141.95780381] Cancel: stopping motor.
Shooter.RightTiltMotor.cancel_INFO [141.966783281] Cancel: stopping motor.
Shooter.LeftTransferMotor.cancel_INFO [141.968070653] Cancel: stopping motor.
Shooter.RightTransferMotor.cancel_INFO [141.970003539] Cancel: stopping motor.
Shooter.FeederMotor.cancel_INFO [141.976354899] Cancel: stopping motor.
Shooter.stopTilt_ERR [141.977667429] StopTilt is called
TaskAutoClimb.cancel_INFO [142.05980069] Canceling auto task operation.
FrcRobot.printPerformanceMetrics_INFO [142.065047187] [FrcRobot] Loop Performance Metrics:
Average Loop Interval = 0.002325s (freq=430.114Hz, min=0.000822s, max=0.623144s)
[03]                StartTask=0.000000s
[04]          PrePeriodicTask=0.000170s
[07]               UpdateTask=0.001055s
[02]                StartMode=0.000001s
[06]         PostPeriodicTask=0.000737s
[08]                 StopTask=0.000000s
[09]                 StopMode=0.000000s
[00]                RobotInit=17.703550s
[01]           RobotStartMode=0.000003s
[05]                 Periodic=0.000294s
[10]            RobotStopMode=0.000003s

TrcTaskMgr.printTaskPerformanceMetrics_INFO [142.066051889] FrcDashboard.task: STANDALONE_TASK=5.91679362275161E-4/0.010674934798486647
TrcTaskMgr.printTaskPerformanceMetrics_INFO [142.067093898] TrcWatchdogMgr: STANDALONE_TASK=1.2070805405405405E-4/0.997347760027027
TrcTaskMgr.printTaskPerformanceMetrics_INFO [142.068748557] DriverController.buttonEventTask: PRE_PERIODIC_TASK=2.0618934828760268E-5/0.005674457845303424
TrcTaskMgr.printTaskPerformanceMetrics_INFO [142.0718648] OperatorController.buttonEventTask: PRE_PERIODIC_TASK=1.716540303625075E-4/0.005674451362908071
TrcTaskMgr.printTaskPerformanceMetrics_INFO [142.072719837] flDriveMotor.pidCtrlTask: OUTPUT_TASK=5.5306245723172626E-5/0.013276506617857
TrcTaskMgr.printTaskPerformanceMetrics_INFO [142.075088349] flDriveMotor.odometryCleanupTask: STOP_TASK=3.21735E-5/41.70064419425
TrcTaskMgr.printTaskPerformanceMetrics_INFO [142.075884355] frDriveMotor.pidCtrlTask: OUTPUT_TASK=3.304166695908765E-5/0.013276416208389824
TrcTaskMgr.printTaskPerformanceMetrics_INFO [142.07798799] blDriveMotor.pidCtrlTask: OUTPUT_TASK=3.1598018063641435E-5/0.013276415812066353
TrcTaskMgr.printTaskPerformanceMetrics_INFO [142.078636698] brDriveMotor.pidCtrlTask: OUTPUT_TASK=2.8765807959167398E-5/0.013276415557899353
TrcTaskMgr.printTaskPerformanceMetrics_INFO [142.07930108] flSteerMotor.pidCtrlTask: OUTPUT_TASK=3.812587032458729E-5/0.013276415302536088
TrcTaskMgr.printTaskPerformanceMetrics_INFO [142.079803218] frSteerMotor.pidCtrlTask: OUTPUT_TASK=3.67492089082064E-5/0.013276421152843129
TrcTaskMgr.printTaskPerformanceMetrics_INFO [142.080922202] blSteerMotor.pidCtrlTask: OUTPUT_TASK=3.341661862987479E-5/0.013276422510128399
TrcTaskMgr.printTaskPerformanceMetrics_INFO [142.081722493] brSteerMotor.pidCtrlTask: OUTPUT_TASK=3.467299082861473E-5/0.013276423527354654
TrcTaskMgr.printTaskPerformanceMetrics_INFO [142.08268323] FrcSwerveDrive.odometryTask: INPUT_TASK=0.0017848122290068423/0.017301117448061374
TrcTaskMgr.printTaskPerformanceMetrics_INFO [142.085039227] FrcSwerveDrive.stopTask: STOP_TASK=0.00192598175/41.70068522
TrcTaskMgr.printTaskPerformanceMetrics_INFO [142.085778251] purePursuitDrive.driveTask: POST_PERIODIC_TASK=0.006819538734824281/0.05034509129392971
TrcTaskMgr.printTaskPerformanceMetrics_INFO [142.08680441] LED: OUTPUT_TASK=6.033096714382551E-5/0.013276267644443559
TrcTaskMgr.printTaskPerformanceMetrics_INFO [142.087553028] LED.ledTask: OUTPUT_TASK=2.499122387516255E-4/0.012382487830494148
TrcTaskMgr.printTaskPerformanceMetrics_INFO [142.088265752] Shooter.LeftPrimaryMotor.pidCtrlTask: OUTPUT_TASK=3.2244332230152716E-5/0.013276244424538458
TrcTaskMgr.printTaskPerformanceMetrics_INFO [142.090117671] Shooter.LeftFollowerMotor.pidCtrlTask: OUTPUT_TASK=5.673590773156824E-6/0.013276243767375094
TrcTaskMgr.printTaskPerformanceMetrics_INFO [142.090838727] Shooter.LeftTiltMotor.pidCtrlTask: OUTPUT_TASK=9.132907870329758E-4/0.013276243410702182
TrcTaskMgr.printTaskPerformanceMetrics_INFO [142.093290547] Shooter.LeftShooter.ShooterMotor1VelTrigger.triggerTask: PRE_PERIODIC_TASK=3.423084791666667E-4/0.22824168839583334
TrcTaskMgr.printTaskPerformanceMetrics_INFO [142.095254626] Shooter.LeftShooter.goalTracking: POST_PERIODIC_TASK=0.05040572484834835/0.12458907112087088
TrcTaskMgr.printTaskPerformanceMetrics_INFO [142.0959762] Shooter.LeftTransferMotor.pidCtrlTask: OUTPUT_TASK=6.998300199362042E-6/0.0132759909819378
TrcTaskMgr.printTaskPerformanceMetrics_INFO [142.09649505] Shooter.RightPrimaryMotor.pidCtrlTask: OUTPUT_TASK=3.342071989633174E-5/0.013275989853668261
TrcTaskMgr.printTaskPerformanceMetrics_INFO [142.097257641] Shooter.RightFollowerMotor.pidCtrlTask: OUTPUT_TASK=4.88534485645933E-6/0.013275989545693779
TrcTaskMgr.printTaskPerformanceMetrics_INFO [142.098889964] Shooter.RightTiltMotor.pidCtrlTask: OUTPUT_TASK=9.750273805023923E-4/0.013275989289712919
TrcTaskMgr.printTaskPerformanceMetrics_INFO [142.099950429] Shooter.RightShooter.ShooterMotor1VelTrigger.triggerTask: PRE_PERIODIC_TASK=1.5824117708333334E-4/0.13098119953125
TrcTaskMgr.printTaskPerformanceMetrics_INFO [142.10058048] Shooter.RightShooter.goalTracking: POST_PERIODIC_TASK=0.01788470994351919/0.1201669884699493
TrcTaskMgr.printTaskPerformanceMetrics_INFO [142.101394188] Shooter.RightTransferMotor.pidCtrlTask: OUTPUT_TASK=6.3858283094098886E-6/0.013275983994258373
TrcTaskMgr.printTaskPerformanceMetrics_INFO [142.102501597] Shooter.TurretMotor.pidCtrlTask: OUTPUT_TASK=0.0013901040176236045/0.01327596811339713
TrcTaskMgr.printTaskPerformanceMetrics_INFO [142.103018008] Shooter.FeederMotor.pidCtrlTask: OUTPUT_TASK=6.421728349282296E-6/0.013275801740390749
TrcTaskMgr.printTaskPerformanceMetrics_INFO [142.104506063] ShooterfieldLengthTrigger.triggerTask: PRE_PERIODIC_TASK=3.9339226534548306E-5/0.0023223196678918826
TrcTaskMgr.printTaskPerformanceMetrics_INFO [142.106791735] ShooterfieldWidthTrigger.triggerTask: PRE_PERIODIC_TASK=6.776432482669947E-6/0.0023223192525645684
TrcTaskMgr.printTaskPerformanceMetrics_INFO [142.107474365] Intake.IntakeMotor.pidCtrlTask: OUTPUT_TASK=5.572362744707149E-6/0.013275743135800008
TrcTaskMgr.printTaskPerformanceMetrics_INFO [142.107937202] Climber.Motor.pidCtrlTask: OUTPUT_TASK=6.544580574937203E-5/0.013275742798652367
TrcTaskMgr.printTaskPerformanceMetrics_INFO [142.108498265] TaskAutoShoot: POST_PERIODIC_TASK=0.0017401339849785408/0.17170785968133048
