Robot.robotStartMode_INFO [0.033180951] Thu Apr 09 18:56:32 UTC 2026: ***** TELEOP_MODE *****
Robot.robotStartMode_INFO [0.034347843] <BuildInfo Host="DESKTOP_NJF" User="NoahJ" Timestamp="2026-04-09 08:07:22" Branch="dev" />
Shooter.RightTiltMotor.pidCtrlTask_INFO [0.059047962] controlMode: Position,onTarget=true(17.14629512944616/17.0), stalled=false, expired=false, event=(stopRightTilt=SIGNALED)
Shooter.stopTiltCallback_ERR [0.063070655] StopRightTilt was completed.
Shooter.stopTiltCallback_ERR [0.06545461] StopLeftTilt was completed.
Shooter.stopTiltCallback_ERR [0.075102894] StopRightTilt was canceled.
FrcTeleOp.driverControllerButtonEvent_INFO [1.120052503] ##### button=B, pressed=true
FrcTeleOp.driverControllerButtonEvent_INFO [1.126427729] >>>>> Reset field forward heading (heading=166.5341392133747)
FrcTeleOp.driverControllerButtonEvent_INFO [1.22099539] ##### button=B, pressed=false
FrcTeleOp.driverControllerButtonEvent_INFO [1.788789454] ##### button=B, pressed=true
FrcTeleOp.driverControllerButtonEvent_INFO [1.797476822] >>>>> Reset field forward heading (heading=172.7234595007466)
FrcTeleOp.driverControllerButtonEvent_INFO [1.889419515] ##### button=B, pressed=false
FrcTeleOp.operatorControllerButtonEvent_INFO [2.714831901] ##### button=Y, pressed=true
FrcTeleOp.shoot_INFO [2.718437882] >>>>> Start Auto Shoot.
TaskAutoShoot.autoShoot_INFO [2.71986258] autoShoot(owner=null, event=null, taskParams=(autoStop=false, noPassback=false, noWait=false))
Shooter.enableGoalTracking_INFO [2.721431783] EnableGoalTracking: goalTrackingParams=(trackFlywheel=true,trackTiltPos=true,trackPanPos=true), noPassback=false
Shooter.setupGoalTrackingMode_INFO [2.723056292] AlliancHub: alliance=Red, fieldLengthZone=7, fieldWidthZone=3.
Shooter.setupGoalTrackingMode_INFO [2.724221054] GoalTracking(trackingMode=AllianceHub, goalPose=(x=-158.838583,y=469.110472,angle=180.000000), noPassback=false).
Shooter.LeftShooter.enableGoalTracking_INFO [2.725304084] Enable GoalTracking (trackingParams=(trackFlywheel=true,trackTiltPos=true,trackPanPos=true)).
Shooter.LeftPrimaryMotor.cancel_INFO [2.729998099] Cancel: stopping motor.
Shooter.LeftTiltMotor.cancel_INFO [2.731473418] Cancel: stopping motor.
Shooter.RightShooter.enableGoalTracking_INFO [2.733836735] Enable GoalTracking (trackingParams=(trackFlywheel=true,trackTiltPos=true,trackPanPos=true)).
Shooter.RightPrimaryMotor.cancel_INFO [2.734870449] Cancel: stopping motor.
Shooter.RightTiltMotor.cancel_INFO [2.736001646] Cancel: stopping motor.
Shooter.enableGoalTracking_ERR [2.737290219] EnableGoalTrackingTimestamps=[2.722490605, 2.725001723, 2.733464289, 2.736894524]
TaskAutoShoot.autoTask_INFO [2.833314205] <Event name="StateInfo" time="2.833047454" tag="vvvvv" TaskAutoShoot.state="START" />
TaskAutoShoot.runTaskState_INFO [2.834561153] ***** Wait for left Shooter ready.
TaskAutoShoot.runTaskState_INFO [2.835964087] ***** Wait for right Shooter ready.
TaskAutoShoot.runTaskState_INFO [2.8383195] ***** Wait for Turret ready.
TaskAutoShoot.autoTask_INFO [2.839516717] <Event name="StateInfo" time="2.839191097" tag="^^^^^" TaskAutoShoot.state="START" />
TaskAutoShoot.autoTask_INFO [3.028972875] <Event name="StateInfo" time="3.028810674" tag="vvvvv" TaskAutoShoot.state="SHOOT" />
TaskAutoShoot.autoTask_INFO [3.030930492] <Event name="StateInfo" time="3.030728618" tag="^^^^^" TaskAutoShoot.state="SHOOT" />
TaskAutoShoot.autoTask_INFO [3.167486929] <Event name="StateInfo" time="3.167307169" tag="vvvvv" TaskAutoShoot.state="SHOOT" />
TaskAutoShoot.autoTask_INFO [3.170126699] <Event name="StateInfo" time="3.16996141" tag="^^^^^" TaskAutoShoot.state="SHOOT" />
FrcTeleOp.driverControllerButtonEvent_INFO [3.174444587] ##### button=RightBumper, pressed=true
FrcTeleOp.driverControllerButtonEvent_INFO [3.181182197] >>>>> Slow Drive
TaskAutoShoot.autoTask_INFO [3.273925014] <Event name="StateInfo" time="3.273741268" tag="vvvvv" TaskAutoShoot.state="SHOOT" />
TaskAutoShoot.autoTask_INFO [3.284000724] <Event name="StateInfo" time="3.283534231" tag="^^^^^" TaskAutoShoot.state="SHOOT" />
TaskAutoShoot.autoTask_INFO [3.380840672] <Event name="StateInfo" time="3.38066766" tag="vvvvv" TaskAutoShoot.state="SHOOT" />
TaskAutoShoot.autoTask_INFO [3.387181186] <Event name="StateInfo" time="3.386993259" tag="^^^^^" TaskAutoShoot.state="SHOOT" />
TaskAutoShoot.autoTask_INFO [3.491177363] <Event name="StateInfo" time="3.490766725" tag="vvvvv" TaskAutoShoot.state="SHOOT" />
TaskAutoShoot.autoTask_INFO [3.49237053] <Event name="StateInfo" time="3.49212303" tag="^^^^^" TaskAutoShoot.state="SHOOT" />
Shooter.LeftShooter.goalTrackingTask_INFO [3.560239162] Shooter.LeftShooter is Ready: rpm1=4508.437500/4577.988876, rpm2=2788.125000/0.000000, tilt=21.850050/21.882855, pan=null/null
TaskAutoShoot.autoTask_INFO [3.583724097] <Event name="StateInfo" time="3.583248721" tag="vvvvv" TaskAutoShoot.state="SHOOT" />
TaskAutoShoot.autoTask_INFO [3.58474529] <Event name="StateInfo" time="3.584450824" tag="^^^^^" TaskAutoShoot.state="SHOOT" />
FrcTeleOp.driverControllerButtonEvent_INFO [3.590405372] ##### button=RightBumper, pressed=false
FrcTeleOp.driverControllerButtonEvent_INFO [3.593067375] >>>>> Normal Drive
TaskAutoShoot.autoTask_INFO [3.69880259] <Event name="StateInfo" time="3.698474671" tag="vvvvv" TaskAutoShoot.state="SHOOT" />
TaskAutoShoot.autoTask_INFO [3.700758396] <Event name="StateInfo" time="3.700493334" tag="^^^^^" TaskAutoShoot.state="SHOOT" />
FrcTeleOp.operatorControllerButtonEvent_INFO [3.704209042] ##### button=Y, pressed=false
FrcTeleOp.shoot_INFO [3.705595296] >>>>> Stop Auto Shoot.
TaskAutoShoot.cancel_INFO [3.706565279] Canceling auto task operation.
TaskAutoShoot.stopSubsystems_INFO [3.708977106] Stopping subsystems.
Shooter.LeftTransferMotor.cancel_INFO [3.711298478] Cancel: stopping motor.
Shooter.RightTransferMotor.cancel_INFO [3.71308568] Cancel: stopping motor.
Shooter.FeederMotor.cancel_INFO [3.714580522] Cancel: stopping motor.
Shooter.LeftShooter.disableGoalTracking_INFO [3.718010337] Disable Goal Tracking.
Shooter.LeftShooter.stopGoalTracking_INFO [3.7192628] Stop GoalTracking.
Shooter.LeftTiltMotor.cancel_INFO [3.721093093] Cancel: stopping motor.
Shooter.LeftPrimaryMotor.cancel_INFO [3.723297682] Cancel: stopping motor.
Shooter.RightShooter.disableGoalTracking_INFO [3.725256971] Disable Goal Tracking.
Shooter.RightShooter.stopGoalTracking_INFO [3.726372602] Stop GoalTracking.
Shooter.RightTiltMotor.cancel_INFO [3.727511748] Cancel: stopping motor.
Shooter.RightPrimaryMotor.cancel_INFO [3.728781108] Cancel: stopping motor.
Shooter.LeftShooter.cancel_INFO [3.7304231] owner=null
Shooter.LeftPrimaryMotor.cancel_INFO [3.733783703] Cancel: stopping motor.
Shooter.LeftTiltMotor.cancel_INFO [3.735713533] Cancel: stopping motor.
Shooter.RightShooter.cancel_INFO [3.738314596] owner=null
Shooter.RightPrimaryMotor.cancel_INFO [3.73993776] Cancel: stopping motor.
Shooter.RightTiltMotor.cancel_INFO [3.741229186] Cancel: stopping motor.
Shooter.LeftTransferMotor.cancel_INFO [3.742593821] Cancel: stopping motor.
Shooter.RightTransferMotor.cancel_INFO [3.744140506] Cancel: stopping motor.
Shooter.FeederMotor.cancel_INFO [3.745693825] Cancel: stopping motor.
Shooter.stopTilt_ERR [3.747135671] StopTilt is called
Shooter.stopTilt_ERR [3.814742749] StopTilt is called
Shooter.LeftTiltMotor.pidCtrlTask_INFO [3.875390257] controlMode: Position,onTarget=true(16.988184367086653/17.0), stalled=false, expired=false, event=(stopLeftTilt=SIGNALED)
Shooter.RightTiltMotor.pidCtrlTask_INFO [3.913602497] controlMode: Position,onTarget=true(16.90912971568287/17.0), stalled=false, expired=false, event=(stopRightTilt=SIGNALED)
Shooter.stopTiltCallback_ERR [3.913059859] StopLeftTilt was completed.
Shooter.stopTiltCallback_ERR [3.925594311] StopRightTilt was canceled.
Shooter.stopTiltCallback_ERR [3.927011657] StopLeftTilt was canceled.
FrcTeleOp.operatorControllerButtonEvent_INFO [3.939488588] ##### button=Y, pressed=true
FrcTeleOp.shoot_INFO [3.941380842] >>>>> Start Auto Shoot.
TaskAutoShoot.autoShoot_INFO [3.943176259] autoShoot(owner=null, event=null, taskParams=(autoStop=false, noPassback=false, noWait=false))
Shooter.enableGoalTracking_INFO [3.944301063] EnableGoalTracking: goalTrackingParams=(trackFlywheel=true,trackTiltPos=true,trackPanPos=true), noPassback=false
Shooter.setupGoalTrackingMode_INFO [3.945329043] AlliancHub: alliance=Red, fieldLengthZone=7, fieldWidthZone=3.
Shooter.setupGoalTrackingMode_INFO [3.948772711] GoalTracking(trackingMode=AllianceHub, goalPose=(x=-158.838583,y=469.110472,angle=180.000000), noPassback=false).
Shooter.LeftShooter.enableGoalTracking_INFO [3.949863686] Enable GoalTracking (trackingParams=(trackFlywheel=true,trackTiltPos=true,trackPanPos=true)).
Shooter.LeftPrimaryMotor.cancel_INFO [3.951896154] Cancel: stopping motor.
Shooter.LeftTiltMotor.cancel_INFO [3.953273309] Cancel: stopping motor.
Shooter.RightShooter.enableGoalTracking_INFO [3.954387474] Enable GoalTracking (trackingParams=(trackFlywheel=true,trackTiltPos=true,trackPanPos=true)).
Shooter.RightPrimaryMotor.cancel_INFO [3.955273023] Cancel: stopping motor.
Shooter.RightTiltMotor.cancel_INFO [3.959507639] Cancel: stopping motor.
Shooter.enableGoalTracking_ERR [3.963481547] EnableGoalTrackingTimestamps=[3.94484308, 3.949398103, 3.954100667, 3.961869511]
Shooter.stopTiltCallback_ERR [3.965358011] StopRightTilt was completed.
TaskAutoShoot.autoTask_INFO [4.106029986] <Event name="StateInfo" time="4.104938533" tag="vvvvv" TaskAutoShoot.state="START" />
TaskAutoShoot.runTaskState_INFO [4.110326734] ***** Wait for left Shooter ready.
TaskAutoShoot.runTaskState_INFO [4.111518572] ***** Wait for right Shooter ready.
TaskAutoShoot.runTaskState_INFO [4.116854665] ***** Wait for Turret ready.
TaskAutoShoot.autoTask_INFO [4.120877531] <Event name="StateInfo" time="4.120695438" tag="^^^^^" TaskAutoShoot.state="START" />
FrcTeleOp.driverControllerButtonEvent_INFO [4.126712503] ##### button=RightBumper, pressed=true
FrcTeleOp.driverControllerButtonEvent_INFO [4.131091807] >>>>> Slow Drive
TaskAutoShoot.autoTask_INFO [4.316167268] <Event name="StateInfo" time="4.315884901" tag="vvvvv" TaskAutoShoot.state="SHOOT" />
TaskAutoShoot.autoTask_INFO [4.325394622] <Event name="StateInfo" time="4.316471888" tag="^^^^^" TaskAutoShoot.state="SHOOT" />
TaskAutoShoot.autoTask_INFO [4.407764345] <Event name="StateInfo" time="4.407600443" tag="vvvvv" TaskAutoShoot.state="SHOOT" />
TaskAutoShoot.autoTask_INFO [4.410574426] <Event name="StateInfo" time="4.409285052" tag="^^^^^" TaskAutoShoot.state="SHOOT" />
Shooter.LeftShooter.goalTrackingTask_INFO [4.486125419] Shooter.LeftShooter is Ready: rpm1=4806.968149/4762.995181, rpm2=3014.062500/0.000000, tilt=23.431142/23.120462, pan=null/null
Shooter.RightShooter.goalTrackingTask_INFO [4.523581463] Shooter.RightShooter is Ready: rpm1=4805.643029/4762.995181, rpm2=2954.531250/0.000000, tilt=23.470670/23.120462, pan=null/null
TaskAutoShoot.autoTask_INFO [4.524052364] <Event name="StateInfo" time="4.523895208" tag="vvvvv" TaskAutoShoot.state="SHOOT" />
TaskAutoShoot.autoTask_INFO [4.524683917] <Event name="StateInfo" time="4.524446753" tag="^^^^^" TaskAutoShoot.state="SHOOT" />
TaskAutoShoot.autoTask_INFO [4.629124079] <Event name="StateInfo" time="4.628561215" tag="vvvvv" TaskAutoShoot.state="SHOOT" />
TaskAutoShoot.autoTask_INFO [4.631002714] <Event name="StateInfo" time="4.630810386" tag="^^^^^" TaskAutoShoot.state="SHOOT" />
TaskAutoShoot.autoTask_INFO [4.733892758] <Event name="StateInfo" time="4.733709576" tag="vvvvv" TaskAutoShoot.state="SHOOT" />
TaskAutoShoot.autoTask_INFO [4.737740639] <Event name="StateInfo" time="4.737540742" tag="^^^^^" TaskAutoShoot.state="SHOOT" />
TaskAutoShoot.autoTask_INFO [4.841610234] <Event name="StateInfo" time="4.841332979" tag="vvvvv" TaskAutoShoot.state="SHOOT" />
TaskAutoShoot.autoTask_INFO [4.843007221] <Event name="StateInfo" time="4.842595517" tag="^^^^^" TaskAutoShoot.state="SHOOT" />
TaskAutoShoot.autoTask_INFO [4.945701764] <Event name="StateInfo" time="4.945541304" tag="vvvvv" TaskAutoShoot.state="SHOOT" />
TaskAutoShoot.autoTask_INFO [4.947206624] <Event name="StateInfo" time="4.947014253" tag="^^^^^" TaskAutoShoot.state="SHOOT" />
TaskAutoShoot.autoTask_INFO [5.034926704] <Event name="StateInfo" time="5.034734665" tag="vvvvv" TaskAutoShoot.state="SHOOT" />
TaskAutoShoot.autoTask_INFO [5.038135253] <Event name="StateInfo" time="5.035906735" tag="^^^^^" TaskAutoShoot.state="SHOOT" />
TaskAutoShoot.autoTask_INFO [5.156845966] <Event name="StateInfo" time="5.155715746" tag="vvvvv" TaskAutoShoot.state="SHOOT" />
TaskAutoShoot.runTaskState_INFO [5.160332014] ***** Start left shooter shooting (timedout=true, turretReady=false).
Shooter.shoot_INFO [5.1627935] shoot(owner=null, event=(TaskAutoShoot.leftShooterDone=CLEARED), shooter=leftShooter, autoStop=false)
Shooter.LeftTransferMotor.cancel_INFO [5.16443352] Cancel: stopping motor.
TaskAutoShoot.runTaskState_INFO [5.168494827] ***** Start right shooter shooting (timedout=true, turretReady=false).
Shooter.shoot_INFO [5.170196458] shoot(owner=null, event=(TaskAutoShoot.rightShooterDone=CLEARED), shooter=rightShooter, autoStop=false)
Shooter.RightTransferMotor.cancel_INFO [5.17126545] Cancel: stopping motor.
TaskAutoShoot.autoTask_INFO [5.173850123] <Event name="StateInfo" time="5.173538527" tag="^^^^^" TaskAutoShoot.state="SHOOT" />
FrcTeleOp.driverControllerButtonEvent_INFO [6.147748109] ##### button=RightBumper, pressed=false
FrcTeleOp.driverControllerButtonEvent_INFO [6.149314538] >>>>> Normal Drive
FrcTeleOp.operatorControllerButtonEvent_INFO [8.029277319] ##### button=Y, pressed=false
FrcTeleOp.shoot_INFO [8.031609236] >>>>> Stop Auto Shoot.
TaskAutoShoot.cancel_INFO [8.03863914] Canceling auto task operation.
TaskAutoShoot.stopSubsystems_INFO [8.040111208] Stopping subsystems.
Shooter.LeftTransferMotor.cancel_INFO [8.041273403] Cancel: stopping motor.
Shooter.RightTransferMotor.cancel_INFO [8.04241053] Cancel: stopping motor.
Shooter.FeederMotor.cancel_INFO [8.045039964] Cancel: stopping motor.
Shooter.LeftShooter.disableGoalTracking_INFO [8.046299608] Disable Goal Tracking.
Shooter.LeftShooter.stopGoalTracking_INFO [8.047700038] Stop GoalTracking.
Shooter.LeftTiltMotor.cancel_INFO [8.048795657] Cancel: stopping motor.
Shooter.LeftPrimaryMotor.cancel_INFO [8.050005534] Cancel: stopping motor.
Shooter.RightShooter.disableGoalTracking_INFO [8.053308758] Disable Goal Tracking.
Shooter.RightShooter.stopGoalTracking_INFO [8.055610131] Stop GoalTracking.
Shooter.RightTiltMotor.cancel_INFO [8.056803513] Cancel: stopping motor.
Shooter.RightPrimaryMotor.cancel_INFO [8.072214264] Cancel: stopping motor.
Shooter.LeftShooter.cancel_INFO [8.07372505] owner=null
Shooter.LeftPrimaryMotor.cancel_INFO [8.077243709] Cancel: stopping motor.
Shooter.LeftTiltMotor.cancel_INFO [8.081584942] Cancel: stopping motor.
Shooter.RightShooter.cancel_INFO [8.084483793] owner=null
Shooter.RightPrimaryMotor.cancel_INFO [8.086944424] Cancel: stopping motor.
Shooter.RightTiltMotor.cancel_INFO [8.08878412] Cancel: stopping motor.
Shooter.LeftTransferMotor.cancel_INFO [8.092410447] Cancel: stopping motor.
Shooter.RightTransferMotor.cancel_INFO [8.095286311] Cancel: stopping motor.
Shooter.FeederMotor.cancel_INFO [8.100095831] Cancel: stopping motor.
Shooter.stopTilt_ERR [8.101236089] StopTilt is called
Shooter.stopTilt_ERR [8.199665689] StopTilt is called
Shooter.stopTiltCallback_ERR [8.263045013] StopRightTilt was canceled.
Shooter.stopTiltCallback_ERR [8.264778648] StopLeftTilt was canceled.
Shooter.LeftTiltMotor.pidCtrlTask_INFO [8.271895094] controlMode: Position,onTarget=true(16.86960219826017/17.0), stalled=false, expired=false, event=(stopLeftTilt=SIGNALED)
Shooter.RightTiltMotor.pidCtrlTask_INFO [8.275346372] controlMode: Position,onTarget=true(17.383458341512465/17.0), stalled=false, expired=false, event=(stopRightTilt=SIGNALED)
Shooter.stopTiltCallback_ERR [8.280631276] StopRightTilt was completed.
Shooter.stopTiltCallback_ERR [8.281944949] StopLeftTilt was completed.
FrcTeleOp.driverControllerButtonEvent_INFO [9.308049099] ##### button=A, pressed=true
FrcTeleOp.toggleIntake_INFO [9.308939663] >>>>> Toggle Intake.
FrcTeleOp.driverControllerButtonEvent_INFO [9.41006594] ##### button=A, pressed=false
FrcTeleOp.periodic_INFO [10.030615199] >>>>> Shift[1]: Blue
FrcTeleOp.operatorControllerButtonEvent_INFO [12.168622034] ##### button=Y, pressed=true
FrcTeleOp.shoot_INFO [12.169853954] >>>>> Start Auto Shoot.
TaskAutoShoot.autoShoot_INFO [12.172936777] autoShoot(owner=null, event=null, taskParams=(autoStop=false, noPassback=false, noWait=false))
Shooter.enableGoalTracking_INFO [12.174003206] EnableGoalTracking: goalTrackingParams=(trackFlywheel=true,trackTiltPos=true,trackPanPos=true), noPassback=false
Shooter.setupGoalTrackingMode_INFO [12.175197697] PassingBack: alliance=Red, fieldLengthZone=3, fieldWidthZone=3, blueGoalPose= (x=-238.257874,y=78.305000,angle=0.000000), goalFieldPose=(x=-79.419291,y=572.915472,angle=180.000000).
Shooter.setupGoalTrackingMode_INFO [12.176838127] GoalTracking(trackingMode=Passback, goalPose=(x=-79.419291,y=572.915472,angle=180.000000), noPassback=false).
Shooter.LeftShooter.enableGoalTracking_INFO [12.178117461] Enable GoalTracking (trackingParams=(trackFlywheel=true,trackTiltPos=true,trackPanPos=true)).
Shooter.LeftPrimaryMotor.cancel_INFO [12.179232227] Cancel: stopping motor.
Shooter.LeftTiltMotor.cancel_INFO [12.180285534] Cancel: stopping motor.
Shooter.RightShooter.enableGoalTracking_INFO [12.181811516] Enable GoalTracking (trackingParams=(trackFlywheel=true,trackTiltPos=true,trackPanPos=true)).
Shooter.RightPrimaryMotor.cancel_INFO [12.182897754] Cancel: stopping motor.
Shooter.RightTiltMotor.cancel_INFO [12.184052414] Cancel: stopping motor.
Shooter.enableGoalTracking_ERR [12.185155415] EnableGoalTrackingTimestamps=[12.174572737, 12.177419931, 12.181013855, 12.184769534]
TaskAutoShoot.autoTask_INFO [12.276780798] <Event name="StateInfo" time="12.275905655" tag="vvvvv" TaskAutoShoot.state="START" />
TaskAutoShoot.runTaskState_INFO [12.279963095] ***** Wait for left Shooter ready.
TaskAutoShoot.runTaskState_INFO [12.282238357] ***** Wait for right Shooter ready.
TaskAutoShoot.runTaskState_INFO [12.283826063] ***** Wait for Turret ready.
TaskAutoShoot.autoTask_INFO [12.285325482] <Event name="StateInfo" time="12.284638957" tag="^^^^^" TaskAutoShoot.state="START" />
TaskAutoShoot.autoTask_INFO [12.493453252] <Event name="StateInfo" time="12.493249121" tag="vvvvv" TaskAutoShoot.state="SHOOT" />
TaskAutoShoot.autoTask_INFO [12.500839239] <Event name="StateInfo" time="12.499562219" tag="^^^^^" TaskAutoShoot.state="SHOOT" />
TaskAutoShoot.autoTask_INFO [12.593608247] <Event name="StateInfo" time="12.592104167" tag="vvvvv" TaskAutoShoot.state="SHOOT" />
TaskAutoShoot.autoTask_INFO [12.600930883] <Event name="StateInfo" time="12.600423105" tag="^^^^^" TaskAutoShoot.state="SHOOT" />
TaskAutoShoot.autoTask_INFO [12.702408271] <Event name="StateInfo" time="12.702212156" tag="vvvvv" TaskAutoShoot.state="SHOOT" />
TaskAutoShoot.autoTask_INFO [12.705288188] <Event name="StateInfo" time="12.704803944" tag="^^^^^" TaskAutoShoot.state="SHOOT" />
Shooter.fieldTriggerCallback_INFO [12.715223246] FieldTriggerCallback: canceled=false, zoneCtxt=(value-297.048493,prevZone=3,currZone=2)
Shooter.setupGoalTrackingMode_INFO [12.720245994] PassingBack: alliance=Red, fieldLengthZone=2, fieldWidthZone=3, blueGoalPose= (x=-238.257874,y=78.305000,angle=0.000000), goalFieldPose=(x=-79.419291,y=572.915472,angle=180.000000).
Shooter.setupGoalTrackingMode_INFO [12.724093448] GoalTracking(trackingMode=Passback, goalPose=(x=-79.419291,y=572.915472,angle=180.000000), noPassback=false).
TaskAutoShoot.autoTask_INFO [12.826923545] <Event name="StateInfo" time="12.826757027" tag="vvvvv" TaskAutoShoot.state="SHOOT" />
TaskAutoShoot.autoTask_INFO [12.829022516] <Event name="StateInfo" time="12.828691524" tag="^^^^^" TaskAutoShoot.state="SHOOT" />
TaskAutoShoot.autoTask_INFO [12.926532381] <Event name="StateInfo" time="12.926040554" tag="vvvvv" TaskAutoShoot.state="SHOOT" />
TaskAutoShoot.autoTask_INFO [12.928841626] <Event name="StateInfo" time="12.928130629" tag="^^^^^" TaskAutoShoot.state="SHOOT" />
TaskAutoShoot.autoTask_INFO [13.02137867] <Event name="StateInfo" time="13.020888856" tag="vvvvv" TaskAutoShoot.state="SHOOT" />
TaskAutoShoot.autoTask_INFO [13.032413797] <Event name="StateInfo" time="13.031880325" tag="^^^^^" TaskAutoShoot.state="SHOOT" />
TaskAutoShoot.autoTask_INFO [13.137851279] <Event name="StateInfo" time="13.1376617" tag="vvvvv" TaskAutoShoot.state="SHOOT" />
TaskAutoShoot.autoTask_INFO [13.146989928] <Event name="StateInfo" time="13.146802594" tag="^^^^^" TaskAutoShoot.state="SHOOT" />
TaskAutoShoot.autoTask_INFO [13.259333397] <Event name="StateInfo" time="13.259075879" tag="vvvvv" TaskAutoShoot.state="SHOOT" />
TaskAutoShoot.autoTask_INFO [13.260359194] <Event name="StateInfo" time="13.260088134" tag="^^^^^" TaskAutoShoot.state="SHOOT" />
TaskAutoShoot.autoTask_INFO [13.353642178] <Event name="StateInfo" time="13.353458851" tag="vvvvv" TaskAutoShoot.state="SHOOT" />
TaskAutoShoot.runTaskState_INFO [13.357387835] ***** Start left shooter shooting (timedout=true, turretReady=false).
Shooter.shoot_INFO [13.358704342] shoot(owner=null, event=(TaskAutoShoot.leftShooterDone=CLEARED), shooter=leftShooter, autoStop=false)
Shooter.LeftTransferMotor.cancel_INFO [13.360387026] Cancel: stopping motor.
TaskAutoShoot.runTaskState_INFO [13.368823397] ***** Start right shooter shooting (timedout=true, turretReady=false).
Shooter.shoot_INFO [13.370091255] shoot(owner=null, event=(TaskAutoShoot.rightShooterDone=CLEARED), shooter=rightShooter, autoStop=false)
Shooter.RightTransferMotor.cancel_INFO [13.371035406] Cancel: stopping motor.
TaskAutoShoot.autoTask_INFO [13.37303839] <Event name="StateInfo" time="13.372523249" tag="^^^^^" TaskAutoShoot.state="SHOOT" />
FrcTeleOp.driverControllerButtonEvent_INFO [13.381336656] ##### button=RightBumper, pressed=true
FrcTeleOp.driverControllerButtonEvent_INFO [13.383974332] >>>>> Slow Drive
FrcTeleOp.driverControllerButtonEvent_INFO [13.659030895] ##### button=A, pressed=true
FrcTeleOp.toggleIntake_INFO [13.660708352] >>>>> Toggle Intake.
FrcTeleOp.driverControllerButtonEvent_INFO [13.758663878] ##### button=A, pressed=false
Shooter.RightShooter.goalTrackingTask_INFO [14.680467814] Shooter.RightShooter is Ready: rpm1=6154.047476/6203.261162, rpm2=3785.976563/0.000000, tilt=39.953640/40.000000, pan=null/null
Shooter.LeftShooter.goalTrackingTask_INFO [14.746671792] Shooter.LeftShooter is Ready: rpm1=6257.217548/6202.896380, rpm2=3871.523438/0.000000, tilt=39.993161/40.000000, pan=null/null
Shooter.fieldTriggerCallback_INFO [18.081411247] FieldTriggerCallback: canceled=false, zoneCtxt=(value-299.832673,prevZone=2,currZone=3)
Shooter.setupGoalTrackingMode_INFO [18.082506201] PassingBack: alliance=Red, fieldLengthZone=3, fieldWidthZone=3, blueGoalPose= (x=-238.257874,y=78.305000,angle=0.000000), goalFieldPose=(x=-79.419291,y=572.915472,angle=180.000000).
Shooter.setupGoalTrackingMode_INFO [18.083108015] GoalTracking(trackingMode=Passback, goalPose=(x=-79.419291,y=572.915472,angle=180.000000), noPassback=false).
FrcTeleOp.driverControllerButtonEvent_INFO [18.285108924] ##### button=RightBumper, pressed=false
FrcTeleOp.driverControllerButtonEvent_INFO [18.287757853] >>>>> Normal Drive
FrcTeleOp.operatorControllerButtonEvent_INFO [18.930382194] ##### button=Y, pressed=false
FrcTeleOp.shoot_INFO [18.931172701] >>>>> Stop Auto Shoot.
TaskAutoShoot.cancel_INFO [18.931729751] Canceling auto task operation.
TaskAutoShoot.stopSubsystems_INFO [18.932678136] Stopping subsystems.
Shooter.LeftTransferMotor.cancel_INFO [18.933288437] Cancel: stopping motor.
Shooter.RightTransferMotor.cancel_INFO [18.93380714] Cancel: stopping motor.
Shooter.FeederMotor.cancel_INFO [18.934174709] Cancel: stopping motor.
Shooter.LeftShooter.disableGoalTracking_INFO [18.934700122] Disable Goal Tracking.
Shooter.LeftShooter.stopGoalTracking_INFO [18.935077965] Stop GoalTracking.
Shooter.LeftTiltMotor.cancel_INFO [18.935414298] Cancel: stopping motor.
Shooter.LeftPrimaryMotor.cancel_INFO [18.936403714] Cancel: stopping motor.
Shooter.RightShooter.disableGoalTracking_INFO [18.937591594] Disable Goal Tracking.
Shooter.RightShooter.stopGoalTracking_INFO [18.938060817] Stop GoalTracking.
Shooter.RightTiltMotor.cancel_INFO [18.938731455] Cancel: stopping motor.
Shooter.RightPrimaryMotor.cancel_INFO [18.939243048] Cancel: stopping motor.
Shooter.LeftShooter.cancel_INFO [18.940356724] owner=null
Shooter.LeftPrimaryMotor.cancel_INFO [18.941130945] Cancel: stopping motor.
Shooter.LeftTiltMotor.cancel_INFO [18.943032121] Cancel: stopping motor.
Shooter.RightShooter.cancel_INFO [18.943522608] owner=null
Shooter.RightPrimaryMotor.cancel_INFO [18.944102688] Cancel: stopping motor.
Shooter.RightTiltMotor.cancel_INFO [18.94464035] Cancel: stopping motor.
Shooter.LeftTransferMotor.cancel_INFO [18.945451439] Cancel: stopping motor.
Shooter.RightTransferMotor.cancel_INFO [18.945839822] Cancel: stopping motor.
Shooter.FeederMotor.cancel_INFO [18.946930492] Cancel: stopping motor.
Shooter.stopTilt_ERR [18.947956432] StopTilt is called
Climber.Motor.isMotorStalled_INFO [19.011125603] Stall detection triggered.
Climber.Motor.checkStallReset_INFO [19.01312554] Resetting stall.
Shooter.stopTilt_ERR [19.017539617] StopTilt is called
Shooter.stopTiltCallback_ERR [19.104734596] StopRightTilt was canceled.
Shooter.stopTiltCallback_ERR [19.108910206] StopLeftTilt was canceled.
FrcTeleOp.driverControllerButtonEvent_INFO [19.133085023] ##### button=A, pressed=true
FrcTeleOp.toggleIntake_INFO [19.135158596] >>>>> Toggle Intake.
FrcTeleOp.driverControllerButtonEvent_INFO [19.185593274] ##### button=A, pressed=false
Shooter.LeftTiltMotor.pidCtrlTask_INFO [19.21449587] controlMode: Position,onTarget=true(17.69967721924746/17.0), stalled=false, expired=false, event=(stopLeftTilt=SIGNALED)
Shooter.stopTiltCallback_ERR [19.21559246] StopLeftTilt was completed.
Shooter.RightTiltMotor.pidCtrlTask_INFO [19.258216821] controlMode: Position,onTarget=true(17.26487617268598/17.0), stalled=false, expired=false, event=(stopRightTilt=SIGNALED)
Shooter.stopTiltCallback_ERR [19.260317158] StopRightTilt was completed.
FrcTeleOp.operatorControllerButtonEvent_INFO [21.439342514] ##### button=Y, pressed=true
FrcTeleOp.shoot_INFO [21.440931692] >>>>> Start Auto Shoot.
TaskAutoShoot.autoShoot_INFO [21.441682779] autoShoot(owner=null, event=null, taskParams=(autoStop=false, noPassback=false, noWait=false))
Shooter.enableGoalTracking_INFO [21.442824854] EnableGoalTracking: goalTrackingParams=(trackFlywheel=true,trackTiltPos=true,trackPanPos=true), noPassback=false
Shooter.setupGoalTrackingMode_INFO [21.443953913] PassingBack: alliance=Red, fieldLengthZone=2, fieldWidthZone=0, blueGoalPose= (x=-79.419291,y=78.305000,angle=0.000000), goalFieldPose=(x=-238.257874,y=572.915472,angle=180.000000).
Shooter.setupGoalTrackingMode_INFO [21.44541846] GoalTracking(trackingMode=Passback, goalPose=(x=-238.257874,y=572.915472,angle=180.000000), noPassback=false).
Shooter.LeftShooter.enableGoalTracking_INFO [21.446246982] Enable GoalTracking (trackingParams=(trackFlywheel=true,trackTiltPos=true,trackPanPos=true)).
Shooter.LeftPrimaryMotor.cancel_INFO [21.447199498] Cancel: stopping motor.
Shooter.LeftTiltMotor.cancel_INFO [21.448566365] Cancel: stopping motor.
Shooter.RightShooter.enableGoalTracking_INFO [21.451154654] Enable GoalTracking (trackingParams=(trackFlywheel=true,trackTiltPos=true,trackPanPos=true)).
Shooter.RightPrimaryMotor.cancel_INFO [21.452341939] Cancel: stopping motor.
Shooter.RightTiltMotor.cancel_INFO [21.453551919] Cancel: stopping motor.
Shooter.enableGoalTracking_ERR [21.454483396] EnableGoalTrackingTimestamps=[21.443387416, 21.445982232, 21.450874717, 21.454199003]
TaskAutoShoot.autoTask_INFO [21.559379584] <Event name="StateInfo" time="21.558988419" tag="vvvvv" TaskAutoShoot.state="START" />
TaskAutoShoot.runTaskState_INFO [21.563233904] ***** Wait for left Shooter ready.
TaskAutoShoot.runTaskState_INFO [21.564656728] ***** Wait for right Shooter ready.
TaskAutoShoot.runTaskState_INFO [21.568122198] ***** Wait for Turret ready.
TaskAutoShoot.autoTask_INFO [21.569930887] <Event name="StateInfo" time="21.568803291" tag="^^^^^" TaskAutoShoot.state="START" />
TaskAutoShoot.autoTask_INFO [21.754955094] <Event name="StateInfo" time="21.754784722" tag="vvvvv" TaskAutoShoot.state="SHOOT" />
TaskAutoShoot.autoTask_INFO [21.757932603] <Event name="StateInfo" time="21.757721355" tag="^^^^^" TaskAutoShoot.state="SHOOT" />
TaskAutoShoot.autoTask_INFO [21.860565707] <Event name="StateInfo" time="21.8602729" tag="vvvvv" TaskAutoShoot.state="SHOOT" />
TaskAutoShoot.autoTask_INFO [21.864741954] <Event name="StateInfo" time="21.864473853" tag="^^^^^" TaskAutoShoot.state="SHOOT" />
TaskAutoShoot.autoTask_INFO [21.970718458] <Event name="StateInfo" time="21.970559643" tag="vvvvv" TaskAutoShoot.state="SHOOT" />
TaskAutoShoot.autoTask_INFO [21.971143332] <Event name="StateInfo" time="21.970995443" tag="^^^^^" TaskAutoShoot.state="SHOOT" />
TaskAutoShoot.autoTask_INFO [22.080232913] <Event name="StateInfo" time="22.080036951" tag="vvvvv" TaskAutoShoot.state="SHOOT" />
TaskAutoShoot.autoTask_INFO [22.084804274] <Event name="StateInfo" time="22.084518752" tag="^^^^^" TaskAutoShoot.state="SHOOT" />
TaskAutoShoot.autoTask_INFO [22.179398226] <Event name="StateInfo" time="22.179083365" tag="vvvvv" TaskAutoShoot.state="SHOOT" />
TaskAutoShoot.autoTask_INFO [22.184414591] <Event name="StateInfo" time="22.184091456" tag="^^^^^" TaskAutoShoot.state="SHOOT" />
TaskAutoShoot.autoTask_INFO [22.276669508] <Event name="StateInfo" time="22.276378081" tag="vvvvv" TaskAutoShoot.state="SHOOT" />
TaskAutoShoot.autoTask_INFO [22.27766986] <Event name="StateInfo" time="22.277405103" tag="^^^^^" TaskAutoShoot.state="SHOOT" />
TaskAutoShoot.autoTask_INFO [22.380305774] <Event name="StateInfo" time="22.380097316" tag="vvvvv" TaskAutoShoot.state="SHOOT" />
TaskAutoShoot.autoTask_INFO [22.382360465] <Event name="StateInfo" time="22.382030366" tag="^^^^^" TaskAutoShoot.state="SHOOT" />
TaskAutoShoot.autoTask_INFO [22.470755848] <Event name="StateInfo" time="22.470556516" tag="vvvvv" TaskAutoShoot.state="SHOOT" />
TaskAutoShoot.autoTask_INFO [22.471195417] <Event name="StateInfo" time="22.471042068" tag="^^^^^" TaskAutoShoot.state="SHOOT" />
TaskAutoShoot.autoTask_INFO [22.577744397] <Event name="StateInfo" time="22.577555725" tag="vvvvv" TaskAutoShoot.state="SHOOT" />
TaskAutoShoot.runTaskState_INFO [22.583868537] ***** Start left shooter shooting (timedout=true, turretReady=false).
Shooter.shoot_INFO [22.58641074] shoot(owner=null, event=(TaskAutoShoot.leftShooterDone=CLEARED), shooter=leftShooter, autoStop=false)
Shooter.LeftTransferMotor.cancel_INFO [22.588034065] Cancel: stopping motor.
TaskAutoShoot.runTaskState_INFO [22.591723624] ***** Start right shooter shooting (timedout=true, turretReady=false).
Shooter.shoot_INFO [22.593779958] shoot(owner=null, event=(TaskAutoShoot.rightShooterDone=CLEARED), shooter=rightShooter, autoStop=false)
Shooter.RightTransferMotor.cancel_INFO [22.596301936] Cancel: stopping motor.
TaskAutoShoot.autoTask_INFO [22.598615402] <Event name="StateInfo" time="22.598437756" tag="^^^^^" TaskAutoShoot.state="SHOOT" />
FrcTeleOp.driverControllerButtonEvent_INFO [23.692957953] ##### button=A, pressed=true
FrcTeleOp.toggleIntake_INFO [23.694635648] >>>>> Toggle Intake.
FrcTeleOp.driverControllerButtonEvent_INFO [23.881907414] ##### button=A, pressed=false
FrcTeleOp.operatorControllerButtonEvent_INFO [24.164160695] ##### button=Y, pressed=false
FrcTeleOp.shoot_INFO [24.165306836] >>>>> Stop Auto Shoot.
TaskAutoShoot.cancel_INFO [24.166071515] Canceling auto task operation.
TaskAutoShoot.stopSubsystems_INFO [24.166892832] Stopping subsystems.
Shooter.LeftTransferMotor.cancel_INFO [24.168544713] Cancel: stopping motor.
Shooter.RightTransferMotor.cancel_INFO [24.16937994] Cancel: stopping motor.
Shooter.FeederMotor.cancel_INFO [24.17015788] Cancel: stopping motor.
Shooter.LeftShooter.disableGoalTracking_INFO [24.171300367] Disable Goal Tracking.
Shooter.LeftShooter.stopGoalTracking_INFO [24.172342048] Stop GoalTracking.
Shooter.LeftTiltMotor.cancel_INFO [24.180239915] Cancel: stopping motor.
Shooter.LeftPrimaryMotor.cancel_INFO [24.184134012] Cancel: stopping motor.
Shooter.RightShooter.disableGoalTracking_INFO [24.186711753] Disable Goal Tracking.
Shooter.RightShooter.stopGoalTracking_INFO [24.189999174] Stop GoalTracking.
Shooter.RightTiltMotor.cancel_INFO [24.191240895] Cancel: stopping motor.
Shooter.RightPrimaryMotor.cancel_INFO [24.194667601] Cancel: stopping motor.
Shooter.LeftShooter.cancel_INFO [24.196468942] owner=null
Shooter.LeftPrimaryMotor.cancel_INFO [24.197907363] Cancel: stopping motor.
Shooter.LeftTiltMotor.cancel_INFO [24.200048159] Cancel: stopping motor.
Shooter.RightShooter.cancel_INFO [24.204029242] owner=null
Shooter.RightPrimaryMotor.cancel_INFO [24.206247391] Cancel: stopping motor.
Shooter.RightTiltMotor.cancel_INFO [24.208466161] Cancel: stopping motor.
Shooter.LeftTransferMotor.cancel_INFO [24.211519312] Cancel: stopping motor.
Shooter.RightTransferMotor.cancel_INFO [24.214753965] Cancel: stopping motor.
Shooter.FeederMotor.cancel_INFO [24.219058783] Cancel: stopping motor.
Shooter.stopTilt_ERR [24.220918427] StopTilt is called
Shooter.stopTilt_ERR [24.301443917] StopTilt is called
Shooter.stopTiltCallback_ERR [24.361413288] StopRightTilt was canceled.
Shooter.stopTiltCallback_ERR [24.362533248] StopLeftTilt was canceled.
FrcTeleOp.driverControllerButtonEvent_INFO [24.371866197] ##### button=RightBumper, pressed=true
FrcTeleOp.driverControllerButtonEvent_INFO [24.372975858] >>>>> Slow Drive
Shooter.LeftTiltMotor.pidCtrlTask_INFO [24.494930974] controlMode: Position,onTarget=true(16.988184367086653/17.0), stalled=false, expired=false, event=(stopLeftTilt=SIGNALED)
Shooter.stopTiltCallback_ERR [24.495326108] StopLeftTilt was completed.
Shooter.RightTiltMotor.pidCtrlTask_INFO [24.531946292] controlMode: Position,onTarget=true(16.988184490777495/17.0), stalled=false, expired=false, event=(stopRightTilt=SIGNALED)
Shooter.stopTiltCallback_ERR [24.539395936] StopRightTilt was completed.
FrcTeleOp.driverControllerButtonEvent_INFO [25.134924581] ##### button=RightBumper, pressed=false
FrcTeleOp.driverControllerButtonEvent_INFO [25.135680904] >>>>> Normal Drive
FrcTeleOp.driverControllerButtonEvent_INFO [25.236399056] ##### button=A, pressed=true
FrcTeleOp.toggleIntake_INFO [25.237019611] >>>>> Toggle Intake.
FrcTeleOp.driverControllerButtonEvent_INFO [25.340227261] ##### button=A, pressed=false
FrcTeleOp.driverControllerButtonEvent_INFO [30.703300416] ##### button=A, pressed=true
FrcTeleOp.toggleIntake_INFO [30.705543897] >>>>> Toggle Intake.
FrcTeleOp.driverControllerButtonEvent_INFO [30.806061551] ##### button=A, pressed=false
FrcTeleOp.driverControllerButtonEvent_INFO [32.816726737] ##### button=RightBumper, pressed=true
FrcTeleOp.driverControllerButtonEvent_INFO [32.822758567] >>>>> Slow Drive
FrcTeleOp.operatorControllerButtonEvent_INFO [33.274533101] ##### button=Y, pressed=true
FrcTeleOp.shoot_INFO [33.276115878] >>>>> Start Auto Shoot.
TaskAutoShoot.autoShoot_INFO [33.276656882] autoShoot(owner=null, event=null, taskParams=(autoStop=false, noPassback=false, noWait=false))
Shooter.enableGoalTracking_INFO [33.27711908] EnableGoalTracking: goalTrackingParams=(trackFlywheel=true,trackTiltPos=true,trackPanPos=true), noPassback=false
Shooter.setupGoalTrackingMode_INFO [33.277821722] AlliancHub: alliance=Red, fieldLengthZone=7, fieldWidthZone=3.
Shooter.setupGoalTrackingMode_INFO [33.278569285] GoalTracking(trackingMode=AllianceHub, goalPose=(x=-158.838583,y=469.110472,angle=180.000000), noPassback=false).
Shooter.LeftShooter.enableGoalTracking_INFO [33.280012453] Enable GoalTracking (trackingParams=(trackFlywheel=true,trackTiltPos=true,trackPanPos=true)).
Shooter.LeftPrimaryMotor.cancel_INFO [33.280847886] Cancel: stopping motor.
Shooter.LeftTiltMotor.cancel_INFO [33.282003279] Cancel: stopping motor.
Shooter.RightShooter.enableGoalTracking_INFO [33.282812455] Enable GoalTracking (trackingParams=(trackFlywheel=true,trackTiltPos=true,trackPanPos=true)).
Shooter.RightPrimaryMotor.cancel_INFO [33.283234216] Cancel: stopping motor.
Shooter.RightTiltMotor.cancel_INFO [33.283661097] Cancel: stopping motor.
Shooter.enableGoalTracking_ERR [33.284381771] EnableGoalTrackingTimestamps=[33.277306042, 33.279398097, 33.28227857, 33.284061916]
TaskAutoShoot.autoTask_INFO [33.394593922] <Event name="StateInfo" time="33.394024843" tag="vvvvv" TaskAutoShoot.state="START" />
TaskAutoShoot.runTaskState_INFO [33.39816707] ***** Wait for left Shooter ready.
TaskAutoShoot.runTaskState_INFO [33.399261283] ***** Wait for right Shooter ready.
TaskAutoShoot.runTaskState_INFO [33.402136017] ***** Wait for Turret ready.
TaskAutoShoot.autoTask_INFO [33.40966412] <Event name="StateInfo" time="33.409359036" tag="^^^^^" TaskAutoShoot.state="START" />
Shooter.TurretMotor.pidCtrlTask_INFO [33.465673872] controlMode: Position,onTarget=true(13.198822021484375/11.331816428128121), stalled=false, expired=false, event=(TaskAutoShoot.turretReady=SIGNALED)
TaskAutoShoot.autoTask_INFO [33.515327925] <Event name="StateInfo" time="33.515170033" tag="vvvvv" TaskAutoShoot.state="SHOOT" />
TaskAutoShoot.autoTask_INFO [33.516159641] <Event name="StateInfo" time="33.515937599" tag="^^^^^" TaskAutoShoot.state="SHOOT" />
TaskAutoShoot.autoTask_INFO [33.648474562] <Event name="StateInfo" time="33.648138419" tag="vvvvv" TaskAutoShoot.state="SHOOT" />
TaskAutoShoot.autoTask_INFO [33.64892366] <Event name="StateInfo" time="33.648737761" tag="^^^^^" TaskAutoShoot.state="SHOOT" />
TaskAutoShoot.autoTask_INFO [33.756734408] <Event name="StateInfo" time="33.756524581" tag="vvvvv" TaskAutoShoot.state="SHOOT" />
TaskAutoShoot.autoTask_INFO [33.766194047] <Event name="StateInfo" time="33.766016768" tag="^^^^^" TaskAutoShoot.state="SHOOT" />
TaskAutoShoot.autoTask_INFO [33.863093638] <Event name="StateInfo" time="33.862928394" tag="vvvvv" TaskAutoShoot.state="SHOOT" />
TaskAutoShoot.autoTask_INFO [33.865263437] <Event name="StateInfo" time="33.864174723" tag="^^^^^" TaskAutoShoot.state="SHOOT" />
TaskAutoShoot.autoTask_INFO [33.982987547] <Event name="StateInfo" time="33.982630927" tag="vvvvv" TaskAutoShoot.state="SHOOT" />
TaskAutoShoot.autoTask_INFO [33.984448357] <Event name="StateInfo" time="33.984272001" tag="^^^^^" TaskAutoShoot.state="SHOOT" />
TaskAutoShoot.autoTask_INFO [34.090603029] <Event name="StateInfo" time="34.090432666" tag="vvvvv" TaskAutoShoot.state="SHOOT" />
TaskAutoShoot.autoTask_INFO [34.091734369] <Event name="StateInfo" time="34.091558435" tag="^^^^^" TaskAutoShoot.state="SHOOT" />
TaskAutoShoot.autoTask_INFO [34.19666103] <Event name="StateInfo" time="34.194342927" tag="vvvvv" TaskAutoShoot.state="SHOOT" />
TaskAutoShoot.autoTask_INFO [34.202031353] <Event name="StateInfo" time="34.20184238" tag="^^^^^" TaskAutoShoot.state="SHOOT" />
Shooter.LeftShooter.goalTrackingTask_INFO [34.284273082] Shooter.LeftShooter is Ready: rpm1=5301.805889/5369.103292, rpm2=3226.523438/0.000000, tilt=26.830498/27.618270, pan=null/null
Shooter.RightShooter.goalTrackingTask_INFO [34.317596665] Shooter.RightShooter is Ready: rpm1=5269.624399/5369.103292, rpm2=3233.320313/0.000000, tilt=26.830493/27.618270, pan=null/null
TaskAutoShoot.autoTask_INFO [34.32123408] <Event name="StateInfo" time="34.319157724" tag="vvvvv" TaskAutoShoot.state="SHOOT" />
TaskAutoShoot.runTaskState_INFO [34.323055961] ***** Start left shooter shooting (timedout=false, turretReady=true).
Shooter.shoot_INFO [34.325015827] shoot(owner=null, event=(TaskAutoShoot.leftShooterDone=CLEARED), shooter=leftShooter, autoStop=false)
Shooter.LeftTransferMotor.cancel_INFO [34.32629591] Cancel: stopping motor.
TaskAutoShoot.runTaskState_INFO [34.328259355] ***** Start right shooter shooting (timedout=false, turretReady=true).
Shooter.shoot_INFO [34.32921989] shoot(owner=null, event=(TaskAutoShoot.rightShooterDone=CLEARED), shooter=rightShooter, autoStop=false)
Shooter.RightTransferMotor.cancel_INFO [34.334024931] Cancel: stopping motor.
TaskAutoShoot.autoTask_INFO [34.337316007] <Event name="StateInfo" time="34.337029717" tag="^^^^^" TaskAutoShoot.state="SHOOT" />
FrcTeleOp.periodic_INFO [35.011798505] >>>>> Shift[2]: Red
Shooter.fieldTriggerCallback_INFO [36.915020192] FieldTriggerCallback: canceled=false, zoneCtxt=(value--130.379455,prevZone=3,currZone=2)
Shooter.setupGoalTrackingMode_INFO [36.919315151] AlliancHub: alliance=Red, fieldLengthZone=7, fieldWidthZone=2.
Shooter.setupGoalTrackingMode_INFO [36.920251855] GoalTracking(trackingMode=AllianceHub, goalPose=(x=-158.838583,y=469.110472,angle=180.000000), noPassback=false).
FrcTeleOp.driverControllerButtonEvent_INFO [37.031396005] ##### button=A, pressed=true
FrcTeleOp.toggleIntake_INFO [37.042258287] >>>>> Toggle Intake.
FrcTeleOp.driverControllerButtonEvent_INFO [37.143076658] ##### button=A, pressed=false
FrcTeleOp.operatorControllerButtonEvent_INFO [40.062179271] ##### button=Y, pressed=false
FrcTeleOp.shoot_INFO [40.063692206] >>>>> Stop Auto Shoot.
TaskAutoShoot.cancel_INFO [40.064317115] Canceling auto task operation.
TaskAutoShoot.stopSubsystems_INFO [40.064723119] Stopping subsystems.
Shooter.LeftTransferMotor.cancel_INFO [40.065451291] Cancel: stopping motor.
Shooter.RightTransferMotor.cancel_INFO [40.066006715] Cancel: stopping motor.
Shooter.FeederMotor.cancel_INFO [40.068215588] Cancel: stopping motor.
Shooter.LeftShooter.disableGoalTracking_INFO [40.068674295] Disable Goal Tracking.
Shooter.LeftShooter.stopGoalTracking_INFO [40.069693861] Stop GoalTracking.
Shooter.LeftTiltMotor.cancel_INFO [40.070052841] Cancel: stopping motor.
Shooter.LeftPrimaryMotor.cancel_INFO [40.070505285] Cancel: stopping motor.
Shooter.RightShooter.disableGoalTracking_INFO [40.071031928] Disable Goal Tracking.
Shooter.RightShooter.stopGoalTracking_INFO [40.071267305] Stop GoalTracking.
Shooter.RightTiltMotor.cancel_INFO [40.071574605] Cancel: stopping motor.
Shooter.RightPrimaryMotor.cancel_INFO [40.072227185] Cancel: stopping motor.
Shooter.LeftShooter.cancel_INFO [40.07308249] owner=null
Shooter.LeftPrimaryMotor.cancel_INFO [40.073534055] Cancel: stopping motor.
Shooter.LeftTiltMotor.cancel_INFO [40.074162315] Cancel: stopping motor.
Shooter.RightShooter.cancel_INFO [40.074516756] owner=null
Shooter.RightPrimaryMotor.cancel_INFO [40.074932519] Cancel: stopping motor.
Shooter.RightTiltMotor.cancel_INFO [40.075384561] Cancel: stopping motor.
Shooter.LeftTransferMotor.cancel_INFO [40.076234772] Cancel: stopping motor.
Shooter.RightTransferMotor.cancel_INFO [40.076685375] Cancel: stopping motor.
Shooter.FeederMotor.cancel_INFO [40.077079058] Cancel: stopping motor.
Shooter.stopTilt_ERR [40.077705476] StopTilt is called
Shooter.stopTilt_ERR [40.15818339] StopTilt is called
Shooter.LeftTiltMotor.pidCtrlTask_INFO [40.1924317] controlMode: Position,onTarget=true(16.988184367086653/17.0), stalled=false, expired=false, event=(stopLeftTilt=SIGNALED)
Shooter.stopTiltCallback_ERR [40.214765456] StopLeftTilt was completed.
Shooter.stopTiltCallback_ERR [40.21713344] StopRightTilt was canceled.
Shooter.stopTiltCallback_ERR [40.218855707] StopLeftTilt was canceled.
Shooter.RightTiltMotor.pidCtrlTask_INFO [40.237729098] controlMode: Position,onTarget=true(17.18582139140681/17.0), stalled=false, expired=false, event=(stopRightTilt=SIGNALED)
Shooter.stopTiltCallback_ERR [40.239272771] StopRightTilt was completed.
FrcTeleOp.operatorControllerButtonEvent_INFO [40.433874127] ##### button=Y, pressed=true
FrcTeleOp.shoot_INFO [40.435500259] >>>>> Start Auto Shoot.
TaskAutoShoot.autoShoot_INFO [40.43738197] autoShoot(owner=null, event=null, taskParams=(autoStop=false, noPassback=false, noWait=false))
Shooter.enableGoalTracking_INFO [40.439834158] EnableGoalTracking: goalTrackingParams=(trackFlywheel=true,trackTiltPos=true,trackPanPos=true), noPassback=false
Shooter.setupGoalTrackingMode_INFO [40.443365299] AlliancHub: alliance=Red, fieldLengthZone=7, fieldWidthZone=3.
Shooter.setupGoalTrackingMode_INFO [40.444941912] GoalTracking(trackingMode=AllianceHub, goalPose=(x=-158.838583,y=469.110472,angle=180.000000), noPassback=false).
Shooter.LeftShooter.enableGoalTracking_INFO [40.446478741] Enable GoalTracking (trackingParams=(trackFlywheel=true,trackTiltPos=true,trackPanPos=true)).
Shooter.LeftPrimaryMotor.cancel_INFO [40.447824882] Cancel: stopping motor.
Shooter.LeftTiltMotor.cancel_INFO [40.449062361] Cancel: stopping motor.
Shooter.RightShooter.enableGoalTracking_INFO [40.450475355] Enable GoalTracking (trackingParams=(trackFlywheel=true,trackTiltPos=true,trackPanPos=true)).
Shooter.RightPrimaryMotor.cancel_INFO [40.452005451] Cancel: stopping motor.
Shooter.RightTiltMotor.cancel_INFO [40.453464278] Cancel: stopping motor.
Shooter.enableGoalTracking_ERR [40.45501123] EnableGoalTrackingTimestamps=[40.44238171, 40.445866284, 40.450208269, 40.454554808]
TaskAutoShoot.autoTask_INFO [40.561171427] <Event name="StateInfo" time="40.560647359" tag="vvvvv" TaskAutoShoot.state="START" />
TaskAutoShoot.runTaskState_INFO [40.565789241] ***** Wait for left Shooter ready.
TaskAutoShoot.runTaskState_INFO [40.567528344] ***** Wait for right Shooter ready.
TaskAutoShoot.runTaskState_INFO [40.57062703] ***** Wait for Turret ready.
TaskAutoShoot.autoTask_INFO [40.571032007] <Event name="StateInfo" time="40.570833314" tag="^^^^^" TaskAutoShoot.state="START" />
Shooter.RightShooter.goalTrackingTask_INFO [40.768537204] Shooter.RightShooter is Ready: rpm1=4264.993990/4191.915694, rpm2=2665.546875/0.000000, tilt=20.229431/19.453284, pan=null/null
TaskAutoShoot.autoTask_INFO [40.773658966] <Event name="StateInfo" time="40.77088208" tag="vvvvv" TaskAutoShoot.state="SHOOT" />
TaskAutoShoot.autoTask_INFO [40.775549718] <Event name="StateInfo" time="40.775368892" tag="^^^^^" TaskAutoShoot.state="SHOOT" />
Shooter.fieldTriggerCallback_INFO [40.780930825] FieldTriggerCallback: canceled=false, zoneCtxt=(value--130.526731,prevZone=3,currZone=2)
Shooter.setupGoalTrackingMode_INFO [40.781952136] AlliancHub: alliance=Red, fieldLengthZone=7, fieldWidthZone=2.
Shooter.setupGoalTrackingMode_INFO [40.782862179] GoalTracking(trackingMode=AllianceHub, goalPose=(x=-158.838583,y=469.110472,angle=180.000000), noPassback=false).
Shooter.LeftShooter.goalTrackingTask_INFO [40.850524623] Shooter.LeftShooter is Ready: rpm1=4201.198918/4174.679971, rpm2=2644.453125/0.000000, tilt=19.438884/19.349087, pan=null/null
TaskAutoShoot.autoTask_INFO [40.880448288] <Event name="StateInfo" time="40.880294011" tag="vvvvv" TaskAutoShoot.state="SHOOT" />
TaskAutoShoot.autoTask_INFO [40.880929845] <Event name="StateInfo" time="40.880789572" tag="^^^^^" TaskAutoShoot.state="SHOOT" />
TaskAutoShoot.autoTask_INFO [40.967219271] <Event name="StateInfo" time="40.966879699" tag="vvvvv" TaskAutoShoot.state="SHOOT" />
TaskAutoShoot.autoTask_INFO [40.969832717] <Event name="StateInfo" time="40.969379525" tag="^^^^^" TaskAutoShoot.state="SHOOT" />
TaskAutoShoot.autoTask_INFO [41.081800514] <Event name="StateInfo" time="41.081493462" tag="vvvvv" TaskAutoShoot.state="SHOOT" />
TaskAutoShoot.autoTask_INFO [41.083846678] <Event name="StateInfo" time="41.083380033" tag="^^^^^" TaskAutoShoot.state="SHOOT" />
TaskAutoShoot.autoTask_INFO [41.199125322] <Event name="StateInfo" time="41.198953226" tag="vvvvv" TaskAutoShoot.state="SHOOT" />
TaskAutoShoot.autoTask_INFO [41.20144764] <Event name="StateInfo" time="41.201263454" tag="^^^^^" TaskAutoShoot.state="SHOOT" />
TaskAutoShoot.autoTask_INFO [41.305842644] <Event name="StateInfo" time="41.305653711" tag="vvvvv" TaskAutoShoot.state="SHOOT" />
TaskAutoShoot.autoTask_INFO [41.308857205] <Event name="StateInfo" time="41.30867595" tag="^^^^^" TaskAutoShoot.state="SHOOT" />
TaskAutoShoot.autoTask_INFO [41.403987839] <Event name="StateInfo" time="41.403790218" tag="vvvvv" TaskAutoShoot.state="SHOOT" />
TaskAutoShoot.autoTask_INFO [41.413435456] <Event name="StateInfo" time="41.412756066" tag="^^^^^" TaskAutoShoot.state="SHOOT" />
TaskAutoShoot.autoTask_INFO [41.52179264] <Event name="StateInfo" time="41.51979962" tag="vvvvv" TaskAutoShoot.state="SHOOT" />
TaskAutoShoot.autoTask_INFO [41.528695712] <Event name="StateInfo" time="41.528525586" tag="^^^^^" TaskAutoShoot.state="SHOOT" />
TaskAutoShoot.autoTask_INFO [41.624683307] <Event name="StateInfo" time="41.624424691" tag="vvvvv" TaskAutoShoot.state="SHOOT" />
TaskAutoShoot.runTaskState_INFO [41.625147908] ***** Start left shooter shooting (timedout=true, turretReady=false).
Shooter.shoot_INFO [41.625666594] shoot(owner=null, event=(TaskAutoShoot.leftShooterDone=CLEARED), shooter=leftShooter, autoStop=false)
Shooter.LeftTransferMotor.cancel_INFO [41.629897261] Cancel: stopping motor.
TaskAutoShoot.runTaskState_INFO [41.635207898] ***** Start right shooter shooting (timedout=true, turretReady=false).
Shooter.shoot_INFO [41.636349303] shoot(owner=null, event=(TaskAutoShoot.rightShooterDone=CLEARED), shooter=rightShooter, autoStop=false)
Shooter.RightTransferMotor.cancel_INFO [41.636802465] Cancel: stopping motor.
TaskAutoShoot.autoTask_INFO [41.641091999] <Event name="StateInfo" time="41.640876043" tag="^^^^^" TaskAutoShoot.state="SHOOT" />
Shooter.fieldTriggerCallback_INFO [41.750257591] FieldTriggerCallback: canceled=false, zoneCtxt=(value--161.604499,prevZone=2,currZone=1)
Shooter.setupGoalTrackingMode_INFO [41.75099197] AlliancHub: alliance=Red, fieldLengthZone=7, fieldWidthZone=1.
Shooter.setupGoalTrackingMode_INFO [41.763846084] GoalTracking(trackingMode=AllianceHub, goalPose=(x=-158.838583,y=469.110472,angle=180.000000), noPassback=false).
FrcTeleOp.driverControllerButtonEvent_INFO [42.814405698] ##### button=RightBumper, pressed=false
FrcTeleOp.driverControllerButtonEvent_INFO [42.815660427] >>>>> Normal Drive
Shooter.fieldTriggerCallback_INFO [42.817381488] FieldTriggerCallback: canceled=false, zoneCtxt=(value--158.634292,prevZone=1,currZone=2)
Shooter.setupGoalTrackingMode_INFO [42.818074518] AlliancHub: alliance=Red, fieldLengthZone=7, fieldWidthZone=2.
Shooter.setupGoalTrackingMode_INFO [42.820022595] GoalTracking(trackingMode=AllianceHub, goalPose=(x=-158.838583,y=469.110472,angle=180.000000), noPassback=false).
FrcTeleOp.driverControllerButtonEvent_INFO [42.907156187] ##### button=A, pressed=true
FrcTeleOp.toggleIntake_INFO [42.90963247] >>>>> Toggle Intake.
FrcTeleOp.driverControllerButtonEvent_INFO [43.016400506] ##### button=A, pressed=false
FrcTeleOp.operatorControllerButtonEvent_INFO [43.299994662] ##### button=Y, pressed=false
FrcTeleOp.shoot_INFO [43.301119116] >>>>> Stop Auto Shoot.
TaskAutoShoot.cancel_INFO [43.301734289] Canceling auto task operation.
TaskAutoShoot.stopSubsystems_INFO [43.302842892] Stopping subsystems.
Shooter.LeftTransferMotor.cancel_INFO [43.303750125] Cancel: stopping motor.
Shooter.RightTransferMotor.cancel_INFO [43.304480526] Cancel: stopping motor.
Shooter.FeederMotor.cancel_INFO [43.305644166] Cancel: stopping motor.
Shooter.LeftShooter.disableGoalTracking_INFO [43.307468613] Disable Goal Tracking.
Shooter.LeftShooter.stopGoalTracking_INFO [43.30811506] Stop GoalTracking.
Shooter.LeftTiltMotor.cancel_INFO [43.308739889] Cancel: stopping motor.
Shooter.LeftPrimaryMotor.cancel_INFO [43.309676124] Cancel: stopping motor.
Shooter.RightShooter.disableGoalTracking_INFO [43.311135264] Disable Goal Tracking.
Shooter.RightShooter.stopGoalTracking_INFO [43.311735555] Stop GoalTracking.
Shooter.RightTiltMotor.cancel_INFO [43.312535115] Cancel: stopping motor.
Shooter.RightPrimaryMotor.cancel_INFO [43.313935141] Cancel: stopping motor.
Shooter.LeftShooter.cancel_INFO [43.31487107] owner=null
Shooter.LeftPrimaryMotor.cancel_INFO [43.31569471] Cancel: stopping motor.
Shooter.LeftTiltMotor.cancel_INFO [43.316456937] Cancel: stopping motor.
Shooter.RightShooter.cancel_INFO [43.318444418] owner=null
Shooter.RightPrimaryMotor.cancel_INFO [43.319253255] Cancel: stopping motor.
Shooter.RightTiltMotor.cancel_INFO [43.320559658] Cancel: stopping motor.
Shooter.LeftTransferMotor.cancel_INFO [43.321531654] Cancel: stopping motor.
Shooter.RightTransferMotor.cancel_INFO [43.322277998] Cancel: stopping motor.
Shooter.FeederMotor.cancel_INFO [43.323356729] Cancel: stopping motor.
Shooter.stopTilt_ERR [43.324534234] StopTilt is called
Shooter.stopTilt_ERR [43.377275081] StopTilt is called
Shooter.stopTiltCallback_ERR [43.434111908] StopRightTilt was canceled.
Shooter.stopTiltCallback_ERR [43.437778713] StopLeftTilt was canceled.
FrcDashboard.task.run_FATAL [43.449339703] Caught unexpected exception:
java.lang.ArrayIndexOutOfBoundsException: Index 34 out of bounds for length 34
Shooter.LeftTiltMotor.pidCtrlTask_INFO [43.454796971] controlMode: Position,onTarget=true(17.77873199434209/17.0), stalled=false, expired=false, event=(stopLeftTilt=SIGNALED)
TrcDbgTrace.run_ERR [43.458751333] Stack Trace (depth=16):
org.photonvision.common.dataflow.structures.Packet.decodeByte(Packet.java:297)
org.photonvision.common.dataflow.structures.Packet.decodeList(Packet.java:413)
org.photonvision.struct.PhotonTrackedTargetSerde.unpack(PhotonTrackedTargetSerde.java:128)
org.photonvision.struct.PhotonTrackedTargetSerde.unpack(PhotonTrackedTargetSerde.java:43)
org.photonvision.common.dataflow.structures.Packet.decodeList(Packet.java:419)
org.photonvision.struct.PhotonPipelineResultSerde.unpack(PhotonPipelineResultSerde.java:78)
org.photonvision.struct.PhotonPipelineResultSerde.unpack(PhotonPipelineResultSerde.java:43)
org.photonvision.common.networktables.PacketSubscriber.parse(PacketSubscriber.java:66)
org.photonvision.common.networktables.PacketSubscriber.getAllChanges(PacketSubscriber.java:110)
org.photonvision.PhotonCamera.getAllUnreadResults(PhotonCamera.java:262)
frclib.vision.FrcPhotonVision.getDetectedAprilTag(FrcPhotonVision.java:633)
teamcode.vision.Vision.updateStatus(Vision.java:447)
frclib.driverio.FrcDashboard.dashboardTask(FrcDashboard.java:212)
trclib.robotcore.TrcTaskMgr$TaskObject.standaloneTask(TrcTaskMgr.java:425)
trclib.robotcore.TrcPeriodicThread.run(TrcPeriodicThread.java:351)
java.base/java.lang.Thread.run(Unknown Source)
Shooter.stopTiltCallback_ERR [43.463303886] StopLeftTilt was completed.
Shooter.RightTiltMotor.pidCtrlTask_INFO [43.494446241] controlMode: Position,onTarget=true(17.106766628681267/17.0), stalled=false, expired=false, event=(stopRightTilt=SIGNALED)
Shooter.stopTiltCallback_ERR [43.494235647] StopRightTilt was completed.
FrcTeleOp.driverControllerButtonEvent_INFO [44.503565277] ##### button=A, pressed=true
FrcTeleOp.toggleIntake_INFO [44.504704389] >>>>> Toggle Intake.
FrcTeleOp.driverControllerButtonEvent_INFO [44.604669488] ##### button=A, pressed=false
TrcWatchdogMgr.checkForExpiration_WARN [45.055300627] ([1.7757610613857784E9]FrcDashboard.task:threshold=1.0,expiredTime=1.775761060706384E9,expired=true,paused=false) expired.
TrcDbgTrace.checkForExpiration_INFO [45.058795876] Thread stack: 
FrcTeleOp.operatorControllerButtonEvent_INFO [49.98087769] ##### button=Y, pressed=true
FrcTeleOp.shoot_INFO [49.982683106] >>>>> Start Auto Shoot.
TaskAutoShoot.autoShoot_INFO [49.98401938] autoShoot(owner=null, event=null, taskParams=(autoStop=false, noPassback=false, noWait=false))
Shooter.enableGoalTracking_INFO [49.985707932] EnableGoalTracking: goalTrackingParams=(trackFlywheel=true,trackTiltPos=true,trackPanPos=true), noPassback=false
Shooter.setupGoalTrackingMode_INFO [49.986941447] AlliancHub: alliance=Red, fieldLengthZone=7, fieldWidthZone=3.
Shooter.setupGoalTrackingMode_INFO [49.988460437] GoalTracking(trackingMode=AllianceHub, goalPose=(x=-158.838583,y=469.110472,angle=180.000000), noPassback=false).
Shooter.LeftShooter.enableGoalTracking_INFO [49.989810564] Enable GoalTracking (trackingParams=(trackFlywheel=true,trackTiltPos=true,trackPanPos=true)).
Shooter.LeftPrimaryMotor.cancel_INFO [49.991377378] Cancel: stopping motor.
Shooter.LeftTiltMotor.cancel_INFO [49.992898288] Cancel: stopping motor.
Shooter.RightShooter.enableGoalTracking_INFO [49.994447186] Enable GoalTracking (trackingParams=(trackFlywheel=true,trackTiltPos=true,trackPanPos=true)).
Shooter.RightPrimaryMotor.cancel_INFO [49.995900908] Cancel: stopping motor.
Shooter.RightTiltMotor.cancel_INFO [49.997897851] Cancel: stopping motor.
Shooter.enableGoalTracking_ERR [49.999418025] EnableGoalTrackingTimestamps=[49.986606051, 49.989539165, 49.994065053, 49.999105249]
TaskAutoShoot.autoTask_INFO [50.081841122] <Event name="StateInfo" time="50.077348156" tag="vvvvv" TaskAutoShoot.state="START" />
TaskAutoShoot.runTaskState_INFO [50.084466632] ***** Wait for left Shooter ready.
TaskAutoShoot.runTaskState_INFO [50.086034654] ***** Wait for right Shooter ready.
TaskAutoShoot.runTaskState_INFO [50.088003595] ***** Wait for Turret ready.
TaskAutoShoot.autoTask_INFO [50.091604518] <Event name="StateInfo" time="50.091367087" tag="^^^^^" TaskAutoShoot.state="START" />
FrcTeleOp.driverControllerButtonEvent_INFO [50.101485259] ##### button=RightBumper, pressed=true
FrcTeleOp.driverControllerButtonEvent_INFO [50.104944656] >>>>> Slow Drive
TaskAutoShoot.autoTask_INFO [50.293132137] <Event name="StateInfo" time="50.292955451" tag="vvvvv" TaskAutoShoot.state="SHOOT" />
TaskAutoShoot.autoTask_INFO [50.293530029] <Event name="StateInfo" time="50.293383142" tag="^^^^^" TaskAutoShoot.state="SHOOT" />
TaskAutoShoot.autoTask_INFO [50.392197633] <Event name="StateInfo" time="50.391971138" tag="vvvvv" TaskAutoShoot.state="SHOOT" />
TaskAutoShoot.autoTask_INFO [50.398720893] <Event name="StateInfo" time="50.398531833" tag="^^^^^" TaskAutoShoot.state="SHOOT" />
TaskAutoShoot.autoTask_INFO [50.506983423] <Event name="StateInfo" time="50.50682566" tag="vvvvv" TaskAutoShoot.state="SHOOT" />
TaskAutoShoot.autoTask_INFO [50.507353117] <Event name="StateInfo" time="50.50721818" tag="^^^^^" TaskAutoShoot.state="SHOOT" />
TaskAutoShoot.autoTask_INFO [50.610965629] <Event name="StateInfo" time="50.610781228" tag="vvvvv" TaskAutoShoot.state="SHOOT" />
TaskAutoShoot.autoTask_INFO [50.61670383] <Event name="StateInfo" time="50.616492252" tag="^^^^^" TaskAutoShoot.state="SHOOT" />
TaskAutoShoot.autoTask_INFO [50.714331487] <Event name="StateInfo" time="50.71414238" tag="vvvvv" TaskAutoShoot.state="SHOOT" />
TaskAutoShoot.autoTask_INFO [50.715206852] <Event name="StateInfo" time="50.715032284" tag="^^^^^" TaskAutoShoot.state="SHOOT" />
Shooter.LeftShooter.goalTrackingTask_INFO [50.784619909] Shooter.LeftShooter is Ready: rpm1=4363.620793/4362.367373, rpm2=2713.828125/0.000000, tilt=21.099031/20.502533, pan=null/null
Shooter.RightShooter.goalTrackingTask_INFO [50.828284675] Shooter.RightShooter is Ready: rpm1=4285.249399/4362.367373, rpm2=2640.468750/0.000000, tilt=21.138559/20.502533, pan=null/null
TaskAutoShoot.autoTask_INFO [50.828924969] <Event name="StateInfo" time="50.828525295" tag="vvvvv" TaskAutoShoot.state="SHOOT" />
TaskAutoShoot.autoTask_INFO [50.829332374] <Event name="StateInfo" time="50.829135976" tag="^^^^^" TaskAutoShoot.state="SHOOT" />
Shooter.fieldTriggerCallback_INFO [50.840142103] FieldTriggerCallback: canceled=false, zoneCtxt=(value--129.795710,prevZone=3,currZone=2)
Shooter.setupGoalTrackingMode_INFO [50.84060676] AlliancHub: alliance=Red, fieldLengthZone=7, fieldWidthZone=2.
Shooter.setupGoalTrackingMode_INFO [50.843160473] GoalTracking(trackingMode=AllianceHub, goalPose=(x=-158.838583,y=469.110472,angle=180.000000), noPassback=false).
TaskAutoShoot.autoTask_INFO [50.945417307] <Event name="StateInfo" time="50.945182515" tag="vvvvv" TaskAutoShoot.state="SHOOT" />
TaskAutoShoot.autoTask_INFO [50.946252768] <Event name="StateInfo" time="50.946083141" tag="^^^^^" TaskAutoShoot.state="SHOOT" />
TaskAutoShoot.autoTask_INFO [51.056705212] <Event name="StateInfo" time="51.053396994" tag="vvvvv" TaskAutoShoot.state="SHOOT" />
TaskAutoShoot.autoTask_INFO [51.057337653] <Event name="StateInfo" time="51.057189223" tag="^^^^^" TaskAutoShoot.state="SHOOT" />
TaskAutoShoot.autoTask_INFO [51.156348363] <Event name="StateInfo" time="51.156028706" tag="vvvvv" TaskAutoShoot.state="SHOOT" />
TaskAutoShoot.runTaskState_INFO [51.157080944] ***** Start left shooter shooting (timedout=true, turretReady=false).
Shooter.shoot_INFO [51.157428746] shoot(owner=null, event=(TaskAutoShoot.leftShooterDone=CLEARED), shooter=leftShooter, autoStop=false)
Shooter.LeftTransferMotor.cancel_INFO [51.164991813] Cancel: stopping motor.
TaskAutoShoot.runTaskState_INFO [51.165674214] ***** Start right shooter shooting (timedout=true, turretReady=false).
Shooter.shoot_INFO [51.16735345] shoot(owner=null, event=(TaskAutoShoot.rightShooterDone=CLEARED), shooter=rightShooter, autoStop=false)
Shooter.RightTransferMotor.cancel_INFO [51.1677208] Cancel: stopping motor.
TaskAutoShoot.autoTask_INFO [51.168702811] <Event name="StateInfo" time="51.168387645" tag="^^^^^" TaskAutoShoot.state="SHOOT" />
Shooter.fieldTriggerCallback_INFO [52.325148737] FieldTriggerCallback: canceled=false, zoneCtxt=(value--159.320895,prevZone=2,currZone=1)
Shooter.setupGoalTrackingMode_INFO [52.333568583] AlliancHub: alliance=Red, fieldLengthZone=7, fieldWidthZone=1.
Shooter.setupGoalTrackingMode_INFO [52.334509159] GoalTracking(trackingMode=AllianceHub, goalPose=(x=-158.838583,y=469.110472,angle=180.000000), noPassback=false).
FrcTeleOp.operatorControllerButtonEvent_INFO [52.841669493] ##### button=Y, pressed=false
FrcTeleOp.shoot_INFO [52.846246282] >>>>> Stop Auto Shoot.
TaskAutoShoot.cancel_INFO [52.846968432] Canceling auto task operation.
TaskAutoShoot.stopSubsystems_INFO [52.847828567] Stopping subsystems.
Shooter.LeftTransferMotor.cancel_INFO [52.857307626] Cancel: stopping motor.
Shooter.RightTransferMotor.cancel_INFO [52.859108036] Cancel: stopping motor.
Shooter.FeederMotor.cancel_INFO [52.861754881] Cancel: stopping motor.
Shooter.LeftShooter.disableGoalTracking_INFO [52.86231478] Disable Goal Tracking.
Shooter.LeftShooter.stopGoalTracking_INFO [52.863139718] Stop GoalTracking.
Shooter.LeftTiltMotor.cancel_INFO [52.863473895] Cancel: stopping motor.
Shooter.LeftPrimaryMotor.cancel_INFO [52.864134472] Cancel: stopping motor.
Shooter.RightShooter.disableGoalTracking_INFO [52.864854278] Disable Goal Tracking.
Shooter.RightShooter.stopGoalTracking_INFO [52.868610117] Stop GoalTracking.
Shooter.RightTiltMotor.cancel_INFO [52.869031898] Cancel: stopping motor.
Shooter.RightPrimaryMotor.cancel_INFO [52.869530101] Cancel: stopping motor.
Shooter.LeftShooter.cancel_INFO [52.87536341] owner=null
Shooter.LeftPrimaryMotor.cancel_INFO [52.876069517] Cancel: stopping motor.
Shooter.LeftTiltMotor.cancel_INFO [52.876840155] Cancel: stopping motor.
Shooter.RightShooter.cancel_INFO [52.877217786] owner=null
Shooter.RightPrimaryMotor.cancel_INFO [52.879052385] Cancel: stopping motor.
Shooter.RightTiltMotor.cancel_INFO [52.885932671] Cancel: stopping motor.
Shooter.LeftTransferMotor.cancel_INFO [52.886718147] Cancel: stopping motor.
Shooter.RightTransferMotor.cancel_INFO [52.887571024] Cancel: stopping motor.
Shooter.FeederMotor.cancel_INFO [52.887978135] Cancel: stopping motor.
Shooter.stopTilt_ERR [52.889950045] StopTilt is called
Shooter.stopTilt_ERR [52.948853082] StopTilt is called
Shooter.stopTiltCallback_ERR [53.007554694] StopRightTilt was canceled.
Shooter.stopTiltCallback_ERR [53.012387531] StopLeftTilt was canceled.
Shooter.LeftTiltMotor.pidCtrlTask_INFO [53.009982523] controlMode: Position,onTarget=true(16.86960219826017/17.0), stalled=false, expired=false, event=(stopLeftTilt=SIGNALED)
Shooter.RightTiltMotor.pidCtrlTask_INFO [53.027791622] controlMode: Position,onTarget=true(17.699677417152806/17.0), stalled=false, expired=false, event=(stopRightTilt=SIGNALED)
Shooter.stopTiltCallback_ERR [53.069260869] StopRightTilt was completed.
Shooter.stopTiltCallback_ERR [53.074431404] StopLeftTilt was completed.
FrcTeleOp.driverControllerButtonEvent_INFO [53.736847741] ##### button=RightBumper, pressed=false
FrcTeleOp.driverControllerButtonEvent_INFO [53.738397074] >>>>> Normal Drive
FrcTeleOp.operatorControllerButtonEvent_INFO [56.295273335] ##### button=Y, pressed=true
FrcTeleOp.shoot_INFO [56.296777106] >>>>> Start Auto Shoot.
TaskAutoShoot.autoShoot_INFO [56.306190118] autoShoot(owner=null, event=null, taskParams=(autoStop=false, noPassback=false, noWait=false))
Shooter.enableGoalTracking_INFO [56.30794305] EnableGoalTracking: goalTrackingParams=(trackFlywheel=true,trackTiltPos=true,trackPanPos=true), noPassback=false
Shooter.setupGoalTrackingMode_INFO [56.308414184] AlliancHub: alliance=Red, fieldLengthZone=7, fieldWidthZone=0.
Shooter.setupGoalTrackingMode_INFO [56.310524696] GoalTracking(trackingMode=AllianceHub, goalPose=(x=-158.838583,y=469.110472,angle=180.000000), noPassback=false).
Shooter.LeftShooter.enableGoalTracking_INFO [56.31094939] Enable GoalTracking (trackingParams=(trackFlywheel=true,trackTiltPos=true,trackPanPos=true)).
Shooter.LeftPrimaryMotor.cancel_INFO [56.311795277] Cancel: stopping motor.
Shooter.LeftTiltMotor.cancel_INFO [56.312730617] Cancel: stopping motor.
Shooter.RightShooter.enableGoalTracking_INFO [56.313354077] Enable GoalTracking (trackingParams=(trackFlywheel=true,trackTiltPos=true,trackPanPos=true)).
Shooter.RightPrimaryMotor.cancel_INFO [56.313936838] Cancel: stopping motor.
Shooter.RightTiltMotor.cancel_INFO [56.314520597] Cancel: stopping motor.
Shooter.enableGoalTracking_ERR [56.315563962] EnableGoalTrackingTimestamps=[56.308096563, 56.310698904, 56.313091431, 56.314888037]
TaskAutoShoot.autoTask_INFO [56.408331851] <Event name="StateInfo" time="56.408099732" tag="vvvvv" TaskAutoShoot.state="START" />
TaskAutoShoot.runTaskState_INFO [56.410275155] ***** Wait for left Shooter ready.
TaskAutoShoot.runTaskState_INFO [56.410817056] ***** Wait for right Shooter ready.
TaskAutoShoot.runTaskState_INFO [56.411331923] ***** Wait for Turret ready.
TaskAutoShoot.autoTask_INFO [56.414435469] <Event name="StateInfo" time="56.413834874" tag="^^^^^" TaskAutoShoot.state="START" />
TaskAutoShoot.autoTask_INFO [56.596838906] <Event name="StateInfo" time="56.596375563" tag="vvvvv" TaskAutoShoot.state="SHOOT" />
TaskAutoShoot.autoTask_INFO [56.598012179] <Event name="StateInfo" time="56.597076732" tag="^^^^^" TaskAutoShoot.state="SHOOT" />
TaskAutoShoot.autoTask_INFO [56.706393783] <Event name="StateInfo" time="56.706226738" tag="vvvvv" TaskAutoShoot.state="SHOOT" />
TaskAutoShoot.autoTask_INFO [56.707451666] <Event name="StateInfo" time="56.706612991" tag="^^^^^" TaskAutoShoot.state="SHOOT" />
FrcTeleOp.operatorControllerButtonEvent_INFO [56.709322646] ##### button=Y, pressed=false
FrcTeleOp.shoot_INFO [56.710179661] >>>>> Stop Auto Shoot.
TaskAutoShoot.cancel_INFO [56.710725123] Canceling auto task operation.
TaskAutoShoot.stopSubsystems_INFO [56.712176112] Stopping subsystems.
Shooter.LeftTransferMotor.cancel_INFO [56.71289143] Cancel: stopping motor.
Shooter.RightTransferMotor.cancel_INFO [56.713579644] Cancel: stopping motor.
Shooter.FeederMotor.cancel_INFO [56.714767323] Cancel: stopping motor.
Shooter.LeftShooter.disableGoalTracking_INFO [56.723749296] Disable Goal Tracking.
Shooter.LeftShooter.stopGoalTracking_INFO [56.72546293] Stop GoalTracking.
Shooter.LeftTiltMotor.cancel_INFO [56.72849452] Cancel: stopping motor.
Shooter.LeftPrimaryMotor.cancel_INFO [56.729573126] Cancel: stopping motor.
Shooter.RightShooter.disableGoalTracking_INFO [56.730802233] Disable Goal Tracking.
Shooter.RightShooter.stopGoalTracking_INFO [56.732733504] Stop GoalTracking.
Shooter.RightTiltMotor.cancel_INFO [56.733626565] Cancel: stopping motor.
Shooter.RightPrimaryMotor.cancel_INFO [56.734530555] Cancel: stopping motor.
Shooter.LeftShooter.cancel_INFO [56.736314235] owner=null
Shooter.LeftPrimaryMotor.cancel_INFO [56.74120003] Cancel: stopping motor.
Shooter.LeftTiltMotor.cancel_INFO [56.74300222] Cancel: stopping motor.
Shooter.RightShooter.cancel_INFO [56.744164824] owner=null
Shooter.RightPrimaryMotor.cancel_INFO [56.745902147] Cancel: stopping motor.
Shooter.RightTiltMotor.cancel_INFO [56.746938301] Cancel: stopping motor.
Shooter.LeftTransferMotor.cancel_INFO [56.753730299] Cancel: stopping motor.
Shooter.RightTransferMotor.cancel_INFO [56.754885445] Cancel: stopping motor.
Shooter.FeederMotor.cancel_INFO [56.756848873] Cancel: stopping motor.
Shooter.stopTilt_ERR [56.758144783] StopTilt is called
Shooter.stopTilt_ERR [56.827548997] StopTilt is called
Shooter.stopTiltCallback_ERR [56.890287445] StopRightTilt was completed.
Shooter.stopTiltCallback_ERR [56.892205933] StopRightTilt was canceled.
Shooter.stopTiltCallback_ERR [56.893408026] StopLeftTilt was canceled.
Shooter.RightTiltMotor.pidCtrlTask_INFO [56.890282959] controlMode: Position,onTarget=true(17.73920480470012/17.0), stalled=false, expired=false, event=(stopRightTilt=SIGNALED)
Shooter.stopTiltCallback_ERR [56.902102266] StopLeftTilt was completed.
Shooter.LeftTiltMotor.pidCtrlTask_INFO [56.901115423] controlMode: Position,onTarget=true(16.86960219826017/17.0), stalled=false, expired=false, event=(stopLeftTilt=SIGNALED)
FrcTeleOp.operatorControllerButtonEvent_INFO [57.05825058] ##### button=Y, pressed=true
FrcTeleOp.shoot_INFO [57.05910711] >>>>> Start Auto Shoot.
TaskAutoShoot.autoShoot_INFO [57.059891049] autoShoot(owner=null, event=null, taskParams=(autoStop=false, noPassback=false, noWait=false))
Shooter.enableGoalTracking_INFO [57.060643454] EnableGoalTracking: goalTrackingParams=(trackFlywheel=true,trackTiltPos=true,trackPanPos=true), noPassback=false
Shooter.setupGoalTrackingMode_INFO [57.061433008] AlliancHub: alliance=Red, fieldLengthZone=7, fieldWidthZone=0.
Shooter.setupGoalTrackingMode_INFO [57.062263659] GoalTracking(trackingMode=AllianceHub, goalPose=(x=-158.838583,y=469.110472,angle=180.000000), noPassback=false).
Shooter.LeftShooter.enableGoalTracking_INFO [57.064179683] Enable GoalTracking (trackingParams=(trackFlywheel=true,trackTiltPos=true,trackPanPos=true)).
Shooter.LeftPrimaryMotor.cancel_INFO [57.065168744] Cancel: stopping motor.
Shooter.LeftTiltMotor.cancel_INFO [57.066042524] Cancel: stopping motor.
Shooter.RightShooter.enableGoalTracking_INFO [57.068523743] Enable GoalTracking (trackingParams=(trackFlywheel=true,trackTiltPos=true,trackPanPos=true)).
Shooter.RightPrimaryMotor.cancel_INFO [57.069210831] Cancel: stopping motor.
Shooter.RightTiltMotor.cancel_INFO [57.07025154] Cancel: stopping motor.
Shooter.enableGoalTracking_ERR [57.071469877] EnableGoalTrackingTimestamps=[57.06103074, 57.063293301, 57.068161059, 57.070903156]
TaskAutoShoot.autoTask_INFO [57.17747529] <Event name="StateInfo" time="57.17729151" tag="vvvvv" TaskAutoShoot.state="START" />
TaskAutoShoot.runTaskState_INFO [57.185856568] ***** Wait for left Shooter ready.
TaskAutoShoot.runTaskState_INFO [57.18755466] ***** Wait for right Shooter ready.
TaskAutoShoot.runTaskState_INFO [57.18882111] ***** Wait for Turret ready.
TaskAutoShoot.autoTask_INFO [57.190275586] <Event name="StateInfo" time="57.190020376" tag="^^^^^" TaskAutoShoot.state="START" />
TaskAutoShoot.autoTask_INFO [57.385660019] <Event name="StateInfo" time="57.385456718" tag="vvvvv" TaskAutoShoot.state="SHOOT" />
TaskAutoShoot.autoTask_INFO [57.386228468] <Event name="StateInfo" time="57.386081108" tag="^^^^^" TaskAutoShoot.state="SHOOT" />
FrcTeleOp.driverControllerButtonEvent_INFO [57.398250518] ##### button=A, pressed=true
FrcTeleOp.toggleIntake_INFO [57.398769664] >>>>> Toggle Intake.
TaskAutoShoot.autoTask_INFO [57.50319148] <Event name="StateInfo" time="57.49650031" tag="vvvvv" TaskAutoShoot.state="SHOOT" />
TaskAutoShoot.autoTask_INFO [57.504256226] <Event name="StateInfo" time="57.504084045" tag="^^^^^" TaskAutoShoot.state="SHOOT" />
FrcTeleOp.driverControllerButtonEvent_INFO [57.506133204] ##### button=A, pressed=false
TaskAutoShoot.autoTask_INFO [57.592983492] <Event name="StateInfo" time="57.592786858" tag="vvvvv" TaskAutoShoot.state="SHOOT" />
TaskAutoShoot.autoTask_INFO [57.597339432] <Event name="StateInfo" time="57.597157738" tag="^^^^^" TaskAutoShoot.state="SHOOT" />
TaskAutoShoot.autoTask_INFO [57.689590887] <Event name="StateInfo" time="57.689337445" tag="vvvvv" TaskAutoShoot.state="SHOOT" />
TaskAutoShoot.autoTask_INFO [57.690005157] <Event name="StateInfo" time="57.689836811" tag="^^^^^" TaskAutoShoot.state="SHOOT" />
TaskAutoShoot.autoTask_INFO [57.771449484] <Event name="StateInfo" time="57.77114662" tag="vvvvv" TaskAutoShoot.state="SHOOT" />
TaskAutoShoot.autoTask_INFO [57.773071402] <Event name="StateInfo" time="57.772888487" tag="^^^^^" TaskAutoShoot.state="SHOOT" />
Shooter.LeftShooter.goalTrackingTask_INFO [57.841189742] Shooter.LeftShooter is Ready: rpm1=4851.832933/4892.922427, rpm2=2983.710938/0.000000, tilt=23.905470/24.022791, pan=null/null
Shooter.RightShooter.goalTrackingTask_INFO [57.876807811] Shooter.RightShooter is Ready: rpm1=4828.548678/4892.922427, rpm2=2990.976563/0.000000, tilt=23.905471/24.022791, pan=null/null
TaskAutoShoot.autoTask_INFO [57.878578445] <Event name="StateInfo" time="57.878290515" tag="vvvvv" TaskAutoShoot.state="SHOOT" />
TaskAutoShoot.autoTask_INFO [57.879861954] <Event name="StateInfo" time="57.879694496" tag="^^^^^" TaskAutoShoot.state="SHOOT" />
TaskAutoShoot.autoTask_INFO [57.972091812] <Event name="StateInfo" time="57.971902823" tag="vvvvv" TaskAutoShoot.state="SHOOT" />
TaskAutoShoot.autoTask_INFO [57.973073781] <Event name="StateInfo" time="57.972839534" tag="^^^^^" TaskAutoShoot.state="SHOOT" />
TaskAutoShoot.autoTask_INFO [58.069049049] <Event name="StateInfo" time="58.068853057" tag="vvvvv" TaskAutoShoot.state="SHOOT" />
TaskAutoShoot.autoTask_INFO [58.075597419] <Event name="StateInfo" time="58.075255712" tag="^^^^^" TaskAutoShoot.state="SHOOT" />
TaskAutoShoot.autoTask_INFO [58.16112692] <Event name="StateInfo" time="58.160954948" tag="vvvvv" TaskAutoShoot.state="SHOOT" />
TaskAutoShoot.autoTask_INFO [58.165127441] <Event name="StateInfo" time="58.164955524" tag="^^^^^" TaskAutoShoot.state="SHOOT" />
TaskAutoShoot.autoTask_INFO [58.26360733] <Event name="StateInfo" time="58.263430667" tag="vvvvv" TaskAutoShoot.state="SHOOT" />
TaskAutoShoot.runTaskState_INFO [58.265329323] ***** Start left shooter shooting (timedout=true, turretReady=false).
Shooter.shoot_INFO [58.268295802] shoot(owner=null, event=(TaskAutoShoot.leftShooterDone=CLEARED), shooter=leftShooter, autoStop=false)
Shooter.LeftTransferMotor.cancel_INFO [58.269398399] Cancel: stopping motor.
TaskAutoShoot.runTaskState_INFO [58.27210093] ***** Start right shooter shooting (timedout=true, turretReady=false).
Shooter.shoot_INFO [58.273452497] shoot(owner=null, event=(TaskAutoShoot.rightShooterDone=CLEARED), shooter=rightShooter, autoStop=false)
Shooter.RightTransferMotor.cancel_INFO [58.274398076] Cancel: stopping motor.
TaskAutoShoot.autoTask_INFO [58.27965899] <Event name="StateInfo" time="58.279061256" tag="^^^^^" TaskAutoShoot.state="SHOOT" />
FrcTeleOp.operatorControllerButtonEvent_INFO [58.563894655] ##### button=Y, pressed=false
FrcTeleOp.shoot_INFO [58.564754348] >>>>> Stop Auto Shoot.
TaskAutoShoot.cancel_INFO [58.571285175] Canceling auto task operation.
TaskAutoShoot.stopSubsystems_INFO [58.577709989] Stopping subsystems.
Shooter.LeftTransferMotor.cancel_INFO [58.580107271] Cancel: stopping motor.
Shooter.RightTransferMotor.cancel_INFO [58.584306046] Cancel: stopping motor.
Shooter.FeederMotor.cancel_INFO [58.5855531] Cancel: stopping motor.
Shooter.LeftShooter.disableGoalTracking_INFO [58.587597064] Disable Goal Tracking.
Shooter.LeftShooter.stopGoalTracking_INFO [58.589831462] Stop GoalTracking.
Shooter.LeftTiltMotor.cancel_INFO [58.590935799] Cancel: stopping motor.
Shooter.LeftPrimaryMotor.cancel_INFO [58.592353571] Cancel: stopping motor.
Shooter.RightShooter.disableGoalTracking_INFO [58.595790939] Disable Goal Tracking.
Shooter.RightShooter.stopGoalTracking_INFO [58.5966783] Stop GoalTracking.
Shooter.RightTiltMotor.cancel_INFO [58.597730128] Cancel: stopping motor.
Shooter.RightPrimaryMotor.cancel_INFO [58.598461583] Cancel: stopping motor.
Shooter.LeftShooter.cancel_INFO [58.599386091] owner=null
Shooter.LeftPrimaryMotor.cancel_INFO [58.604290345] Cancel: stopping motor.
Shooter.LeftTiltMotor.cancel_INFO [58.605716065] Cancel: stopping motor.
Shooter.RightShooter.cancel_INFO [58.607907595] owner=null
Shooter.RightPrimaryMotor.cancel_INFO [58.609559086] Cancel: stopping motor.
Shooter.RightTiltMotor.cancel_INFO [58.611304604] Cancel: stopping motor.
Shooter.LeftTransferMotor.cancel_INFO [58.611835941] Cancel: stopping motor.
Shooter.RightTransferMotor.cancel_INFO [58.612996855] Cancel: stopping motor.
Shooter.FeederMotor.cancel_INFO [58.614374172] Cancel: stopping motor.
Shooter.stopTilt_ERR [58.615487559] StopTilt is called
Shooter.stopTilt_ERR [58.682443427] StopTilt is called
Shooter.stopTiltCallback_ERR [58.740741646] StopRightTilt was canceled.
Shooter.stopTiltCallback_ERR [58.745145044] StopLeftTilt was canceled.
Shooter.LeftTiltMotor.pidCtrlTask_INFO [58.745915525] controlMode: Position,onTarget=true(17.581095106081854/17.0), stalled=false, expired=false, event=(stopLeftTilt=SIGNALED)
FrcTeleOp.operatorControllerButtonEvent_INFO [58.756374346] ##### button=Y, pressed=true
FrcTeleOp.shoot_INFO [58.75868164] >>>>> Start Auto Shoot.
TaskAutoShoot.autoShoot_INFO [58.760401242] autoShoot(owner=null, event=null, taskParams=(autoStop=false, noPassback=false, noWait=false))
Shooter.enableGoalTracking_INFO [58.761863721] EnableGoalTracking: goalTrackingParams=(trackFlywheel=true,trackTiltPos=true,trackPanPos=true), noPassback=false
Shooter.setupGoalTrackingMode_INFO [58.764728447] AlliancHub: alliance=Red, fieldLengthZone=7, fieldWidthZone=0.
Shooter.setupGoalTrackingMode_INFO [58.765421929] GoalTracking(trackingMode=AllianceHub, goalPose=(x=-158.838583,y=469.110472,angle=180.000000), noPassback=false).
Shooter.LeftShooter.enableGoalTracking_INFO [58.76703379] Enable GoalTracking (trackingParams=(trackFlywheel=true,trackTiltPos=true,trackPanPos=true)).
Shooter.LeftPrimaryMotor.cancel_INFO [58.768556214] Cancel: stopping motor.
Shooter.LeftTiltMotor.cancel_INFO [58.770660695] Cancel: stopping motor.
Shooter.RightShooter.enableGoalTracking_INFO [58.77126433] Enable GoalTracking (trackingParams=(trackFlywheel=true,trackTiltPos=true,trackPanPos=true)).
Shooter.RightPrimaryMotor.cancel_INFO [58.773744326] Cancel: stopping motor.
Shooter.RightTiltMotor.cancel_INFO [58.774303872] Cancel: stopping motor.
Shooter.enableGoalTracking_ERR [58.777238599] EnableGoalTrackingTimestamps=[58.762865707, 58.765551661, 58.770999725, 58.77456271]
Shooter.stopTiltCallback_ERR [58.778809789] StopRightTilt was canceled.
Shooter.stopTiltCallback_ERR [58.781621299] StopLeftTilt was completed.
TaskAutoShoot.autoTask_INFO [58.871079129] <Event name="StateInfo" time="58.870839766" tag="vvvvv" TaskAutoShoot.state="START" />
TaskAutoShoot.runTaskState_INFO [58.876384212] ***** Wait for left Shooter ready.
TaskAutoShoot.runTaskState_INFO [58.882244096] ***** Wait for right Shooter ready.
TaskAutoShoot.runTaskState_INFO [58.88446113] ***** Wait for Turret ready.
TaskAutoShoot.autoTask_INFO [58.887143989] <Event name="StateInfo" time="58.886939172" tag="^^^^^" TaskAutoShoot.state="START" />
Shooter.LeftShooter.goalTrackingTask_INFO [59.038395767] Shooter.LeftShooter is Ready: rpm1=4943.266226/4907.419404, rpm2=3026.132813/0.000000, tilt=24.142634/24.125309, pan=null/null
Shooter.RightShooter.goalTrackingTask_INFO [59.071068504] Shooter.RightShooter is Ready: rpm1=4860.919471/4907.419404, rpm2=2979.140625/0.000000, tilt=24.182162/24.125309, pan=null/null
TaskAutoShoot.autoTask_INFO [59.073455443] <Event name="StateInfo" time="59.073212344" tag="vvvvv" TaskAutoShoot.state="SHOOT" />
TaskAutoShoot.autoTask_INFO [59.074538385] <Event name="StateInfo" time="59.074299299" tag="^^^^^" TaskAutoShoot.state="SHOOT" />
TaskAutoShoot.autoTask_INFO [59.161139924] <Event name="StateInfo" time="59.16095497" tag="vvvvv" TaskAutoShoot.state="SHOOT" />
TaskAutoShoot.autoTask_INFO [59.165153119] <Event name="StateInfo" time="59.163790939" tag="^^^^^" TaskAutoShoot.state="SHOOT" />
TaskAutoShoot.autoTask_INFO [59.24525319] <Event name="StateInfo" time="59.244641783" tag="vvvvv" TaskAutoShoot.state="SHOOT" />
TaskAutoShoot.autoTask_INFO [59.246733194] <Event name="StateInfo" time="59.246360446" tag="^^^^^" TaskAutoShoot.state="SHOOT" />
TaskAutoShoot.autoTask_INFO [59.331015228] <Event name="StateInfo" time="59.330819923" tag="vvvvv" TaskAutoShoot.state="SHOOT" />
TaskAutoShoot.autoTask_INFO [59.335086726] <Event name="StateInfo" time="59.334889077" tag="^^^^^" TaskAutoShoot.state="SHOOT" />
TaskAutoShoot.autoTask_INFO [59.423009218] <Event name="StateInfo" time="59.422810159" tag="vvvvv" TaskAutoShoot.state="SHOOT" />
TaskAutoShoot.autoTask_INFO [59.424439674] <Event name="StateInfo" time="59.424249232" tag="^^^^^" TaskAutoShoot.state="SHOOT" />
TaskAutoShoot.autoTask_INFO [59.512913811] <Event name="StateInfo" time="59.512751709" tag="vvvvv" TaskAutoShoot.state="SHOOT" />
TaskAutoShoot.autoTask_INFO [59.513286485] <Event name="StateInfo" time="59.513149186" tag="^^^^^" TaskAutoShoot.state="SHOOT" />
TaskAutoShoot.autoTask_INFO [59.594033438] <Event name="StateInfo" time="59.593831405" tag="vvvvv" TaskAutoShoot.state="SHOOT" />
TaskAutoShoot.autoTask_INFO [59.594614291] <Event name="StateInfo" time="59.594457161" tag="^^^^^" TaskAutoShoot.state="SHOOT" />
TaskAutoShoot.autoTask_INFO [59.691793002] <Event name="StateInfo" time="59.691546488" tag="vvvvv" TaskAutoShoot.state="SHOOT" />
TaskAutoShoot.autoTask_INFO [59.701694413] <Event name="StateInfo" time="59.70151951" tag="^^^^^" TaskAutoShoot.state="SHOOT" />
TaskAutoShoot.autoTask_INFO [59.794947822] <Event name="StateInfo" time="59.794633874" tag="vvvvv" TaskAutoShoot.state="SHOOT" />
TaskAutoShoot.autoTask_INFO [59.796484976] <Event name="StateInfo" time="59.796172969" tag="^^^^^" TaskAutoShoot.state="SHOOT" />
FrcTeleOp.operatorControllerButtonEvent_INFO [59.800628809] ##### button=Y, pressed=false
FrcTeleOp.shoot_INFO [59.802181759] >>>>> Stop Auto Shoot.
TaskAutoShoot.cancel_INFO [59.803695965] Canceling auto task operation.
TaskAutoShoot.stopSubsystems_INFO [59.804804774] Stopping subsystems.
Shooter.LeftTransferMotor.cancel_INFO [59.80581076] Cancel: stopping motor.
Shooter.RightTransferMotor.cancel_INFO [59.806963203] Cancel: stopping motor.
Shooter.FeederMotor.cancel_INFO [59.807939124] Cancel: stopping motor.
Shooter.LeftShooter.disableGoalTracking_INFO [59.808930105] Disable Goal Tracking.
Shooter.LeftShooter.stopGoalTracking_INFO [59.810004679] Stop GoalTracking.
Shooter.LeftTiltMotor.cancel_INFO [59.811779509] Cancel: stopping motor.
Shooter.LeftPrimaryMotor.cancel_INFO [59.814111052] Cancel: stopping motor.
Shooter.RightShooter.disableGoalTracking_INFO [59.815476975] Disable Goal Tracking.
Shooter.RightShooter.stopGoalTracking_INFO [59.816554711] Stop GoalTracking.
Shooter.RightTiltMotor.cancel_INFO [59.819213163] Cancel: stopping motor.
Shooter.RightPrimaryMotor.cancel_INFO [59.820798052] Cancel: stopping motor.
Shooter.LeftShooter.cancel_INFO [59.822211672] owner=null
Shooter.LeftPrimaryMotor.cancel_INFO [59.824058588] Cancel: stopping motor.
Shooter.LeftTiltMotor.cancel_INFO [59.825312039] Cancel: stopping motor.
Shooter.RightShooter.cancel_INFO [59.826577369] owner=null
Shooter.RightPrimaryMotor.cancel_INFO [59.827706978] Cancel: stopping motor.
Shooter.RightTiltMotor.cancel_INFO [59.829128283] Cancel: stopping motor.
Shooter.LeftTransferMotor.cancel_INFO [59.830440793] Cancel: stopping motor.
Shooter.RightTransferMotor.cancel_INFO [59.83194697] Cancel: stopping motor.
Shooter.FeederMotor.cancel_INFO [59.833449931] Cancel: stopping motor.
Shooter.stopTilt_ERR [59.834615138] StopTilt is called
Shooter.stopTilt_ERR [59.898251225] StopTilt is called
FrcTeleOp.operatorControllerButtonEvent_INFO [59.953633642] ##### button=LeftBumper, pressed=true
FrcTeleOp.operatorControllerButtonEvent_INFO [59.956052048] >>>>> OperatorAltFunc=true
Shooter.LeftTiltMotor.pidCtrlTask_INFO [59.958714938] controlMode: Position,onTarget=true(17.106766529728596/17.0), stalled=false, expired=false, event=(stopLeftTilt=SIGNALED)
Shooter.stopTiltCallback_ERR [59.957425344] StopRightTilt was canceled.
Shooter.stopTiltCallback_ERR [59.960352843] StopLeftTilt was canceled.
Shooter.stopTiltCallback_ERR [59.981572243] StopLeftTilt was completed.
Shooter.RightTiltMotor.pidCtrlTask_INFO [59.994350148] controlMode: Position,onTarget=true(17.02771185358664/17.0), stalled=false, expired=false, event=(stopRightTilt=SIGNALED)
Shooter.stopTiltCallback_ERR [60.001773048] StopRightTilt was completed.
FrcTeleOp.periodic_INFO [60.031129627] >>>>> Shift[3]: Blue
FrcTeleOp.driverControllerButtonEvent_INFO [60.077353404] ##### button=RightBumper, pressed=true
FrcTeleOp.driverControllerButtonEvent_INFO [60.078005916] >>>>> Slow Drive
Shooter.TurretMotor.isMotorStalled_INFO [60.135608347] Stall detection triggered.
FrcTeleOp.driverControllerButtonEvent_INFO [60.432424011] ##### button=RightBumper, pressed=false
FrcTeleOp.driverControllerButtonEvent_INFO [60.434106049] >>>>> Normal Drive
FrcTeleOp.operatorControllerButtonEvent_INFO [60.585880918] ##### button=LeftBumper, pressed=false
FrcTeleOp.operatorControllerButtonEvent_INFO [60.586639762] >>>>> OperatorAltFunc=false
FrcTeleOp.driverControllerButtonEvent_INFO [61.913143642] ##### button=A, pressed=true
FrcTeleOp.toggleIntake_INFO [61.915983493] >>>>> Toggle Intake.
FrcTeleOp.driverControllerButtonEvent_INFO [62.065854122] ##### button=A, pressed=false
FrcTeleOp.operatorControllerButtonEvent_INFO [64.586557455] ##### button=Y, pressed=true
FrcTeleOp.shoot_INFO [64.587436893] >>>>> Start Auto Shoot.
TaskAutoShoot.autoShoot_INFO [64.58849026] autoShoot(owner=null, event=null, taskParams=(autoStop=false, noPassback=false, noWait=false))
Shooter.enableGoalTracking_INFO [64.589130061] EnableGoalTracking: goalTrackingParams=(trackFlywheel=true,trackTiltPos=true,trackPanPos=true), noPassback=false
Shooter.setupGoalTrackingMode_INFO [64.590033172] PassingBack: alliance=Red, fieldLengthZone=3, fieldWidthZone=0, blueGoalPose= (x=-79.419291,y=78.305000,angle=0.000000), goalFieldPose=(x=-238.257874,y=572.915472,angle=180.000000).
Shooter.setupGoalTrackingMode_INFO [64.590893255] GoalTracking(trackingMode=Passback, goalPose=(x=-238.257874,y=572.915472,angle=180.000000), noPassback=false).
Shooter.LeftShooter.enableGoalTracking_INFO [64.591463678] Enable GoalTracking (trackingParams=(trackFlywheel=true,trackTiltPos=true,trackPanPos=true)).
Shooter.LeftPrimaryMotor.cancel_INFO [64.592143199] Cancel: stopping motor.
Shooter.LeftTiltMotor.cancel_INFO [64.593670097] Cancel: stopping motor.
Shooter.RightShooter.enableGoalTracking_INFO [64.594488317] Enable GoalTracking (trackingParams=(trackFlywheel=true,trackTiltPos=true,trackPanPos=true)).
Shooter.RightPrimaryMotor.cancel_INFO [64.595114166] Cancel: stopping motor.
Shooter.RightTiltMotor.cancel_INFO [64.596130501] Cancel: stopping motor.
Shooter.enableGoalTracking_ERR [64.596893897] EnableGoalTrackingTimestamps=[64.589494715, 64.591246732, 64.594224197, 64.596623682]
TaskAutoShoot.autoTask_INFO [64.690450403] <Event name="StateInfo" time="64.689790816" tag="vvvvv" TaskAutoShoot.state="START" />
TaskAutoShoot.runTaskState_INFO [64.692199463] ***** Wait for left Shooter ready.
TaskAutoShoot.runTaskState_INFO [64.69406584] ***** Wait for right Shooter ready.
TaskAutoShoot.runTaskState_INFO [64.694789246] ***** Wait for Turret ready.
TaskAutoShoot.autoTask_INFO [64.695937533] <Event name="StateInfo" time="64.695717367" tag="^^^^^" TaskAutoShoot.state="START" />
Shooter.fieldTriggerCallback_INFO [64.706971127] FieldTriggerCallback: canceled=false, zoneCtxt=(value-289.079319,prevZone=3,currZone=2)
Shooter.setupGoalTrackingMode_INFO [64.709541331] PassingBack: alliance=Red, fieldLengthZone=2, fieldWidthZone=0, blueGoalPose= (x=-79.419291,y=78.305000,angle=0.000000), goalFieldPose=(x=-238.257874,y=572.915472,angle=180.000000).
Shooter.setupGoalTrackingMode_INFO [64.710910316] GoalTracking(trackingMode=Passback, goalPose=(x=-238.257874,y=572.915472,angle=180.000000), noPassback=false).
FrcTeleOp.operatorControllerButtonEvent_INFO [64.80815688] ##### button=Y, pressed=false
FrcTeleOp.shoot_INFO [64.810736423] >>>>> Stop Auto Shoot.
TaskAutoShoot.cancel_INFO [64.812907006] Canceling auto task operation.
TaskAutoShoot.stopSubsystems_INFO [64.814581805] Stopping subsystems.
Shooter.LeftTransferMotor.cancel_INFO [64.815916851] Cancel: stopping motor.
Shooter.RightTransferMotor.cancel_INFO [64.817166224] Cancel: stopping motor.
Shooter.FeederMotor.cancel_INFO [64.817909421] Cancel: stopping motor.
Shooter.LeftShooter.disableGoalTracking_INFO [64.818451251] Disable Goal Tracking.
Shooter.LeftShooter.stopGoalTracking_INFO [64.819769038] Stop GoalTracking.
Shooter.LeftTiltMotor.cancel_INFO [64.82616532] Cancel: stopping motor.
Shooter.LeftPrimaryMotor.cancel_INFO [64.828834847] Cancel: stopping motor.
Shooter.RightShooter.disableGoalTracking_INFO [64.83081697] Disable Goal Tracking.
Shooter.RightShooter.stopGoalTracking_INFO [64.831123567] Stop GoalTracking.
Shooter.RightTiltMotor.cancel_INFO [64.845721434] Cancel: stopping motor.
Shooter.RightPrimaryMotor.cancel_INFO [64.847129267] Cancel: stopping motor.
Shooter.LeftShooter.cancel_INFO [64.849652461] owner=null
Shooter.LeftPrimaryMotor.cancel_INFO [64.850226107] Cancel: stopping motor.
Shooter.LeftTiltMotor.cancel_INFO [64.851718076] Cancel: stopping motor.
Shooter.RightShooter.cancel_INFO [64.853450228] owner=null
Shooter.RightPrimaryMotor.cancel_INFO [64.85396734] Cancel: stopping motor.
Shooter.RightTiltMotor.cancel_INFO [64.856518261] Cancel: stopping motor.
Shooter.LeftTransferMotor.cancel_INFO [64.858706929] Cancel: stopping motor.
Shooter.RightTransferMotor.cancel_INFO [64.861185585] Cancel: stopping motor.
Shooter.FeederMotor.cancel_INFO [64.862005681] Cancel: stopping motor.
Shooter.stopTilt_ERR [64.863503943] StopTilt is called
Shooter.stopTilt_ERR [64.915106074] StopTilt is called
Shooter.stopTiltCallback_ERR [64.963684154] StopRightTilt was canceled.
Shooter.stopTiltCallback_ERR [64.964763829] StopLeftTilt was canceled.
Shooter.TurretMotor.pidCtrlTask_INFO [65.000664437] controlMode: Position,onTarget=true(-105.68826293945312/-106.15247751820934), stalled=false, expired=false, event=(TaskAutoShoot.turretReady=SIGNALED)
Shooter.LeftTiltMotor.pidCtrlTask_INFO [65.082051148] controlMode: Position,onTarget=true(17.34393083027431/17.0), stalled=false, expired=false, event=(stopLeftTilt=SIGNALED)
Shooter.stopTiltCallback_ERR [65.09118559] StopLeftTilt was completed.
Shooter.RightTiltMotor.pidCtrlTask_INFO [65.101996272] controlMode: Position,onTarget=true(17.02771185358664/17.0), stalled=false, expired=false, event=(stopRightTilt=SIGNALED)
Shooter.stopTiltCallback_ERR [65.113766048] StopRightTilt was completed.
FrcTeleOp.operatorControllerButtonEvent_INFO [67.382694106] ##### button=Y, pressed=true
FrcTeleOp.shoot_INFO [67.383968273] >>>>> Start Auto Shoot.
TaskAutoShoot.autoShoot_INFO [67.385142734] autoShoot(owner=null, event=null, taskParams=(autoStop=false, noPassback=false, noWait=false))
Shooter.enableGoalTracking_INFO [67.385853907] EnableGoalTracking: goalTrackingParams=(trackFlywheel=true,trackTiltPos=true,trackPanPos=true), noPassback=false
Shooter.setupGoalTrackingMode_INFO [67.386861688] PassingBack: alliance=Red, fieldLengthZone=5, fieldWidthZone=2, blueGoalPose= (x=-238.257874,y=78.305000,angle=0.000000), goalFieldPose=(x=-79.419291,y=572.915472,angle=180.000000).
Shooter.setupGoalTrackingMode_INFO [67.388070159] GoalTracking(trackingMode=Passback, goalPose=(x=-79.419291,y=572.915472,angle=180.000000), noPassback=false).
Shooter.LeftShooter.enableGoalTracking_INFO [67.388632237] Enable GoalTracking (trackingParams=(trackFlywheel=true,trackTiltPos=true,trackPanPos=true)).
Shooter.LeftPrimaryMotor.cancel_INFO [67.389794769] Cancel: stopping motor.
Shooter.LeftTiltMotor.cancel_INFO [67.39153146] Cancel: stopping motor.
Shooter.RightShooter.enableGoalTracking_INFO [67.392279217] Enable GoalTracking (trackingParams=(trackFlywheel=true,trackTiltPos=true,trackPanPos=true)).
Shooter.RightPrimaryMotor.cancel_INFO [67.393467256] Cancel: stopping motor.
Shooter.RightTiltMotor.cancel_INFO [67.394260355] Cancel: stopping motor.
Shooter.enableGoalTracking_ERR [67.395589034] EnableGoalTrackingTimestamps=[67.386244092, 67.388393933, 67.392028493, 67.395276453]
TaskAutoShoot.autoTask_INFO [67.510098293] <Event name="StateInfo" time="67.509214987" tag="vvvvv" TaskAutoShoot.state="START" />
TaskAutoShoot.runTaskState_INFO [67.511826113] ***** Wait for left Shooter ready.
TaskAutoShoot.runTaskState_INFO [67.519552011] ***** Wait for right Shooter ready.
TaskAutoShoot.runTaskState_INFO [67.521051409] ***** Wait for Turret ready.
TaskAutoShoot.autoTask_INFO [67.525094379] <Event name="StateInfo" time="67.524798076" tag="^^^^^" TaskAutoShoot.state="START" />
Shooter.fieldTriggerCallback_INFO [67.534215928] FieldTriggerCallback: canceled=false, zoneCtxt=(value--119.111353,prevZone=2,currZone=3)
Shooter.setupGoalTrackingMode_INFO [67.540792787] PassingBack: alliance=Red, fieldLengthZone=5, fieldWidthZone=3, blueGoalPose= (x=-238.257874,y=78.305000,angle=0.000000), goalFieldPose=(x=-79.419291,y=572.915472,angle=180.000000).
Shooter.setupGoalTrackingMode_INFO [67.543448269] GoalTracking(trackingMode=Passback, goalPose=(x=-79.419291,y=572.915472,angle=180.000000), noPassback=false).
TaskAutoShoot.autoTask_INFO [67.739195229] <Event name="StateInfo" time="67.738787189" tag="vvvvv" TaskAutoShoot.state="SHOOT" />
TaskAutoShoot.autoTask_INFO [67.74018203] <Event name="StateInfo" time="67.739787325" tag="^^^^^" TaskAutoShoot.state="SHOOT" />
TaskAutoShoot.autoTask_INFO [67.830894802] <Event name="StateInfo" time="67.830583656" tag="vvvvv" TaskAutoShoot.state="SHOOT" />
TaskAutoShoot.autoTask_INFO [67.831703175] <Event name="StateInfo" time="67.831534792" tag="^^^^^" TaskAutoShoot.state="SHOOT" />
TaskAutoShoot.autoTask_INFO [67.924540242] <Event name="StateInfo" time="67.92436557" tag="vvvvv" TaskAutoShoot.state="SHOOT" />
TaskAutoShoot.autoTask_INFO [67.934350628] <Event name="StateInfo" time="67.931722685" tag="^^^^^" TaskAutoShoot.state="SHOOT" />
TaskAutoShoot.autoTask_INFO [68.032124527] <Event name="StateInfo" time="68.031791811" tag="vvvvv" TaskAutoShoot.state="SHOOT" />
TaskAutoShoot.autoTask_INFO [68.034043823] <Event name="StateInfo" time="68.033750822" tag="^^^^^" TaskAutoShoot.state="SHOOT" />
TaskAutoShoot.autoTask_INFO [68.132774333] <Event name="StateInfo" time="68.132524887" tag="vvvvv" TaskAutoShoot.state="SHOOT" />
TaskAutoShoot.autoTask_INFO [68.13486773] <Event name="StateInfo" time="68.134682688" tag="^^^^^" TaskAutoShoot.state="SHOOT" />
TaskAutoShoot.autoTask_INFO [68.226194572] <Event name="StateInfo" time="68.22602534" tag="vvvvv" TaskAutoShoot.state="SHOOT" />
TaskAutoShoot.autoTask_INFO [68.227713158] <Event name="StateInfo" time="68.227532618" tag="^^^^^" TaskAutoShoot.state="SHOOT" />
TaskAutoShoot.autoTask_INFO [68.311024607] <Event name="StateInfo" time="68.31083575" tag="vvvvv" TaskAutoShoot.state="SHOOT" />
TaskAutoShoot.autoTask_INFO [68.316149341] <Event name="StateInfo" time="68.315272046" tag="^^^^^" TaskAutoShoot.state="SHOOT" />
TaskAutoShoot.autoTask_INFO [68.401669968] <Event name="StateInfo" time="68.401502026" tag="vvvvv" TaskAutoShoot.state="SHOOT" />
TaskAutoShoot.autoTask_INFO [68.403806716] <Event name="StateInfo" time="68.402534547" tag="^^^^^" TaskAutoShoot.state="SHOOT" />
TaskAutoShoot.autoTask_INFO [68.503267264] <Event name="StateInfo" time="68.503086359" tag="vvvvv" TaskAutoShoot.state="SHOOT" />
TaskAutoShoot.autoTask_INFO [68.503707881] <Event name="StateInfo" time="68.503557417" tag="^^^^^" TaskAutoShoot.state="SHOOT" />
Shooter.LeftShooter.goalTrackingTask_INFO [68.573571792] Shooter.LeftShooter is Ready: rpm1=4826.844952/4737.155018, rpm2=2771.601563/0.000000, tilt=39.993161/40.000000, pan=null/null
TaskAutoShoot.autoTask_INFO [68.600645526] <Event name="StateInfo" time="68.600452319" tag="vvvvv" TaskAutoShoot.state="SHOOT" />
TaskAutoShoot.runTaskState_INFO [68.603439262] ***** Start left shooter shooting (timedout=true, turretReady=false).
Shooter.shoot_INFO [68.604451935] shoot(owner=null, event=(TaskAutoShoot.leftShooterDone=CLEARED), shooter=leftShooter, autoStop=false)
Shooter.LeftTransferMotor.cancel_INFO [68.605738619] Cancel: stopping motor.
TaskAutoShoot.runTaskState_INFO [68.606441895] ***** Start right shooter shooting (timedout=true, turretReady=false).
Shooter.shoot_INFO [68.609314843] shoot(owner=null, event=(TaskAutoShoot.rightShooterDone=CLEARED), shooter=rightShooter, autoStop=false)
Shooter.RightTransferMotor.cancel_INFO [68.610127125] Cancel: stopping motor.
TaskAutoShoot.autoTask_INFO [68.612522881] <Event name="StateInfo" time="68.611593361" tag="^^^^^" TaskAutoShoot.state="SHOOT" />
Shooter.fieldTriggerCallback_INFO [69.232381755] FieldTriggerCallback: canceled=false, zoneCtxt=(value-350.568752,prevZone=5,currZone=4)
Shooter.setupGoalTrackingMode_INFO [69.235120948] PassingBack: alliance=Red, fieldLengthZone=4, fieldWidthZone=3, blueGoalPose= (x=-238.257874,y=78.305000,angle=0.000000), goalFieldPose=(x=-79.419291,y=572.915472,angle=180.000000).
Shooter.setupGoalTrackingMode_INFO [69.235959931] GoalTracking(trackingMode=Passback, goalPose=(x=-79.419291,y=572.915472,angle=180.000000), noPassback=false).
FrcTeleOp.operatorControllerButtonEvent_INFO [69.591509063] ##### button=Y, pressed=false
FrcTeleOp.shoot_INFO [69.594302864] >>>>> Stop Auto Shoot.
TaskAutoShoot.cancel_INFO [69.594876499] Canceling auto task operation.
TaskAutoShoot.stopSubsystems_INFO [69.595728134] Stopping subsystems.
Shooter.LeftTransferMotor.cancel_INFO [69.597333473] Cancel: stopping motor.
Shooter.RightTransferMotor.cancel_INFO [69.59912092] Cancel: stopping motor.
Shooter.FeederMotor.cancel_INFO [69.600904853] Cancel: stopping motor.
Shooter.LeftShooter.disableGoalTracking_INFO [69.602052974] Disable Goal Tracking.
Shooter.LeftShooter.stopGoalTracking_INFO [69.602817637] Stop GoalTracking.
Shooter.LeftTiltMotor.cancel_INFO [69.603631101] Cancel: stopping motor.
Shooter.LeftPrimaryMotor.cancel_INFO [69.604952006] Cancel: stopping motor.
Shooter.RightShooter.disableGoalTracking_INFO [69.60578667] Disable Goal Tracking.
Shooter.RightShooter.stopGoalTracking_INFO [69.606266941] Stop GoalTracking.
Shooter.RightTiltMotor.cancel_INFO [69.607095721] Cancel: stopping motor.
Shooter.RightPrimaryMotor.cancel_INFO [69.60784711] Cancel: stopping motor.
Shooter.LeftShooter.cancel_INFO [69.60878533] owner=null
Shooter.LeftPrimaryMotor.cancel_INFO [69.61081198] Cancel: stopping motor.
Shooter.LeftTiltMotor.cancel_INFO [69.611776856] Cancel: stopping motor.
Shooter.RightShooter.cancel_INFO [69.612450476] owner=null
Shooter.RightPrimaryMotor.cancel_INFO [69.613648904] Cancel: stopping motor.
Shooter.RightTiltMotor.cancel_INFO [69.614605422] Cancel: stopping motor.
Shooter.LeftTransferMotor.cancel_INFO [69.617252717] Cancel: stopping motor.
Shooter.RightTransferMotor.cancel_INFO [69.618467936] Cancel: stopping motor.
Shooter.FeederMotor.cancel_INFO [69.619159263] Cancel: stopping motor.
Shooter.stopTilt_ERR [69.619755294] StopTilt is called
Shooter.stopTilt_ERR [69.685270869] StopTilt is called
Shooter.stopTiltCallback_ERR [69.744929128] StopRightTilt was canceled.
Shooter.stopTiltCallback_ERR [69.746196158] StopLeftTilt was canceled.
FrcTeleOp.driverControllerButtonEvent_INFO [69.753327788] ##### button=A, pressed=true
FrcTeleOp.toggleIntake_INFO [69.754840459] >>>>> Toggle Intake.
FrcTeleOp.driverControllerButtonEvent_INFO [69.804388218] ##### button=A, pressed=false
Shooter.stopTiltCallback_ERR [69.89366809] StopLeftTilt was completed.
Shooter.LeftTiltMotor.pidCtrlTask_INFO [69.893662783] controlMode: Position,onTarget=true(17.422985555892602/17.0), stalled=false, expired=false, event=(stopLeftTilt=SIGNALED)
FrcTeleOp.driverControllerButtonEvent_INFO [69.905283179] ##### button=RightBumper, pressed=true
FrcTeleOp.driverControllerButtonEvent_INFO [69.906226434] >>>>> Slow Drive
Shooter.RightTiltMotor.pidCtrlTask_INFO [69.939526661] controlMode: Position,onTarget=true(17.18582139140681/17.0), stalled=false, expired=false, event=(stopRightTilt=SIGNALED)
Shooter.stopTiltCallback_ERR [69.939738773] StopRightTilt was completed.
FrcTeleOp.driverControllerButtonEvent_INFO [70.158945869] ##### button=RightBumper, pressed=false
FrcTeleOp.driverControllerButtonEvent_INFO [70.159727616] >>>>> Normal Drive
FrcTeleOp.driverControllerButtonEvent_INFO [70.828277628] ##### button=A, pressed=true
FrcTeleOp.toggleIntake_INFO [70.828991895] >>>>> Toggle Intake.
FrcTeleOp.driverControllerButtonEvent_INFO [70.931817036] ##### button=A, pressed=false
FrcTeleOp.driverControllerButtonEvent_INFO [73.283978916] ##### button=A, pressed=true
FrcTeleOp.toggleIntake_INFO [73.285280577] >>>>> Toggle Intake.
FrcTeleOp.driverControllerButtonEvent_INFO [73.437442015] ##### button=A, pressed=false
FrcTeleOp.driverControllerButtonEvent_INFO [73.489680402] ##### button=RightBumper, pressed=true
FrcTeleOp.driverControllerButtonEvent_INFO [73.490169702] >>>>> Slow Drive
FrcTeleOp.operatorControllerButtonEvent_INFO [74.050101551] ##### button=Y, pressed=true
FrcTeleOp.shoot_INFO [74.051655403] >>>>> Start Auto Shoot.
TaskAutoShoot.autoShoot_INFO [74.052269168] autoShoot(owner=null, event=null, taskParams=(autoStop=false, noPassback=false, noWait=false))
Shooter.enableGoalTracking_INFO [74.053238565] EnableGoalTracking: goalTrackingParams=(trackFlywheel=true,trackTiltPos=true,trackPanPos=true), noPassback=false
Shooter.setupGoalTrackingMode_INFO [74.054248026] PassingBack: alliance=Red, fieldLengthZone=4, fieldWidthZone=0, blueGoalPose= (x=-79.419291,y=78.305000,angle=0.000000), goalFieldPose=(x=-238.257874,y=572.915472,angle=180.000000).
Shooter.setupGoalTrackingMode_INFO [74.054864572] GoalTracking(trackingMode=Passback, goalPose=(x=-238.257874,y=572.915472,angle=180.000000), noPassback=false).
Shooter.LeftShooter.enableGoalTracking_INFO [74.055557231] Enable GoalTracking (trackingParams=(trackFlywheel=true,trackTiltPos=true,trackPanPos=true)).
Shooter.LeftPrimaryMotor.cancel_INFO [74.056339952] Cancel: stopping motor.
Shooter.LeftTiltMotor.cancel_INFO [74.0573117] Cancel: stopping motor.
Shooter.RightShooter.enableGoalTracking_INFO [74.058797686] Enable GoalTracking (trackingParams=(trackFlywheel=true,trackTiltPos=true,trackPanPos=true)).
Shooter.RightPrimaryMotor.cancel_INFO [74.059988916] Cancel: stopping motor.
Shooter.RightTiltMotor.cancel_INFO [74.060766198] Cancel: stopping motor.
Shooter.enableGoalTracking_ERR [74.062002082] EnableGoalTrackingTimestamps=[74.053577106, 74.055233665, 74.058231595, 74.061617676]
TaskAutoShoot.autoTask_INFO [74.154337547] <Event name="StateInfo" time="74.154099913" tag="vvvvv" TaskAutoShoot.state="START" />
TaskAutoShoot.runTaskState_INFO [74.157867331] ***** Wait for left Shooter ready.
TaskAutoShoot.runTaskState_INFO [74.158873517] ***** Wait for right Shooter ready.
TaskAutoShoot.runTaskState_INFO [74.160001116] ***** Wait for Turret ready.
TaskAutoShoot.autoTask_INFO [74.164949856] <Event name="StateInfo" time="74.16453373" tag="^^^^^" TaskAutoShoot.state="START" />
TaskAutoShoot.autoTask_INFO [74.335898051] <Event name="StateInfo" time="74.335725263" tag="vvvvv" TaskAutoShoot.state="SHOOT" />
TaskAutoShoot.autoTask_INFO [74.339583563] <Event name="StateInfo" time="74.339240787" tag="^^^^^" TaskAutoShoot.state="SHOOT" />
TaskAutoShoot.autoTask_INFO [74.435836698] <Event name="StateInfo" time="74.435640514" tag="vvvvv" TaskAutoShoot.state="SHOOT" />
TaskAutoShoot.autoTask_INFO [74.441015337] <Event name="StateInfo" time="74.440760399" tag="^^^^^" TaskAutoShoot.state="SHOOT" />
TaskAutoShoot.autoTask_INFO [74.528509925] <Event name="StateInfo" time="74.528321812" tag="vvvvv" TaskAutoShoot.state="SHOOT" />
TaskAutoShoot.autoTask_INFO [74.536906118] <Event name="StateInfo" time="74.536417356" tag="^^^^^" TaskAutoShoot.state="SHOOT" />
TaskAutoShoot.autoTask_INFO [74.632789457] <Event name="StateInfo" time="74.632359566" tag="vvvvv" TaskAutoShoot.state="SHOOT" />
TaskAutoShoot.autoTask_INFO [74.634062973] <Event name="StateInfo" time="74.633748411" tag="^^^^^" TaskAutoShoot.state="SHOOT" />
TaskAutoShoot.autoTask_INFO [74.721080524] <Event name="StateInfo" time="74.720672012" tag="vvvvv" TaskAutoShoot.state="SHOOT" />
TaskAutoShoot.autoTask_INFO [74.72439381] <Event name="StateInfo" time="74.722450977" tag="^^^^^" TaskAutoShoot.state="SHOOT" />
Shooter.fieldTriggerCallback_INFO [74.729284197] FieldTriggerCallback: canceled=false, zoneCtxt=(value-353.428980,prevZone=4,currZone=5)
Shooter.setupGoalTrackingMode_INFO [74.730478618] PassingBack: alliance=Red, fieldLengthZone=5, fieldWidthZone=0, blueGoalPose= (x=-79.419291,y=78.305000,angle=0.000000), goalFieldPose=(x=-238.257874,y=572.915472,angle=180.000000).
Shooter.setupGoalTrackingMode_INFO [74.733976145] GoalTracking(trackingMode=Passback, goalPose=(x=-238.257874,y=572.915472,angle=180.000000), noPassback=false).
TaskAutoShoot.autoTask_INFO [74.827048432] <Event name="StateInfo" time="74.826881953" tag="vvvvv" TaskAutoShoot.state="SHOOT" />
TaskAutoShoot.autoTask_INFO [74.828761809] <Event name="StateInfo" time="74.828573752" tag="^^^^^" TaskAutoShoot.state="SHOOT" />
Shooter.LeftShooter.goalTrackingTask_INFO [74.885554431] Shooter.LeftShooter is Ready: rpm1=4723.106971/4714.199099, rpm2=2945.742188/0.000000, tilt=39.993161/40.000000, pan=null/null
Shooter.RightShooter.goalTrackingTask_INFO [74.912439222] Shooter.RightShooter is Ready: rpm1=4616.150841/4714.199099, rpm2=2956.171875/0.000000, tilt=39.993167/40.000000, pan=null/null
TaskAutoShoot.autoTask_INFO [74.913266306] <Event name="StateInfo" time="74.913093589" tag="vvvvv" TaskAutoShoot.state="SHOOT" />
TaskAutoShoot.autoTask_INFO [74.913946812] <Event name="StateInfo" time="74.913788805" tag="^^^^^" TaskAutoShoot.state="SHOOT" />
TaskAutoShoot.autoTask_INFO [75.000583805] <Event name="StateInfo" time="75.000387143" tag="vvvvv" TaskAutoShoot.state="SHOOT" />
TaskAutoShoot.autoTask_INFO [75.001331594] <Event name="StateInfo" time="75.001106368" tag="^^^^^" TaskAutoShoot.state="SHOOT" />
TaskAutoShoot.autoTask_INFO [75.094369072] <Event name="StateInfo" time="75.094191212" tag="vvvvv" TaskAutoShoot.state="SHOOT" />
TaskAutoShoot.autoTask_INFO [75.10265979] <Event name="StateInfo" time="75.100482246" tag="^^^^^" TaskAutoShoot.state="SHOOT" />
TaskAutoShoot.autoTask_INFO [75.198807126] <Event name="StateInfo" time="75.198310552" tag="vvvvv" TaskAutoShoot.state="SHOOT" />
TaskAutoShoot.runTaskState_INFO [75.205433512] ***** Start left shooter shooting (timedout=true, turretReady=false).
Shooter.shoot_INFO [75.206342865] shoot(owner=null, event=(TaskAutoShoot.leftShooterDone=CLEARED), shooter=leftShooter, autoStop=false)
Shooter.LeftTransferMotor.cancel_INFO [75.209891718] Cancel: stopping motor.
TaskAutoShoot.runTaskState_INFO [75.213980826] ***** Start right shooter shooting (timedout=true, turretReady=false).
Shooter.shoot_INFO [75.214906372] shoot(owner=null, event=(TaskAutoShoot.rightShooterDone=CLEARED), shooter=rightShooter, autoStop=false)
Shooter.RightTransferMotor.cancel_INFO [75.216346813] Cancel: stopping motor.
TaskAutoShoot.autoTask_INFO [75.217114035] <Event name="StateInfo" time="75.216941812" tag="^^^^^" TaskAutoShoot.state="SHOOT" />
Shooter.fieldTriggerCallback_INFO [76.357679274] FieldTriggerCallback: canceled=false, zoneCtxt=(value-351.757750,prevZone=5,currZone=4)
Shooter.setupGoalTrackingMode_INFO [76.359633463] PassingBack: alliance=Red, fieldLengthZone=4, fieldWidthZone=0, blueGoalPose= (x=-79.419291,y=78.305000,angle=0.000000), goalFieldPose=(x=-238.257874,y=572.915472,angle=180.000000).
Shooter.setupGoalTrackingMode_INFO [76.360703939] GoalTracking(trackingMode=Passback, goalPose=(x=-238.257874,y=572.915472,angle=180.000000), noPassback=false).
FrcTeleOp.driverControllerButtonEvent_INFO [77.499882278] ##### button=RightBumper, pressed=false
FrcTeleOp.driverControllerButtonEvent_INFO [77.500556152] >>>>> Normal Drive
Shooter.fieldTriggerCallback_INFO [77.756623388] FieldTriggerCallback: canceled=false, zoneCtxt=(value-324.576598,prevZone=4,currZone=3)
Shooter.setupGoalTrackingMode_INFO [77.757531845] PassingBack: alliance=Red, fieldLengthZone=3, fieldWidthZone=0, blueGoalPose= (x=-79.419291,y=78.305000,angle=0.000000), goalFieldPose=(x=-238.257874,y=572.915472,angle=180.000000).
Shooter.setupGoalTrackingMode_INFO [77.758162773] GoalTracking(trackingMode=Passback, goalPose=(x=-238.257874,y=572.915472,angle=180.000000), noPassback=false).
FrcTeleOp.operatorControllerButtonEvent_INFO [78.11751229] ##### button=Y, pressed=false
FrcTeleOp.shoot_INFO [78.120005207] >>>>> Stop Auto Shoot.
TaskAutoShoot.cancel_INFO [78.120558965] Canceling auto task operation.
TaskAutoShoot.stopSubsystems_INFO [78.121201547] Stopping subsystems.
Shooter.LeftTransferMotor.cancel_INFO [78.122154942] Cancel: stopping motor.
Shooter.RightTransferMotor.cancel_INFO [78.129506694] Cancel: stopping motor.
Shooter.FeederMotor.cancel_INFO [78.130213715] Cancel: stopping motor.
Shooter.LeftShooter.disableGoalTracking_INFO [78.132167851] Disable Goal Tracking.
Shooter.LeftShooter.stopGoalTracking_INFO [78.134682252] Stop GoalTracking.
Shooter.LeftTiltMotor.cancel_INFO [78.135340431] Cancel: stopping motor.
Shooter.LeftPrimaryMotor.cancel_INFO [78.136334163] Cancel: stopping motor.
Shooter.RightShooter.disableGoalTracking_INFO [78.13712587] Disable Goal Tracking.
Shooter.RightShooter.stopGoalTracking_INFO [78.138516439] Stop GoalTracking.
Shooter.RightTiltMotor.cancel_INFO [78.139055666] Cancel: stopping motor.
Shooter.RightPrimaryMotor.cancel_INFO [78.141204843] Cancel: stopping motor.
Shooter.LeftShooter.cancel_INFO [78.142203008] owner=null
Shooter.LeftPrimaryMotor.cancel_INFO [78.143570756] Cancel: stopping motor.
Shooter.LeftTiltMotor.cancel_INFO [78.1446775] Cancel: stopping motor.
Shooter.RightShooter.cancel_INFO [78.147877399] owner=null
Shooter.RightPrimaryMotor.cancel_INFO [78.14959171] Cancel: stopping motor.
Shooter.RightTiltMotor.cancel_INFO [78.151228183] Cancel: stopping motor.
Shooter.LeftTransferMotor.cancel_INFO [78.152148576] Cancel: stopping motor.
Shooter.RightTransferMotor.cancel_INFO [78.154282453] Cancel: stopping motor.
Shooter.FeederMotor.cancel_INFO [78.156486788] Cancel: stopping motor.
Shooter.stopTilt_ERR [78.157763473] StopTilt is called
Shooter.stopTilt_ERR [78.215521613] StopTilt is called
Shooter.stopTiltCallback_ERR [78.274141582] StopRightTilt was canceled.
Shooter.stopTiltCallback_ERR [78.278469539] StopLeftTilt was canceled.
Shooter.stopTiltCallback_ERR [78.433173578] StopLeftTilt was completed.
Shooter.LeftTiltMotor.pidCtrlTask_INFO [78.432355437] controlMode: Position,onTarget=true(16.94865697953934/17.0), stalled=false, expired=false, event=(stopLeftTilt=SIGNALED)
Shooter.RightTiltMotor.pidCtrlTask_INFO [78.455188428] controlMode: Position,onTarget=true(17.30440356366915/17.0), stalled=false, expired=false, event=(stopRightTilt=SIGNALED)
Shooter.stopTiltCallback_ERR [78.456230866] StopRightTilt was completed.
FrcTeleOp.driverControllerButtonEvent_INFO [78.601445741] ##### button=A, pressed=true
FrcTeleOp.toggleIntake_INFO [78.602430974] >>>>> Toggle Intake.
FrcTeleOp.driverControllerButtonEvent_INFO [78.702135528] ##### button=A, pressed=false
FrcTeleOp.operatorControllerButtonEvent_INFO [84.36922223] ##### button=Y, pressed=true
FrcTeleOp.shoot_INFO [84.37017182] >>>>> Start Auto Shoot.
TaskAutoShoot.autoShoot_INFO [84.370723028] autoShoot(owner=null, event=null, taskParams=(autoStop=false, noPassback=false, noWait=false))
Shooter.enableGoalTracking_INFO [84.371213335] EnableGoalTracking: goalTrackingParams=(trackFlywheel=true,trackTiltPos=true,trackPanPos=true), noPassback=false
Shooter.setupGoalTrackingMode_INFO [84.37181003] AlliancHub: alliance=Red, fieldLengthZone=7, fieldWidthZone=0.
Shooter.setupGoalTrackingMode_INFO [84.372637545] GoalTracking(trackingMode=AllianceHub, goalPose=(x=-158.838583,y=469.110472,angle=180.000000), noPassback=false).
Shooter.LeftShooter.enableGoalTracking_INFO [84.373325159] Enable GoalTracking (trackingParams=(trackFlywheel=true,trackTiltPos=true,trackPanPos=true)).
Shooter.LeftPrimaryMotor.cancel_INFO [84.373982291] Cancel: stopping motor.
Shooter.LeftTiltMotor.cancel_INFO [84.374778401] Cancel: stopping motor.
Shooter.RightShooter.enableGoalTracking_INFO [84.37552193] Enable GoalTracking (trackingParams=(trackFlywheel=true,trackTiltPos=true,trackPanPos=true)).
Shooter.RightPrimaryMotor.cancel_INFO [84.376950385] Cancel: stopping motor.
Shooter.RightTiltMotor.cancel_INFO [84.377589447] Cancel: stopping motor.
Shooter.enableGoalTracking_ERR [84.378301476] EnableGoalTrackingTimestamps=[84.371460087, 84.373078211, 84.375256942, 84.378039585]
TaskAutoShoot.autoTask_INFO [84.485127772] <Event name="StateInfo" time="84.484814572" tag="vvvvv" TaskAutoShoot.state="START" />
TaskAutoShoot.runTaskState_INFO [84.487146634] ***** Wait for left Shooter ready.
TaskAutoShoot.runTaskState_INFO [84.48876272] ***** Wait for right Shooter ready.
TaskAutoShoot.runTaskState_INFO [84.490128382] ***** Wait for Turret ready.
TaskAutoShoot.autoTask_INFO [84.492788692] <Event name="StateInfo" time="84.491353947" tag="^^^^^" TaskAutoShoot.state="START" />
TaskAutoShoot.autoTask_INFO [84.665506133] <Event name="StateInfo" time="84.662791844" tag="vvvvv" TaskAutoShoot.state="SHOOT" />
TaskAutoShoot.autoTask_INFO [84.666142661] <Event name="StateInfo" time="84.665914156" tag="^^^^^" TaskAutoShoot.state="SHOOT" />
TaskAutoShoot.autoTask_INFO [84.767957425] <Event name="StateInfo" time="84.76777088" tag="vvvvv" TaskAutoShoot.state="SHOOT" />
TaskAutoShoot.autoTask_INFO [84.768592714] <Event name="StateInfo" time="84.768431173" tag="^^^^^" TaskAutoShoot.state="SHOOT" />
TaskAutoShoot.autoTask_INFO [84.863843657] <Event name="StateInfo" time="84.863671956" tag="vvvvv" TaskAutoShoot.state="SHOOT" />
TaskAutoShoot.autoTask_INFO [84.864924908] <Event name="StateInfo" time="84.864725166" tag="^^^^^" TaskAutoShoot.state="SHOOT" />
TaskAutoShoot.autoTask_INFO [84.953621984] <Event name="StateInfo" time="84.953440025" tag="vvvvv" TaskAutoShoot.state="SHOOT" />
TaskAutoShoot.autoTask_INFO [84.954520856] <Event name="StateInfo" time="84.954233903" tag="^^^^^" TaskAutoShoot.state="SHOOT" />
FrcTeleOp.operatorControllerButtonEvent_INFO [84.95696349] ##### button=Y, pressed=false
FrcTeleOp.shoot_INFO [84.957791105] >>>>> Stop Auto Shoot.
TaskAutoShoot.cancel_INFO [84.958634675] Canceling auto task operation.
TaskAutoShoot.stopSubsystems_INFO [84.959242934] Stopping subsystems.
Shooter.LeftTransferMotor.cancel_INFO [84.959894366] Cancel: stopping motor.
Shooter.RightTransferMotor.cancel_INFO [84.960574554] Cancel: stopping motor.
Shooter.FeederMotor.cancel_INFO [84.961225611] Cancel: stopping motor.
Shooter.LeftShooter.disableGoalTracking_INFO [84.962405555] Disable Goal Tracking.
Shooter.LeftShooter.stopGoalTracking_INFO [84.96320584] Stop GoalTracking.
Shooter.LeftTiltMotor.cancel_INFO [84.963728107] Cancel: stopping motor.
Shooter.LeftPrimaryMotor.cancel_INFO [84.964432304] Cancel: stopping motor.
Shooter.RightShooter.disableGoalTracking_INFO [84.965376333] Disable Goal Tracking.
Shooter.RightShooter.stopGoalTracking_INFO [84.965826741] Stop GoalTracking.
Shooter.RightTiltMotor.cancel_INFO [84.96995134] Cancel: stopping motor.
Shooter.RightPrimaryMotor.cancel_INFO [84.970981577] Cancel: stopping motor.
Shooter.LeftShooter.cancel_INFO [84.971794731] owner=null
Shooter.LeftPrimaryMotor.cancel_INFO [84.974132763] Cancel: stopping motor.
Shooter.LeftTiltMotor.cancel_INFO [84.975210432] Cancel: stopping motor.
Shooter.RightShooter.cancel_INFO [84.976530128] owner=null
Shooter.RightPrimaryMotor.cancel_INFO [84.977184945] Cancel: stopping motor.
Shooter.RightTiltMotor.cancel_INFO [84.978531328] Cancel: stopping motor.
Shooter.LeftTransferMotor.cancel_INFO [84.979870046] Cancel: stopping motor.
Shooter.RightTransferMotor.cancel_INFO [84.980776383] Cancel: stopping motor.
Shooter.FeederMotor.cancel_INFO [84.985148955] Cancel: stopping motor.
Shooter.stopTilt_ERR [84.986040617] StopTilt is called
Shooter.stopTilt_ERR [85.056415364] StopTilt is called
Shooter.LeftTiltMotor.pidCtrlTask_INFO [85.097026212] controlMode: Position,onTarget=true(17.62062249362917/17.0), stalled=false, expired=false, event=(stopLeftTilt=SIGNALED)
Shooter.stopTiltCallback_ERR [85.111860324] StopLeftTilt was completed.
Shooter.stopTiltCallback_ERR [85.114526096] StopRightTilt was canceled.
Shooter.stopTiltCallback_ERR [85.119373762] StopLeftTilt was canceled.
Shooter.RightTiltMotor.pidCtrlTask_INFO [85.13065799] controlMode: Position,onTarget=true(17.54156789170172/17.0), stalled=false, expired=false, event=(stopRightTilt=SIGNALED)
FrcTeleOp.driverControllerButtonEvent_INFO [85.160527869] ##### button=RightBumper, pressed=true
FrcTeleOp.driverControllerButtonEvent_INFO [85.16397854] >>>>> Slow Drive
Shooter.stopTiltCallback_ERR [85.16605467] StopRightTilt was completed.
FrcTeleOp.periodic_INFO [85.181831841] >>>>> Shift[4]: Red
FrcTeleOp.operatorControllerButtonEvent_INFO [85.262177574] ##### button=Y, pressed=true
FrcTeleOp.shoot_INFO [85.263743893] >>>>> Start Auto Shoot.
TaskAutoShoot.autoShoot_INFO [85.264281094] autoShoot(owner=null, event=null, taskParams=(autoStop=false, noPassback=false, noWait=false))
Shooter.enableGoalTracking_INFO [85.264833574] EnableGoalTracking: goalTrackingParams=(trackFlywheel=true,trackTiltPos=true,trackPanPos=true), noPassback=false
Shooter.setupGoalTrackingMode_INFO [85.265836785] AlliancHub: alliance=Red, fieldLengthZone=7, fieldWidthZone=0.
Shooter.setupGoalTrackingMode_INFO [85.266446491] GoalTracking(trackingMode=AllianceHub, goalPose=(x=-158.838583,y=469.110472,angle=180.000000), noPassback=false).
Shooter.LeftShooter.enableGoalTracking_INFO [85.266944083] Enable GoalTracking (trackingParams=(trackFlywheel=true,trackTiltPos=true,trackPanPos=true)).
Shooter.LeftPrimaryMotor.cancel_INFO [85.267717287] Cancel: stopping motor.
Shooter.LeftTiltMotor.cancel_INFO [85.268847562] Cancel: stopping motor.
Shooter.RightShooter.enableGoalTracking_INFO [85.270345372] Enable GoalTracking (trackingParams=(trackFlywheel=true,trackTiltPos=true,trackPanPos=true)).
Shooter.RightPrimaryMotor.cancel_INFO [85.27103543] Cancel: stopping motor.
Shooter.RightTiltMotor.cancel_INFO [85.271814073] Cancel: stopping motor.
Shooter.enableGoalTracking_ERR [85.27283936] EnableGoalTrackingTimestamps=[85.265271027, 85.266724104, 85.269638249, 85.272560328]
TaskAutoShoot.autoTask_INFO [85.395568527] <Event name="StateInfo" time="85.395326325" tag="vvvvv" TaskAutoShoot.state="START" />
TaskAutoShoot.runTaskState_INFO [85.400485707] ***** Wait for left Shooter ready.
TaskAutoShoot.runTaskState_INFO [85.402351003] ***** Wait for right Shooter ready.
TaskAutoShoot.runTaskState_INFO [85.40302319] ***** Wait for Turret ready.
TaskAutoShoot.autoTask_INFO [85.404504643] <Event name="StateInfo" time="85.404031199" tag="^^^^^" TaskAutoShoot.state="START" />
TaskAutoShoot.autoTask_INFO [85.578479045] <Event name="StateInfo" time="85.578308598" tag="vvvvv" TaskAutoShoot.state="SHOOT" />
TaskAutoShoot.autoTask_INFO [85.585840747] <Event name="StateInfo" time="85.578675168" tag="^^^^^" TaskAutoShoot.state="SHOOT" />
TaskAutoShoot.autoTask_INFO [85.674045466] <Event name="StateInfo" time="85.671189505" tag="vvvvv" TaskAutoShoot.state="SHOOT" />
TaskAutoShoot.autoTask_INFO [85.675120552] <Event name="StateInfo" time="85.674950383" tag="^^^^^" TaskAutoShoot.state="SHOOT" />
TaskAutoShoot.autoTask_INFO [85.765284721] <Event name="StateInfo" time="85.763171043" tag="vvvvv" TaskAutoShoot.state="SHOOT" />
TaskAutoShoot.autoTask_INFO [85.765665313] <Event name="StateInfo" time="85.765514055" tag="^^^^^" TaskAutoShoot.state="SHOOT" />
TaskAutoShoot.autoTask_INFO [85.864183706] <Event name="StateInfo" time="85.864001451" tag="vvvvv" TaskAutoShoot.state="SHOOT" />
TaskAutoShoot.autoTask_INFO [85.870436793] <Event name="StateInfo" time="85.870259564" tag="^^^^^" TaskAutoShoot.state="SHOOT" />
Shooter.LeftShooter.goalTrackingTask_INFO [85.94928479] Shooter.LeftShooter is Ready: rpm1=4710.612981/4670.116906, rpm2=2883.164063/0.000000, tilt=22.561541/22.492572, pan=null/null
Shooter.RightShooter.goalTrackingTask_INFO [85.972596051] Shooter.RightShooter is Ready: rpm1=4601.953125/4670.116906, rpm2=2784.375000/0.000000, tilt=22.522015/22.492572, pan=null/null
TaskAutoShoot.autoTask_INFO [85.973488913] <Event name="StateInfo" time="85.973313628" tag="vvvvv" TaskAutoShoot.state="SHOOT" />
TaskAutoShoot.autoTask_INFO [85.974111019] <Event name="StateInfo" time="85.973956539" tag="^^^^^" TaskAutoShoot.state="SHOOT" />
TaskAutoShoot.autoTask_INFO [86.065903735] <Event name="StateInfo" time="86.065728572" tag="vvvvv" TaskAutoShoot.state="SHOOT" />
TaskAutoShoot.autoTask_INFO [86.070969793] <Event name="StateInfo" time="86.070782863" tag="^^^^^" TaskAutoShoot.state="SHOOT" />
TaskAutoShoot.autoTask_INFO [86.183705819] <Event name="StateInfo" time="86.183439565" tag="vvvvv" TaskAutoShoot.state="SHOOT" />
TaskAutoShoot.autoTask_INFO [86.184146332] <Event name="StateInfo" time="86.183879798" tag="^^^^^" TaskAutoShoot.state="SHOOT" />
TaskAutoShoot.autoTask_INFO [86.281912923] <Event name="StateInfo" time="86.281736175" tag="vvvvv" TaskAutoShoot.state="SHOOT" />
TaskAutoShoot.autoTask_INFO [86.293870441] <Event name="StateInfo" time="86.29366087" tag="^^^^^" TaskAutoShoot.state="SHOOT" />
TaskAutoShoot.autoTask_INFO [86.391238404] <Event name="StateInfo" time="86.390498931" tag="vvvvv" TaskAutoShoot.state="SHOOT" />
TaskAutoShoot.autoTask_INFO [86.391963513] <Event name="StateInfo" time="86.391799431" tag="^^^^^" TaskAutoShoot.state="SHOOT" />
TaskAutoShoot.autoTask_INFO [86.487115777] <Event name="StateInfo" time="86.486938618" tag="vvvvv" TaskAutoShoot.state="SHOOT" />
TaskAutoShoot.runTaskState_INFO [86.492168744] ***** Start left shooter shooting (timedout=true, turretReady=false).
Shooter.shoot_INFO [86.493081023] shoot(owner=null, event=(TaskAutoShoot.leftShooterDone=CLEARED), shooter=leftShooter, autoStop=false)
Shooter.LeftTransferMotor.cancel_INFO [86.494300936] Cancel: stopping motor.
TaskAutoShoot.runTaskState_INFO [86.498726689] ***** Start right shooter shooting (timedout=true, turretReady=false).
Shooter.shoot_INFO [86.499601034] shoot(owner=null, event=(TaskAutoShoot.rightShooterDone=CLEARED), shooter=rightShooter, autoStop=false)
Shooter.RightTransferMotor.cancel_INFO [86.500405777] Cancel: stopping motor.
TaskAutoShoot.autoTask_INFO [86.502327224] <Event name="StateInfo" time="86.502119075" tag="^^^^^" TaskAutoShoot.state="SHOOT" />
Shooter.fieldTriggerCallback_INFO [86.615685849] FieldTriggerCallback: canceled=false, zoneCtxt=(value--187.720972,prevZone=0,currZone=1)
Shooter.setupGoalTrackingMode_INFO [86.617345456] AlliancHub: alliance=Red, fieldLengthZone=7, fieldWidthZone=1.
Shooter.setupGoalTrackingMode_INFO [86.622995949] GoalTracking(trackingMode=AllianceHub, goalPose=(x=-158.838583,y=469.110472,angle=180.000000), noPassback=false).
Shooter.fieldTriggerCallback_INFO [87.554196453] FieldTriggerCallback: canceled=false, zoneCtxt=(value--157.489591,prevZone=1,currZone=2)
Shooter.setupGoalTrackingMode_INFO [87.554774401] AlliancHub: alliance=Red, fieldLengthZone=7, fieldWidthZone=2.
Shooter.setupGoalTrackingMode_INFO [87.555316646] GoalTracking(trackingMode=AllianceHub, goalPose=(x=-158.838583,y=469.110472,angle=180.000000), noPassback=false).
Shooter.fieldTriggerCallback_INFO [88.518215963] FieldTriggerCallback: canceled=false, zoneCtxt=(value--128.668927,prevZone=2,currZone=3)
Shooter.setupGoalTrackingMode_INFO [88.519187097] AlliancHub: alliance=Red, fieldLengthZone=7, fieldWidthZone=3.
Shooter.setupGoalTrackingMode_INFO [88.520173719] GoalTracking(trackingMode=AllianceHub, goalPose=(x=-158.838583,y=469.110472,angle=180.000000), noPassback=false).
Shooter.fieldTriggerCallback_INFO [90.27997627] FieldTriggerCallback: canceled=false, zoneCtxt=(value--129.141427,prevZone=3,currZone=2)
Shooter.setupGoalTrackingMode_INFO [90.281133368] AlliancHub: alliance=Red, fieldLengthZone=7, fieldWidthZone=2.
Shooter.setupGoalTrackingMode_INFO [90.282415146] GoalTracking(trackingMode=AllianceHub, goalPose=(x=-158.838583,y=469.110472,angle=180.000000), noPassback=false).
Shooter.fieldTriggerCallback_INFO [91.277727813] FieldTriggerCallback: canceled=false, zoneCtxt=(value--159.413040,prevZone=2,currZone=1)
Shooter.setupGoalTrackingMode_INFO [91.279086561] AlliancHub: alliance=Red, fieldLengthZone=7, fieldWidthZone=1.
Shooter.setupGoalTrackingMode_INFO [91.281910775] GoalTracking(trackingMode=AllianceHub, goalPose=(x=-158.838583,y=469.110472,angle=180.000000), noPassback=false).
Shooter.fieldTriggerCallback_INFO [91.754412754] FieldTriggerCallback: canceled=false, zoneCtxt=(value--158.139165,prevZone=1,currZone=2)
Shooter.setupGoalTrackingMode_INFO [91.756685771] AlliancHub: alliance=Red, fieldLengthZone=7, fieldWidthZone=2.
Shooter.setupGoalTrackingMode_INFO [91.757439099] GoalTracking(trackingMode=AllianceHub, goalPose=(x=-158.838583,y=469.110472,angle=180.000000), noPassback=false).
FrcTeleOp.driverControllerButtonEvent_INFO [92.223267663] ##### button=RightBumper, pressed=false
FrcTeleOp.driverControllerButtonEvent_INFO [92.224305428] >>>>> Normal Drive
Shooter.fieldTriggerCallback_INFO [92.74994861] FieldTriggerCallback: canceled=false, zoneCtxt=(value--159.540022,prevZone=2,currZone=1)
Shooter.setupGoalTrackingMode_INFO [92.750447625] AlliancHub: alliance=Red, fieldLengthZone=7, fieldWidthZone=1.
Shooter.setupGoalTrackingMode_INFO [92.750808486] GoalTracking(trackingMode=AllianceHub, goalPose=(x=-158.838583,y=469.110472,angle=180.000000), noPassback=false).
FrcTeleOp.operatorControllerButtonEvent_INFO [92.906013006] ##### button=Y, pressed=false
FrcTeleOp.shoot_INFO [92.907021673] >>>>> Stop Auto Shoot.
TaskAutoShoot.cancel_INFO [92.907263478] Canceling auto task operation.
TaskAutoShoot.stopSubsystems_INFO [92.907685329] Stopping subsystems.
Shooter.LeftTransferMotor.cancel_INFO [92.908098023] Cancel: stopping motor.
Shooter.RightTransferMotor.cancel_INFO [92.908459278] Cancel: stopping motor.
Shooter.FeederMotor.cancel_INFO [92.908779198] Cancel: stopping motor.
Shooter.LeftShooter.disableGoalTracking_INFO [92.909212894] Disable Goal Tracking.
Shooter.LeftShooter.stopGoalTracking_INFO [92.909931152] Stop GoalTracking.
Shooter.LeftTiltMotor.cancel_INFO [92.910279447] Cancel: stopping motor.
Shooter.LeftPrimaryMotor.cancel_INFO [92.910734425] Cancel: stopping motor.
Shooter.RightShooter.disableGoalTracking_INFO [92.911369313] Disable Goal Tracking.
Shooter.RightShooter.stopGoalTracking_INFO [92.911612278] Stop GoalTracking.
Shooter.RightTiltMotor.cancel_INFO [92.911868612] Cancel: stopping motor.
Shooter.RightPrimaryMotor.cancel_INFO [92.912226276] Cancel: stopping motor.
Shooter.LeftShooter.cancel_INFO [92.915149237] owner=null
Shooter.LeftPrimaryMotor.cancel_INFO [92.915601745] Cancel: stopping motor.
Shooter.LeftTiltMotor.cancel_INFO [92.916023898] Cancel: stopping motor.
Shooter.RightShooter.cancel_INFO [92.916298091] owner=null
Shooter.RightPrimaryMotor.cancel_INFO [92.916786133] Cancel: stopping motor.
Shooter.RightTiltMotor.cancel_INFO [92.91873624] Cancel: stopping motor.
Shooter.LeftTransferMotor.cancel_INFO [92.919320074] Cancel: stopping motor.
Shooter.RightTransferMotor.cancel_INFO [92.919797109] Cancel: stopping motor.
Shooter.FeederMotor.cancel_INFO [92.920459786] Cancel: stopping motor.
Shooter.stopTilt_ERR [92.920928167] StopTilt is called
Shooter.stopTilt_ERR [92.97592171] StopTilt is called
Shooter.LeftTiltMotor.pidCtrlTask_INFO [93.007181902] controlMode: Position,onTarget=true(17.62062249362917/17.0), stalled=false, expired=false, event=(stopLeftTilt=SIGNALED)
Shooter.RightTiltMotor.pidCtrlTask_INFO [93.036882897] controlMode: Position,onTarget=true(17.02771185358664/17.0), stalled=false, expired=false, event=(stopRightTilt=SIGNALED)
Shooter.stopTiltCallback_ERR [93.037274183] StopRightTilt was completed.
Shooter.stopTiltCallback_ERR [93.038989142] StopLeftTilt was completed.
Shooter.stopTiltCallback_ERR [93.047364147] StopRightTilt was canceled.
Shooter.stopTiltCallback_ERR [93.049178395] StopLeftTilt was canceled.
FrcTeleOp.operatorControllerButtonEvent_INFO [96.788177813] ##### button=Y, pressed=true
FrcTeleOp.shoot_INFO [96.790051744] >>>>> Start Auto Shoot.
TaskAutoShoot.autoShoot_INFO [96.791227244] autoShoot(owner=null, event=null, taskParams=(autoStop=false, noPassback=false, noWait=false))
Shooter.enableGoalTracking_INFO [96.79247655] EnableGoalTracking: goalTrackingParams=(trackFlywheel=true,trackTiltPos=true,trackPanPos=true), noPassback=false
Shooter.setupGoalTrackingMode_INFO [96.793823397] AlliancHub: alliance=Red, fieldLengthZone=7, fieldWidthZone=0.
Shooter.setupGoalTrackingMode_INFO [96.794908975] GoalTracking(trackingMode=AllianceHub, goalPose=(x=-158.838583,y=469.110472,angle=180.000000), noPassback=false).
Shooter.LeftShooter.enableGoalTracking_INFO [96.796922499] Enable GoalTracking (trackingParams=(trackFlywheel=true,trackTiltPos=true,trackPanPos=true)).
Shooter.LeftPrimaryMotor.cancel_INFO [96.79814682] Cancel: stopping motor.
Shooter.LeftTiltMotor.cancel_INFO [96.800139863] Cancel: stopping motor.
Shooter.RightShooter.enableGoalTracking_INFO [96.8017101] Enable GoalTracking (trackingParams=(trackFlywheel=true,trackTiltPos=true,trackPanPos=true)).
Shooter.RightPrimaryMotor.cancel_INFO [96.803161364] Cancel: stopping motor.
Shooter.RightTiltMotor.cancel_INFO [96.804403336] Cancel: stopping motor.
Shooter.enableGoalTracking_ERR [96.805773272] EnableGoalTrackingTimestamps=[96.793442575, 96.796638787, 96.801086882, 96.805474987]
TaskAutoShoot.autoTask_INFO [96.906301474] <Event name="StateInfo" time="96.906037566" tag="vvvvv" TaskAutoShoot.state="START" />
TaskAutoShoot.runTaskState_INFO [96.906588754] ***** Wait for left Shooter ready.
TaskAutoShoot.runTaskState_INFO [96.906788898] ***** Wait for right Shooter ready.
TaskAutoShoot.runTaskState_INFO [96.907050969] ***** Wait for Turret ready.
TaskAutoShoot.autoTask_INFO [96.907344689] <Event name="StateInfo" time="96.907173226" tag="^^^^^" TaskAutoShoot.state="START" />
TaskAutoShoot.autoTask_INFO [97.083906621] <Event name="StateInfo" time="97.083728516" tag="vvvvv" TaskAutoShoot.state="SHOOT" />
TaskAutoShoot.autoTask_INFO [97.084660512] <Event name="StateInfo" time="97.084489147" tag="^^^^^" TaskAutoShoot.state="SHOOT" />
TaskAutoShoot.autoTask_INFO [97.180400534] <Event name="StateInfo" time="97.179856654" tag="vvvvv" TaskAutoShoot.state="SHOOT" />
TaskAutoShoot.autoTask_INFO [97.181655327] <Event name="StateInfo" time="97.181468088" tag="^^^^^" TaskAutoShoot.state="SHOOT" />
TaskAutoShoot.autoTask_INFO [97.281103825] <Event name="StateInfo" time="97.278179025" tag="vvvvv" TaskAutoShoot.state="SHOOT" />
TaskAutoShoot.autoTask_INFO [97.281858131] <Event name="StateInfo" time="97.281667525" tag="^^^^^" TaskAutoShoot.state="SHOOT" />
TaskAutoShoot.autoTask_INFO [97.371206943] <Event name="StateInfo" time="97.370952518" tag="vvvvv" TaskAutoShoot.state="SHOOT" />
TaskAutoShoot.autoTask_INFO [97.37216698] <Event name="StateInfo" time="97.371972384" tag="^^^^^" TaskAutoShoot.state="SHOOT" />
TaskAutoShoot.autoTask_INFO [97.481875789] <Event name="StateInfo" time="97.481414029" tag="vvvvv" TaskAutoShoot.state="SHOOT" />
TaskAutoShoot.autoTask_INFO [97.487821951] <Event name="StateInfo" time="97.487636908" tag="^^^^^" TaskAutoShoot.state="SHOOT" />
FrcTeleOp.operatorControllerButtonEvent_INFO [97.496010033] ##### button=Y, pressed=false
FrcTeleOp.shoot_INFO [97.497374098] >>>>> Stop Auto Shoot.
TaskAutoShoot.cancel_INFO [97.497671405] Canceling auto task operation.
TaskAutoShoot.stopSubsystems_INFO [97.497975774] Stopping subsystems.
Shooter.LeftTransferMotor.cancel_INFO [97.498285402] Cancel: stopping motor.
Shooter.RightTransferMotor.cancel_INFO [97.498644693] Cancel: stopping motor.
Shooter.FeederMotor.cancel_INFO [97.50076282] Cancel: stopping motor.
Shooter.LeftShooter.disableGoalTracking_INFO [97.501102182] Disable Goal Tracking.
Shooter.LeftShooter.stopGoalTracking_INFO [97.501998407] Stop GoalTracking.
Shooter.LeftTiltMotor.cancel_INFO [97.502325709] Cancel: stopping motor.
Shooter.LeftPrimaryMotor.cancel_INFO [97.504375561] Cancel: stopping motor.
Shooter.RightShooter.disableGoalTracking_INFO [97.504853793] Disable Goal Tracking.
Shooter.RightShooter.stopGoalTracking_INFO [97.505067726] Stop GoalTracking.
Shooter.RightTiltMotor.cancel_INFO [97.505348586] Cancel: stopping motor.
Shooter.RightPrimaryMotor.cancel_INFO [97.505722549] Cancel: stopping motor.
Shooter.LeftShooter.cancel_INFO [97.506804675] owner=null
Shooter.LeftPrimaryMotor.cancel_INFO [97.507223962] Cancel: stopping motor.
Shooter.LeftTiltMotor.cancel_INFO [97.512039643] Cancel: stopping motor.
Shooter.RightShooter.cancel_INFO [97.512390903] owner=null
Shooter.RightPrimaryMotor.cancel_INFO [97.514270549] Cancel: stopping motor.
Shooter.RightTiltMotor.cancel_INFO [97.517924445] Cancel: stopping motor.
Shooter.LeftTransferMotor.cancel_INFO [97.518375338] Cancel: stopping motor.
Shooter.RightTransferMotor.cancel_INFO [97.518731341] Cancel: stopping motor.
Shooter.FeederMotor.cancel_INFO [97.519057328] Cancel: stopping motor.
Shooter.stopTilt_ERR [97.519370362] StopTilt is called
Shooter.stopTilt_ERR [97.574662892] StopTilt is called
Climber.Motor.isMotorStalled_INFO [97.583457614] Stall detection triggered.
Climber.Motor.checkStallReset_INFO [97.585848155] Resetting stall.
Shooter.stopTiltCallback_ERR [97.638195066] StopRightTilt was canceled.
Shooter.stopTiltCallback_ERR [97.639613156] StopLeftTilt was canceled.
Shooter.RightTiltMotor.pidCtrlTask_INFO [97.764906852] controlMode: Position,onTarget=true(17.897314305413037/17.0), stalled=false, expired=false, event=(stopRightTilt=SIGNALED)
Shooter.stopTiltCallback_ERR [97.765598429] StopRightTilt was completed.
Shooter.stopTiltCallback_ERR [97.797743148] StopLeftTilt was completed.
Shooter.LeftTiltMotor.pidCtrlTask_INFO [97.797556135] controlMode: Position,onTarget=true(17.26487605517968/17.0), stalled=false, expired=false, event=(stopLeftTilt=SIGNALED)
FrcTeleOp.operatorControllerButtonEvent_INFO [97.966014406] ##### button=LeftBumper, pressed=true
FrcTeleOp.operatorControllerButtonEvent_INFO [97.966742153] >>>>> OperatorAltFunc=true
FrcTeleOp.operatorControllerButtonEvent_INFO [98.067035312] ##### button=LeftBumper, pressed=false
FrcTeleOp.operatorControllerButtonEvent_INFO [98.067945059] >>>>> OperatorAltFunc=false
FrcTeleOp.driverControllerButtonEvent_INFO [98.780269085] ##### button=RightBumper, pressed=true
FrcTeleOp.driverControllerButtonEvent_INFO [98.780948504] >>>>> Slow Drive
FrcTeleOp.operatorControllerButtonEvent_INFO [98.983511621] ##### button=Y, pressed=true
FrcTeleOp.shoot_INFO [98.985544807] >>>>> Start Auto Shoot.
TaskAutoShoot.autoShoot_INFO [98.986408853] autoShoot(owner=null, event=null, taskParams=(autoStop=false, noPassback=false, noWait=false))
Shooter.enableGoalTracking_INFO [98.987281737] EnableGoalTracking: goalTrackingParams=(trackFlywheel=true,trackTiltPos=true,trackPanPos=true), noPassback=false
Shooter.setupGoalTrackingMode_INFO [98.98858536] AlliancHub: alliance=Red, fieldLengthZone=7, fieldWidthZone=0.
Shooter.setupGoalTrackingMode_INFO [98.989910434] GoalTracking(trackingMode=AllianceHub, goalPose=(x=-158.838583,y=469.110472,angle=180.000000), noPassback=false).
Shooter.LeftShooter.enableGoalTracking_INFO [98.990877521] Enable GoalTracking (trackingParams=(trackFlywheel=true,trackTiltPos=true,trackPanPos=true)).
Shooter.LeftPrimaryMotor.cancel_INFO [98.992227814] Cancel: stopping motor.
Shooter.LeftTiltMotor.cancel_INFO [98.993637457] Cancel: stopping motor.
Shooter.RightShooter.enableGoalTracking_INFO [98.995035302] Enable GoalTracking (trackingParams=(trackFlywheel=true,trackTiltPos=true,trackPanPos=true)).
Shooter.RightPrimaryMotor.cancel_INFO [98.996551066] Cancel: stopping motor.
Shooter.RightTiltMotor.cancel_INFO [98.99792769] Cancel: stopping motor.
Shooter.enableGoalTracking_ERR [98.999606672] EnableGoalTrackingTimestamps=[98.987951924, 98.990637957, 98.99455194, 98.999256856]
TaskAutoShoot.autoTask_INFO [99.099944256] <Event name="StateInfo" time="99.099264013" tag="vvvvv" TaskAutoShoot.state="START" />
TaskAutoShoot.runTaskState_INFO [99.101693813] ***** Wait for left Shooter ready.
TaskAutoShoot.runTaskState_INFO [99.103349538] ***** Wait for right Shooter ready.
TaskAutoShoot.runTaskState_INFO [99.104671001] ***** Wait for Turret ready.
TaskAutoShoot.autoTask_INFO [99.105784264] <Event name="StateInfo" time="99.105488256" tag="^^^^^" TaskAutoShoot.state="START" />
TaskAutoShoot.autoTask_INFO [99.283711401] <Event name="StateInfo" time="99.283539785" tag="vvvvv" TaskAutoShoot.state="SHOOT" />
TaskAutoShoot.autoTask_INFO [99.289801657] <Event name="StateInfo" time="99.289599485" tag="^^^^^" TaskAutoShoot.state="SHOOT" />
TaskAutoShoot.autoTask_INFO [99.394671983] <Event name="StateInfo" time="99.392455768" tag="vvvvv" TaskAutoShoot.state="SHOOT" />
TaskAutoShoot.autoTask_INFO [99.395011154] <Event name="StateInfo" time="99.394868179" tag="^^^^^" TaskAutoShoot.state="SHOOT" />
TaskAutoShoot.autoTask_INFO [99.475057963] <Event name="StateInfo" time="99.474866346" tag="vvvvv" TaskAutoShoot.state="SHOOT" />
TaskAutoShoot.autoTask_INFO [99.475506957] <Event name="StateInfo" time="99.475351289" tag="^^^^^" TaskAutoShoot.state="SHOOT" />
TaskAutoShoot.autoTask_INFO [99.564905715] <Event name="StateInfo" time="99.564717338" tag="vvvvv" TaskAutoShoot.state="SHOOT" />
TaskAutoShoot.autoTask_INFO [99.571908437] <Event name="StateInfo" time="99.571446516" tag="^^^^^" TaskAutoShoot.state="SHOOT" />
TaskAutoShoot.autoTask_INFO [99.670035291] <Event name="StateInfo" time="99.66983161" tag="vvvvv" TaskAutoShoot.state="SHOOT" />
TaskAutoShoot.autoTask_INFO [99.671595672] <Event name="StateInfo" time="99.671415868" tag="^^^^^" TaskAutoShoot.state="SHOOT" />
TaskAutoShoot.autoTask_INFO [99.761168644] <Event name="StateInfo" time="99.760999721" tag="vvvvv" TaskAutoShoot.state="SHOOT" />
TaskAutoShoot.autoTask_INFO [99.764253016] <Event name="StateInfo" time="99.764063116" tag="^^^^^" TaskAutoShoot.state="SHOOT" />
FrcTeleOp.driverControllerButtonEvent_INFO [99.767245911] ##### button=RightBumper, pressed=false
FrcTeleOp.driverControllerButtonEvent_INFO [99.768543708] >>>>> Normal Drive
Shooter.LeftShooter.goalTrackingTask_INFO [99.838759619] Shooter.LeftShooter is Ready: rpm1=5017.662260/4984.724882, rpm2=3119.062500/0.000000, tilt=24.893653/24.678574, pan=null/null
TaskAutoShoot.autoTask_INFO [99.87821378] <Event name="StateInfo" time="99.878045829" tag="vvvvv" TaskAutoShoot.state="SHOOT" />
TaskAutoShoot.autoTask_INFO [99.883501677] <Event name="StateInfo" time="99.883304707" tag="^^^^^" TaskAutoShoot.state="SHOOT" />
Shooter.RightShooter.goalTrackingTask_INFO [99.978304709] Shooter.RightShooter is Ready: rpm1=4962.007212/4927.348041, rpm2=3094.218750/0.000000, tilt=24.696017/24.266864, pan=null/null
TaskAutoShoot.autoTask_INFO [99.982068361] <Event name="StateInfo" time="99.98169398" tag="vvvvv" TaskAutoShoot.state="SHOOT" />
TaskAutoShoot.autoTask_INFO [99.983924561] <Event name="StateInfo" time="99.982318275" tag="^^^^^" TaskAutoShoot.state="SHOOT" />
TaskAutoShoot.autoTask_INFO [100.070534941] <Event name="StateInfo" time="100.068392731" tag="vvvvv" TaskAutoShoot.state="SHOOT" />
TaskAutoShoot.autoTask_INFO [100.072602275] <Event name="StateInfo" time="100.071920895" tag="^^^^^" TaskAutoShoot.state="SHOOT" />
TaskAutoShoot.autoTask_INFO [100.175120292] <Event name="StateInfo" time="100.174624946" tag="vvvvv" TaskAutoShoot.state="SHOOT" />
TaskAutoShoot.runTaskState_INFO [100.175503629] ***** Start left shooter shooting (timedout=true, turretReady=false).
Shooter.shoot_INFO [100.175802524] shoot(owner=null, event=(TaskAutoShoot.leftShooterDone=CLEARED), shooter=leftShooter, autoStop=false)
Shooter.LeftTransferMotor.cancel_INFO [100.176395576] Cancel: stopping motor.
TaskAutoShoot.runTaskState_INFO [100.176918635] ***** Start right shooter shooting (timedout=true, turretReady=false).
Shooter.shoot_INFO [100.180098875] shoot(owner=null, event=(TaskAutoShoot.rightShooterDone=CLEARED), shooter=rightShooter, autoStop=false)
Shooter.RightTransferMotor.cancel_INFO [100.18064998] Cancel: stopping motor.
TaskAutoShoot.autoTask_INFO [100.182282847] <Event name="StateInfo" time="100.181702786" tag="^^^^^" TaskAutoShoot.state="SHOOT" />
FrcTeleOp.driverControllerButtonEvent_INFO [100.184962706] ##### button=RightBumper, pressed=true
FrcTeleOp.driverControllerButtonEvent_INFO [100.185713375] >>>>> Slow Drive
Shooter.fieldTriggerCallback_INFO [100.819275519] FieldTriggerCallback: canceled=false, zoneCtxt=(value--186.661001,prevZone=0,currZone=1)
Shooter.setupGoalTrackingMode_INFO [100.823252133] AlliancHub: alliance=Red, fieldLengthZone=7, fieldWidthZone=1.
Shooter.setupGoalTrackingMode_INFO [100.825394283] GoalTracking(trackingMode=AllianceHub, goalPose=(x=-158.838583,y=469.110472,angle=180.000000), noPassback=false).
Shooter.fieldTriggerCallback_INFO [101.694055938] FieldTriggerCallback: canceled=false, zoneCtxt=(value--158.168305,prevZone=1,currZone=2)
Shooter.setupGoalTrackingMode_INFO [101.69456063] AlliancHub: alliance=Red, fieldLengthZone=7, fieldWidthZone=2.
Shooter.setupGoalTrackingMode_INFO [101.695048585] GoalTracking(trackingMode=AllianceHub, goalPose=(x=-158.838583,y=469.110472,angle=180.000000), noPassback=false).
Shooter.fieldTriggerCallback_INFO [103.172150121] FieldTriggerCallback: canceled=false, zoneCtxt=(value--127.783820,prevZone=2,currZone=3)
Shooter.setupGoalTrackingMode_INFO [103.173922369] AlliancHub: alliance=Red, fieldLengthZone=7, fieldWidthZone=3.
Shooter.setupGoalTrackingMode_INFO [103.174699457] GoalTracking(trackingMode=AllianceHub, goalPose=(x=-158.838583,y=469.110472,angle=180.000000), noPassback=false).
FrcTeleOp.operatorControllerButtonEvent_INFO [103.883293523] ##### button=Y, pressed=false
FrcTeleOp.shoot_INFO [103.887072558] >>>>> Stop Auto Shoot.
TaskAutoShoot.cancel_INFO [103.888692092] Canceling auto task operation.
TaskAutoShoot.stopSubsystems_INFO [103.88989281] Stopping subsystems.
Shooter.LeftTransferMotor.cancel_INFO [103.89103685] Cancel: stopping motor.
Shooter.RightTransferMotor.cancel_INFO [103.89179732] Cancel: stopping motor.
Shooter.FeederMotor.cancel_INFO [103.893097518] Cancel: stopping motor.
Shooter.LeftShooter.disableGoalTracking_INFO [103.894012857] Disable Goal Tracking.
Shooter.LeftShooter.stopGoalTracking_INFO [103.896890238] Stop GoalTracking.
Shooter.LeftTiltMotor.cancel_INFO [103.897970506] Cancel: stopping motor.
Shooter.LeftPrimaryMotor.cancel_INFO [103.899659774] Cancel: stopping motor.
Shooter.RightShooter.disableGoalTracking_INFO [103.901103085] Disable Goal Tracking.
Shooter.RightShooter.stopGoalTracking_INFO [103.902091315] Stop GoalTracking.
Shooter.RightTiltMotor.cancel_INFO [103.904159398] Cancel: stopping motor.
Shooter.RightPrimaryMotor.cancel_INFO [103.905213796] Cancel: stopping motor.
Shooter.LeftShooter.cancel_INFO [103.906648329] owner=null
Shooter.LeftPrimaryMotor.cancel_INFO [103.907673489] Cancel: stopping motor.
Shooter.LeftTiltMotor.cancel_INFO [103.909253929] Cancel: stopping motor.
Shooter.RightShooter.cancel_INFO [103.910456864] owner=null
Shooter.RightPrimaryMotor.cancel_INFO [103.911935412] Cancel: stopping motor.
Shooter.RightTiltMotor.cancel_INFO [103.913855213] Cancel: stopping motor.
Shooter.LeftTransferMotor.cancel_INFO [103.915347688] Cancel: stopping motor.
Shooter.RightTransferMotor.cancel_INFO [103.917805676] Cancel: stopping motor.
Shooter.FeederMotor.cancel_INFO [103.918919769] Cancel: stopping motor.
Shooter.stopTilt_ERR [103.920614259] StopTilt is called
Shooter.stopTilt_ERR [103.982005421] StopTilt is called
Shooter.stopTiltCallback_ERR [104.040986822] StopRightTilt was canceled.
Shooter.stopTiltCallback_ERR [104.042022679] StopLeftTilt was canceled.
Shooter.LeftTiltMotor.pidCtrlTask_INFO [104.051260276] controlMode: Position,onTarget=true(17.581095106081854/17.0), stalled=false, expired=false, event=(stopLeftTilt=SIGNALED)
Shooter.stopTiltCallback_ERR [104.05685623] StopLeftTilt was completed.
Shooter.RightTiltMotor.pidCtrlTask_INFO [104.095018176] controlMode: Position,onTarget=true(17.26487617268598/17.0), stalled=false, expired=false, event=(stopRightTilt=SIGNALED)
Shooter.stopTiltCallback_ERR [104.098495538] StopRightTilt was completed.
FrcTeleOp.operatorControllerButtonEvent_INFO [105.129960359] ##### button=Y, pressed=true
FrcTeleOp.shoot_INFO [105.131174004] >>>>> Start Auto Shoot.
TaskAutoShoot.autoShoot_INFO [105.131751947] autoShoot(owner=null, event=null, taskParams=(autoStop=false, noPassback=false, noWait=false))
Shooter.enableGoalTracking_INFO [105.132491004] EnableGoalTracking: goalTrackingParams=(trackFlywheel=true,trackTiltPos=true,trackPanPos=true), noPassback=false
Shooter.setupGoalTrackingMode_INFO [105.133291097] AlliancHub: alliance=Red, fieldLengthZone=7, fieldWidthZone=3.
Shooter.setupGoalTrackingMode_INFO [105.133855335] GoalTracking(trackingMode=AllianceHub, goalPose=(x=-158.838583,y=469.110472,angle=180.000000), noPassback=false).
Shooter.LeftShooter.enableGoalTracking_INFO [105.13435984] Enable GoalTracking (trackingParams=(trackFlywheel=true,trackTiltPos=true,trackPanPos=true)).
Shooter.LeftPrimaryMotor.cancel_INFO [105.135020163] Cancel: stopping motor.
Shooter.LeftTiltMotor.cancel_INFO [105.137061717] Cancel: stopping motor.
Shooter.RightShooter.enableGoalTracking_INFO [105.137901262] Enable GoalTracking (trackingParams=(trackFlywheel=true,trackTiltPos=true,trackPanPos=true)).
Shooter.RightPrimaryMotor.cancel_INFO [105.13887884] Cancel: stopping motor.
Shooter.RightTiltMotor.cancel_INFO [105.139759723] Cancel: stopping motor.
Shooter.enableGoalTracking_ERR [105.140956307] EnableGoalTrackingTimestamps=[105.132919737, 105.134127057, 105.137640661, 105.140655927]
TaskAutoShoot.autoTask_INFO [105.248619799] <Event name="StateInfo" time="105.24824038" tag="vvvvv" TaskAutoShoot.state="START" />
TaskAutoShoot.runTaskState_INFO [105.249344078] ***** Wait for left Shooter ready.
TaskAutoShoot.runTaskState_INFO [105.249894266] ***** Wait for right Shooter ready.
TaskAutoShoot.runTaskState_INFO [105.250548227] ***** Wait for Turret ready.
TaskAutoShoot.autoTask_INFO [105.252066163] <Event name="StateInfo" time="105.251851508" tag="^^^^^" TaskAutoShoot.state="START" />
FrcTeleOp.driverControllerButtonEvent_INFO [105.338677749] ##### button=RightBumper, pressed=false
FrcTeleOp.driverControllerButtonEvent_INFO [105.339326516] >>>>> Normal Drive
TaskAutoShoot.autoTask_INFO [105.426007227] <Event name="StateInfo" time="105.425815795" tag="vvvvv" TaskAutoShoot.state="SHOOT" />
TaskAutoShoot.autoTask_INFO [105.428849517] <Event name="StateInfo" time="105.427097916" tag="^^^^^" TaskAutoShoot.state="SHOOT" />
TaskAutoShoot.autoTask_INFO [105.52108249] <Event name="StateInfo" time="105.519751123" tag="vvvvv" TaskAutoShoot.state="SHOOT" />
TaskAutoShoot.autoTask_INFO [105.526155694] <Event name="StateInfo" time="105.525953004" tag="^^^^^" TaskAutoShoot.state="SHOOT" />
TaskAutoShoot.autoTask_INFO [105.609222831] <Event name="StateInfo" time="105.60905076" tag="vvvvv" TaskAutoShoot.state="SHOOT" />
TaskAutoShoot.autoTask_INFO [105.611981687] <Event name="StateInfo" time="105.611801904" tag="^^^^^" TaskAutoShoot.state="SHOOT" />
TaskAutoShoot.autoTask_INFO [105.703652077] <Event name="StateInfo" time="105.703461044" tag="vvvvv" TaskAutoShoot.state="SHOOT" />
TaskAutoShoot.autoTask_INFO [105.711007396] <Event name="StateInfo" time="105.710840481" tag="^^^^^" TaskAutoShoot.state="SHOOT" />
TaskAutoShoot.autoTask_INFO [105.798644794] <Event name="StateInfo" time="105.798451626" tag="vvvvv" TaskAutoShoot.state="SHOOT" />
TaskAutoShoot.autoTask_INFO [105.799993022] <Event name="StateInfo" time="105.799349515" tag="^^^^^" TaskAutoShoot.state="SHOOT" />
TaskAutoShoot.autoTask_INFO [105.900321979] <Event name="StateInfo" time="105.900152989" tag="vvvvv" TaskAutoShoot.state="SHOOT" />
TaskAutoShoot.autoTask_INFO [105.901129196] <Event name="StateInfo" time="105.900983346" tag="^^^^^" TaskAutoShoot.state="SHOOT" />
TaskAutoShoot.autoTask_INFO [105.999023488] <Event name="StateInfo" time="105.998742037" tag="vvvvv" TaskAutoShoot.state="SHOOT" />
TaskAutoShoot.autoTask_INFO [106.000220728] <Event name="StateInfo" time="106.000028297" tag="^^^^^" TaskAutoShoot.state="SHOOT" />
TaskAutoShoot.autoTask_INFO [106.091945125] <Event name="StateInfo" time="106.091776285" tag="vvvvv" TaskAutoShoot.state="SHOOT" />
TaskAutoShoot.autoTask_INFO [106.097829808] <Event name="StateInfo" time="106.097624679" tag="^^^^^" TaskAutoShoot.state="SHOOT" />
TaskAutoShoot.autoTask_INFO [106.195710373] <Event name="StateInfo" time="106.194976816" tag="vvvvv" TaskAutoShoot.state="SHOOT" />
TaskAutoShoot.autoTask_INFO [106.197885325] <Event name="StateInfo" time="106.197605409" tag="^^^^^" TaskAutoShoot.state="SHOOT" />
TaskAutoShoot.autoTask_INFO [106.293595162] <Event name="StateInfo" time="106.293232014" tag="vvvvv" TaskAutoShoot.state="SHOOT" />
TaskAutoShoot.runTaskState_INFO [106.2940367] ***** Start left shooter shooting (timedout=true, turretReady=false).
Shooter.shoot_INFO [106.294343281] shoot(owner=null, event=(TaskAutoShoot.leftShooterDone=CLEARED), shooter=leftShooter, autoStop=false)
Shooter.LeftTransferMotor.cancel_INFO [106.294728299] Cancel: stopping motor.
TaskAutoShoot.runTaskState_INFO [106.304447023] ***** Start right shooter shooting (timedout=true, turretReady=false).
Shooter.shoot_INFO [106.304818859] shoot(owner=null, event=(TaskAutoShoot.rightShooterDone=CLEARED), shooter=rightShooter, autoStop=false)
Shooter.RightTransferMotor.cancel_INFO [106.30643417] Cancel: stopping motor.
TaskAutoShoot.autoTask_INFO [106.307046751] <Event name="StateInfo" time="106.306840222" tag="^^^^^" TaskAutoShoot.state="SHOOT" />
FrcTeleOp.driverControllerButtonEvent_INFO [106.407969993] ##### button=RightBumper, pressed=true
FrcTeleOp.driverControllerButtonEvent_INFO [106.408506624] >>>>> Slow Drive
Shooter.LeftShooter.goalTrackingTask_INFO [107.06931082] Shooter.LeftShooter is Ready: rpm1=5591.250000/5669.659485, rpm2=3447.304688/0.000000, tilt=30.190368/30.196322, pan=null/null
Shooter.RightShooter.goalTrackingTask_INFO [107.290957944] Shooter.RightShooter is Ready: rpm1=5716.757813/5711.838062, rpm2=3571.289063/0.000000, tilt=30.427529/30.583398, pan=null/null
FrcTeleOp.operatorControllerButtonEvent_INFO [108.778630255] ##### button=Y, pressed=false
FrcTeleOp.shoot_INFO [108.779122926] >>>>> Stop Auto Shoot.
TaskAutoShoot.cancel_INFO [108.779753187] Canceling auto task operation.
TaskAutoShoot.stopSubsystems_INFO [108.783121615] Stopping subsystems.
Shooter.LeftTransferMotor.cancel_INFO [108.783530319] Cancel: stopping motor.
Shooter.RightTransferMotor.cancel_INFO [108.783985271] Cancel: stopping motor.
Shooter.FeederMotor.cancel_INFO [108.784370402] Cancel: stopping motor.
Shooter.LeftShooter.disableGoalTracking_INFO [108.785075836] Disable Goal Tracking.
Shooter.LeftShooter.stopGoalTracking_INFO [108.785352177] Stop GoalTracking.
Shooter.LeftTiltMotor.cancel_INFO [108.785626103] Cancel: stopping motor.
Shooter.LeftPrimaryMotor.cancel_INFO [108.786074965] Cancel: stopping motor.
Shooter.RightShooter.disableGoalTracking_INFO [108.786524863] Disable Goal Tracking.
Shooter.RightShooter.stopGoalTracking_INFO [108.786739781] Stop GoalTracking.
Shooter.RightTiltMotor.cancel_INFO [108.78701264] Cancel: stopping motor.
Shooter.RightPrimaryMotor.cancel_INFO [108.78740321] Cancel: stopping motor.
Shooter.LeftShooter.cancel_INFO [108.787839505] owner=null
Shooter.LeftPrimaryMotor.cancel_INFO [108.788259496] Cancel: stopping motor.
Shooter.LeftTiltMotor.cancel_INFO [108.789423085] Cancel: stopping motor.
Shooter.RightShooter.cancel_INFO [108.789965533] owner=null
Shooter.RightPrimaryMotor.cancel_INFO [108.790920159] Cancel: stopping motor.
Shooter.RightTiltMotor.cancel_INFO [108.791626931] Cancel: stopping motor.
Shooter.LeftTransferMotor.cancel_INFO [108.79200431] Cancel: stopping motor.
Shooter.RightTransferMotor.cancel_INFO [108.79284927] Cancel: stopping motor.
Shooter.FeederMotor.cancel_INFO [108.793237862] Cancel: stopping motor.
Shooter.stopTilt_ERR [108.793829162] StopTilt is called
Shooter.stopTilt_ERR [108.847302578] StopTilt is called
Shooter.stopTiltCallback_ERR [108.913556233] StopRightTilt was canceled.
Shooter.stopTiltCallback_ERR [108.916455886] StopLeftTilt was canceled.
Shooter.LeftTiltMotor.pidCtrlTask_INFO [108.935750054] controlMode: Position,onTarget=true(17.225348667632367/17.0), stalled=false, expired=false, event=(stopLeftTilt=SIGNALED)
Shooter.stopTiltCallback_ERR [108.942349708] StopLeftTilt was completed.
Shooter.RightTiltMotor.pidCtrlTask_INFO [108.956956475] controlMode: Position,onTarget=true(17.383458341512465/17.0), stalled=false, expired=false, event=(stopRightTilt=SIGNALED)
Shooter.stopTiltCallback_ERR [108.958856569] StopRightTilt was completed.
FrcTeleOp.driverControllerButtonEvent_INFO [109.911639214] ##### button=RightBumper, pressed=false
FrcTeleOp.driverControllerButtonEvent_INFO [109.913028477] >>>>> Normal Drive
FrcTeleOp.periodic_INFO [110.015322534] >>>>> Shift[5]: Blue
FrcTeleOp.driverControllerButtonEvent_INFO [112.314991362] ##### button=A, pressed=true
FrcTeleOp.toggleIntake_INFO [112.31580444] >>>>> Toggle Intake.
FrcTeleOp.operatorControllerButtonEvent_INFO [112.371037282] ##### button=Y, pressed=true
FrcTeleOp.shoot_INFO [112.372249928] >>>>> Start Auto Shoot.
TaskAutoShoot.autoShoot_INFO [112.372907021] autoShoot(owner=null, event=null, taskParams=(autoStop=false, noPassback=false, noWait=false))
Shooter.enableGoalTracking_INFO [112.374302429] EnableGoalTracking: goalTrackingParams=(trackFlywheel=true,trackTiltPos=true,trackPanPos=true), noPassback=false
Shooter.setupGoalTrackingMode_INFO [112.374876103] AlliancHub: alliance=Red, fieldLengthZone=7, fieldWidthZone=3.
Shooter.setupGoalTrackingMode_INFO [112.375444552] GoalTracking(trackingMode=AllianceHub, goalPose=(x=-158.838583,y=469.110472,angle=180.000000), noPassback=false).
Shooter.LeftShooter.enableGoalTracking_INFO [112.375890703] Enable GoalTracking (trackingParams=(trackFlywheel=true,trackTiltPos=true,trackPanPos=true)).
Shooter.LeftPrimaryMotor.cancel_INFO [112.378009525] Cancel: stopping motor.
Shooter.LeftTiltMotor.cancel_INFO [112.378444298] Cancel: stopping motor.
Shooter.RightShooter.enableGoalTracking_INFO [112.378955598] Enable GoalTracking (trackingParams=(trackFlywheel=true,trackTiltPos=true,trackPanPos=true)).
Shooter.RightPrimaryMotor.cancel_INFO [112.379291803] Cancel: stopping motor.
Shooter.RightTiltMotor.cancel_INFO [112.379955299] Cancel: stopping motor.
Shooter.enableGoalTracking_ERR [112.380775262] EnableGoalTrackingTimestamps=[112.374381881, 112.375514286, 112.378655978, 112.380505901]
TaskAutoShoot.autoTask_INFO [112.490131326] <Event name="StateInfo" time="112.489745579" tag="vvvvv" TaskAutoShoot.state="START" />
TaskAutoShoot.runTaskState_INFO [112.490786913] ***** Wait for left Shooter ready.
TaskAutoShoot.runTaskState_INFO [112.493845273] ***** Wait for right Shooter ready.
TaskAutoShoot.runTaskState_INFO [112.494482055] ***** Wait for Turret ready.
TaskAutoShoot.autoTask_INFO [112.496603459] <Event name="StateInfo" time="112.496356506" tag="^^^^^" TaskAutoShoot.state="START" />
FrcTeleOp.driverControllerButtonEvent_INFO [112.502004207] ##### button=A, pressed=false
TaskAutoShoot.autoTask_INFO [112.674887901] <Event name="StateInfo" time="112.674624401" tag="vvvvv" TaskAutoShoot.state="SHOOT" />
TaskAutoShoot.autoTask_INFO [112.676704802] <Event name="StateInfo" time="112.676459857" tag="^^^^^" TaskAutoShoot.state="SHOOT" />
TaskAutoShoot.autoTask_INFO [112.789611235] <Event name="StateInfo" time="112.787854705" tag="vvvvv" TaskAutoShoot.state="SHOOT" />
TaskAutoShoot.autoTask_INFO [112.791064389] <Event name="StateInfo" time="112.790870958" tag="^^^^^" TaskAutoShoot.state="SHOOT" />
TaskAutoShoot.autoTask_INFO [112.884006308] <Event name="StateInfo" time="112.883833806" tag="vvvvv" TaskAutoShoot.state="SHOOT" />
TaskAutoShoot.autoTask_INFO [112.891146172] <Event name="StateInfo" time="112.889643211" tag="^^^^^" TaskAutoShoot.state="SHOOT" />
FrcTeleOp.operatorControllerButtonEvent_INFO [112.89864842] ##### button=Y, pressed=false
FrcTeleOp.shoot_INFO [112.901773042] >>>>> Stop Auto Shoot.
TaskAutoShoot.cancel_INFO [112.90302434] Canceling auto task operation.
TaskAutoShoot.stopSubsystems_INFO [112.905482037] Stopping subsystems.
Shooter.LeftTransferMotor.cancel_INFO [112.906714702] Cancel: stopping motor.
Shooter.RightTransferMotor.cancel_INFO [112.907394599] Cancel: stopping motor.
Shooter.FeederMotor.cancel_INFO [112.909926625] Cancel: stopping motor.
Shooter.LeftShooter.disableGoalTracking_INFO [112.910688752] Disable Goal Tracking.
Shooter.LeftShooter.stopGoalTracking_INFO [112.911558816] Stop GoalTracking.
Shooter.LeftTiltMotor.cancel_INFO [112.913346835] Cancel: stopping motor.
Shooter.LeftPrimaryMotor.cancel_INFO [112.914033193] Cancel: stopping motor.
Shooter.RightShooter.disableGoalTracking_INFO [112.915267557] Disable Goal Tracking.
Shooter.RightShooter.stopGoalTracking_INFO [112.915830424] Stop GoalTracking.
Shooter.RightTiltMotor.cancel_INFO [112.916366418] Cancel: stopping motor.
Shooter.RightPrimaryMotor.cancel_INFO [112.917908427] Cancel: stopping motor.
Shooter.LeftShooter.cancel_INFO [112.920433615] owner=null
Shooter.LeftPrimaryMotor.cancel_INFO [112.921927779] Cancel: stopping motor.
Shooter.LeftTiltMotor.cancel_INFO [112.923035917] Cancel: stopping motor.
Shooter.RightShooter.cancel_INFO [112.924094487] owner=null
Shooter.RightPrimaryMotor.cancel_INFO [112.92482861] Cancel: stopping motor.
Shooter.RightTiltMotor.cancel_INFO [112.92560222] Cancel: stopping motor.
Shooter.LeftTransferMotor.cancel_INFO [112.926283587] Cancel: stopping motor.
Shooter.RightTransferMotor.cancel_INFO [112.927144777] Cancel: stopping motor.
Shooter.FeederMotor.cancel_INFO [112.927713] Cancel: stopping motor.
Shooter.stopTilt_ERR [112.928257133] StopTilt is called
Shooter.stopTilt_ERR [112.989730222] StopTilt is called
Shooter.LeftTiltMotor.pidCtrlTask_INFO [113.033986753] controlMode: Position,onTarget=true(17.02771175463397/17.0), stalled=false, expired=false, event=(stopLeftTilt=SIGNALED)
Shooter.stopTiltCallback_ERR [113.04671676] StopLeftTilt was completed.
Shooter.stopTiltCallback_ERR [113.048147021] StopRightTilt was canceled.
Shooter.RightTiltMotor.pidCtrlTask_INFO [113.052078694] controlMode: Position,onTarget=true(16.988184490777495/17.0), stalled=false, expired=false, event=(stopRightTilt=SIGNALED)
Shooter.stopTiltCallback_ERR [113.049218123] StopLeftTilt was canceled.
Shooter.stopTiltCallback_ERR [113.061342581] StopRightTilt was completed.
FrcTeleOp.driverControllerButtonEvent_INFO [114.647450777] ##### button=A, pressed=true
FrcTeleOp.toggleIntake_INFO [114.648366291] >>>>> Toggle Intake.
FrcTeleOp.driverControllerButtonEvent_INFO [114.750172214] ##### button=A, pressed=false
FrcTeleOp.operatorControllerButtonEvent_INFO [120.542813077] ##### button=Y, pressed=true
FrcTeleOp.shoot_INFO [120.54336744] >>>>> Start Auto Shoot.
TaskAutoShoot.autoShoot_INFO [120.544059711] autoShoot(owner=null, event=null, taskParams=(autoStop=false, noPassback=false, noWait=false))
Shooter.enableGoalTracking_INFO [120.544377835] EnableGoalTracking: goalTrackingParams=(trackFlywheel=true,trackTiltPos=true,trackPanPos=true), noPassback=false
Shooter.setupGoalTrackingMode_INFO [120.544968784] AlliancHub: alliance=Red, fieldLengthZone=7, fieldWidthZone=3.
Shooter.setupGoalTrackingMode_INFO [120.545427323] GoalTracking(trackingMode=AllianceHub, goalPose=(x=-158.838583,y=469.110472,angle=180.000000), noPassback=false).
Shooter.LeftShooter.enableGoalTracking_INFO [120.545728742] Enable GoalTracking (trackingParams=(trackFlywheel=true,trackTiltPos=true,trackPanPos=true)).
Shooter.LeftPrimaryMotor.cancel_INFO [120.546311829] Cancel: stopping motor.
Shooter.LeftTiltMotor.cancel_INFO [120.546746178] Cancel: stopping motor.
Shooter.RightShooter.enableGoalTracking_INFO [120.547285341] Enable GoalTracking (trackingParams=(trackFlywheel=true,trackTiltPos=true,trackPanPos=true)).
Shooter.RightPrimaryMotor.cancel_INFO [120.547917355] Cancel: stopping motor.
Shooter.RightTiltMotor.cancel_INFO [120.548543296] Cancel: stopping motor.
Shooter.enableGoalTracking_ERR [120.548999294] EnableGoalTrackingTimestamps=[120.544454979, 120.545504199, 120.546966514, 120.548749285]
TaskAutoShoot.autoTask_INFO [120.649375776] <Event name="StateInfo" time="120.649143574" tag="vvvvv" TaskAutoShoot.state="START" />
TaskAutoShoot.runTaskState_INFO [120.651315752] ***** Wait for left Shooter ready.
TaskAutoShoot.runTaskState_INFO [120.651539386] ***** Wait for right Shooter ready.
TaskAutoShoot.runTaskState_INFO [120.652762576] ***** Wait for Turret ready.
TaskAutoShoot.autoTask_INFO [120.654613419] <Event name="StateInfo" time="120.654188323" tag="^^^^^" TaskAutoShoot.state="START" />
FrcTeleOp.driverControllerButtonEvent_INFO [120.763517378] ##### button=A, pressed=true
FrcTeleOp.toggleIntake_INFO [120.764444224] >>>>> Toggle Intake.
TaskAutoShoot.autoTask_INFO [120.858135585] <Event name="StateInfo" time="120.85600756" tag="vvvvv" TaskAutoShoot.state="SHOOT" />
TaskAutoShoot.autoTask_INFO [120.860578748] <Event name="StateInfo" time="120.860351029" tag="^^^^^" TaskAutoShoot.state="SHOOT" />
FrcTeleOp.driverControllerButtonEvent_INFO [120.864086999] ##### button=A, pressed=false
TaskAutoShoot.autoTask_INFO [120.963893449] <Event name="StateInfo" time="120.963710687" tag="vvvvv" TaskAutoShoot.state="SHOOT" />
TaskAutoShoot.autoTask_INFO [120.964212563] <Event name="StateInfo" time="120.96407494" tag="^^^^^" TaskAutoShoot.state="SHOOT" />
TaskAutoShoot.autoTask_INFO [121.054777181] <Event name="StateInfo" time="121.054605362" tag="vvvvv" TaskAutoShoot.state="SHOOT" />
TaskAutoShoot.autoTask_INFO [121.061096968] <Event name="StateInfo" time="121.060928492" tag="^^^^^" TaskAutoShoot.state="SHOOT" />
TaskAutoShoot.autoTask_INFO [121.146388409] <Event name="StateInfo" time="121.146224563" tag="vvvvv" TaskAutoShoot.state="SHOOT" />
TaskAutoShoot.autoTask_INFO [121.147455103] <Event name="StateInfo" time="121.147278804" tag="^^^^^" TaskAutoShoot.state="SHOOT" />
TaskAutoShoot.autoTask_INFO [121.23622462] <Event name="StateInfo" time="121.235582823" tag="vvvvv" TaskAutoShoot.state="SHOOT" />
TaskAutoShoot.autoTask_INFO [121.243718288] <Event name="StateInfo" time="121.242768088" tag="^^^^^" TaskAutoShoot.state="SHOOT" />
FrcTeleOp.driverControllerButtonEvent_INFO [121.24570555] ##### button=RightBumper, pressed=true
FrcTeleOp.driverControllerButtonEvent_INFO [121.248563258] >>>>> Slow Drive
TaskAutoShoot.autoTask_INFO [121.326985715] <Event name="StateInfo" time="121.326798932" tag="vvvvv" TaskAutoShoot.state="SHOOT" />
TaskAutoShoot.autoTask_INFO [121.327401972] <Event name="StateInfo" time="121.327180276" tag="^^^^^" TaskAutoShoot.state="SHOOT" />
TaskAutoShoot.autoTask_INFO [121.4332556] <Event name="StateInfo" time="121.432814296" tag="vvvvv" TaskAutoShoot.state="SHOOT" />
TaskAutoShoot.autoTask_INFO [121.434996844] <Event name="StateInfo" time="121.434835237" tag="^^^^^" TaskAutoShoot.state="SHOOT" />
Shooter.LeftShooter.goalTrackingTask_INFO [121.500012028] Shooter.LeftShooter is Ready: rpm1=4684.678486/4754.876631, rpm2=2925.937500/0.000000, tilt=22.917287/23.065027, pan=null/null
TaskAutoShoot.autoTask_INFO [121.534905447] <Event name="StateInfo" time="121.534726852" tag="vvvvv" TaskAutoShoot.state="SHOOT" />
TaskAutoShoot.autoTask_INFO [121.535997216] <Event name="StateInfo" time="121.535816011" tag="^^^^^" TaskAutoShoot.state="SHOOT" />
Shooter.RightShooter.goalTrackingTask_INFO [121.618398864] Shooter.RightShooter is Ready: rpm1=4646.628606/4653.236250, rpm2=2876.484375/0.000000, tilt=23.035870/22.379901, pan=null/null
TaskAutoShoot.autoTask_INFO [121.619890595] <Event name="StateInfo" time="121.619701741" tag="vvvvv" TaskAutoShoot.state="SHOOT" />
TaskAutoShoot.autoTask_INFO [121.621034297] <Event name="StateInfo" time="121.620858601" tag="^^^^^" TaskAutoShoot.state="SHOOT" />
TaskAutoShoot.autoTask_INFO [121.720997102] <Event name="StateInfo" time="121.720697467" tag="vvvvv" TaskAutoShoot.state="SHOOT" />
TaskAutoShoot.runTaskState_INFO [121.721998528] ***** Start left shooter shooting (timedout=true, turretReady=false).
Shooter.shoot_INFO [121.723669138] shoot(owner=null, event=(TaskAutoShoot.leftShooterDone=CLEARED), shooter=leftShooter, autoStop=false)
Shooter.LeftTransferMotor.cancel_INFO [121.724624338] Cancel: stopping motor.
TaskAutoShoot.runTaskState_INFO [121.726688961] ***** Start right shooter shooting (timedout=true, turretReady=false).
Shooter.shoot_INFO [121.727640346] shoot(owner=null, event=(TaskAutoShoot.rightShooterDone=CLEARED), shooter=rightShooter, autoStop=false)
Shooter.RightTransferMotor.cancel_INFO [121.728642838] Cancel: stopping motor.
TaskAutoShoot.autoTask_INFO [121.731668403] <Event name="StateInfo" time="121.731441702" tag="^^^^^" TaskAutoShoot.state="SHOOT" />
FrcTeleOp.driverControllerButtonEvent_INFO [122.607555625] ##### button=A, pressed=true
FrcTeleOp.toggleIntake_INFO [122.609183035] >>>>> Toggle Intake.
FrcTeleOp.driverControllerButtonEvent_INFO [122.719948181] ##### button=A, pressed=false
Shooter.fieldTriggerCallback_INFO [123.065855597] FieldTriggerCallback: canceled=false, zoneCtxt=(value--129.040417,prevZone=3,currZone=2)
Shooter.setupGoalTrackingMode_INFO [123.066861384] AlliancHub: alliance=Red, fieldLengthZone=7, fieldWidthZone=2.
Shooter.setupGoalTrackingMode_INFO [123.06772531] GoalTracking(trackingMode=AllianceHub, goalPose=(x=-158.838583,y=469.110472,angle=180.000000), noPassback=false).
FrcTeleOp.driverControllerButtonEvent_INFO [123.520463021] ##### button=A, pressed=true
FrcTeleOp.toggleIntake_INFO [123.526149644] >>>>> Toggle Intake.
FrcTeleOp.driverControllerButtonEvent_INFO [123.634567984] ##### button=A, pressed=false
Shooter.fieldTriggerCallback_INFO [123.724919233] FieldTriggerCallback: canceled=false, zoneCtxt=(value--128.045443,prevZone=2,currZone=3)
Shooter.setupGoalTrackingMode_INFO [123.732685838] AlliancHub: alliance=Red, fieldLengthZone=7, fieldWidthZone=3.
Shooter.setupGoalTrackingMode_INFO [123.73339811] GoalTracking(trackingMode=AllianceHub, goalPose=(x=-158.838583,y=469.110472,angle=180.000000), noPassback=false).
FrcTeleOp.driverControllerButtonEvent_INFO [125.710446752] ##### button=A, pressed=true
FrcTeleOp.toggleIntake_INFO [125.712229128] >>>>> Toggle Intake.
FrcTeleOp.driverControllerButtonEvent_INFO [125.887004904] ##### button=A, pressed=false
Shooter.fieldTriggerCallback_INFO [126.759327224] FieldTriggerCallback: canceled=false, zoneCtxt=(value--129.298492,prevZone=3,currZone=2)
Shooter.setupGoalTrackingMode_INFO [126.760163026] AlliancHub: alliance=Red, fieldLengthZone=7, fieldWidthZone=2.
Shooter.setupGoalTrackingMode_INFO [126.760846251] GoalTracking(trackingMode=AllianceHub, goalPose=(x=-158.838583,y=469.110472,angle=180.000000), noPassback=false).
Shooter.fieldTriggerCallback_INFO [127.879878839] FieldTriggerCallback: canceled=false, zoneCtxt=(value--159.746865,prevZone=2,currZone=1)
Shooter.setupGoalTrackingMode_INFO [127.881394966] AlliancHub: alliance=Red, fieldLengthZone=7, fieldWidthZone=1.
Shooter.setupGoalTrackingMode_INFO [127.881812215] GoalTracking(trackingMode=AllianceHub, goalPose=(x=-158.838583,y=469.110472,angle=180.000000), noPassback=false).
Shooter.fieldTriggerCallback_INFO [128.16785103] FieldTriggerCallback: canceled=false, zoneCtxt=(value--158.443925,prevZone=1,currZone=2)
Shooter.setupGoalTrackingMode_INFO [128.169828512] AlliancHub: alliance=Red, fieldLengthZone=7, fieldWidthZone=2.
Shooter.setupGoalTrackingMode_INFO [128.170317185] GoalTracking(trackingMode=AllianceHub, goalPose=(x=-158.838583,y=469.110472,angle=180.000000), noPassback=false).
FrcTeleOp.operatorControllerButtonEvent_INFO [128.524156769] ##### button=Y, pressed=false
FrcTeleOp.shoot_INFO [128.524951216] >>>>> Stop Auto Shoot.
TaskAutoShoot.cancel_INFO [128.5269857] Canceling auto task operation.
TaskAutoShoot.stopSubsystems_INFO [128.528531893] Stopping subsystems.
Shooter.LeftTransferMotor.cancel_INFO [128.529156528] Cancel: stopping motor.
Shooter.RightTransferMotor.cancel_INFO [128.53220942] Cancel: stopping motor.
Shooter.FeederMotor.cancel_INFO [128.533226582] Cancel: stopping motor.
Shooter.LeftShooter.disableGoalTracking_INFO [128.538194958] Disable Goal Tracking.
Shooter.LeftShooter.stopGoalTracking_INFO [128.539773214] Stop GoalTracking.
Shooter.LeftTiltMotor.cancel_INFO [128.540810834] Cancel: stopping motor.
Shooter.LeftPrimaryMotor.cancel_INFO [128.542434434] Cancel: stopping motor.
Shooter.RightShooter.disableGoalTracking_INFO [128.543319203] Disable Goal Tracking.
Shooter.RightShooter.stopGoalTracking_INFO [128.543789942] Stop GoalTracking.
Shooter.RightTiltMotor.cancel_INFO [128.545151448] Cancel: stopping motor.
Shooter.RightPrimaryMotor.cancel_INFO [128.545938923] Cancel: stopping motor.
Shooter.LeftShooter.cancel_INFO [128.547373964] owner=null
Shooter.LeftPrimaryMotor.cancel_INFO [128.548157012] Cancel: stopping motor.
Shooter.LeftTiltMotor.cancel_INFO [128.549060224] Cancel: stopping motor.
Shooter.RightShooter.cancel_INFO [128.54988156] owner=null
Shooter.RightPrimaryMotor.cancel_INFO [128.551027311] Cancel: stopping motor.
Shooter.RightTiltMotor.cancel_INFO [128.552656733] Cancel: stopping motor.
Shooter.LeftTransferMotor.cancel_INFO [128.553435388] Cancel: stopping motor.
Shooter.RightTransferMotor.cancel_INFO [128.554258306] Cancel: stopping motor.
Shooter.FeederMotor.cancel_INFO [128.555744465] Cancel: stopping motor.
Shooter.stopTilt_ERR [128.559310117] StopTilt is called
Shooter.stopTilt_ERR [128.61999019] StopTilt is called
Shooter.stopTiltCallback_ERR [128.678383994] StopRightTilt was canceled.
Shooter.stopTiltCallback_ERR [128.679674785] StopLeftTilt was canceled.
Shooter.LeftTiltMotor.pidCtrlTask_INFO [128.692321221] controlMode: Position,onTarget=true(16.988184367086653/17.0), stalled=false, expired=false, event=(stopLeftTilt=SIGNALED)
Shooter.stopTiltCallback_ERR [128.694831593] StopLeftTilt was completed.
Shooter.RightTiltMotor.pidCtrlTask_INFO [128.714072837] controlMode: Position,onTarget=true(17.30440356366915/17.0), stalled=false, expired=false, event=(stopRightTilt=SIGNALED)
Shooter.stopTiltCallback_ERR [128.715016731] StopRightTilt was completed.
FrcTeleOp.driverControllerButtonEvent_INFO [128.739324412] ##### button=RightBumper, pressed=false
FrcTeleOp.driverControllerButtonEvent_INFO [128.740320541] >>>>> Normal Drive
FrcTeleOp.driverControllerButtonEvent_INFO [129.767732648] ##### button=RightBumper, pressed=true
FrcTeleOp.driverControllerButtonEvent_INFO [129.769858432] >>>>> Slow Drive
FrcTeleOp.driverControllerButtonEvent_INFO [130.325162496] ##### button=A, pressed=true
FrcTeleOp.toggleIntake_INFO [130.325935721] >>>>> Toggle Intake.
FrcTeleOp.driverControllerButtonEvent_INFO [130.427064017] ##### button=A, pressed=false
FrcTeleOp.operatorControllerButtonEvent_INFO [130.529275293] ##### button=DpadUp, pressed=true
FrcTeleOp.operatorControllerButtonEvent_INFO [130.530386763] >>>>> Extend climber.
FrcTeleOp.operatorControllerButtonEvent_INFO [130.684036201] ##### button=DpadUp, pressed=false
FrcTeleOp.operatorControllerButtonEvent_INFO [133.183409201] ##### button=DpadDown, pressed=true
FrcTeleOp.operatorControllerButtonEvent_INFO [133.18479399] >>>>> Retract climber.
FrcTeleOp.operatorControllerButtonEvent_INFO [133.336076091] ##### button=DpadDown, pressed=false
FrcTeleOp.operatorControllerButtonEvent_INFO [134.71858874] ##### button=Y, pressed=true
FrcTeleOp.shoot_INFO [134.719396915] >>>>> Start Auto Shoot.
TaskAutoShoot.autoShoot_INFO [134.720160237] autoShoot(owner=null, event=null, taskParams=(autoStop=false, noPassback=false, noWait=false))
Shooter.enableGoalTracking_INFO [134.720678319] EnableGoalTracking: goalTrackingParams=(trackFlywheel=true,trackTiltPos=true,trackPanPos=true), noPassback=false
Shooter.setupGoalTrackingMode_INFO [134.721488642] AlliancHub: alliance=Red, fieldLengthZone=7, fieldWidthZone=1.
Shooter.setupGoalTrackingMode_INFO [134.722233777] GoalTracking(trackingMode=AllianceHub, goalPose=(x=-158.838583,y=469.110472,angle=180.000000), noPassback=false).
Shooter.LeftShooter.enableGoalTracking_INFO [134.723436143] Enable GoalTracking (trackingParams=(trackFlywheel=true,trackTiltPos=true,trackPanPos=true)).
Shooter.LeftPrimaryMotor.cancel_INFO [134.724173688] Cancel: stopping motor.
Shooter.LeftTiltMotor.cancel_INFO [134.724903955] Cancel: stopping motor.
Shooter.RightShooter.enableGoalTracking_INFO [134.725645954] Enable GoalTracking (trackingParams=(trackFlywheel=true,trackTiltPos=true,trackPanPos=true)).
Shooter.RightPrimaryMotor.cancel_INFO [134.726189713] Cancel: stopping motor.
Shooter.RightTiltMotor.cancel_INFO [134.726864942] Cancel: stopping motor.
Shooter.enableGoalTracking_ERR [134.727509439] EnableGoalTrackingTimestamps=[134.72101925, 134.722532993, 134.725392544, 134.727253518]
TaskAutoShoot.autoTask_INFO [134.835797155] <Event name="StateInfo" time="134.83556015" tag="vvvvv" TaskAutoShoot.state="START" />
TaskAutoShoot.runTaskState_INFO [134.838121199] ***** Wait for left Shooter ready.
TaskAutoShoot.runTaskState_INFO [134.838692455] ***** Wait for right Shooter ready.
TaskAutoShoot.runTaskState_INFO [134.839118323] ***** Wait for Turret ready.
TaskAutoShoot.autoTask_INFO [134.839902553] <Event name="StateInfo" time="134.839519204" tag="^^^^^" TaskAutoShoot.state="START" />
TaskAutoShoot.autoTask_INFO [135.019677575] <Event name="StateInfo" time="135.019118086" tag="vvvvv" TaskAutoShoot.state="SHOOT" />
TaskAutoShoot.autoTask_INFO [135.02851633] <Event name="StateInfo" time="135.028316601" tag="^^^^^" TaskAutoShoot.state="SHOOT" />
TaskAutoShoot.autoTask_INFO [135.105398538] <Event name="StateInfo" time="135.105214802" tag="vvvvv" TaskAutoShoot.state="SHOOT" />
TaskAutoShoot.autoTask_INFO [135.105724989] <Event name="StateInfo" time="135.105588191" tag="^^^^^" TaskAutoShoot.state="SHOOT" />
TaskAutoShoot.autoTask_INFO [135.196840513] <Event name="StateInfo" time="135.196669397" tag="vvvvv" TaskAutoShoot.state="SHOOT" />
TaskAutoShoot.autoTask_INFO [135.202163577] <Event name="StateInfo" time="135.197024066" tag="^^^^^" TaskAutoShoot.state="SHOOT" />
TaskAutoShoot.autoTask_INFO [135.288144485] <Event name="StateInfo" time="135.287952164" tag="vvvvv" TaskAutoShoot.state="SHOOT" />
TaskAutoShoot.autoTask_INFO [135.29001715] <Event name="StateInfo" time="135.289685991" tag="^^^^^" TaskAutoShoot.state="SHOOT" />
FrcTeleOp.operatorControllerButtonEvent_INFO [135.294292886] ##### button=Y, pressed=false
FrcTeleOp.shoot_INFO [135.295450858] >>>>> Stop Auto Shoot.
TaskAutoShoot.cancel_INFO [135.296494249] Canceling auto task operation.
TaskAutoShoot.stopSubsystems_INFO [135.298731432] Stopping subsystems.
Shooter.LeftTransferMotor.cancel_INFO [135.300025821] Cancel: stopping motor.
Shooter.RightTransferMotor.cancel_INFO [135.301345392] Cancel: stopping motor.
Shooter.FeederMotor.cancel_INFO [135.303235339] Cancel: stopping motor.
Shooter.LeftShooter.disableGoalTracking_INFO [135.304387005] Disable Goal Tracking.
Shooter.LeftShooter.stopGoalTracking_INFO [135.305598028] Stop GoalTracking.
Shooter.LeftTiltMotor.cancel_INFO [135.306770181] Cancel: stopping motor.
Shooter.LeftPrimaryMotor.cancel_INFO [135.308227618] Cancel: stopping motor.
Shooter.RightShooter.disableGoalTracking_INFO [135.310605755] Disable Goal Tracking.
Shooter.RightShooter.stopGoalTracking_INFO [135.312453142] Stop GoalTracking.
Shooter.RightTiltMotor.cancel_INFO [135.313910798] Cancel: stopping motor.
Shooter.RightPrimaryMotor.cancel_INFO [135.315921695] Cancel: stopping motor.
Shooter.LeftShooter.cancel_INFO [135.31731277] owner=null
Shooter.LeftPrimaryMotor.cancel_INFO [135.318747282] Cancel: stopping motor.
Shooter.LeftTiltMotor.cancel_INFO [135.321859561] Cancel: stopping motor.
Shooter.RightShooter.cancel_INFO [135.323897717] owner=null
Shooter.RightPrimaryMotor.cancel_INFO [135.325136648] Cancel: stopping motor.
Shooter.RightTiltMotor.cancel_INFO [135.32697559] Cancel: stopping motor.
Shooter.LeftTransferMotor.cancel_INFO [135.328726515] Cancel: stopping motor.
Shooter.RightTransferMotor.cancel_INFO [135.330850125] Cancel: stopping motor.
Shooter.FeederMotor.cancel_INFO [135.333610979] Cancel: stopping motor.
Shooter.stopTilt_ERR [135.33489331] StopTilt is called
Shooter.stopTilt_ERR [135.395493787] StopTilt is called
Shooter.stopTiltCallback_ERR [135.451977527] StopRightTilt was canceled.
Shooter.stopTiltCallback_ERR [135.453793508] StopLeftTilt was canceled.
Shooter.LeftTiltMotor.pidCtrlTask_INFO [135.455466816] controlMode: Position,onTarget=true(17.77873199434209/17.0), stalled=false, expired=false, event=(stopLeftTilt=SIGNALED)
Shooter.stopTiltCallback_ERR [135.460382189] StopLeftTilt was completed.
Shooter.RightTiltMotor.pidCtrlTask_INFO [135.497419885] controlMode: Position,onTarget=true(17.18582139140681/17.0), stalled=false, expired=false, event=(stopRightTilt=SIGNALED)
Shooter.stopTiltCallback_ERR [135.499885557] StopRightTilt was completed.
FrcTeleOp.operatorControllerButtonEvent_INFO [135.662124012] ##### button=LeftBumper, pressed=true
FrcTeleOp.operatorControllerButtonEvent_INFO [135.662850736] >>>>> OperatorAltFunc=true
FrcTeleOp.driverControllerButtonEvent_INFO [135.764365167] ##### button=RightBumper, pressed=false
FrcTeleOp.driverControllerButtonEvent_INFO [135.764975603] >>>>> Normal Drive
Shooter.TurretMotor.isMotorStalled_INFO [135.816242454] Stall detection triggered.
Shooter.TurretMotor.checkStallReset_WARN [135.826120314] Stall detected, removing power to protect motor.
FrcTeleOp.operatorControllerButtonEvent_INFO [136.120698357] ##### button=LeftBumper, pressed=false
FrcTeleOp.operatorControllerButtonEvent_INFO [136.121316567] >>>>> OperatorAltFunc=false
FrcTeleOp.operatorControllerButtonEvent_INFO [136.221331111] ##### button=LeftBumper, pressed=true
FrcTeleOp.operatorControllerButtonEvent_INFO [136.222038582] >>>>> OperatorAltFunc=true
Shooter.TurretMotor.isMotorStalled_INFO [136.378933409] Stall detection triggered.
Shooter.TurretMotor.checkStallReset_WARN [136.38904955] Stall detected, removing power to protect motor.
Shooter.TurretMotor.isMotorStalled_INFO [136.574212251] Stall detection triggered.
Shooter.TurretMotor.checkStallReset_WARN [136.579547255] Stall detected, removing power to protect motor.
Shooter.TurretMotor.isMotorStalled_INFO [137.078985552] Stall detection triggered.
FrcTeleOp.operatorControllerButtonEvent_INFO [137.087564073] ##### button=LeftBumper, pressed=false
FrcTeleOp.operatorControllerButtonEvent_INFO [137.089254778] >>>>> OperatorAltFunc=false
Shooter.TurretMotor.checkStallReset_WARN [137.097027072] Stall detected, removing power to protect motor.
FrcTeleOp.operatorControllerButtonEvent_INFO [138.163493214] ##### button=Y, pressed=true
FrcTeleOp.shoot_INFO [138.16403353] >>>>> Start Auto Shoot.
TaskAutoShoot.autoShoot_INFO [138.164316255] autoShoot(owner=null, event=null, taskParams=(autoStop=false, noPassback=false, noWait=false))
Shooter.enableGoalTracking_INFO [138.164653406] EnableGoalTracking: goalTrackingParams=(trackFlywheel=true,trackTiltPos=true,trackPanPos=true), noPassback=false
Shooter.setupGoalTrackingMode_INFO [138.165073524] AlliancHub: alliance=Red, fieldLengthZone=7, fieldWidthZone=1.
Shooter.setupGoalTrackingMode_INFO [138.165415515] GoalTracking(trackingMode=AllianceHub, goalPose=(x=-158.838583,y=469.110472,angle=180.000000), noPassback=false).
Shooter.LeftShooter.enableGoalTracking_INFO [138.165744043] Enable GoalTracking (trackingParams=(trackFlywheel=true,trackTiltPos=true,trackPanPos=true)).
Shooter.LeftPrimaryMotor.cancel_INFO [138.166156441] Cancel: stopping motor.
Shooter.LeftTiltMotor.cancel_INFO [138.166554377] Cancel: stopping motor.
Shooter.RightShooter.enableGoalTracking_INFO [138.167020194] Enable GoalTracking (trackingParams=(trackFlywheel=true,trackTiltPos=true,trackPanPos=true)).
Shooter.RightPrimaryMotor.cancel_INFO [138.167395166] Cancel: stopping motor.
Shooter.RightTiltMotor.cancel_INFO [138.167810466] Cancel: stopping motor.
Shooter.enableGoalTracking_ERR [138.16826533] EnableGoalTrackingTimestamps=[138.164740725, 138.165509343, 138.166783937, 138.168009564]
TaskAutoShoot.autoTask_INFO [138.265771482] <Event name="StateInfo" time="138.265294609" tag="vvvvv" TaskAutoShoot.state="START" />
TaskAutoShoot.runTaskState_INFO [138.266427693] ***** Wait for left Shooter ready.
TaskAutoShoot.runTaskState_INFO [138.270005431] ***** Wait for right Shooter ready.
TaskAutoShoot.runTaskState_INFO [138.271692321] ***** Wait for Turret ready.
TaskAutoShoot.autoTask_INFO [138.274031417] <Event name="StateInfo" time="138.273801635" tag="^^^^^" TaskAutoShoot.state="START" />
TaskAutoShoot.autoTask_INFO [138.449856652] <Event name="StateInfo" time="138.449659718" tag="vvvvv" TaskAutoShoot.state="SHOOT" />
TaskAutoShoot.autoTask_INFO [138.450778965] <Event name="StateInfo" time="138.450533547" tag="^^^^^" TaskAutoShoot.state="SHOOT" />
FrcTeleOp.operatorControllerButtonEvent_INFO [138.4534532] ##### button=Y, pressed=false
FrcTeleOp.shoot_INFO [138.454390019] >>>>> Stop Auto Shoot.
TaskAutoShoot.cancel_INFO [138.455044312] Canceling auto task operation.
TaskAutoShoot.stopSubsystems_INFO [138.455698942] Stopping subsystems.
Shooter.LeftTransferMotor.cancel_INFO [138.456476662] Cancel: stopping motor.
Shooter.RightTransferMotor.cancel_INFO [138.457134659] Cancel: stopping motor.
Shooter.FeederMotor.cancel_INFO [138.45786833] Cancel: stopping motor.
Shooter.LeftShooter.disableGoalTracking_INFO [138.462579664] Disable Goal Tracking.
Shooter.LeftShooter.stopGoalTracking_INFO [138.464094085] Stop GoalTracking.
Shooter.LeftTiltMotor.cancel_INFO [138.46565402] Cancel: stopping motor.
Shooter.LeftPrimaryMotor.cancel_INFO [138.466942361] Cancel: stopping motor.
Shooter.RightShooter.disableGoalTracking_INFO [138.469867437] Disable Goal Tracking.
Shooter.RightShooter.stopGoalTracking_INFO [138.471365476] Stop GoalTracking.
Shooter.RightTiltMotor.cancel_INFO [138.472903292] Cancel: stopping motor.
Shooter.RightPrimaryMotor.cancel_INFO [138.474681147] Cancel: stopping motor.
Shooter.LeftShooter.cancel_INFO [138.476322157] owner=null
Shooter.LeftPrimaryMotor.cancel_INFO [138.477942007] Cancel: stopping motor.
Shooter.LeftTiltMotor.cancel_INFO [138.479344447] Cancel: stopping motor.
Shooter.RightShooter.cancel_INFO [138.486943966] owner=null
Shooter.RightPrimaryMotor.cancel_INFO [138.489326665] Cancel: stopping motor.
Shooter.RightTiltMotor.cancel_INFO [138.491110904] Cancel: stopping motor.
Shooter.LeftTransferMotor.cancel_INFO [138.492462898] Cancel: stopping motor.
Shooter.RightTransferMotor.cancel_INFO [138.494184577] Cancel: stopping motor.
Shooter.FeederMotor.cancel_INFO [138.497108617] Cancel: stopping motor.
Shooter.stopTilt_ERR [138.498940579] StopTilt is called
Shooter.stopTilt_ERR [138.55779025] StopTilt is called
Shooter.stopTiltCallback_ERR [138.615771718] StopRightTilt was canceled.
Shooter.stopTiltCallback_ERR [138.61839114] StopLeftTilt was canceled.
Shooter.LeftTiltMotor.pidCtrlTask_INFO [138.632988967] controlMode: Position,onTarget=true(17.185821280085054/17.0), stalled=false, expired=false, event=(stopLeftTilt=SIGNALED)
Shooter.stopTiltCallback_ERR [138.633860467] StopLeftTilt was completed.
Shooter.RightTiltMotor.pidCtrlTask_INFO [138.655658897] controlMode: Position,onTarget=true(17.54156789170172/17.0), stalled=false, expired=false, event=(stopRightTilt=SIGNALED)
Shooter.stopTiltCallback_ERR [138.661462932] StopRightTilt was completed.
FrcRobot.startCompetition_INFO [140.298277147] *** Transitioning from TELEOP_MODE to DISABLED_MODE ***
Robot.cancelAll_INFO [140.307544976] Cancel all operations.
Shooter.LeftShooter.cancel_INFO [140.308855472] owner=null
Shooter.LeftPrimaryMotor.cancel_INFO [140.309863992] Cancel: stopping motor.
Shooter.LeftTiltMotor.cancel_INFO [140.310407638] Cancel: stopping motor.
Shooter.RightShooter.cancel_INFO [140.310709627] owner=null
Shooter.RightPrimaryMotor.cancel_INFO [140.311146002] Cancel: stopping motor.
Shooter.RightTiltMotor.cancel_INFO [140.31151956] Cancel: stopping motor.
Shooter.LeftTransferMotor.cancel_INFO [140.312066506] Cancel: stopping motor.
Shooter.RightTransferMotor.cancel_INFO [140.312511826] Cancel: stopping motor.
Shooter.FeederMotor.cancel_INFO [140.313024829] Cancel: stopping motor.
Shooter.stopTilt_ERR [140.313345323] StopTilt is called
Shooter.LeftTiltMotor.pidCtrlTask_INFO [140.346137209] controlMode: Position,onTarget=true(16.988184367086653/17.0), stalled=false, expired=false, event=(stopLeftTilt=SIGNALED)
Shooter.RightTiltMotor.pidCtrlTask_INFO [140.3745161] controlMode: Position,onTarget=true(16.988184490777495/17.0), stalled=false, expired=false, event=(stopRightTilt=SIGNALED)
Intake.IntakeMotor.cancel_INFO [140.379907545] Cancel: stopping motor.
Climber.Motor.cancel_INFO [140.381679936] Cancel: stopping motor.
TaskAutoShoot.cancel_INFO [140.38306283] Canceling auto task operation.
TaskAutoClimb.cancel_INFO [140.383937325] Canceling auto task operation.
FrcRobot.printPerformanceMetrics_INFO [140.390599622] [FrcRobot] Loop Performance Metrics:
Average Loop Interval = 0.001742s (freq=574.122Hz, min=0.000784s, max=0.539913s)
[03]                StartTask=0.000000s
[04]          PrePeriodicTask=0.000135s
[07]               UpdateTask=0.000970s
[02]                StartMode=0.000000s
[06]         PostPeriodicTask=0.000332s
[08]                 StopTask=0.000000s
[09]                 StopMode=0.000000s
[00]                RobotInit=17.866896s
[01]           RobotStartMode=0.000002s
[05]                 Periodic=0.000256s
[10]            RobotStopMode=0.000001s

TrcTaskMgr.printTaskPerformanceMetrics_INFO [140.395658642] FrcDashboard.task: STANDALONE_TASK=3.3115855830437806E-4/0.010489827275024323
TrcTaskMgr.printTaskPerformanceMetrics_INFO [140.397858334] TrcWatchdogMgr: STANDALONE_TASK=1.0614496624472574E-4/0.9982740619873418
TrcTaskMgr.printTaskPerformanceMetrics_INFO [140.399083758] DriverController.buttonEventTask: PRE_PERIODIC_TASK=1.52679616437668E-5/0.0035225077221622166
TrcTaskMgr.printTaskPerformanceMetrics_INFO [140.400320379] OperatorController.buttonEventTask: PRE_PERIODIC_TASK=1.0393618238677752E-4/0.003522491236542664
TrcTaskMgr.printTaskPerformanceMetrics_INFO [140.403711703] flDriveMotor.pidCtrlTask: OUTPUT_TASK=4.261178309916932E-5/0.012162326234206747
TrcTaskMgr.printTaskPerformanceMetrics_INFO [140.404760363] flDriveMotor.odometryCleanupTask: STOP_TASK=3.69525E-5/41.1754624835
TrcTaskMgr.printTaskPerformanceMetrics_INFO [140.405873483] frDriveMotor.pidCtrlTask: OUTPUT_TASK=2.525878204799508E-5/0.012162322800610194
TrcTaskMgr.printTaskPerformanceMetrics_INFO [140.40686312] blDriveMotor.pidCtrlTask: OUTPUT_TASK=2.4454960619423647E-5/0.012162322544636447
TrcTaskMgr.printTaskPerformanceMetrics_INFO [140.408765208] brDriveMotor.pidCtrlTask: OUTPUT_TASK=2.2513662171516474E-5/0.012162294619202665
TrcTaskMgr.printTaskPerformanceMetrics_INFO [140.413192525] flSteerMotor.pidCtrlTask: OUTPUT_TASK=2.998340799897449E-5/0.01216229447142674
TrcTaskMgr.printTaskPerformanceMetrics_INFO [140.41476753] frSteerMotor.pidCtrlTask: OUTPUT_TASK=2.6192699064222534E-5/0.012162296455223688
TrcTaskMgr.printTaskPerformanceMetrics_INFO [140.417349953] blSteerMotor.pidCtrlTask: OUTPUT_TASK=2.5047389667991283E-5/0.012162262923548262
TrcTaskMgr.printTaskPerformanceMetrics_INFO [140.419982407] brSteerMotor.pidCtrlTask: OUTPUT_TASK=2.5716919909757475E-5/0.012162237303132852
TrcTaskMgr.printTaskPerformanceMetrics_INFO [140.422283508] FrcSwerveDrive.odometryTask: INPUT_TASK=0.001715416098947967/0.015606636939437021
TrcTaskMgr.printTaskPerformanceMetrics_INFO [140.42371116] FrcSwerveDrive.stopTask: STOP_TASK=0.00321540725/41.175444498
TrcTaskMgr.printTaskPerformanceMetrics_INFO [140.424849741] purePursuitDrive.driveTask: POST_PERIODIC_TASK=0.008801813932515338/0.060443468493865025
TrcTaskMgr.printTaskPerformanceMetrics_INFO [140.425896295] LED: OUTPUT_TASK=4.7172926088294106E-5/0.012162237131800237
TrcTaskMgr.printTaskPerformanceMetrics_INFO [140.435752454] LED.ledTask: OUTPUT_TASK=2.355222219091229E-4/0.011748838153399084
TrcTaskMgr.printTaskPerformanceMetrics_INFO [140.446843521] Shooter.LeftPrimaryMotor.pidCtrlTask: OUTPUT_TASK=2.0047781455086136E-5/0.012162157043401354
TrcTaskMgr.printTaskPerformanceMetrics_INFO [140.447987426] Shooter.LeftFollowerMotor.pidCtrlTask: OUTPUT_TASK=5.089347441550451E-6/0.012162156685064603
TrcTaskMgr.printTaskPerformanceMetrics_INFO [140.44915725] Shooter.LeftTiltMotor.pidCtrlTask: OUTPUT_TASK=5.236934605209188E-4/0.012162156493462879
TrcTaskMgr.printTaskPerformanceMetrics_INFO [140.45024326] Shooter.LeftShooter.ShooterMotor1VelTrigger.triggerTask: PRE_PERIODIC_TASK=2.425327142857143E-4/0.09909323764285714
TrcTaskMgr.printTaskPerformanceMetrics_INFO [140.456076] Shooter.LeftShooter.goalTracking: POST_PERIODIC_TASK=0.05185279876057792/0.1671864237874097
TrcTaskMgr.printTaskPerformanceMetrics_INFO [140.459033244] Shooter.LeftTransferMotor.pidCtrlTask: OUTPUT_TASK=6.154798405496167E-6/0.012162083850829297
TrcTaskMgr.printTaskPerformanceMetrics_INFO [140.460237441] Shooter.RightPrimaryMotor.pidCtrlTask: OUTPUT_TASK=1.9208563639160196E-5/0.01216208345151119
TrcTaskMgr.printTaskPerformanceMetrics_INFO [140.46374974] Shooter.RightFollowerMotor.pidCtrlTask: OUTPUT_TASK=5.195083850294796E-6/0.012162054300333248
TrcTaskMgr.printTaskPerformanceMetrics_INFO [140.465357456] Shooter.RightTiltMotor.pidCtrlTask: OUTPUT_TASK=5.038787689566778E-4/0.012162041968956677
TrcTaskMgr.printTaskPerformanceMetrics_INFO [140.46647389] Shooter.RightShooter.ShooterMotor1VelTrigger.triggerTask: PRE_PERIODIC_TASK=2.9681220512820514E-4/0.08380505143589743
TrcTaskMgr.printTaskPerformanceMetrics_INFO [140.467617361] Shooter.RightShooter.goalTracking: POST_PERIODIC_TASK=0.018823585873469387/0.16531692266428571
TrcTaskMgr.printTaskPerformanceMetrics_INFO [140.469143652] Shooter.RightTransferMotor.pidCtrlTask: OUTPUT_TASK=6.042626147141758E-6/0.012162039526685466
TrcTaskMgr.printTaskPerformanceMetrics_INFO [140.470459531] Shooter.TurretMotor.pidCtrlTask: OUTPUT_TASK=7.023710945911305E-4/0.012162039278108178
TrcTaskMgr.printTaskPerformanceMetrics_INFO [140.471519992] Shooter.FeederMotor.pidCtrlTask: OUTPUT_TASK=6.484814586003588E-6/0.012162047843732376
TrcTaskMgr.printTaskPerformanceMetrics_INFO [140.475690965] ShooterfieldLengthTrigger.triggerTask: PRE_PERIODIC_TASK=2.9739230593229987E-5/0.0017407331625699167
TrcTaskMgr.printTaskPerformanceMetrics_INFO [140.47994203] ShooterfieldWidthTrigger.triggerTask: PRE_PERIODIC_TASK=6.400808912589198E-6/0.0017407329415106744
TrcTaskMgr.printTaskPerformanceMetrics_INFO [140.481044736] Intake.IntakeMotor.pidCtrlTask: OUTPUT_TASK=6.211932275512035E-6/0.012162011569582937
TrcTaskMgr.printTaskPerformanceMetrics_INFO [140.482569488] Climber.Motor.pidCtrlTask: OUTPUT_TASK=6.234507533772525E-5/0.01216201468521699
TrcTaskMgr.printTaskPerformanceMetrics_INFO [140.485468956] TaskAutoShoot: POST_PERIODIC_TASK=0.0018477535230125525/0.21800962694560672
