Robot.robotStartMode_INFO [0.061410352] Sun Mar 22 22:19:28 UTC 2026: ***** TELEOP_MODE *****
Robot.robotStartMode_INFO [0.06219872] <BuildInfo Host="TRC492-DS2024" User="User" Timestamp="2026-03-22 15:08:04" Branch="dev" />
FrcTeleOp.driverControllerButtonEvent_INFO [2.825138887] ##### button=X, pressed=true
FrcTeleOp.driverControllerButtonEvent_INFO [2.83715532] >>>>> Reset field forward heading (heading=175.53624182006962)
FrcTeleOp.driverControllerButtonEvent_INFO [2.875861344] ##### button=X, pressed=false
FrcTeleOp.driverControllerButtonEvent_INFO [3.948115497] ##### button=A, pressed=true
FrcTeleOp.driverControllerButtonEvent_INFO [4.052249083] ##### button=A, pressed=false
FrcTeleOp.driverControllerButtonEvent_INFO [5.182532424] ##### button=A, pressed=true
FrcTeleOp.driverControllerButtonEvent_INFO [5.282902613] ##### button=A, pressed=false
FrcTeleOp.operatorControllerButtonEvent_INFO [7.823967747] ##### button=Y, pressed=true
FrcTeleOp.shoot_INFO [7.83374978] >>>>> Start Auto Shoot.
TaskAutoShoot.autoShoot_INFO [7.842503924] autoShoot(owner=null, event=null, taskParams=(autoStop=false, noPassback=false, noWait=false))
Shooter.setupGoalTrackingMode_INFO [7.847000974] PassingBack: alliance=Red, fieldLengthZone=4, fieldWidthZone=0.
Shooter.setupGoalTrackingMode_INFO [7.850234695] GoalTracking(trackingMode=Passback, goalPose=(x=-79.419291,y=572.915472,angle=180.000000), noPassback=false).
Shooter.LeftShooter.enableGoalTracking_INFO [7.853626232] Enable GoalTracking (trackingParams=(trackFlywheel=true,trackTiltPos=true,trackPanPos=true)).
Shooter.LeftPrimaryMotor.cancel_INFO [7.857105141] Cancel: stopping motor.
Shooter.LeftTiltMotor.cancel_INFO [7.861004125] Cancel: stopping motor.
Shooter.RightShooter.enableGoalTracking_INFO [7.864244008] Enable GoalTracking (trackingParams=(trackFlywheel=true,trackTiltPos=true,trackPanPos=true)).
Shooter.RightPrimaryMotor.cancel_INFO [7.868482676] Cancel: stopping motor.
Shooter.RightTiltMotor.cancel_INFO [7.872950956] Cancel: stopping motor.
TaskAutoShoot.autoTask_INFO [7.972041032] <Event name="StateInfo" time="7.971738039" tag="vvvvv" TaskAutoShoot.state="START" />
TaskAutoShoot.runTaskState_INFO [7.974485042] ***** Wait for left Shooter ready.
TaskAutoShoot.runTaskState_INFO [7.977831706] ***** Wait for right Shooter ready.
TaskAutoShoot.runTaskState_INFO [7.980768161] ***** Wait for Turret ready.
TaskAutoShoot.autoTask_INFO [7.984357973] <Event name="StateInfo" time="7.982908237" tag="^^^^^" TaskAutoShoot.state="START" />
TaskAutoShoot.autoTask_INFO [8.173944557] <Event name="StateInfo" time="8.173609176" tag="vvvvv" TaskAutoShoot.state="SHOOT" />
TaskAutoShoot.autoTask_INFO [8.174884503] <Event name="StateInfo" time="8.174396179" tag="^^^^^" TaskAutoShoot.state="SHOOT" />
TaskAutoShoot.autoTask_INFO [8.278970107] <Event name="StateInfo" time="8.275814158" tag="vvvvv" TaskAutoShoot.state="SHOOT" />
TaskAutoShoot.autoTask_INFO [8.2804807] <Event name="StateInfo" time="8.280295713" tag="^^^^^" TaskAutoShoot.state="SHOOT" />
TaskAutoShoot.autoTask_INFO [8.382198535] <Event name="StateInfo" time="8.381979173" tag="vvvvv" TaskAutoShoot.state="SHOOT" />
TaskAutoShoot.autoTask_INFO [8.397376669] <Event name="StateInfo" time="8.397110615" tag="^^^^^" TaskAutoShoot.state="SHOOT" />
TaskAutoShoot.autoTask_INFO [8.505408166] <Event name="StateInfo" time="8.505198219" tag="vvvvv" TaskAutoShoot.state="SHOOT" />
TaskAutoShoot.autoTask_INFO [8.507592048] <Event name="StateInfo" time="8.505833204" tag="^^^^^" TaskAutoShoot.state="SHOOT" />
TaskAutoShoot.autoTask_INFO [8.639390365] <Event name="StateInfo" time="8.63896731" tag="vvvvv" TaskAutoShoot.state="SHOOT" />
TaskAutoShoot.autoTask_INFO [8.647830789] <Event name="StateInfo" time="8.647632067" tag="^^^^^" TaskAutoShoot.state="SHOOT" />
Shooter.LeftShooter.goalTrackingTask_INFO [8.717147155] Shooter.LeftShooter is Ready: rpm1=4568.257212/4470.225796, rpm2=2831.367188/0.000000, tilt=40.032672/40.000000, pan=null/null
TaskAutoShoot.autoTask_INFO [8.745832839] <Event name="StateInfo" time="8.74563114" tag="vvvvv" TaskAutoShoot.state="SHOOT" />
TaskAutoShoot.autoTask_INFO [8.74666668] <Event name="StateInfo" time="8.746357548" tag="^^^^^" TaskAutoShoot.state="SHOOT" />
TaskAutoShoot.autoTask_INFO [8.854486026] <Event name="StateInfo" time="8.853698785" tag="vvvvv" TaskAutoShoot.state="SHOOT" />
TaskAutoShoot.autoTask_INFO [8.855335545] <Event name="StateInfo" time="8.855132173" tag="^^^^^" TaskAutoShoot.state="SHOOT" />
TaskAutoShoot.autoTask_INFO [8.968668108] <Event name="StateInfo" time="8.968453905" tag="vvvvv" TaskAutoShoot.state="SHOOT" />
TaskAutoShoot.autoTask_INFO [8.970553612] <Event name="StateInfo" time="8.970183816" tag="^^^^^" TaskAutoShoot.state="SHOOT" />
FrcTeleOp.operatorControllerButtonEvent_INFO [8.975299167] ##### button=Y, pressed=false
FrcTeleOp.shoot_INFO [8.978822039] >>>>> Stop Auto Shoot.
TaskAutoShoot.cancel_INFO [8.980380029] Canceling auto task operation.
TaskAutoShoot.stopSubsystems_INFO [8.98470032] Stopping subsystems.
Shooter.LeftTransferMotor.cancel_INFO [8.986469056] Cancel: stopping motor.
Shooter.RightTransferMotor.cancel_INFO [8.988210179] Cancel: stopping motor.
Shooter.FeederMotor.cancel_INFO [8.989715079] Cancel: stopping motor.
Shooter.LeftShooter.disableGoalTracking_INFO [8.991202269] Disable Goal Tracking.
Shooter.LeftShooter.stopGoalTracking_INFO [8.992565683] Stop GoalTracking.
Shooter.LeftTiltMotor.cancel_INFO [8.994186743] Cancel: stopping motor.
Shooter.LeftPrimaryMotor.cancel_INFO [8.996350811] Cancel: stopping motor.
Shooter.RightShooter.disableGoalTracking_INFO [8.998167786] Disable Goal Tracking.
Shooter.RightShooter.stopGoalTracking_INFO [9.000898433] Stop GoalTracking.
Shooter.RightTiltMotor.cancel_INFO [9.002208249] Cancel: stopping motor.
Shooter.RightPrimaryMotor.cancel_INFO [9.006000701] Cancel: stopping motor.
Shooter.LeftShooter.cancel_INFO [9.007957518] owner=null
Shooter.LeftPrimaryMotor.cancel_INFO [9.009421684] Cancel: stopping motor.
Shooter.LeftTiltMotor.cancel_INFO [9.010737138] Cancel: stopping motor.
Shooter.RightShooter.cancel_INFO [9.012313154] owner=null
Shooter.RightPrimaryMotor.cancel_INFO [9.014318273] Cancel: stopping motor.
Shooter.RightTiltMotor.cancel_INFO [9.016367335] Cancel: stopping motor.
Shooter.LeftTransferMotor.cancel_INFO [9.018830831] Cancel: stopping motor.
Shooter.RightTransferMotor.cancel_INFO [9.020162017] Cancel: stopping motor.
Shooter.FeederMotor.cancel_INFO [9.022759906] Cancel: stopping motor.
Climber.Motor.isMotorStalled_INFO [9.084576022] Stall detection triggered.
Climber.Motor.checkStallReset_INFO [9.087058335] Resetting stall.
FrcTeleOp.operatorControllerButtonEvent_INFO [10.189738304] ##### button=Y, pressed=true
FrcTeleOp.shoot_INFO [10.190589965] >>>>> Start Auto Shoot.
TaskAutoShoot.autoShoot_INFO [10.19111631] autoShoot(owner=null, event=null, taskParams=(autoStop=false, noPassback=false, noWait=false))
Shooter.setupGoalTrackingMode_INFO [10.191859408] PassingBack: alliance=Red, fieldLengthZone=5, fieldWidthZone=0.
Shooter.setupGoalTrackingMode_INFO [10.192470902] GoalTracking(trackingMode=Passback, goalPose=(x=-79.419291,y=572.915472,angle=180.000000), noPassback=false).
Shooter.LeftShooter.enableGoalTracking_INFO [10.193329989] Enable GoalTracking (trackingParams=(trackFlywheel=true,trackTiltPos=true,trackPanPos=true)).
Shooter.LeftPrimaryMotor.cancel_INFO [10.194369379] Cancel: stopping motor.
Shooter.LeftTiltMotor.cancel_INFO [10.195221736] Cancel: stopping motor.
Shooter.RightShooter.enableGoalTracking_INFO [10.19586705] Enable GoalTracking (trackingParams=(trackFlywheel=true,trackTiltPos=true,trackPanPos=true)).
Shooter.RightPrimaryMotor.cancel_INFO [10.196572927] Cancel: stopping motor.
Shooter.RightTiltMotor.cancel_INFO [10.197188825] Cancel: stopping motor.
TaskAutoShoot.autoTask_INFO [10.305391193] <Event name="StateInfo" time="10.305132932" tag="vvvvv" TaskAutoShoot.state="START" />
TaskAutoShoot.runTaskState_INFO [10.307915153] ***** Wait for left Shooter ready.
TaskAutoShoot.runTaskState_INFO [10.311097666] ***** Wait for right Shooter ready.
TaskAutoShoot.runTaskState_INFO [10.313610171] ***** Wait for Turret ready.
TaskAutoShoot.autoTask_INFO [10.318308937] <Event name="StateInfo" time="10.317742839" tag="^^^^^" TaskAutoShoot.state="START" />
TaskAutoShoot.autoTask_INFO [10.527124418] <Event name="StateInfo" time="10.526889401" tag="vvvvv" TaskAutoShoot.state="SHOOT" />
TaskAutoShoot.autoTask_INFO [10.528910138] <Event name="StateInfo" time="10.528502058" tag="^^^^^" TaskAutoShoot.state="SHOOT" />
TaskAutoShoot.autoTask_INFO [10.626971297] <Event name="StateInfo" time="10.626776269" tag="vvvvv" TaskAutoShoot.state="SHOOT" />
TaskAutoShoot.autoTask_INFO [10.631137014] <Event name="StateInfo" time="10.63091485" tag="^^^^^" TaskAutoShoot.state="SHOOT" />
TaskAutoShoot.autoTask_INFO [10.727054421] <Event name="StateInfo" time="10.726863185" tag="vvvvv" TaskAutoShoot.state="SHOOT" />
TaskAutoShoot.autoTask_INFO [10.73099305] <Event name="StateInfo" time="10.727393772" tag="^^^^^" TaskAutoShoot.state="SHOOT" />
TaskAutoShoot.autoTask_INFO [10.827947153] <Event name="StateInfo" time="10.827743594" tag="vvvvv" TaskAutoShoot.state="SHOOT" />
TaskAutoShoot.autoTask_INFO [10.837433672] <Event name="StateInfo" time="10.837211036" tag="^^^^^" TaskAutoShoot.state="SHOOT" />
Shooter.RightShooter.goalTrackingTask_INFO [10.941561847] Shooter.RightShooter is Ready: rpm1=4520.363582/4601.127998, rpm2=2783.906250/0.000000, tilt=40.032672/40.000000, pan=null/null
TaskAutoShoot.autoTask_INFO [10.942078417] <Event name="StateInfo" time="10.94190962" tag="vvvvv" TaskAutoShoot.state="SHOOT" />
TaskAutoShoot.autoTask_INFO [10.942445944] <Event name="StateInfo" time="10.942301864" tag="^^^^^" TaskAutoShoot.state="SHOOT" />
Shooter.LeftShooter.goalTrackingTask_INFO [11.024638764] Shooter.LeftShooter is Ready: rpm1=4761.346154/4758.918338, rpm2=3022.617188/0.000000, tilt=40.032672/40.000000, pan=null/null
TaskAutoShoot.autoTask_INFO [11.06044517] <Event name="StateInfo" time="11.060192411" tag="vvvvv" TaskAutoShoot.state="SHOOT" />
TaskAutoShoot.autoTask_INFO [11.06220039] <Event name="StateInfo" time="11.061459117" tag="^^^^^" TaskAutoShoot.state="SHOOT" />
TaskAutoShoot.autoTask_INFO [11.16017321] <Event name="StateInfo" time="11.15998673" tag="vvvvv" TaskAutoShoot.state="SHOOT" />
TaskAutoShoot.autoTask_INFO [11.161258007] <Event name="StateInfo" time="11.161054917" tag="^^^^^" TaskAutoShoot.state="SHOOT" />
TaskAutoShoot.autoTask_INFO [11.265318989] <Event name="StateInfo" time="11.264658502" tag="vvvvv" TaskAutoShoot.state="SHOOT" />
TaskAutoShoot.autoTask_INFO [11.271813576] <Event name="StateInfo" time="11.271455731" tag="^^^^^" TaskAutoShoot.state="SHOOT" />
TaskAutoShoot.cancel_INFO [11.282375791] Canceling auto task operation.
TaskAutoShoot.stopSubsystems_INFO [11.284926892] Stopping subsystems.
Shooter.LeftTransferMotor.cancel_INFO [11.288206684] Cancel: stopping motor.
Shooter.RightTransferMotor.cancel_INFO [11.290444469] Cancel: stopping motor.
Shooter.FeederMotor.cancel_INFO [11.294454225] Cancel: stopping motor.
Shooter.LeftShooter.disableGoalTracking_INFO [11.307025296] Disable Goal Tracking.
Shooter.LeftShooter.stopGoalTracking_INFO [11.309531289] Stop GoalTracking.
Shooter.LeftTiltMotor.cancel_INFO [11.311697983] Cancel: stopping motor.
Shooter.LeftPrimaryMotor.cancel_INFO [11.313705403] Cancel: stopping motor.
Shooter.RightShooter.disableGoalTracking_INFO [11.31618236] Disable Goal Tracking.
Shooter.RightShooter.stopGoalTracking_INFO [11.319415603] Stop GoalTracking.
Shooter.RightTiltMotor.cancel_INFO [11.322380353] Cancel: stopping motor.
Shooter.RightPrimaryMotor.cancel_INFO [11.325222175] Cancel: stopping motor.
Shooter.LeftShooter.cancel_INFO [11.327841708] owner=null
Shooter.LeftPrimaryMotor.cancel_INFO [11.329979677] Cancel: stopping motor.
Shooter.LeftTiltMotor.cancel_INFO [11.332484121] Cancel: stopping motor.
Shooter.RightShooter.cancel_INFO [11.344004328] owner=null
Shooter.RightPrimaryMotor.cancel_INFO [11.345737177] Cancel: stopping motor.
Shooter.RightTiltMotor.cancel_INFO [11.347724518] Cancel: stopping motor.
Shooter.LeftTransferMotor.cancel_INFO [11.349024469] Cancel: stopping motor.
Shooter.RightTransferMotor.cancel_INFO [11.351347087] Cancel: stopping motor.
Shooter.FeederMotor.cancel_INFO [11.354664589] Cancel: stopping motor.
Shooter.setupGoalTrackingMode_INFO [11.419077664] PassingBack: alliance=Red, fieldLengthZone=6, fieldWidthZone=0.
Shooter.setupGoalTrackingMode_INFO [11.423366321] GoalTracking(trackingMode=Disabled, goalPose=null, noPassback=false).
FrcTeleOp.operatorControllerButtonEvent_INFO [11.442394366] ##### button=Y, pressed=false
FrcTeleOp.shoot_INFO [11.443739201] >>>>> Stop Auto Shoot.
TaskAutoShoot.cancel_INFO [11.445579064] Canceling auto task operation.
FrcTeleOp.driverControllerButtonEvent_INFO [17.47054372] ##### button=A, pressed=true
FrcTeleOp.driverControllerButtonEvent_INFO [17.520674404] ##### button=A, pressed=false
FrcTeleOp.driverControllerButtonEvent_INFO [24.208681035] ##### button=A, pressed=true
FrcTeleOp.driverControllerButtonEvent_INFO [24.260879264] ##### button=A, pressed=false
FrcTeleOp.operatorControllerButtonEvent_INFO [24.273501413] ##### button=Y, pressed=true
FrcTeleOp.shoot_INFO [24.287026228] >>>>> Start Auto Shoot.
TaskAutoShoot.autoShoot_INFO [24.310472768] autoShoot(owner=null, event=null, taskParams=(autoStop=false, noPassback=false, noWait=false))
Shooter.setupGoalTrackingMode_INFO [24.31433354] PassingBack: alliance=Red, fieldLengthZone=5, fieldWidthZone=0.
Shooter.setupGoalTrackingMode_INFO [24.32351297] GoalTracking(trackingMode=Passback, goalPose=(x=-79.419291,y=572.915472,angle=180.000000), noPassback=false).
Shooter.LeftShooter.enableGoalTracking_INFO [24.327620039] Enable GoalTracking (trackingParams=(trackFlywheel=true,trackTiltPos=true,trackPanPos=true)).
Shooter.LeftPrimaryMotor.cancel_INFO [24.3335672] Cancel: stopping motor.
Shooter.LeftTiltMotor.cancel_INFO [24.347400567] Cancel: stopping motor.
Shooter.RightShooter.enableGoalTracking_INFO [24.352270103] Enable GoalTracking (trackingParams=(trackFlywheel=true,trackTiltPos=true,trackPanPos=true)).
Shooter.RightPrimaryMotor.cancel_INFO [24.358978846] Cancel: stopping motor.
Shooter.RightTiltMotor.cancel_INFO [24.364922852] Cancel: stopping motor.
TaskAutoShoot.autoTask_INFO [24.471509429] <Event name="StateInfo" time="24.471202562" tag="vvvvv" TaskAutoShoot.state="START" />
TaskAutoShoot.runTaskState_INFO [24.476491481] ***** Wait for left Shooter ready.
TaskAutoShoot.runTaskState_INFO [24.477004377] ***** Wait for right Shooter ready.
TaskAutoShoot.runTaskState_INFO [24.480277426] ***** Wait for Turret ready.
TaskAutoShoot.autoTask_INFO [24.482139641] <Event name="StateInfo" time="24.481848916" tag="^^^^^" TaskAutoShoot.state="START" />
TaskAutoShoot.autoTask_INFO [24.715852464] <Event name="StateInfo" time="24.71539622" tag="vvvvv" TaskAutoShoot.state="SHOOT" />
TaskAutoShoot.autoTask_INFO [24.72980186] <Event name="StateInfo" time="24.729082984" tag="^^^^^" TaskAutoShoot.state="SHOOT" />
TaskAutoShoot.autoTask_INFO [24.831004854] <Event name="StateInfo" time="24.83077909" tag="vvvvv" TaskAutoShoot.state="SHOOT" />
TaskAutoShoot.autoTask_INFO [24.832916046] <Event name="StateInfo" time="24.832656897" tag="^^^^^" TaskAutoShoot.state="SHOOT" />
TaskAutoShoot.autoTask_INFO [24.936420467] <Event name="StateInfo" time="24.936096462" tag="vvvvv" TaskAutoShoot.state="SHOOT" />
TaskAutoShoot.autoTask_INFO [24.938703788] <Event name="StateInfo" time="24.938162885" tag="^^^^^" TaskAutoShoot.state="SHOOT" />
TaskAutoShoot.autoTask_INFO [25.025206814] <Event name="StateInfo" time="25.025024082" tag="vvvvv" TaskAutoShoot.state="SHOOT" />
TaskAutoShoot.autoTask_INFO [25.030668427] <Event name="StateInfo" time="25.030333239" tag="^^^^^" TaskAutoShoot.state="SHOOT" />
TaskAutoShoot.autoTask_INFO [25.135365143] <Event name="StateInfo" time="25.133828386" tag="vvvvv" TaskAutoShoot.state="SHOOT" />
TaskAutoShoot.autoTask_INFO [25.140657819] <Event name="StateInfo" time="25.139621462" tag="^^^^^" TaskAutoShoot.state="SHOOT" />
TaskAutoShoot.autoTask_INFO [25.224084421] <Event name="StateInfo" time="25.223379629" tag="vvvvv" TaskAutoShoot.state="SHOOT" />
TaskAutoShoot.autoTask_INFO [25.232014935] <Event name="StateInfo" time="25.231792021" tag="^^^^^" TaskAutoShoot.state="SHOOT" />
TaskAutoShoot.autoTask_INFO [25.332968966] <Event name="StateInfo" time="25.332653786" tag="vvvvv" TaskAutoShoot.state="SHOOT" />
TaskAutoShoot.autoTask_INFO [25.344340997] <Event name="StateInfo" time="25.344144873" tag="^^^^^" TaskAutoShoot.state="SHOOT" />
TaskAutoShoot.autoTask_INFO [25.447089111] <Event name="StateInfo" time="25.446900559" tag="vvvvv" TaskAutoShoot.state="SHOOT" />
TaskAutoShoot.autoTask_INFO [25.448213978] <Event name="StateInfo" time="25.44800794" tag="^^^^^" TaskAutoShoot.state="SHOOT" />
TaskAutoShoot.autoTask_INFO [25.571401687] <Event name="StateInfo" time="25.568114188" tag="vvvvv" TaskAutoShoot.state="SHOOT" />
TaskAutoShoot.runTaskState_INFO [25.572934503] ***** Start left shooter shooting (timedout=true, turretReady=false).
Shooter.shoot_INFO [25.574082014] shoot(owner=null, event=(TaskAutoShoot.leftShooterDone=CLEARED), shooter=leftShooter, autoStop=false)
Shooter.LeftTransferMotor.cancel_INFO [25.576808943] Cancel: stopping motor.
TaskAutoShoot.runTaskState_INFO [25.581236041] ***** Start right shooter shooting (timedout=true, turretReady=false).
Shooter.shoot_INFO [25.583337174] shoot(owner=null, event=(TaskAutoShoot.rightShooterDone=CLEARED), shooter=rightShooter, autoStop=false)
Shooter.RightTransferMotor.cancel_INFO [25.585562588] Cancel: stopping motor.
TaskAutoShoot.autoTask_INFO [25.588088964] <Event name="StateInfo" time="25.587711241" tag="^^^^^" TaskAutoShoot.state="SHOOT" />
FrcTeleOp.operatorControllerButtonEvent_INFO [25.927860575] ##### button=Y, pressed=false
FrcTeleOp.shoot_INFO [25.929135208] >>>>> Stop Auto Shoot.
TaskAutoShoot.cancel_INFO [25.941699753] Canceling auto task operation.
TaskAutoShoot.stopSubsystems_INFO [25.95146712] Stopping subsystems.
Shooter.LeftTransferMotor.cancel_INFO [25.952547704] Cancel: stopping motor.
Shooter.RightTransferMotor.cancel_INFO [25.954201687] Cancel: stopping motor.
Shooter.FeederMotor.cancel_INFO [25.957758921] Cancel: stopping motor.
Shooter.LeftShooter.disableGoalTracking_INFO [25.960223297] Disable Goal Tracking.
Shooter.LeftShooter.stopGoalTracking_INFO [25.962900638] Stop GoalTracking.
Shooter.LeftTiltMotor.cancel_INFO [25.96403659] Cancel: stopping motor.
Shooter.LeftPrimaryMotor.cancel_INFO [25.968165956] Cancel: stopping motor.
Shooter.RightShooter.disableGoalTracking_INFO [25.969668575] Disable Goal Tracking.
Shooter.RightShooter.stopGoalTracking_INFO [25.970745245] Stop GoalTracking.
Shooter.RightTiltMotor.cancel_INFO [25.971916745] Cancel: stopping motor.
Shooter.RightPrimaryMotor.cancel_INFO [25.972892115] Cancel: stopping motor.
Shooter.LeftShooter.cancel_INFO [25.974126089] owner=null
Shooter.LeftPrimaryMotor.cancel_INFO [25.975208609] Cancel: stopping motor.
Shooter.LeftTiltMotor.cancel_INFO [25.97989504] Cancel: stopping motor.
Shooter.RightShooter.cancel_INFO [25.981351169] owner=null
Shooter.RightPrimaryMotor.cancel_INFO [25.982488942] Cancel: stopping motor.
Shooter.RightTiltMotor.cancel_INFO [25.988745908] Cancel: stopping motor.
Shooter.LeftTransferMotor.cancel_INFO [25.989962103] Cancel: stopping motor.
Shooter.RightTransferMotor.cancel_INFO [25.991295054] Cancel: stopping motor.
Shooter.FeederMotor.cancel_INFO [25.992303624] Cancel: stopping motor.
FrcTeleOp.operatorControllerButtonEvent_INFO [26.131333224] ##### button=Y, pressed=true
FrcTeleOp.shoot_INFO [26.132649177] >>>>> Start Auto Shoot.
TaskAutoShoot.autoShoot_INFO [26.134455924] autoShoot(owner=null, event=null, taskParams=(autoStop=false, noPassback=false, noWait=false))
Shooter.setupGoalTrackingMode_INFO [26.135639187] PassingBack: alliance=Red, fieldLengthZone=5, fieldWidthZone=0.
Shooter.setupGoalTrackingMode_INFO [26.138656529] GoalTracking(trackingMode=Passback, goalPose=(x=-79.419291,y=572.915472,angle=180.000000), noPassback=false).
Shooter.LeftShooter.enableGoalTracking_INFO [26.140358157] Enable GoalTracking (trackingParams=(trackFlywheel=true,trackTiltPos=true,trackPanPos=true)).
Shooter.LeftPrimaryMotor.cancel_INFO [26.142262825] Cancel: stopping motor.
Shooter.LeftTiltMotor.cancel_INFO [26.151123708] Cancel: stopping motor.
Shooter.RightShooter.enableGoalTracking_INFO [26.152879986] Enable GoalTracking (trackingParams=(trackFlywheel=true,trackTiltPos=true,trackPanPos=true)).
Shooter.RightPrimaryMotor.cancel_INFO [26.155026611] Cancel: stopping motor.
Shooter.RightTiltMotor.cancel_INFO [26.156994013] Cancel: stopping motor.
TaskAutoShoot.autoTask_INFO [26.247634937] <Event name="StateInfo" time="26.247416392" tag="vvvvv" TaskAutoShoot.state="START" />
TaskAutoShoot.runTaskState_INFO [26.249019449] ***** Wait for left Shooter ready.
TaskAutoShoot.runTaskState_INFO [26.253975299] ***** Wait for right Shooter ready.
TaskAutoShoot.runTaskState_INFO [26.255018547] ***** Wait for Turret ready.
TaskAutoShoot.autoTask_INFO [26.258445179] <Event name="StateInfo" time="26.2572376" tag="^^^^^" TaskAutoShoot.state="START" />
TaskAutoShoot.autoTask_INFO [26.444576562] <Event name="StateInfo" time="26.444357338" tag="vvvvv" TaskAutoShoot.state="SHOOT" />
TaskAutoShoot.autoTask_INFO [26.44767237] <Event name="StateInfo" time="26.444905696" tag="^^^^^" TaskAutoShoot.state="SHOOT" />
TaskAutoShoot.autoTask_INFO [26.533861421] <Event name="StateInfo" time="26.533653535" tag="vvvvv" TaskAutoShoot.state="SHOOT" />
TaskAutoShoot.autoTask_INFO [26.534811694] <Event name="StateInfo" time="26.534447669" tag="^^^^^" TaskAutoShoot.state="SHOOT" />
TaskAutoShoot.autoTask_INFO [26.650224463] <Event name="StateInfo" time="26.648776707" tag="vvvvv" TaskAutoShoot.state="SHOOT" />
TaskAutoShoot.autoTask_INFO [26.651459445] <Event name="StateInfo" time="26.65119725" tag="^^^^^" TaskAutoShoot.state="SHOOT" />
TaskAutoShoot.autoTask_INFO [26.740072545] <Event name="StateInfo" time="26.739875188" tag="vvvvv" TaskAutoShoot.state="SHOOT" />
TaskAutoShoot.autoTask_INFO [26.747399089] <Event name="StateInfo" time="26.747179367" tag="^^^^^" TaskAutoShoot.state="SHOOT" />
TaskAutoShoot.autoTask_INFO [26.842987479] <Event name="StateInfo" time="26.840714906" tag="vvvvv" TaskAutoShoot.state="SHOOT" />
TaskAutoShoot.autoTask_INFO [26.844245726] <Event name="StateInfo" time="26.84402844" tag="^^^^^" TaskAutoShoot.state="SHOOT" />
Shooter.LeftShooter.goalTrackingTask_INFO [26.929853667] Shooter.LeftShooter is Ready: rpm1=4720.456731/4713.096880, rpm2=2934.609375/0.000000, tilt=40.032672/40.000000, pan=null/null
Shooter.RightShooter.goalTrackingTask_INFO [26.956374341] Shooter.RightShooter is Ready: rpm1=4662.340745/4713.096880, rpm2=2863.593750/0.000000, tilt=40.032672/40.000000, pan=null/null
TaskAutoShoot.autoTask_INFO [26.961024155] <Event name="StateInfo" time="26.960812085" tag="vvvvv" TaskAutoShoot.state="SHOOT" />
TaskAutoShoot.autoTask_INFO [26.963681105] <Event name="StateInfo" time="26.963463872" tag="^^^^^" TaskAutoShoot.state="SHOOT" />
TaskAutoShoot.autoTask_INFO [27.068528187] <Event name="StateInfo" time="27.068295833" tag="vvvvv" TaskAutoShoot.state="SHOOT" />
TaskAutoShoot.autoTask_INFO [27.079840691] <Event name="StateInfo" time="27.079468156" tag="^^^^^" TaskAutoShoot.state="SHOOT" />
TaskAutoShoot.autoTask_INFO [27.19913054] <Event name="StateInfo" time="27.198944107" tag="vvvvv" TaskAutoShoot.state="SHOOT" />
TaskAutoShoot.autoTask_INFO [27.201279134] <Event name="StateInfo" time="27.201083564" tag="^^^^^" TaskAutoShoot.state="SHOOT" />
TaskAutoShoot.autoTask_INFO [27.290098589] <Event name="StateInfo" time="27.288140964" tag="vvvvv" TaskAutoShoot.state="SHOOT" />
TaskAutoShoot.runTaskState_INFO [27.292989251] ***** Start left shooter shooting (timedout=true, turretReady=false).
Shooter.shoot_INFO [27.301425493] shoot(owner=null, event=(TaskAutoShoot.leftShooterDone=CLEARED), shooter=leftShooter, autoStop=false)
Shooter.LeftTransferMotor.cancel_INFO [27.304223738] Cancel: stopping motor.
TaskAutoShoot.runTaskState_INFO [27.309670912] ***** Start right shooter shooting (timedout=true, turretReady=false).
Shooter.shoot_INFO [27.311697145] shoot(owner=null, event=(TaskAutoShoot.rightShooterDone=CLEARED), shooter=rightShooter, autoStop=false)
Shooter.RightTransferMotor.cancel_INFO [27.316955921] Cancel: stopping motor.
TaskAutoShoot.autoTask_INFO [27.319967305] <Event name="StateInfo" time="27.319754178" tag="^^^^^" TaskAutoShoot.state="SHOOT" />
FrcTeleOp.operatorControllerButtonEvent_INFO [29.405802021] ##### button=Y, pressed=false
FrcTeleOp.shoot_INFO [29.406881144] >>>>> Stop Auto Shoot.
TaskAutoShoot.cancel_INFO [29.40735561] Canceling auto task operation.
TaskAutoShoot.stopSubsystems_INFO [29.416846415] Stopping subsystems.
Shooter.LeftTransferMotor.cancel_INFO [29.419413937] Cancel: stopping motor.
Shooter.RightTransferMotor.cancel_INFO [29.424347869] Cancel: stopping motor.
Shooter.FeederMotor.cancel_INFO [29.426632126] Cancel: stopping motor.
Shooter.LeftShooter.disableGoalTracking_INFO [29.427654815] Disable Goal Tracking.
Shooter.LeftShooter.stopGoalTracking_INFO [29.429407703] Stop GoalTracking.
Shooter.LeftTiltMotor.cancel_INFO [29.43177172] Cancel: stopping motor.
Shooter.LeftPrimaryMotor.cancel_INFO [29.433599615] Cancel: stopping motor.
Shooter.RightShooter.disableGoalTracking_INFO [29.436446784] Disable Goal Tracking.
Shooter.RightShooter.stopGoalTracking_INFO [29.437555851] Stop GoalTracking.
Shooter.RightTiltMotor.cancel_INFO [29.439322249] Cancel: stopping motor.
Shooter.RightPrimaryMotor.cancel_INFO [29.445198518] Cancel: stopping motor.
Shooter.LeftShooter.cancel_INFO [29.44771822] owner=null
Shooter.LeftPrimaryMotor.cancel_INFO [29.449948995] Cancel: stopping motor.
Shooter.LeftTiltMotor.cancel_INFO [29.452141909] Cancel: stopping motor.
Shooter.RightShooter.cancel_INFO [29.455144] owner=null
Shooter.RightPrimaryMotor.cancel_INFO [29.456739345] Cancel: stopping motor.
Shooter.RightTiltMotor.cancel_INFO [29.459287685] Cancel: stopping motor.
Shooter.LeftTransferMotor.cancel_INFO [29.463140352] Cancel: stopping motor.
Shooter.RightTransferMotor.cancel_INFO [29.475502213] Cancel: stopping motor.
Shooter.FeederMotor.cancel_INFO [29.481863094] Cancel: stopping motor.
FrcTeleOp.operatorControllerButtonEvent_INFO [29.5914409] ##### button=Y, pressed=true
FrcTeleOp.shoot_INFO [29.592995602] >>>>> Start Auto Shoot.
TaskAutoShoot.autoShoot_INFO [29.594340188] autoShoot(owner=null, event=null, taskParams=(autoStop=false, noPassback=false, noWait=false))
Shooter.setupGoalTrackingMode_INFO [29.604780172] PassingBack: alliance=Red, fieldLengthZone=5, fieldWidthZone=0.
Shooter.setupGoalTrackingMode_INFO [29.60783921] GoalTracking(trackingMode=Passback, goalPose=(x=-79.419291,y=572.915472,angle=180.000000), noPassback=false).
Shooter.LeftShooter.enableGoalTracking_INFO [29.610367806] Enable GoalTracking (trackingParams=(trackFlywheel=true,trackTiltPos=true,trackPanPos=true)).
Shooter.LeftPrimaryMotor.cancel_INFO [29.611426954] Cancel: stopping motor.
Shooter.LeftTiltMotor.cancel_INFO [29.619621899] Cancel: stopping motor.
Shooter.RightShooter.enableGoalTracking_INFO [29.621711577] Enable GoalTracking (trackingParams=(trackFlywheel=true,trackTiltPos=true,trackPanPos=true)).
Shooter.RightPrimaryMotor.cancel_INFO [29.62526123] Cancel: stopping motor.
Shooter.RightTiltMotor.cancel_INFO [29.630868941] Cancel: stopping motor.
TaskAutoShoot.autoTask_INFO [29.725940812] <Event name="StateInfo" time="29.724897555" tag="vvvvv" TaskAutoShoot.state="START" />
TaskAutoShoot.runTaskState_INFO [29.728823484] ***** Wait for left Shooter ready.
TaskAutoShoot.runTaskState_INFO [29.731009554] ***** Wait for right Shooter ready.
TaskAutoShoot.runTaskState_INFO [29.73373792] ***** Wait for Turret ready.
TaskAutoShoot.autoTask_INFO [29.737511648] <Event name="StateInfo" time="29.735454488" tag="^^^^^" TaskAutoShoot.state="START" />
FrcTeleOp.operatorControllerButtonEvent_INFO [29.840392734] ##### button=Y, pressed=false
FrcTeleOp.shoot_INFO [29.850701489] >>>>> Stop Auto Shoot.
TaskAutoShoot.cancel_INFO [29.851817572] Canceling auto task operation.
TaskAutoShoot.stopSubsystems_INFO [29.864216851] Stopping subsystems.
Shooter.LeftTransferMotor.cancel_INFO [29.866698857] Cancel: stopping motor.
Shooter.RightTransferMotor.cancel_INFO [29.87059195] Cancel: stopping motor.
Shooter.FeederMotor.cancel_INFO [29.872748842] Cancel: stopping motor.
Shooter.LeftShooter.disableGoalTracking_INFO [29.880597599] Disable Goal Tracking.
Shooter.LeftShooter.stopGoalTracking_INFO [29.883802375] Stop GoalTracking.
Shooter.LeftTiltMotor.cancel_INFO [29.892727195] Cancel: stopping motor.
Shooter.LeftPrimaryMotor.cancel_INFO [29.897476474] Cancel: stopping motor.
Shooter.RightShooter.disableGoalTracking_INFO [29.902901667] Disable Goal Tracking.
Shooter.RightShooter.stopGoalTracking_INFO [29.905448305] Stop GoalTracking.
Shooter.RightTiltMotor.cancel_INFO [29.906561353] Cancel: stopping motor.
Shooter.RightPrimaryMotor.cancel_INFO [29.909275006] Cancel: stopping motor.
Shooter.LeftShooter.cancel_INFO [29.910634359] owner=null
Shooter.LeftPrimaryMotor.cancel_INFO [29.911587856] Cancel: stopping motor.
Shooter.LeftTiltMotor.cancel_INFO [29.912565994] Cancel: stopping motor.
Shooter.RightShooter.cancel_INFO [29.913570452] owner=null
Shooter.RightPrimaryMotor.cancel_INFO [29.917691961] Cancel: stopping motor.
Shooter.RightTiltMotor.cancel_INFO [29.921047551] Cancel: stopping motor.
Shooter.LeftTransferMotor.cancel_INFO [29.923232621] Cancel: stopping motor.
Shooter.RightTransferMotor.cancel_INFO [29.925528605] Cancel: stopping motor.
Shooter.FeederMotor.cancel_INFO [29.930947869] Cancel: stopping motor.
FrcTeleOp.operatorControllerButtonEvent_INFO [30.633811418] ##### button=Y, pressed=true
FrcTeleOp.shoot_INFO [30.635197113] >>>>> Start Auto Shoot.
TaskAutoShoot.autoShoot_INFO [30.636314173] autoShoot(owner=null, event=null, taskParams=(autoStop=false, noPassback=false, noWait=false))
Shooter.setupGoalTrackingMode_INFO [30.637618776] PassingBack: alliance=Red, fieldLengthZone=5, fieldWidthZone=3.
Shooter.setupGoalTrackingMode_INFO [30.641200554] GoalTracking(trackingMode=Passback, goalPose=(x=-79.419291,y=572.915472,angle=180.000000), noPassback=false).
Shooter.LeftShooter.enableGoalTracking_INFO [30.64297673] Enable GoalTracking (trackingParams=(trackFlywheel=true,trackTiltPos=true,trackPanPos=true)).
Shooter.LeftPrimaryMotor.cancel_INFO [30.644531812] Cancel: stopping motor.
Shooter.LeftTiltMotor.cancel_INFO [30.650135824] Cancel: stopping motor.
Shooter.RightShooter.enableGoalTracking_INFO [30.651394871] Enable GoalTracking (trackingParams=(trackFlywheel=true,trackTiltPos=true,trackPanPos=true)).
Shooter.RightPrimaryMotor.cancel_INFO [30.652457771] Cancel: stopping motor.
Shooter.RightTiltMotor.cancel_INFO [30.653761188] Cancel: stopping motor.
TaskAutoShoot.autoTask_INFO [30.755680196] <Event name="StateInfo" time="30.755427412" tag="vvvvv" TaskAutoShoot.state="START" />
TaskAutoShoot.runTaskState_INFO [30.757586978] ***** Wait for left Shooter ready.
TaskAutoShoot.runTaskState_INFO [30.758775774] ***** Wait for right Shooter ready.
TaskAutoShoot.runTaskState_INFO [30.760073401] ***** Wait for Turret ready.
TaskAutoShoot.autoTask_INFO [30.76155016] <Event name="StateInfo" time="30.761142848" tag="^^^^^" TaskAutoShoot.state="START" />
TaskAutoShoot.autoTask_INFO [30.951639337] <Event name="StateInfo" time="30.951173522" tag="vvvvv" TaskAutoShoot.state="SHOOT" />
TaskAutoShoot.autoTask_INFO [30.954771436] <Event name="StateInfo" time="30.954524388" tag="^^^^^" TaskAutoShoot.state="SHOOT" />
TaskAutoShoot.autoTask_INFO [31.05608903] <Event name="StateInfo" time="31.055685964" tag="vvvvv" TaskAutoShoot.state="SHOOT" />
TaskAutoShoot.autoTask_INFO [31.057832339] <Event name="StateInfo" time="31.057262309" tag="^^^^^" TaskAutoShoot.state="SHOOT" />
TaskAutoShoot.autoTask_INFO [31.180315689] <Event name="StateInfo" time="31.18010537" tag="vvvvv" TaskAutoShoot.state="SHOOT" />
TaskAutoShoot.autoTask_INFO [31.182024078] <Event name="StateInfo" time="31.18159139" tag="^^^^^" TaskAutoShoot.state="SHOOT" />
TaskAutoShoot.autoTask_INFO [31.292817391] <Event name="StateInfo" time="31.292629437" tag="vvvvv" TaskAutoShoot.state="SHOOT" />
TaskAutoShoot.autoTask_INFO [31.293986651] <Event name="StateInfo" time="31.293779655" tag="^^^^^" TaskAutoShoot.state="SHOOT" />
TaskAutoShoot.autoTask_INFO [31.395170962] <Event name="StateInfo" time="31.394701392" tag="vvvvv" TaskAutoShoot.state="SHOOT" />
TaskAutoShoot.autoTask_INFO [31.397029702] <Event name="StateInfo" time="31.396805537" tag="^^^^^" TaskAutoShoot.state="SHOOT" />
Shooter.LeftShooter.goalTrackingTask_INFO [31.48743951] Shooter.LeftShooter is Ready: rpm1=5423.716947/5440.033594, rpm2=3397.148438/0.000000, tilt=40.032672/40.000000, pan=null/null
Shooter.RightShooter.goalTrackingTask_INFO [31.51372753] Shooter.RightShooter is Ready: rpm1=5478.425481/5440.033594, rpm2=3383.437500/0.000000, tilt=39.993145/40.000000, pan=null/null
TaskAutoShoot.autoTask_INFO [31.51824418] <Event name="StateInfo" time="31.518055217" tag="vvvvv" TaskAutoShoot.state="SHOOT" />
TaskAutoShoot.autoTask_INFO [31.524147839] <Event name="StateInfo" time="31.523944937" tag="^^^^^" TaskAutoShoot.state="SHOOT" />
TaskAutoShoot.autoTask_INFO [31.619603832] <Event name="StateInfo" time="31.619261049" tag="vvvvv" TaskAutoShoot.state="SHOOT" />
TaskAutoShoot.autoTask_INFO [31.627821358] <Event name="StateInfo" time="31.627422515" tag="^^^^^" TaskAutoShoot.state="SHOOT" />
TaskAutoShoot.autoTask_INFO [31.71759224] <Event name="StateInfo" time="31.714885933" tag="vvvvv" TaskAutoShoot.state="SHOOT" />
TaskAutoShoot.autoTask_INFO [31.725333173] <Event name="StateInfo" time="31.725125072" tag="^^^^^" TaskAutoShoot.state="SHOOT" />
TaskAutoShoot.autoTask_INFO [31.810127881] <Event name="StateInfo" time="31.809921491" tag="vvvvv" TaskAutoShoot.state="SHOOT" />
TaskAutoShoot.runTaskState_INFO [31.818624031] ***** Start left shooter shooting (timedout=true, turretReady=false).
Shooter.shoot_INFO [31.820444018] shoot(owner=null, event=(TaskAutoShoot.leftShooterDone=CLEARED), shooter=leftShooter, autoStop=false)
Shooter.LeftTransferMotor.cancel_INFO [31.827239205] Cancel: stopping motor.
TaskAutoShoot.runTaskState_INFO [31.831077401] ***** Start right shooter shooting (timedout=true, turretReady=false).
Shooter.shoot_INFO [31.834408006] shoot(owner=null, event=(TaskAutoShoot.rightShooterDone=CLEARED), shooter=rightShooter, autoStop=false)
Shooter.RightTransferMotor.cancel_INFO [31.838542908] Cancel: stopping motor.
TaskAutoShoot.autoTask_INFO [31.844269373] <Event name="StateInfo" time="31.843399677" tag="^^^^^" TaskAutoShoot.state="SHOOT" />
TaskAutoShoot.cancel_INFO [31.956909722] Canceling auto task operation.
TaskAutoShoot.stopSubsystems_INFO [31.970401417] Stopping subsystems.
Shooter.LeftTransferMotor.cancel_INFO [31.988363702] Cancel: stopping motor.
Shooter.RightTransferMotor.cancel_INFO [31.992624826] Cancel: stopping motor.
Shooter.FeederMotor.cancel_INFO [31.994919042] Cancel: stopping motor.
Shooter.LeftShooter.disableGoalTracking_INFO [32.003295849] Disable Goal Tracking.
Shooter.LeftShooter.stopGoalTracking_INFO [32.006652886] Stop GoalTracking.
Shooter.LeftTiltMotor.cancel_INFO [32.010056698] Cancel: stopping motor.
Shooter.LeftPrimaryMotor.cancel_INFO [32.011816657] Cancel: stopping motor.
Shooter.RightShooter.disableGoalTracking_INFO [32.013850969] Disable Goal Tracking.
Shooter.RightShooter.stopGoalTracking_INFO [32.01995145] Stop GoalTracking.
Shooter.RightTiltMotor.cancel_INFO [32.022026897] Cancel: stopping motor.
Shooter.RightPrimaryMotor.cancel_INFO [32.024603657] Cancel: stopping motor.
Shooter.LeftShooter.cancel_INFO [32.026871878] owner=null
Shooter.LeftPrimaryMotor.cancel_INFO [32.032622971] Cancel: stopping motor.
Shooter.LeftTiltMotor.cancel_INFO [32.037642871] Cancel: stopping motor.
Shooter.RightShooter.cancel_INFO [32.04351493] owner=null
Shooter.RightPrimaryMotor.cancel_INFO [32.046799983] Cancel: stopping motor.
Shooter.RightTiltMotor.cancel_INFO [32.052937566] Cancel: stopping motor.
Shooter.LeftTransferMotor.cancel_INFO [32.056272209] Cancel: stopping motor.
Shooter.RightTransferMotor.cancel_INFO [32.062845714] Cancel: stopping motor.
Shooter.FeederMotor.cancel_INFO [32.06427254] Cancel: stopping motor.
Shooter.setupGoalTrackingMode_INFO [32.121459891] PassingBack: alliance=Red, fieldLengthZone=6, fieldWidthZone=3.
Shooter.setupGoalTrackingMode_INFO [32.121950153] GoalTracking(trackingMode=Disabled, goalPose=null, noPassback=false).
FrcTeleOp.operatorControllerButtonEvent_INFO [32.183933062] ##### button=Y, pressed=false
FrcTeleOp.shoot_INFO [32.193258707] >>>>> Stop Auto Shoot.
TaskAutoShoot.cancel_INFO [32.195902005] Canceling auto task operation.
FrcTeleOp.operatorControllerButtonEvent_INFO [34.617693017] ##### button=B, pressed=true
FrcTeleOp.operatorControllerButtonEvent_INFO [34.619249539] >>>>> Enable GoalTracking.
Shooter.setupGoalTrackingMode_INFO [34.620545738] AlliancHub: alliance=Red, fieldLengthZone=7, fieldWidthZone=3.
Shooter.setupGoalTrackingMode_INFO [34.621988385] GoalTracking(trackingMode=AllianceHub, goalPose=(x=-158.838583,y=469.110472,angle=180.000000), noPassback=false).
Shooter.LeftShooter.enableGoalTracking_INFO [34.623192446] Enable GoalTracking (trackingParams=(trackFlywheel=true,trackTiltPos=false,trackPanPos=true)).
Shooter.LeftPrimaryMotor.cancel_INFO [34.624673724] Cancel: stopping motor.
Shooter.LeftTiltMotor.cancel_INFO [34.632878493] Cancel: stopping motor.
Shooter.RightShooter.enableGoalTracking_INFO [34.637666323] Enable GoalTracking (trackingParams=(trackFlywheel=true,trackTiltPos=false,trackPanPos=true)).
Shooter.RightPrimaryMotor.cancel_INFO [34.639174965] Cancel: stopping motor.
Shooter.RightTiltMotor.cancel_INFO [34.640871933] Cancel: stopping motor.
FrcTeleOp.operatorControllerButtonEvent_INFO [34.769758247] ##### button=B, pressed=false
FrcTeleOp.driverControllerButtonEvent_INFO [34.907793797] ##### button=A, pressed=true
FrcTeleOp.driverControllerButtonEvent_INFO [35.038349718] ##### button=A, pressed=false
FrcTeleOp.operatorControllerButtonEvent_INFO [35.577335333] ##### button=Y, pressed=true
FrcTeleOp.shoot_INFO [35.578916111] >>>>> Start Auto Shoot.
TaskAutoShoot.autoShoot_INFO [35.588771167] autoShoot(owner=null, event=null, taskParams=(autoStop=false, noPassback=false, noWait=true))
Shooter.setupGoalTrackingMode_INFO [35.59150689] AlliancHub: alliance=Red, fieldLengthZone=7, fieldWidthZone=3.
Shooter.setupGoalTrackingMode_INFO [35.592348076] GoalTracking(trackingMode=AllianceHub, goalPose=(x=-158.838583,y=469.110472,angle=180.000000), noPassback=false).
Shooter.LeftShooter.enableGoalTracking_INFO [35.593881323] Enable GoalTracking (trackingParams=(trackFlywheel=true,trackTiltPos=true,trackPanPos=true)).
Shooter.LeftPrimaryMotor.cancel_INFO [35.596893136] Cancel: stopping motor.
Shooter.LeftTiltMotor.cancel_INFO [35.598361788] Cancel: stopping motor.
Shooter.RightShooter.enableGoalTracking_INFO [35.600903672] Enable GoalTracking (trackingParams=(trackFlywheel=true,trackTiltPos=true,trackPanPos=true)).
Shooter.RightPrimaryMotor.cancel_INFO [35.602319141] Cancel: stopping motor.
Shooter.RightTiltMotor.cancel_INFO [35.607288702] Cancel: stopping motor.
TaskAutoShoot.autoTask_INFO [35.703361982] <Event name="StateInfo" time="35.702880936" tag="vvvvv" TaskAutoShoot.state="START" />
TaskAutoShoot.runTaskState_INFO [35.70482267] ***** Wait for left Shooter ready.
TaskAutoShoot.runTaskState_INFO [35.706449556] ***** Wait for right Shooter ready.
TaskAutoShoot.runTaskState_INFO [35.708060349] ***** Wait for Turret ready.
TaskAutoShoot.autoTask_INFO [35.709597336] <Event name="StateInfo" time="35.709227289" tag="^^^^^" TaskAutoShoot.state="START" />
Shooter.RightShooter.goalTrackingTask_INFO [35.800402063] Shooter.RightShooter is Ready: rpm1=4758.695913/4828.428650, rpm2=2947.265625/0.000000, tilt=22.759176/23.571259, pan=null/null
TaskAutoShoot.autoTask_INFO [35.803772925] <Event name="StateInfo" time="35.803563622" tag="vvvvv" TaskAutoShoot.state="SHOOT" />
TaskAutoShoot.runTaskState_INFO [35.805232114] ***** Start left shooter shooting (timedout=false, turretReady=true).
Shooter.shoot_INFO [35.807119243] shoot(owner=null, event=(TaskAutoShoot.leftShooterDone=CLEARED), shooter=leftShooter, autoStop=false)
Shooter.LeftTransferMotor.cancel_INFO [35.808442273] Cancel: stopping motor.
TaskAutoShoot.runTaskState_INFO [35.811405539] ***** Start right shooter shooting (timedout=false, turretReady=true).
Shooter.shoot_INFO [35.813461091] shoot(owner=null, event=(TaskAutoShoot.rightShooterDone=CLEARED), shooter=rightShooter, autoStop=false)
Shooter.RightTransferMotor.cancel_INFO [35.82825689] Cancel: stopping motor.
TaskAutoShoot.autoTask_INFO [35.830095348] <Event name="StateInfo" time="35.829871462" tag="^^^^^" TaskAutoShoot.state="SHOOT" />
Shooter.LeftShooter.goalTrackingTask_INFO [35.904272481] Shooter.LeftShooter is Ready: rpm1=4817.001202/4837.716957, rpm2=2966.484375/0.000000, tilt=23.589250/23.635839, pan=null/null
FrcTeleOp.operatorControllerButtonEvent_INFO [37.845630859] ##### button=Y, pressed=false
FrcTeleOp.shoot_INFO [37.85048239] >>>>> Stop Auto Shoot.
TaskAutoShoot.cancel_INFO [37.850946262] Canceling auto task operation.
TaskAutoShoot.stopSubsystems_INFO [37.868593335] Stopping subsystems.
Shooter.LeftTransferMotor.cancel_INFO [37.871478576] Cancel: stopping motor.
Shooter.RightTransferMotor.cancel_INFO [37.873475821] Cancel: stopping motor.
Shooter.FeederMotor.cancel_INFO [37.877869068] Cancel: stopping motor.
Shooter.LeftShooter.disableGoalTracking_INFO [37.881381364] Disable Goal Tracking.
Shooter.LeftShooter.stopGoalTracking_INFO [37.883677495] Stop GoalTracking.
Shooter.LeftTiltMotor.cancel_INFO [37.886769004] Cancel: stopping motor.
Shooter.LeftPrimaryMotor.cancel_INFO [37.888522082] Cancel: stopping motor.
Shooter.RightShooter.disableGoalTracking_INFO [37.891019568] Disable Goal Tracking.
Shooter.RightShooter.stopGoalTracking_INFO [37.894384975] Stop GoalTracking.
Shooter.RightTiltMotor.cancel_INFO [37.900852506] Cancel: stopping motor.
Shooter.RightPrimaryMotor.cancel_INFO [37.901897635] Cancel: stopping motor.
Shooter.LeftShooter.cancel_INFO [37.905240916] owner=null
Shooter.LeftPrimaryMotor.cancel_INFO [37.907751394] Cancel: stopping motor.
Shooter.LeftTiltMotor.cancel_INFO [37.910237783] Cancel: stopping motor.
Shooter.RightShooter.cancel_INFO [37.912561421] owner=null
Shooter.RightPrimaryMotor.cancel_INFO [37.913550909] Cancel: stopping motor.
Shooter.RightTiltMotor.cancel_INFO [37.916120665] Cancel: stopping motor.
Shooter.LeftTransferMotor.cancel_INFO [37.917657279] Cancel: stopping motor.
Shooter.RightTransferMotor.cancel_INFO [37.920362504] Cancel: stopping motor.
Shooter.FeederMotor.cancel_INFO [37.921889831] Cancel: stopping motor.
FrcTeleOp.operatorControllerButtonEvent_INFO [38.061317414] ##### button=Y, pressed=true
FrcTeleOp.shoot_INFO [38.063213545] >>>>> Start Auto Shoot.
TaskAutoShoot.autoShoot_INFO [38.067449243] autoShoot(owner=null, event=null, taskParams=(autoStop=false, noPassback=false, noWait=false))
Shooter.setupGoalTrackingMode_INFO [38.072213843] AlliancHub: alliance=Red, fieldLengthZone=7, fieldWidthZone=3.
Shooter.setupGoalTrackingMode_INFO [38.076584908] GoalTracking(trackingMode=AllianceHub, goalPose=(x=-158.838583,y=469.110472,angle=180.000000), noPassback=false).
Shooter.LeftShooter.enableGoalTracking_INFO [38.101778641] Enable GoalTracking (trackingParams=(trackFlywheel=true,trackTiltPos=true,trackPanPos=true)).
Shooter.LeftPrimaryMotor.cancel_INFO [38.10333256] Cancel: stopping motor.
Shooter.LeftTiltMotor.cancel_INFO [38.106064563] Cancel: stopping motor.
Shooter.RightShooter.enableGoalTracking_INFO [38.107913846] Enable GoalTracking (trackingParams=(trackFlywheel=true,trackTiltPos=true,trackPanPos=true)).
Shooter.RightPrimaryMotor.cancel_INFO [38.109090661] Cancel: stopping motor.
Shooter.RightTiltMotor.cancel_INFO [38.118979813] Cancel: stopping motor.
TaskAutoShoot.autoTask_INFO [38.228872362] <Event name="StateInfo" time="38.228630131" tag="vvvvv" TaskAutoShoot.state="START" />
TaskAutoShoot.runTaskState_INFO [38.236517029] ***** Wait for left Shooter ready.
TaskAutoShoot.runTaskState_INFO [38.23729234] ***** Wait for right Shooter ready.
TaskAutoShoot.runTaskState_INFO [38.243232486] ***** Wait for Turret ready.
TaskAutoShoot.autoTask_INFO [38.245312513] <Event name="StateInfo" time="38.24355607" tag="^^^^^" TaskAutoShoot.state="START" />
Shooter.LeftShooter.goalTrackingTask_INFO [38.318573762] Shooter.LeftShooter is Ready: rpm1=4802.614183/4856.369117, rpm2=2974.453125/0.000000, tilt=23.431141/23.765976, pan=null/null
Shooter.RightShooter.goalTrackingTask_INFO [38.347386834] Shooter.RightShooter is Ready: rpm1=4785.766226/4856.369117, rpm2=2937.890625/0.000000, tilt=23.589250/23.765976, pan=null/null
TaskAutoShoot.autoTask_INFO [38.349244517] <Event name="StateInfo" time="38.348501087" tag="vvvvv" TaskAutoShoot.state="SHOOT" />
TaskAutoShoot.autoTask_INFO [38.350898216] <Event name="StateInfo" time="38.350695289" tag="^^^^^" TaskAutoShoot.state="SHOOT" />
FrcTeleOp.driverControllerButtonEvent_INFO [38.353787742] ##### button=A, pressed=true
TaskAutoShoot.autoTask_INFO [38.455171902] <Event name="StateInfo" time="38.454734061" tag="vvvvv" TaskAutoShoot.state="SHOOT" />
TaskAutoShoot.autoTask_INFO [38.455969883] <Event name="StateInfo" time="38.455748282" tag="^^^^^" TaskAutoShoot.state="SHOOT" />
FrcTeleOp.driverControllerButtonEvent_INFO [38.468364838] ##### button=A, pressed=false
TaskAutoShoot.autoTask_INFO [38.564409422] <Event name="StateInfo" time="38.56302627" tag="vvvvv" TaskAutoShoot.state="SHOOT" />
TaskAutoShoot.autoTask_INFO [38.566435071] <Event name="StateInfo" time="38.56471899" tag="^^^^^" TaskAutoShoot.state="SHOOT" />
TaskAutoShoot.autoTask_INFO [38.666977755] <Event name="StateInfo" time="38.666651942" tag="vvvvv" TaskAutoShoot.state="SHOOT" />
TaskAutoShoot.autoTask_INFO [38.674171386] <Event name="StateInfo" time="38.67395663" tag="^^^^^" TaskAutoShoot.state="SHOOT" />
TaskAutoShoot.autoTask_INFO [38.762766451] <Event name="StateInfo" time="38.762548499" tag="vvvvv" TaskAutoShoot.state="SHOOT" />
TaskAutoShoot.autoTask_INFO [38.771698942] <Event name="StateInfo" time="38.771433758" tag="^^^^^" TaskAutoShoot.state="SHOOT" />
TaskAutoShoot.autoTask_INFO [38.876867922] <Event name="StateInfo" time="38.876657595" tag="vvvvv" TaskAutoShoot.state="SHOOT" />
TaskAutoShoot.autoTask_INFO [38.883257016] <Event name="StateInfo" time="38.879746605" tag="^^^^^" TaskAutoShoot.state="SHOOT" />
TaskAutoShoot.autoTask_INFO [38.982274043] <Event name="StateInfo" time="38.98207177" tag="vvvvv" TaskAutoShoot.state="SHOOT" />
TaskAutoShoot.autoTask_INFO [38.983331052] <Event name="StateInfo" time="38.983135904" tag="^^^^^" TaskAutoShoot.state="SHOOT" />
TaskAutoShoot.autoTask_INFO [39.088436511] <Event name="StateInfo" time="39.088103905" tag="vvvvv" TaskAutoShoot.state="SHOOT" />
TaskAutoShoot.autoTask_INFO [39.089525945] <Event name="StateInfo" time="39.089255437" tag="^^^^^" TaskAutoShoot.state="SHOOT" />
FrcTeleOp.driverControllerButtonEvent_INFO [39.092611825] ##### button=A, pressed=true
TaskAutoShoot.autoTask_INFO [39.191982853] <Event name="StateInfo" time="39.191795162" tag="vvvvv" TaskAutoShoot.state="SHOOT" />
TaskAutoShoot.autoTask_INFO [39.198922391] <Event name="StateInfo" time="39.198726" tag="^^^^^" TaskAutoShoot.state="SHOOT" />
FrcTeleOp.driverControllerButtonEvent_INFO [39.206028886] ##### button=A, pressed=false
TaskAutoShoot.autoTask_INFO [39.289292683] <Event name="StateInfo" time="39.286588917" tag="vvvvv" TaskAutoShoot.state="SHOOT" />
TaskAutoShoot.runTaskState_INFO [39.292914458] ***** Start left shooter shooting (timedout=true, turretReady=false).
Shooter.shoot_INFO [39.293757292] shoot(owner=null, event=(TaskAutoShoot.leftShooterDone=CLEARED), shooter=leftShooter, autoStop=false)
Shooter.LeftTransferMotor.cancel_INFO [39.294251983] Cancel: stopping motor.
TaskAutoShoot.runTaskState_INFO [39.294831147] ***** Start right shooter shooting (timedout=true, turretReady=false).
Shooter.shoot_INFO [39.296377074] shoot(owner=null, event=(TaskAutoShoot.rightShooterDone=CLEARED), shooter=rightShooter, autoStop=false)
Shooter.RightTransferMotor.cancel_INFO [39.300580291] Cancel: stopping motor.
TaskAutoShoot.autoTask_INFO [39.303035399] <Event name="StateInfo" time="39.302514382" tag="^^^^^" TaskAutoShoot.state="SHOOT" />
FrcTeleOp.operatorControllerButtonEvent_INFO [39.306361663] ##### button=Y, pressed=false
FrcTeleOp.shoot_INFO [39.310007332] >>>>> Stop Auto Shoot.
TaskAutoShoot.cancel_INFO [39.311089714] Canceling auto task operation.
TaskAutoShoot.stopSubsystems_INFO [39.3123035] Stopping subsystems.
Shooter.LeftTransferMotor.cancel_INFO [39.313355713] Cancel: stopping motor.
Shooter.RightTransferMotor.cancel_INFO [39.314554359] Cancel: stopping motor.
Shooter.FeederMotor.cancel_INFO [39.315821095] Cancel: stopping motor.
Shooter.LeftShooter.disableGoalTracking_INFO [39.317515479] Disable Goal Tracking.
Shooter.LeftShooter.stopGoalTracking_INFO [39.321104148] Stop GoalTracking.
Shooter.LeftTiltMotor.cancel_INFO [39.322145575] Cancel: stopping motor.
Shooter.LeftPrimaryMotor.cancel_INFO [39.323214214] Cancel: stopping motor.
Shooter.RightShooter.disableGoalTracking_INFO [39.324255083] Disable Goal Tracking.
Shooter.RightShooter.stopGoalTracking_INFO [39.325299576] Stop GoalTracking.
Shooter.RightTiltMotor.cancel_INFO [39.32710452] Cancel: stopping motor.
Shooter.RightPrimaryMotor.cancel_INFO [39.344052233] Cancel: stopping motor.
Shooter.LeftShooter.cancel_INFO [39.347403674] owner=null
Shooter.LeftPrimaryMotor.cancel_INFO [39.349580421] Cancel: stopping motor.
Shooter.LeftTiltMotor.cancel_INFO [39.357099621] Cancel: stopping motor.
Shooter.RightShooter.cancel_INFO [39.358652225] owner=null
Shooter.RightPrimaryMotor.cancel_INFO [39.370096157] Cancel: stopping motor.
Shooter.RightTiltMotor.cancel_INFO [39.375276407] Cancel: stopping motor.
Shooter.LeftTransferMotor.cancel_INFO [39.378287354] Cancel: stopping motor.
Shooter.RightTransferMotor.cancel_INFO [39.380361898] Cancel: stopping motor.
Shooter.FeederMotor.cancel_INFO [39.386091704] Cancel: stopping motor.
FrcTeleOp.operatorControllerButtonEvent_INFO [39.520094156] ##### button=X, pressed=true
Shooter.LeftTransferMotor.cancel_INFO [39.521979795] Cancel: stopping motor.
Shooter.RightTransferMotor.cancel_INFO [39.539593256] Cancel: stopping motor.
FrcTeleOp.operatorControllerButtonEvent_INFO [40.028626941] ##### button=X, pressed=false
Shooter.LeftShooter.cancel_INFO [40.031171031] owner=null
Shooter.LeftPrimaryMotor.cancel_INFO [40.033039309] Cancel: stopping motor.
Shooter.LeftTiltMotor.cancel_INFO [40.049802617] Cancel: stopping motor.
Shooter.LeftTransferMotor.cancel_INFO [40.05274033] Cancel: stopping motor.
Shooter.RightShooter.cancel_INFO [40.056831031] owner=null
Shooter.RightPrimaryMotor.cancel_INFO [40.061234295] Cancel: stopping motor.
Shooter.RightTiltMotor.cancel_INFO [40.066754293] Cancel: stopping motor.
Shooter.RightTransferMotor.cancel_INFO [40.07096204] Cancel: stopping motor.
Shooter.FeederMotor.cancel_INFO [40.074153389] Cancel: stopping motor.
FrcTeleOp.operatorControllerButtonEvent_INFO [40.08889484] ##### button=Y, pressed=true
FrcTeleOp.shoot_INFO [40.09204628] >>>>> Start Auto Shoot.
TaskAutoShoot.autoShoot_INFO [40.094003395] autoShoot(owner=null, event=null, taskParams=(autoStop=false, noPassback=false, noWait=false))
Shooter.setupGoalTrackingMode_INFO [40.098544518] AlliancHub: alliance=Red, fieldLengthZone=7, fieldWidthZone=3.
Shooter.setupGoalTrackingMode_INFO [40.10041842] GoalTracking(trackingMode=AllianceHub, goalPose=(x=-158.838583,y=469.110472,angle=180.000000), noPassback=false).
Shooter.LeftShooter.enableGoalTracking_INFO [40.102383939] Enable GoalTracking (trackingParams=(trackFlywheel=true,trackTiltPos=true,trackPanPos=true)).
Shooter.LeftPrimaryMotor.cancel_INFO [40.104751209] Cancel: stopping motor.
Shooter.LeftTiltMotor.cancel_INFO [40.107515074] Cancel: stopping motor.
Shooter.RightShooter.enableGoalTracking_INFO [40.109575283] Enable GoalTracking (trackingParams=(trackFlywheel=true,trackTiltPos=true,trackPanPos=true)).
Shooter.RightPrimaryMotor.cancel_INFO [40.113217998] Cancel: stopping motor.
Shooter.RightTiltMotor.cancel_INFO [40.115084822] Cancel: stopping motor.
TaskAutoShoot.autoTask_INFO [40.23817605] <Event name="StateInfo" time="40.234074618" tag="vvvvv" TaskAutoShoot.state="START" />
TaskAutoShoot.runTaskState_INFO [40.241370291] ***** Wait for left Shooter ready.
TaskAutoShoot.runTaskState_INFO [40.241814152] ***** Wait for right Shooter ready.
TaskAutoShoot.runTaskState_INFO [40.245252796] ***** Wait for Turret ready.
TaskAutoShoot.autoTask_INFO [40.24803249] <Event name="StateInfo" time="40.245485711" tag="^^^^^" TaskAutoShoot.state="START" />
TaskAutoShoot.autoTask_INFO [40.476600073] <Event name="StateInfo" time="40.476148197" tag="vvvvv" TaskAutoShoot.state="SHOOT" />
TaskAutoShoot.autoTask_INFO [40.487466807] <Event name="StateInfo" time="40.487258547" tag="^^^^^" TaskAutoShoot.state="SHOOT" />
TaskAutoShoot.autoTask_INFO [40.583989494] <Event name="StateInfo" time="40.583783835" tag="vvvvv" TaskAutoShoot.state="SHOOT" />
TaskAutoShoot.autoTask_INFO [40.585420358] <Event name="StateInfo" time="40.585253916" tag="^^^^^" TaskAutoShoot.state="SHOOT" />
TaskAutoShoot.autoTask_INFO [40.677490729] <Event name="StateInfo" time="40.674178046" tag="vvvvv" TaskAutoShoot.state="SHOOT" />
TaskAutoShoot.autoTask_INFO [40.679079845] <Event name="StateInfo" time="40.678473054" tag="^^^^^" TaskAutoShoot.state="SHOOT" />
TaskAutoShoot.autoTask_INFO [40.789150581] <Event name="StateInfo" time="40.788961267" tag="vvvvv" TaskAutoShoot.state="SHOOT" />
TaskAutoShoot.autoTask_INFO [40.792183161] <Event name="StateInfo" time="40.791526757" tag="^^^^^" TaskAutoShoot.state="SHOOT" />
TaskAutoShoot.autoTask_INFO [40.892588488] <Event name="StateInfo" time="40.890651888" tag="vvvvv" TaskAutoShoot.state="SHOOT" />
TaskAutoShoot.autoTask_INFO [40.896808029] <Event name="StateInfo" time="40.896612792" tag="^^^^^" TaskAutoShoot.state="SHOOT" />
TaskAutoShoot.autoTask_INFO [41.004379903] <Event name="StateInfo" time="41.004140607" tag="vvvvv" TaskAutoShoot.state="SHOOT" />
TaskAutoShoot.autoTask_INFO [41.005619944] <Event name="StateInfo" time="41.00515608" tag="^^^^^" TaskAutoShoot.state="SHOOT" />
TaskAutoShoot.autoTask_INFO [41.108287049] <Event name="StateInfo" time="41.105280117" tag="vvvvv" TaskAutoShoot.state="SHOOT" />
TaskAutoShoot.autoTask_INFO [41.109445259] <Event name="StateInfo" time="41.109091035" tag="^^^^^" TaskAutoShoot.state="SHOOT" />
TaskAutoShoot.autoTask_INFO [41.196905712] <Event name="StateInfo" time="41.196704721" tag="vvvvv" TaskAutoShoot.state="SHOOT" />
TaskAutoShoot.autoTask_INFO [41.20612684] <Event name="StateInfo" time="41.205759035" tag="^^^^^" TaskAutoShoot.state="SHOOT" />
Shooter.LeftShooter.goalTrackingTask_INFO [41.269729172] Shooter.LeftShooter is Ready: rpm1=5375.634014/5312.974774, rpm2=3383.085938/0.000000, tilt=27.621066/27.166943, pan=null/null
Shooter.RightShooter.goalTrackingTask_INFO [41.30649106] Shooter.RightShooter is Ready: rpm1=5342.127404/5312.974774, rpm2=3306.093750/0.000000, tilt=27.660594/27.166943, pan=null/null
TaskAutoShoot.autoTask_INFO [41.307357614] <Event name="StateInfo" time="41.307167322" tag="vvvvv" TaskAutoShoot.state="SHOOT" />
TaskAutoShoot.runTaskState_INFO [41.308011649] ***** Start left shooter shooting (timedout=true, turretReady=false).
Shooter.shoot_INFO [41.309251247] shoot(owner=null, event=(TaskAutoShoot.leftShooterDone=CLEARED), shooter=leftShooter, autoStop=false)
Shooter.LeftTransferMotor.cancel_INFO [41.312965856] Cancel: stopping motor.
TaskAutoShoot.runTaskState_INFO [41.314794545] ***** Start right shooter shooting (timedout=true, turretReady=false).
Shooter.shoot_INFO [41.315359621] shoot(owner=null, event=(TaskAutoShoot.rightShooterDone=CLEARED), shooter=rightShooter, autoStop=false)
Shooter.RightTransferMotor.cancel_INFO [41.317883675] Cancel: stopping motor.
TaskAutoShoot.autoTask_INFO [41.318525006] <Event name="StateInfo" time="41.31834166" tag="^^^^^" TaskAutoShoot.state="SHOOT" />
FrcTeleOp.operatorControllerButtonEvent_INFO [42.238697867] ##### button=Y, pressed=false
FrcTeleOp.shoot_INFO [42.240247861] >>>>> Stop Auto Shoot.
TaskAutoShoot.cancel_INFO [42.240796695] Canceling auto task operation.
TaskAutoShoot.stopSubsystems_INFO [42.241190689] Stopping subsystems.
Shooter.LeftTransferMotor.cancel_INFO [42.241803319] Cancel: stopping motor.
Shooter.RightTransferMotor.cancel_INFO [42.24219955] Cancel: stopping motor.
Shooter.FeederMotor.cancel_INFO [42.243277746] Cancel: stopping motor.
Shooter.LeftShooter.disableGoalTracking_INFO [42.244272144] Disable Goal Tracking.
Shooter.LeftShooter.stopGoalTracking_INFO [42.246902729] Stop GoalTracking.
Shooter.LeftTiltMotor.cancel_INFO [42.24770059] Cancel: stopping motor.
Shooter.LeftPrimaryMotor.cancel_INFO [42.24876586] Cancel: stopping motor.
Shooter.RightShooter.disableGoalTracking_INFO [42.250106489] Disable Goal Tracking.
Shooter.RightShooter.stopGoalTracking_INFO [42.250948102] Stop GoalTracking.
Shooter.RightTiltMotor.cancel_INFO [42.251772573] Cancel: stopping motor.
Shooter.RightPrimaryMotor.cancel_INFO [42.25281007] Cancel: stopping motor.
Shooter.LeftShooter.cancel_INFO [42.254180032] owner=null
Shooter.LeftPrimaryMotor.cancel_INFO [42.255515694] Cancel: stopping motor.
Shooter.LeftTiltMotor.cancel_INFO [42.25751201] Cancel: stopping motor.
Shooter.RightShooter.cancel_INFO [42.258452417] owner=null
Shooter.RightPrimaryMotor.cancel_INFO [42.25953103] Cancel: stopping motor.
Shooter.RightTiltMotor.cancel_INFO [42.262091387] Cancel: stopping motor.
Shooter.LeftTransferMotor.cancel_INFO [42.263632204] Cancel: stopping motor.
Shooter.RightTransferMotor.cancel_INFO [42.265206823] Cancel: stopping motor.
Shooter.FeederMotor.cancel_INFO [42.269659601] Cancel: stopping motor.
FrcTeleOp.driverControllerButtonEvent_INFO [43.259348135] ##### button=A, pressed=true
FrcTeleOp.driverControllerButtonEvent_INFO [43.362163385] ##### button=A, pressed=false
FrcTeleOp.driverControllerButtonEvent_INFO [44.039143907] ##### button=A, pressed=true
FrcTeleOp.driverControllerButtonEvent_INFO [44.090936344] ##### button=A, pressed=false
FrcTeleOp.operatorControllerButtonEvent_INFO [44.198206594] ##### button=Y, pressed=true
FrcTeleOp.shoot_INFO [44.206528015] >>>>> Start Auto Shoot.
TaskAutoShoot.autoShoot_INFO [44.217242196] autoShoot(owner=null, event=null, taskParams=(autoStop=false, noPassback=false, noWait=false))
Shooter.setupGoalTrackingMode_INFO [44.219808749] AlliancHub: alliance=Red, fieldLengthZone=7, fieldWidthZone=3.
Shooter.setupGoalTrackingMode_INFO [44.223513846] GoalTracking(trackingMode=AllianceHub, goalPose=(x=-158.838583,y=469.110472,angle=180.000000), noPassback=false).
Shooter.LeftShooter.enableGoalTracking_INFO [44.226859783] Enable GoalTracking (trackingParams=(trackFlywheel=true,trackTiltPos=true,trackPanPos=true)).
Shooter.LeftPrimaryMotor.cancel_INFO [44.23258811] Cancel: stopping motor.
Shooter.LeftTiltMotor.cancel_INFO [44.235382414] Cancel: stopping motor.
Shooter.RightShooter.enableGoalTracking_INFO [44.238798025] Enable GoalTracking (trackingParams=(trackFlywheel=true,trackTiltPos=true,trackPanPos=true)).
Shooter.RightPrimaryMotor.cancel_INFO [44.243620091] Cancel: stopping motor.
Shooter.RightTiltMotor.cancel_INFO [44.248058308] Cancel: stopping motor.
TaskAutoShoot.autoTask_INFO [44.364647716] <Event name="StateInfo" time="44.363946814" tag="vvvvv" TaskAutoShoot.state="START" />
TaskAutoShoot.runTaskState_INFO [44.375635638] ***** Wait for left Shooter ready.
TaskAutoShoot.runTaskState_INFO [44.379532763] ***** Wait for right Shooter ready.
TaskAutoShoot.runTaskState_INFO [44.385465988] ***** Wait for Turret ready.
TaskAutoShoot.autoTask_INFO [44.387649619] <Event name="StateInfo" time="44.387220985" tag="^^^^^" TaskAutoShoot.state="START" />
TaskAutoShoot.autoTask_INFO [44.581378088] <Event name="StateInfo" time="44.581135266" tag="vvvvv" TaskAutoShoot.state="SHOOT" />
TaskAutoShoot.autoTask_INFO [44.584628565] <Event name="StateInfo" time="44.584134354" tag="^^^^^" TaskAutoShoot.state="SHOOT" />
TaskAutoShoot.autoTask_INFO [44.698081612] <Event name="StateInfo" time="44.697878387" tag="vvvvv" TaskAutoShoot.state="SHOOT" />
TaskAutoShoot.autoTask_INFO [44.70575599] <Event name="StateInfo" time="44.704833682" tag="^^^^^" TaskAutoShoot.state="SHOOT" />
TaskAutoShoot.autoTask_INFO [44.804834604] <Event name="StateInfo" time="44.804589275" tag="vvvvv" TaskAutoShoot.state="SHOOT" />
TaskAutoShoot.autoTask_INFO [44.806237408] <Event name="StateInfo" time="44.805706773" tag="^^^^^" TaskAutoShoot.state="SHOOT" />
Shooter.LeftShooter.goalTrackingTask_INFO [44.867565625] Shooter.LeftShooter is Ready: rpm1=5185.763221/5103.402978, rpm2=3161.484375/0.000000, tilt=25.209870/25.550793, pan=null/null
TaskAutoShoot.autoTask_INFO [44.901742435] <Event name="StateInfo" time="44.898224483" tag="vvvvv" TaskAutoShoot.state="SHOOT" />
TaskAutoShoot.autoTask_INFO [44.905776727] <Event name="StateInfo" time="44.904875305" tag="^^^^^" TaskAutoShoot.state="SHOOT" />
TaskAutoShoot.autoTask_INFO [44.999732383] <Event name="StateInfo" time="44.999348219" tag="vvvvv" TaskAutoShoot.state="SHOOT" />
TaskAutoShoot.autoTask_INFO [45.001747601] <Event name="StateInfo" time="45.001485784" tag="^^^^^" TaskAutoShoot.state="SHOOT" />
Shooter.RightShooter.goalTrackingTask_INFO [45.114510419] Shooter.RightShooter is Ready: rpm1=5175.351563/5270.274834, rpm2=3244.101563/0.000000, tilt=26.514286/26.829101, pan=null/null
TaskAutoShoot.autoTask_INFO [45.125769286] <Event name="StateInfo" time="45.119108824" tag="vvvvv" TaskAutoShoot.state="SHOOT" />
TaskAutoShoot.autoTask_INFO [45.127719726] <Event name="StateInfo" time="45.127291079" tag="^^^^^" TaskAutoShoot.state="SHOOT" />
TaskAutoShoot.autoTask_INFO [45.223488357] <Event name="StateInfo" time="45.222861541" tag="vvvvv" TaskAutoShoot.state="SHOOT" />
TaskAutoShoot.autoTask_INFO [45.226662569] <Event name="StateInfo" time="45.225527454" tag="^^^^^" TaskAutoShoot.state="SHOOT" />
TaskAutoShoot.autoTask_INFO [45.331734269] <Event name="StateInfo" time="45.322954962" tag="vvvvv" TaskAutoShoot.state="SHOOT" />
TaskAutoShoot.autoTask_INFO [45.332242817] <Event name="StateInfo" time="45.332010019" tag="^^^^^" TaskAutoShoot.state="SHOOT" />
TaskAutoShoot.autoTask_INFO [45.423336658] <Event name="StateInfo" time="45.423128462" tag="vvvvv" TaskAutoShoot.state="SHOOT" />
TaskAutoShoot.runTaskState_INFO [45.423753842] ***** Start left shooter shooting (timedout=true, turretReady=false).
Shooter.shoot_INFO [45.424614254] shoot(owner=null, event=(TaskAutoShoot.leftShooterDone=CLEARED), shooter=leftShooter, autoStop=false)
Shooter.LeftTransferMotor.cancel_INFO [45.426718006] Cancel: stopping motor.
TaskAutoShoot.runTaskState_INFO [45.428018077] ***** Start right shooter shooting (timedout=true, turretReady=false).
Shooter.shoot_INFO [45.429440862] shoot(owner=null, event=(TaskAutoShoot.rightShooterDone=CLEARED), shooter=rightShooter, autoStop=false)
Shooter.RightTransferMotor.cancel_INFO [45.431258153] Cancel: stopping motor.
TaskAutoShoot.autoTask_INFO [45.432537065] <Event name="StateInfo" time="45.43234585" tag="^^^^^" TaskAutoShoot.state="SHOOT" />
Climber.Motor.isMotorStalled_INFO [46.33476621] Stall detection triggered.
Climber.Motor.checkStallReset_INFO [46.340215738] Resetting stall.
FrcTeleOp.operatorControllerButtonEvent_INFO [46.696759922] ##### button=Y, pressed=false
FrcTeleOp.shoot_INFO [46.698192946] >>>>> Stop Auto Shoot.
TaskAutoShoot.cancel_INFO [46.699426911] Canceling auto task operation.
TaskAutoShoot.stopSubsystems_INFO [46.701006212] Stopping subsystems.
Shooter.LeftTransferMotor.cancel_INFO [46.702757617] Cancel: stopping motor.
Shooter.RightTransferMotor.cancel_INFO [46.706274891] Cancel: stopping motor.
Shooter.FeederMotor.cancel_INFO [46.707598899] Cancel: stopping motor.
Shooter.LeftShooter.disableGoalTracking_INFO [46.708852221] Disable Goal Tracking.
Shooter.LeftShooter.stopGoalTracking_INFO [46.710616585] Stop GoalTracking.
Shooter.LeftTiltMotor.cancel_INFO [46.712847577] Cancel: stopping motor.
Shooter.LeftPrimaryMotor.cancel_INFO [46.724004508] Cancel: stopping motor.
Shooter.RightShooter.disableGoalTracking_INFO [46.726810853] Disable Goal Tracking.
Shooter.RightShooter.stopGoalTracking_INFO [46.729116568] Stop GoalTracking.
Shooter.RightTiltMotor.cancel_INFO [46.730745688] Cancel: stopping motor.
Shooter.RightPrimaryMotor.cancel_INFO [46.73238967] Cancel: stopping motor.
Shooter.LeftShooter.cancel_INFO [46.734889494] owner=null
Shooter.LeftPrimaryMotor.cancel_INFO [46.737128156] Cancel: stopping motor.
Shooter.LeftTiltMotor.cancel_INFO [46.739054613] Cancel: stopping motor.
Shooter.RightShooter.cancel_INFO [46.74070351] owner=null
Shooter.RightPrimaryMotor.cancel_INFO [46.742929695] Cancel: stopping motor.
Shooter.RightTiltMotor.cancel_INFO [46.745873701] Cancel: stopping motor.
Shooter.LeftTransferMotor.cancel_INFO [46.747924674] Cancel: stopping motor.
Shooter.RightTransferMotor.cancel_INFO [46.749902318] Cancel: stopping motor.
Shooter.FeederMotor.cancel_INFO [46.75252183] Cancel: stopping motor.
FrcTeleOp.operatorControllerButtonEvent_INFO [47.226873565] ##### button=Y, pressed=true
FrcTeleOp.shoot_INFO [47.227513999] >>>>> Start Auto Shoot.
TaskAutoShoot.autoShoot_INFO [47.228199349] autoShoot(owner=null, event=null, taskParams=(autoStop=false, noPassback=false, noWait=false))
Shooter.setupGoalTrackingMode_INFO [47.230957138] AlliancHub: alliance=Red, fieldLengthZone=7, fieldWidthZone=3.
Shooter.setupGoalTrackingMode_INFO [47.23173381] GoalTracking(trackingMode=AllianceHub, goalPose=(x=-158.838583,y=469.110472,angle=180.000000), noPassback=false).
Shooter.LeftShooter.enableGoalTracking_INFO [47.23208994] Enable GoalTracking (trackingParams=(trackFlywheel=true,trackTiltPos=true,trackPanPos=true)).
Shooter.LeftPrimaryMotor.cancel_INFO [47.232895514] Cancel: stopping motor.
Shooter.LeftTiltMotor.cancel_INFO [47.233530766] Cancel: stopping motor.
Shooter.RightShooter.enableGoalTracking_INFO [47.234114022] Enable GoalTracking (trackingParams=(trackFlywheel=true,trackTiltPos=true,trackPanPos=true)).
Shooter.RightPrimaryMotor.cancel_INFO [47.235060443] Cancel: stopping motor.
Shooter.RightTiltMotor.cancel_INFO [47.235539123] Cancel: stopping motor.
TaskAutoShoot.autoTask_INFO [47.319848741] <Event name="StateInfo" time="47.319569379" tag="vvvvv" TaskAutoShoot.state="START" />
TaskAutoShoot.runTaskState_INFO [47.322047067] ***** Wait for left Shooter ready.
TaskAutoShoot.runTaskState_INFO [47.323426793] ***** Wait for right Shooter ready.
TaskAutoShoot.runTaskState_INFO [47.324757489] ***** Wait for Turret ready.
TaskAutoShoot.autoTask_INFO [47.326841372] <Event name="StateInfo" time="47.325800448" tag="^^^^^" TaskAutoShoot.state="START" />
Shooter.LeftShooter.goalTrackingTask_INFO [47.493193678] Shooter.LeftShooter is Ready: rpm1=5354.810697/5292.528626, rpm2=3273.281250/0.000000, tilt=27.107204/27.004595, pan=null/null
Shooter.RightShooter.goalTrackingTask_INFO [47.535778681] Shooter.RightShooter is Ready: rpm1=5232.710337/5292.528626, rpm2=3229.804688/0.000000, tilt=27.107204/27.004595, pan=null/null
TaskAutoShoot.autoTask_INFO [47.54062382] <Event name="StateInfo" time="47.538259843" tag="vvvvv" TaskAutoShoot.state="SHOOT" />
TaskAutoShoot.autoTask_INFO [47.543750953] <Event name="StateInfo" time="47.543571022" tag="^^^^^" TaskAutoShoot.state="SHOOT" />
TaskAutoShoot.autoTask_INFO [47.649033107] <Event name="StateInfo" time="47.647220311" tag="vvvvv" TaskAutoShoot.state="SHOOT" />
TaskAutoShoot.autoTask_INFO [47.650982929] <Event name="StateInfo" time="47.650799225" tag="^^^^^" TaskAutoShoot.state="SHOOT" />
TaskAutoShoot.autoTask_INFO [47.76577044] <Event name="StateInfo" time="47.765565633" tag="vvvvv" TaskAutoShoot.state="SHOOT" />
TaskAutoShoot.autoTask_INFO [47.767164344] <Event name="StateInfo" time="47.766960871" tag="^^^^^" TaskAutoShoot.state="SHOOT" />
TaskAutoShoot.autoTask_INFO [47.851020339] <Event name="StateInfo" time="47.850818864" tag="vvvvv" TaskAutoShoot.state="SHOOT" />
TaskAutoShoot.autoTask_INFO [47.853140116] <Event name="StateInfo" time="47.852353334" tag="^^^^^" TaskAutoShoot.state="SHOOT" />
TaskAutoShoot.autoTask_INFO [47.963628394] <Event name="StateInfo" time="47.963424844" tag="vvvvv" TaskAutoShoot.state="SHOOT" />
TaskAutoShoot.autoTask_INFO [47.965369915] <Event name="StateInfo" time="47.965165906" tag="^^^^^" TaskAutoShoot.state="SHOOT" />
TaskAutoShoot.autoTask_INFO [48.077739551] <Event name="StateInfo" time="48.077447718" tag="vvvvv" TaskAutoShoot.state="SHOOT" />
TaskAutoShoot.autoTask_INFO [48.078193421] <Event name="StateInfo" time="48.077996808" tag="^^^^^" TaskAutoShoot.state="SHOOT" />
TaskAutoShoot.autoTask_INFO [48.169505548] <Event name="StateInfo" time="48.169300932" tag="vvvvv" TaskAutoShoot.state="SHOOT" />
TaskAutoShoot.autoTask_INFO [48.177121379] <Event name="StateInfo" time="48.176932669" tag="^^^^^" TaskAutoShoot.state="SHOOT" />
TaskAutoShoot.autoTask_INFO [48.277504837] <Event name="StateInfo" time="48.277283813" tag="vvvvv" TaskAutoShoot.state="SHOOT" />
TaskAutoShoot.autoTask_INFO [48.281357788] <Event name="StateInfo" time="48.278241132" tag="^^^^^" TaskAutoShoot.state="SHOOT" />
TaskAutoShoot.autoTask_INFO [48.385495304] <Event name="StateInfo" time="48.385274802" tag="vvvvv" TaskAutoShoot.state="SHOOT" />
TaskAutoShoot.runTaskState_INFO [48.398783709] ***** Start left shooter shooting (timedout=true, turretReady=false).
Shooter.shoot_INFO [48.400619843] shoot(owner=null, event=(TaskAutoShoot.leftShooterDone=CLEARED), shooter=leftShooter, autoStop=false)
Shooter.LeftTransferMotor.cancel_INFO [48.401816622] Cancel: stopping motor.
TaskAutoShoot.runTaskState_INFO [48.40295353] ***** Start right shooter shooting (timedout=true, turretReady=false).
Shooter.shoot_INFO [48.404295806] shoot(owner=null, event=(TaskAutoShoot.rightShooterDone=CLEARED), shooter=rightShooter, autoStop=false)
Shooter.RightTransferMotor.cancel_INFO [48.405366928] Cancel: stopping motor.
TaskAutoShoot.autoTask_INFO [48.407169476] <Event name="StateInfo" time="48.406739486" tag="^^^^^" TaskAutoShoot.state="SHOOT" />
FrcTeleOp.operatorControllerButtonEvent_INFO [48.412150173] ##### button=Y, pressed=false
FrcTeleOp.shoot_INFO [48.414146869] >>>>> Stop Auto Shoot.
TaskAutoShoot.cancel_INFO [48.416188826] Canceling auto task operation.
TaskAutoShoot.stopSubsystems_INFO [48.418271234] Stopping subsystems.
Shooter.LeftTransferMotor.cancel_INFO [48.421309173] Cancel: stopping motor.
Shooter.RightTransferMotor.cancel_INFO [48.422837241] Cancel: stopping motor.
Shooter.FeederMotor.cancel_INFO [48.424867554] Cancel: stopping motor.
Shooter.LeftShooter.disableGoalTracking_INFO [48.426947872] Disable Goal Tracking.
Shooter.LeftShooter.stopGoalTracking_INFO [48.428231142] Stop GoalTracking.
Shooter.LeftTiltMotor.cancel_INFO [48.432045499] Cancel: stopping motor.
Shooter.LeftPrimaryMotor.cancel_INFO [48.434482695] Cancel: stopping motor.
Shooter.RightShooter.disableGoalTracking_INFO [48.438176392] Disable Goal Tracking.
Shooter.RightShooter.stopGoalTracking_INFO [48.448021233] Stop GoalTracking.
Shooter.RightTiltMotor.cancel_INFO [48.449207763] Cancel: stopping motor.
Shooter.RightPrimaryMotor.cancel_INFO [48.452180364] Cancel: stopping motor.
Shooter.LeftShooter.cancel_INFO [48.454494269] owner=null
Shooter.LeftPrimaryMotor.cancel_INFO [48.457402494] Cancel: stopping motor.
Shooter.LeftTiltMotor.cancel_INFO [48.459912802] Cancel: stopping motor.
Shooter.RightShooter.cancel_INFO [48.463860094] owner=null
Shooter.RightPrimaryMotor.cancel_INFO [48.466591924] Cancel: stopping motor.
Shooter.RightTiltMotor.cancel_INFO [48.469139429] Cancel: stopping motor.
Shooter.LeftTransferMotor.cancel_INFO [48.471509383] Cancel: stopping motor.
Shooter.RightTransferMotor.cancel_INFO [48.473901542] Cancel: stopping motor.
Shooter.FeederMotor.cancel_INFO [48.476777635] Cancel: stopping motor.
FrcTeleOp.driverControllerButtonEvent_INFO [48.71089661] ##### button=A, pressed=true
FrcTeleOp.driverControllerButtonEvent_INFO [48.816444241] ##### button=A, pressed=false
FrcTeleOp.driverControllerButtonEvent_INFO [52.045983467] ##### button=A, pressed=true
FrcTeleOp.driverControllerButtonEvent_INFO [52.097026393] ##### button=A, pressed=false
FrcTeleOp.operatorControllerButtonEvent_INFO [52.609100372] ##### button=Y, pressed=true
FrcTeleOp.shoot_INFO [52.61435762] >>>>> Start Auto Shoot.
TaskAutoShoot.autoShoot_INFO [52.620850207] autoShoot(owner=null, event=null, taskParams=(autoStop=false, noPassback=false, noWait=false))
Shooter.setupGoalTrackingMode_INFO [52.624930899] AlliancHub: alliance=Red, fieldLengthZone=7, fieldWidthZone=3.
Shooter.setupGoalTrackingMode_INFO [52.633330103] GoalTracking(trackingMode=AllianceHub, goalPose=(x=-158.838583,y=469.110472,angle=180.000000), noPassback=false).
Shooter.LeftShooter.enableGoalTracking_INFO [52.635988599] Enable GoalTracking (trackingParams=(trackFlywheel=true,trackTiltPos=true,trackPanPos=true)).
Shooter.LeftPrimaryMotor.cancel_INFO [52.639631086] Cancel: stopping motor.
Shooter.LeftTiltMotor.cancel_INFO [52.641800928] Cancel: stopping motor.
Shooter.RightShooter.enableGoalTracking_INFO [52.645001702] Enable GoalTracking (trackingParams=(trackFlywheel=true,trackTiltPos=true,trackPanPos=true)).
Shooter.RightPrimaryMotor.cancel_INFO [52.662455901] Cancel: stopping motor.
Shooter.RightTiltMotor.cancel_INFO [52.66407096] Cancel: stopping motor.
TaskAutoShoot.autoTask_INFO [52.763754364] <Event name="StateInfo" time="52.763255128" tag="vvvvv" TaskAutoShoot.state="START" />
TaskAutoShoot.runTaskState_INFO [52.764846307] ***** Wait for left Shooter ready.
TaskAutoShoot.runTaskState_INFO [52.766271524] ***** Wait for right Shooter ready.
TaskAutoShoot.runTaskState_INFO [52.76798982] ***** Wait for Turret ready.
TaskAutoShoot.autoTask_INFO [52.76898678] <Event name="StateInfo" time="52.768757935" tag="^^^^^" TaskAutoShoot.state="START" />
TaskAutoShoot.autoTask_INFO [52.969482555] <Event name="StateInfo" time="52.969278509" tag="vvvvv" TaskAutoShoot.state="SHOOT" />
TaskAutoShoot.autoTask_INFO [52.977032505] <Event name="StateInfo" time="52.976754777" tag="^^^^^" TaskAutoShoot.state="SHOOT" />
TaskAutoShoot.autoTask_INFO [53.075397197] <Event name="StateInfo" time="53.073350239" tag="vvvvv" TaskAutoShoot.state="SHOOT" />
TaskAutoShoot.autoTask_INFO [53.083663247] <Event name="StateInfo" time="53.083304133" tag="^^^^^" TaskAutoShoot.state="SHOOT" />
TaskAutoShoot.autoTask_INFO [53.188629912] <Event name="StateInfo" time="53.18843809" tag="vvvvv" TaskAutoShoot.state="SHOOT" />
TaskAutoShoot.autoTask_INFO [53.190413977] <Event name="StateInfo" time="53.189952598" tag="^^^^^" TaskAutoShoot.state="SHOOT" />
TaskAutoShoot.autoTask_INFO [53.30579716] <Event name="StateInfo" time="53.305117553" tag="vvvvv" TaskAutoShoot.state="SHOOT" />
TaskAutoShoot.autoTask_INFO [53.307284331] <Event name="StateInfo" time="53.307117464" tag="^^^^^" TaskAutoShoot.state="SHOOT" />
TaskAutoShoot.autoTask_INFO [53.395744098] <Event name="StateInfo" time="53.395555606" tag="vvvvv" TaskAutoShoot.state="SHOOT" />
TaskAutoShoot.autoTask_INFO [53.398037088] <Event name="StateInfo" time="53.397175714" tag="^^^^^" TaskAutoShoot.state="SHOOT" />
TaskAutoShoot.autoTask_INFO [53.50163474] <Event name="StateInfo" time="53.501445338" tag="vvvvv" TaskAutoShoot.state="SHOOT" />
TaskAutoShoot.autoTask_INFO [53.502950309] <Event name="StateInfo" time="53.502766238" tag="^^^^^" TaskAutoShoot.state="SHOOT" />
FrcTeleOp.operatorControllerButtonEvent_INFO [53.506800297] ##### button=Y, pressed=false
FrcTeleOp.shoot_INFO [53.508201101] >>>>> Stop Auto Shoot.
TaskAutoShoot.cancel_INFO [53.509061623] Canceling auto task operation.
TaskAutoShoot.stopSubsystems_INFO [53.510710959] Stopping subsystems.
Shooter.LeftTransferMotor.cancel_INFO [53.511865702] Cancel: stopping motor.
Shooter.RightTransferMotor.cancel_INFO [53.512807617] Cancel: stopping motor.
Shooter.FeederMotor.cancel_INFO [53.514476642] Cancel: stopping motor.
Shooter.LeftShooter.disableGoalTracking_INFO [53.5157747] Disable Goal Tracking.
Shooter.LeftShooter.stopGoalTracking_INFO [53.518540414] Stop GoalTracking.
Shooter.LeftTiltMotor.cancel_INFO [53.519709803] Cancel: stopping motor.
Shooter.LeftPrimaryMotor.cancel_INFO [53.521190531] Cancel: stopping motor.
Shooter.RightShooter.disableGoalTracking_INFO [53.522638419] Disable Goal Tracking.
Shooter.RightShooter.stopGoalTracking_INFO [53.523644148] Stop GoalTracking.
Shooter.RightTiltMotor.cancel_INFO [53.525509327] Cancel: stopping motor.
Shooter.RightPrimaryMotor.cancel_INFO [53.527240186] Cancel: stopping motor.
Shooter.LeftShooter.cancel_INFO [53.537118295] owner=null
Shooter.LeftPrimaryMotor.cancel_INFO [53.542365468] Cancel: stopping motor.
Shooter.LeftTiltMotor.cancel_INFO [53.549496429] Cancel: stopping motor.
Shooter.RightShooter.cancel_INFO [53.552097399] owner=null
Shooter.RightPrimaryMotor.cancel_INFO [53.553960958] Cancel: stopping motor.
Shooter.RightTiltMotor.cancel_INFO [53.557460899] Cancel: stopping motor.
Shooter.LeftTransferMotor.cancel_INFO [53.558585176] Cancel: stopping motor.
Shooter.RightTransferMotor.cancel_INFO [53.559695202] Cancel: stopping motor.
Shooter.FeederMotor.cancel_INFO [53.566740344] Cancel: stopping motor.
FrcTeleOp.driverControllerButtonEvent_INFO [56.660393656] ##### button=A, pressed=true
FrcTeleOp.driverControllerButtonEvent_INFO [56.761481402] ##### button=A, pressed=false
FrcTeleOp.operatorControllerButtonEvent_INFO [59.167987199] ##### button=Y, pressed=true
FrcTeleOp.shoot_INFO [59.173415944] >>>>> Start Auto Shoot.
TaskAutoShoot.autoShoot_INFO [59.182714017] autoShoot(owner=null, event=null, taskParams=(autoStop=false, noPassback=false, noWait=false))
Shooter.setupGoalTrackingMode_INFO [59.186591351] AlliancHub: alliance=Red, fieldLengthZone=7, fieldWidthZone=3.
Shooter.setupGoalTrackingMode_INFO [59.189001163] GoalTracking(trackingMode=AllianceHub, goalPose=(x=-158.838583,y=469.110472,angle=180.000000), noPassback=false).
Shooter.LeftShooter.enableGoalTracking_INFO [59.191261312] Enable GoalTracking (trackingParams=(trackFlywheel=true,trackTiltPos=true,trackPanPos=true)).
Shooter.LeftPrimaryMotor.cancel_INFO [59.194403323] Cancel: stopping motor.
Shooter.LeftTiltMotor.cancel_INFO [59.197954645] Cancel: stopping motor.
Shooter.RightShooter.enableGoalTracking_INFO [59.199695411] Enable GoalTracking (trackingParams=(trackFlywheel=true,trackTiltPos=true,trackPanPos=true)).
Shooter.RightPrimaryMotor.cancel_INFO [59.201673399] Cancel: stopping motor.
Shooter.RightTiltMotor.cancel_INFO [59.204877814] Cancel: stopping motor.
TaskAutoShoot.autoTask_INFO [59.301963927] <Event name="StateInfo" time="59.301564507" tag="vvvvv" TaskAutoShoot.state="START" />
TaskAutoShoot.runTaskState_INFO [59.302886113] ***** Wait for left Shooter ready.
TaskAutoShoot.runTaskState_INFO [59.303427915] ***** Wait for right Shooter ready.
TaskAutoShoot.runTaskState_INFO [59.308502591] ***** Wait for Turret ready.
TaskAutoShoot.autoTask_INFO [59.308957518] <Event name="StateInfo" time="59.308761322" tag="^^^^^" TaskAutoShoot.state="START" />
TaskAutoShoot.autoTask_INFO [59.510025229] <Event name="StateInfo" time="59.508327903" tag="vvvvv" TaskAutoShoot.state="SHOOT" />
TaskAutoShoot.autoTask_INFO [59.510475647] <Event name="StateInfo" time="59.510280044" tag="^^^^^" TaskAutoShoot.state="SHOOT" />
TaskAutoShoot.autoTask_INFO [59.608778416] <Event name="StateInfo" time="59.608609664" tag="vvvvv" TaskAutoShoot.state="SHOOT" />
TaskAutoShoot.autoTask_INFO [59.61918663] <Event name="StateInfo" time="59.615598757" tag="^^^^^" TaskAutoShoot.state="SHOOT" />
TaskAutoShoot.autoTask_INFO [59.711734331] <Event name="StateInfo" time="59.711563606" tag="vvvvv" TaskAutoShoot.state="SHOOT" />
TaskAutoShoot.autoTask_INFO [59.724229184] <Event name="StateInfo" time="59.711977112" tag="^^^^^" TaskAutoShoot.state="SHOOT" />
TaskAutoShoot.autoTask_INFO [59.831936725] <Event name="StateInfo" time="59.831743677" tag="vvvvv" TaskAutoShoot.state="SHOOT" />
TaskAutoShoot.autoTask_INFO [59.839679741] <Event name="StateInfo" time="59.832780442" tag="^^^^^" TaskAutoShoot.state="SHOOT" />
TaskAutoShoot.autoTask_INFO [59.938050426] <Event name="StateInfo" time="59.93786182" tag="vvvvv" TaskAutoShoot.state="SHOOT" />
TaskAutoShoot.autoTask_INFO [59.939921459] <Event name="StateInfo" time="59.939619377" tag="^^^^^" TaskAutoShoot.state="SHOOT" />
Shooter.LeftShooter.goalTrackingTask_INFO [60.019538811] Shooter.LeftShooter is Ready: rpm1=4086.670673/4158.926669, rpm2=2516.484375/0.000000, tilt=19.201718/19.254144, pan=null/null
TaskAutoShoot.autoTask_INFO [60.059907407] <Event name="StateInfo" time="60.05972176" tag="vvvvv" TaskAutoShoot.state="SHOOT" />
TaskAutoShoot.autoTask_INFO [60.063277852] <Event name="StateInfo" time="60.062048013" tag="^^^^^" TaskAutoShoot.state="SHOOT" />
TaskAutoShoot.autoTask_INFO [60.169264561] <Event name="StateInfo" time="60.169061784" tag="vvvvv" TaskAutoShoot.state="SHOOT" />
TaskAutoShoot.autoTask_INFO [60.171084979] <Event name="StateInfo" time="60.170673033" tag="^^^^^" TaskAutoShoot.state="SHOOT" />
TaskAutoShoot.autoTask_INFO [60.25831536] <Event name="StateInfo" time="60.258117935" tag="vvvvv" TaskAutoShoot.state="SHOOT" />
TaskAutoShoot.autoTask_INFO [60.262824482] <Event name="StateInfo" time="60.262641589" tag="^^^^^" TaskAutoShoot.state="SHOOT" />
TaskAutoShoot.autoTask_INFO [60.374128611] <Event name="StateInfo" time="60.370657797" tag="vvvvv" TaskAutoShoot.state="SHOOT" />
TaskAutoShoot.runTaskState_INFO [60.381830656] ***** Start left shooter shooting (timedout=true, turretReady=false).
Shooter.shoot_INFO [60.386549022] shoot(owner=null, event=(TaskAutoShoot.leftShooterDone=CLEARED), shooter=leftShooter, autoStop=false)
Shooter.LeftTransferMotor.cancel_INFO [60.388972902] Cancel: stopping motor.
TaskAutoShoot.runTaskState_INFO [60.390557855] ***** Start right shooter shooting (timedout=true, turretReady=false).
Shooter.shoot_INFO [60.391964864] shoot(owner=null, event=(TaskAutoShoot.rightShooterDone=CLEARED), shooter=rightShooter, autoStop=false)
Shooter.RightTransferMotor.cancel_INFO [60.396502426] Cancel: stopping motor.
TaskAutoShoot.autoTask_INFO [60.398499522] <Event name="StateInfo" time="60.398299966" tag="^^^^^" TaskAutoShoot.state="SHOOT" />
Shooter.RightShooter.goalTrackingTask_INFO [60.505042539] Shooter.RightShooter is Ready: rpm1=4495.754207/4529.336749, rpm2=2781.679688/0.000000, tilt=21.533830/21.565862, pan=null/null
FrcTeleOp.driverControllerButtonEvent_INFO [60.609684276] ##### button=A, pressed=true
FrcTeleOp.driverControllerButtonEvent_INFO [60.734202899] ##### button=A, pressed=false
FrcTeleOp.driverControllerButtonEvent_INFO [61.847010102] ##### button=A, pressed=true
Shooter.setupGoalTrackingMode_INFO [61.849232895] AlliancHub: alliance=Red, fieldLengthZone=7, fieldWidthZone=2.
Shooter.setupGoalTrackingMode_INFO [61.850766384] GoalTracking(trackingMode=AllianceHub, goalPose=(x=-158.838583,y=469.110472,angle=180.000000), noPassback=false).
FrcTeleOp.driverControllerButtonEvent_INFO [61.948099971] ##### button=A, pressed=false
FrcTeleOp.operatorControllerButtonEvent_INFO [61.950208456] ##### button=Y, pressed=false
FrcTeleOp.shoot_INFO [61.951250093] >>>>> Stop Auto Shoot.
TaskAutoShoot.cancel_INFO [61.951754306] Canceling auto task operation.
TaskAutoShoot.stopSubsystems_INFO [61.953431894] Stopping subsystems.
Shooter.LeftTransferMotor.cancel_INFO [61.955310979] Cancel: stopping motor.
Shooter.RightTransferMotor.cancel_INFO [61.95695968] Cancel: stopping motor.
Shooter.FeederMotor.cancel_INFO [61.957692233] Cancel: stopping motor.
Shooter.LeftShooter.disableGoalTracking_INFO [61.959039517] Disable Goal Tracking.
Shooter.LeftShooter.stopGoalTracking_INFO [61.96066167] Stop GoalTracking.
Shooter.LeftTiltMotor.cancel_INFO [61.961530614] Cancel: stopping motor.
Shooter.LeftPrimaryMotor.cancel_INFO [61.962651986] Cancel: stopping motor.
Shooter.RightShooter.disableGoalTracking_INFO [61.963557001] Disable Goal Tracking.
Shooter.RightShooter.stopGoalTracking_INFO [61.965079436] Stop GoalTracking.
Shooter.RightTiltMotor.cancel_INFO [61.966278268] Cancel: stopping motor.
Shooter.RightPrimaryMotor.cancel_INFO [61.96752388] Cancel: stopping motor.
Shooter.LeftShooter.cancel_INFO [61.96875535] owner=null
Shooter.LeftPrimaryMotor.cancel_INFO [61.970627597] Cancel: stopping motor.
Shooter.LeftTiltMotor.cancel_INFO [61.971655939] Cancel: stopping motor.
Shooter.RightShooter.cancel_INFO [61.972339778] owner=null
Shooter.RightPrimaryMotor.cancel_INFO [61.973317247] Cancel: stopping motor.
Shooter.RightTiltMotor.cancel_INFO [61.974507511] Cancel: stopping motor.
Shooter.LeftTransferMotor.cancel_INFO [61.975820657] Cancel: stopping motor.
Shooter.RightTransferMotor.cancel_INFO [61.97718085] Cancel: stopping motor.
Shooter.FeederMotor.cancel_INFO [61.978249385] Cancel: stopping motor.
Shooter.RightTiltMotor.isMotorStalled_INFO [62.068670089] Stall detection triggered.
Shooter.RightTiltMotor.checkStallReset_INFO [62.070074522] Resetting stall.
Shooter.TurretMotor.isMotorStalled_INFO [62.072153767] Stall detection triggered.
Climber.Motor.isMotorStalled_INFO [62.078942114] Stall detection triggered.
Climber.Motor.checkStallReset_INFO [62.080177387] Resetting stall.
FrcTeleOp.driverControllerButtonEvent_INFO [70.199285652] ##### button=A, pressed=true
FrcTeleOp.driverControllerButtonEvent_INFO [70.303749267] ##### button=A, pressed=false
FrcTeleOp.driverControllerButtonEvent_INFO [74.40488615] ##### button=A, pressed=true
FrcTeleOp.driverControllerButtonEvent_INFO [74.556874629] ##### button=A, pressed=false
FrcTeleOp.driverControllerButtonEvent_INFO [78.94753905] ##### button=A, pressed=true
FrcTeleOp.driverControllerButtonEvent_INFO [79.049369268] ##### button=A, pressed=false
FrcTeleOp.driverControllerButtonEvent_INFO [79.304647901] ##### button=A, pressed=true
FrcTeleOp.driverControllerButtonEvent_INFO [79.354674309] ##### button=A, pressed=false
FrcTeleOp.driverControllerButtonEvent_INFO [83.445005602] ##### button=A, pressed=true
FrcTeleOp.driverControllerButtonEvent_INFO [83.549914051] ##### button=A, pressed=false
FrcTeleOp.driverControllerButtonEvent_INFO [88.460831535] ##### button=A, pressed=true
FrcTeleOp.driverControllerButtonEvent_INFO [88.566805586] ##### button=A, pressed=false
FrcTeleOp.operatorControllerButtonEvent_INFO [88.975599645] ##### button=Y, pressed=true
FrcTeleOp.shoot_INFO [88.97649002] >>>>> Start Auto Shoot.
TaskAutoShoot.autoShoot_INFO [88.976898237] autoShoot(owner=null, event=null, taskParams=(autoStop=false, noPassback=false, noWait=false))
Shooter.setupGoalTrackingMode_INFO [88.986542233] AlliancHub: alliance=Red, fieldLengthZone=7, fieldWidthZone=0.
Shooter.setupGoalTrackingMode_INFO [88.98931319] GoalTracking(trackingMode=AllianceHub, goalPose=(x=-158.838583,y=469.110472,angle=180.000000), noPassback=false).
Shooter.LeftShooter.enableGoalTracking_INFO [88.989794046] Enable GoalTracking (trackingParams=(trackFlywheel=true,trackTiltPos=true,trackPanPos=true)).
Shooter.LeftPrimaryMotor.cancel_INFO [88.990367302] Cancel: stopping motor.
Shooter.LeftTiltMotor.cancel_INFO [88.99112768] Cancel: stopping motor.
Shooter.RightShooter.enableGoalTracking_INFO [88.991581414] Enable GoalTracking (trackingParams=(trackFlywheel=true,trackTiltPos=true,trackPanPos=true)).
Shooter.RightPrimaryMotor.cancel_INFO [88.992481806] Cancel: stopping motor.
Shooter.RightTiltMotor.cancel_INFO [88.993291428] Cancel: stopping motor.
TaskAutoShoot.autoTask_INFO [89.089195653] <Event name="StateInfo" time="89.088945183" tag="vvvvv" TaskAutoShoot.state="START" />
TaskAutoShoot.runTaskState_INFO [89.091759673] ***** Wait for left Shooter ready.
TaskAutoShoot.runTaskState_INFO [89.093667142] ***** Wait for right Shooter ready.
TaskAutoShoot.runTaskState_INFO [89.09530817] ***** Wait for Turret ready.
TaskAutoShoot.autoTask_INFO [89.099930775] <Event name="StateInfo" time="89.09969354" tag="^^^^^" TaskAutoShoot.state="START" />
TaskAutoShoot.autoTask_INFO [89.274236612] <Event name="StateInfo" time="89.274042163" tag="vvvvv" TaskAutoShoot.state="SHOOT" />
TaskAutoShoot.autoTask_INFO [89.275073792] <Event name="StateInfo" time="89.27485046" tag="^^^^^" TaskAutoShoot.state="SHOOT" />
TaskAutoShoot.autoTask_INFO [89.374051441] <Event name="StateInfo" time="89.373870283" tag="vvvvv" TaskAutoShoot.state="SHOOT" />
TaskAutoShoot.autoTask_INFO [89.382777502] <Event name="StateInfo" time="89.381950933" tag="^^^^^" TaskAutoShoot.state="SHOOT" />
TaskAutoShoot.autoTask_INFO [89.492594087] <Event name="StateInfo" time="89.492262523" tag="vvvvv" TaskAutoShoot.state="SHOOT" />
TaskAutoShoot.autoTask_INFO [89.493529333] <Event name="StateInfo" time="89.493351004" tag="^^^^^" TaskAutoShoot.state="SHOOT" />
Shooter.setupGoalTrackingMode_INFO [89.499388859] AlliancHub: alliance=Red, fieldLengthZone=7, fieldWidthZone=1.
Shooter.setupGoalTrackingMode_INFO [89.502628201] GoalTracking(trackingMode=AllianceHub, goalPose=(x=-158.838583,y=469.110472,angle=180.000000), noPassback=false).
TaskAutoShoot.autoTask_INFO [89.594008062] <Event name="StateInfo" time="89.593816277" tag="vvvvv" TaskAutoShoot.state="SHOOT" />
TaskAutoShoot.autoTask_INFO [89.595373595] <Event name="StateInfo" time="89.595187568" tag="^^^^^" TaskAutoShoot.state="SHOOT" />
TaskAutoShoot.autoTask_INFO [89.717482418] <Event name="StateInfo" time="89.717081629" tag="vvvvv" TaskAutoShoot.state="SHOOT" />
TaskAutoShoot.autoTask_INFO [89.718716853] <Event name="StateInfo" time="89.718520242" tag="^^^^^" TaskAutoShoot.state="SHOOT" />
TaskAutoShoot.autoTask_INFO [89.847655434] <Event name="StateInfo" time="89.847103743" tag="vvvvv" TaskAutoShoot.state="SHOOT" />
TaskAutoShoot.autoTask_INFO [89.851624355] <Event name="StateInfo" time="89.851428956" tag="^^^^^" TaskAutoShoot.state="SHOOT" />
Shooter.LeftShooter.goalTrackingTask_INFO [89.956994689] Shooter.LeftShooter is Ready: rpm1=3991.640625/4064.957249, rpm2=2536.992188/0.000000, tilt=18.648336/18.693498, pan=null/null
TaskAutoShoot.autoTask_INFO [89.985688358] <Event name="StateInfo" time="89.985519075" tag="vvvvv" TaskAutoShoot.state="SHOOT" />
TaskAutoShoot.autoTask_INFO [89.98786843] <Event name="StateInfo" time="89.987670924" tag="^^^^^" TaskAutoShoot.state="SHOOT" />
Shooter.setupGoalTrackingMode_INFO [89.991799425] AlliancHub: alliance=Red, fieldLengthZone=7, fieldWidthZone=2.
Shooter.setupGoalTrackingMode_INFO [89.992724493] GoalTracking(trackingMode=AllianceHub, goalPose=(x=-158.838583,y=469.110472,angle=180.000000), noPassback=false).
TaskAutoShoot.autoTask_INFO [90.117954645] <Event name="StateInfo" time="90.11767096" tag="vvvvv" TaskAutoShoot.state="SHOOT" />
TaskAutoShoot.runTaskState_INFO [90.120172113] ***** Start left shooter shooting (timedout=true, turretReady=false).
Shooter.shoot_INFO [90.121823599] shoot(owner=null, event=(TaskAutoShoot.leftShooterDone=CLEARED), shooter=leftShooter, autoStop=false)
Shooter.LeftTransferMotor.cancel_INFO [90.123504336] Cancel: stopping motor.
TaskAutoShoot.runTaskState_INFO [90.124639801] ***** Start right shooter shooting (timedout=true, turretReady=false).
Shooter.shoot_INFO [90.125439619] shoot(owner=null, event=(TaskAutoShoot.rightShooterDone=CLEARED), shooter=rightShooter, autoStop=false)
Shooter.RightTransferMotor.cancel_INFO [90.126317879] Cancel: stopping motor.
TaskAutoShoot.autoTask_INFO [90.127415318] <Event name="StateInfo" time="90.127173195" tag="^^^^^" TaskAutoShoot.state="SHOOT" />
Shooter.RightShooter.goalTrackingTask_INFO [90.309330969] Shooter.RightShooter is Ready: rpm1=4094.810697/4153.191320, rpm2=2513.906250/0.000000, tilt=19.280773/19.219648, pan=null/null
FrcTeleOp.driverControllerButtonEvent_INFO [91.232740018] ##### button=A, pressed=true
FrcTeleOp.driverControllerButtonEvent_INFO [91.324654746] ##### button=A, pressed=false
FrcTeleOp.operatorControllerButtonEvent_INFO [91.909759482] ##### button=Y, pressed=false
FrcTeleOp.shoot_INFO [91.910276387] >>>>> Stop Auto Shoot.
TaskAutoShoot.cancel_INFO [91.91051398] Canceling auto task operation.
TaskAutoShoot.stopSubsystems_INFO [91.915501556] Stopping subsystems.
Shooter.LeftTransferMotor.cancel_INFO [91.915899001] Cancel: stopping motor.
Shooter.RightTransferMotor.cancel_INFO [91.916764575] Cancel: stopping motor.
Shooter.FeederMotor.cancel_INFO [91.920300266] Cancel: stopping motor.
Shooter.LeftShooter.disableGoalTracking_INFO [91.920760088] Disable Goal Tracking.
Shooter.LeftShooter.stopGoalTracking_INFO [91.921132748] Stop GoalTracking.
Shooter.LeftTiltMotor.cancel_INFO [91.921564501] Cancel: stopping motor.
Shooter.LeftPrimaryMotor.cancel_INFO [91.922290399] Cancel: stopping motor.
Shooter.RightShooter.disableGoalTracking_INFO [91.922954879] Disable Goal Tracking.
Shooter.RightShooter.stopGoalTracking_INFO [91.923343355] Stop GoalTracking.
Shooter.RightTiltMotor.cancel_INFO [91.923661005] Cancel: stopping motor.
Shooter.RightPrimaryMotor.cancel_INFO [91.924274459] Cancel: stopping motor.
Shooter.LeftShooter.cancel_INFO [91.925174212] owner=null
Shooter.LeftPrimaryMotor.cancel_INFO [91.925867327] Cancel: stopping motor.
Shooter.LeftTiltMotor.cancel_INFO [91.92999439] Cancel: stopping motor.
Shooter.RightShooter.cancel_INFO [91.930871475] owner=null
Shooter.RightPrimaryMotor.cancel_INFO [91.931696844] Cancel: stopping motor.
Shooter.RightTiltMotor.cancel_INFO [91.932314784] Cancel: stopping motor.
Shooter.LeftTransferMotor.cancel_INFO [91.933284585] Cancel: stopping motor.
Shooter.RightTransferMotor.cancel_INFO [91.933673567] Cancel: stopping motor.
Shooter.FeederMotor.cancel_INFO [91.934111957] Cancel: stopping motor.
FrcTeleOp.driverControllerButtonEvent_INFO [104.202892981] ##### button=A, pressed=true
FrcTeleOp.driverControllerButtonEvent_INFO [104.304263292] ##### button=A, pressed=false
FrcTeleOp.driverControllerButtonEvent_INFO [106.648826943] ##### button=A, pressed=true
FrcTeleOp.driverControllerButtonEvent_INFO [106.752083641] ##### button=A, pressed=false
FrcTeleOp.driverControllerButtonEvent_INFO [113.169545146] ##### button=A, pressed=true
FrcTeleOp.driverControllerButtonEvent_INFO [113.272266447] ##### button=A, pressed=false
FrcTeleOp.driverControllerButtonEvent_INFO [113.941328596] ##### button=A, pressed=true
FrcTeleOp.driverControllerButtonEvent_INFO [114.043266507] ##### button=A, pressed=false
FrcTeleOp.driverControllerButtonEvent_INFO [119.912098224] ##### button=A, pressed=true
FrcTeleOp.driverControllerButtonEvent_INFO [120.066430718] ##### button=A, pressed=false
FrcTeleOp.driverControllerButtonEvent_INFO [122.341380443] ##### button=A, pressed=true
FrcTeleOp.driverControllerButtonEvent_INFO [122.443516977] ##### button=A, pressed=false
FrcTeleOp.driverControllerButtonEvent_INFO [122.646569606] ##### button=A, pressed=true
FrcTeleOp.driverControllerButtonEvent_INFO [122.747165735] ##### button=A, pressed=false
FrcTeleOp.driverControllerButtonEvent_INFO [123.676595119] ##### button=A, pressed=true
FrcTeleOp.driverControllerButtonEvent_INFO [123.727281602] ##### button=A, pressed=false
FrcTeleOp.operatorControllerButtonEvent_INFO [135.302754647] ##### button=Y, pressed=true
FrcTeleOp.shoot_INFO [135.30406093] >>>>> Start Auto Shoot.
TaskAutoShoot.autoShoot_INFO [135.304941456] autoShoot(owner=null, event=null, taskParams=(autoStop=false, noPassback=false, noWait=false))
Shooter.setupGoalTrackingMode_INFO [135.306115804] AlliancHub: alliance=Red, fieldLengthZone=7, fieldWidthZone=0.
Shooter.setupGoalTrackingMode_INFO [135.307145281] GoalTracking(trackingMode=AllianceHub, goalPose=(x=-158.838583,y=469.110472,angle=180.000000), noPassback=false).
Shooter.LeftShooter.enableGoalTracking_INFO [135.307747144] Enable GoalTracking (trackingParams=(trackFlywheel=true,trackTiltPos=true,trackPanPos=true)).
Shooter.LeftPrimaryMotor.cancel_INFO [135.308521614] Cancel: stopping motor.
Shooter.LeftTiltMotor.cancel_INFO [135.309372735] Cancel: stopping motor.
Shooter.RightShooter.enableGoalTracking_INFO [135.310428329] Enable GoalTracking (trackingParams=(trackFlywheel=true,trackTiltPos=true,trackPanPos=true)).
Shooter.RightPrimaryMotor.cancel_INFO [135.311309565] Cancel: stopping motor.
Shooter.RightTiltMotor.cancel_INFO [135.312264463] Cancel: stopping motor.
TaskAutoShoot.autoTask_INFO [135.435934074] <Event name="StateInfo" time="135.434842107" tag="vvvvv" TaskAutoShoot.state="START" />
TaskAutoShoot.runTaskState_INFO [135.43725775] ***** Wait for left Shooter ready.
TaskAutoShoot.runTaskState_INFO [135.437542739] ***** Wait for right Shooter ready.
TaskAutoShoot.runTaskState_INFO [135.437936286] ***** Wait for Turret ready.
TaskAutoShoot.autoTask_INFO [135.444144364] <Event name="StateInfo" time="135.443018399" tag="^^^^^" TaskAutoShoot.state="START" />
TaskAutoShoot.autoTask_INFO [135.610209494] <Event name="StateInfo" time="135.61001471" tag="vvvvv" TaskAutoShoot.state="SHOOT" />
TaskAutoShoot.autoTask_INFO [135.610710955] <Event name="StateInfo" time="135.610418984" tag="^^^^^" TaskAutoShoot.state="SHOOT" />
TaskAutoShoot.autoTask_INFO [135.708209981] <Event name="StateInfo" time="135.708024636" tag="vvvvv" TaskAutoShoot.state="SHOOT" />
TaskAutoShoot.autoTask_INFO [135.709031826] <Event name="StateInfo" time="135.708631095" tag="^^^^^" TaskAutoShoot.state="SHOOT" />
TaskAutoShoot.autoTask_INFO [135.804467373] <Event name="StateInfo" time="135.804198059" tag="vvvvv" TaskAutoShoot.state="SHOOT" />
TaskAutoShoot.autoTask_INFO [135.805402508] <Event name="StateInfo" time="135.804734062" tag="^^^^^" TaskAutoShoot.state="SHOOT" />
TaskAutoShoot.autoTask_INFO [135.899917313] <Event name="StateInfo" time="135.899744509" tag="vvvvv" TaskAutoShoot.state="SHOOT" />
TaskAutoShoot.autoTask_INFO [135.900257622] <Event name="StateInfo" time="135.900120485" tag="^^^^^" TaskAutoShoot.state="SHOOT" />
TaskAutoShoot.autoTask_INFO [135.99142583] <Event name="StateInfo" time="135.990985513" tag="vvvvv" TaskAutoShoot.state="SHOOT" />
TaskAutoShoot.autoTask_INFO [135.998566682] <Event name="StateInfo" time="135.998374278" tag="^^^^^" TaskAutoShoot.state="SHOOT" />
TaskAutoShoot.autoTask_INFO [136.090871076] <Event name="StateInfo" time="136.090709835" tag="vvvvv" TaskAutoShoot.state="SHOOT" />
TaskAutoShoot.autoTask_INFO [136.096873536] <Event name="StateInfo" time="136.096064041" tag="^^^^^" TaskAutoShoot.state="SHOOT" />
TaskAutoShoot.autoTask_INFO [136.2066169] <Event name="StateInfo" time="136.206227385" tag="vvvvv" TaskAutoShoot.state="SHOOT" />
TaskAutoShoot.autoTask_INFO [136.213902366] <Event name="StateInfo" time="136.213721491" tag="^^^^^" TaskAutoShoot.state="SHOOT" />
TaskAutoShoot.autoTask_INFO [136.301240839] <Event name="StateInfo" time="136.301073594" tag="vvvvv" TaskAutoShoot.state="SHOOT" />
TaskAutoShoot.autoTask_INFO [136.304750054] <Event name="StateInfo" time="136.304552202" tag="^^^^^" TaskAutoShoot.state="SHOOT" />
TaskAutoShoot.autoTask_INFO [136.413310837] <Event name="StateInfo" time="136.413143158" tag="vvvvv" TaskAutoShoot.state="SHOOT" />
TaskAutoShoot.autoTask_INFO [136.41399009] <Event name="StateInfo" time="136.413820029" tag="^^^^^" TaskAutoShoot.state="SHOOT" />
TaskAutoShoot.autoTask_INFO [136.507070783] <Event name="StateInfo" time="136.50676068" tag="vvvvv" TaskAutoShoot.state="SHOOT" />
TaskAutoShoot.runTaskState_INFO [136.514605809] ***** Start left shooter shooting (timedout=true, turretReady=false).
Shooter.shoot_INFO [136.516867991] shoot(owner=null, event=(TaskAutoShoot.leftShooterDone=CLEARED), shooter=leftShooter, autoStop=false)
Shooter.LeftTransferMotor.cancel_INFO [136.51730022] Cancel: stopping motor.
TaskAutoShoot.runTaskState_INFO [136.520185691] ***** Start right shooter shooting (timedout=true, turretReady=false).
Shooter.shoot_INFO [136.520595374] shoot(owner=null, event=(TaskAutoShoot.rightShooterDone=CLEARED), shooter=rightShooter, autoStop=false)
Shooter.RightTransferMotor.cancel_INFO [136.520904498] Cancel: stopping motor.
TaskAutoShoot.autoTask_INFO [136.523482754] <Event name="StateInfo" time="136.521303893" tag="^^^^^" TaskAutoShoot.state="SHOOT" />
FrcTeleOp.operatorControllerButtonEvent_INFO [137.973905747] ##### button=Y, pressed=false
FrcTeleOp.shoot_INFO [137.975200327] >>>>> Stop Auto Shoot.
TaskAutoShoot.cancel_INFO [137.976297954] Canceling auto task operation.
TaskAutoShoot.stopSubsystems_INFO [137.977379638] Stopping subsystems.
Shooter.LeftTransferMotor.cancel_INFO [137.979296945] Cancel: stopping motor.
Shooter.RightTransferMotor.cancel_INFO [137.980290206] Cancel: stopping motor.
Shooter.FeederMotor.cancel_INFO [137.982323973] Cancel: stopping motor.
Shooter.LeftShooter.disableGoalTracking_INFO [137.983357383] Disable Goal Tracking.
Shooter.LeftShooter.stopGoalTracking_INFO [137.986152638] Stop GoalTracking.
Shooter.LeftTiltMotor.cancel_INFO [137.988315894] Cancel: stopping motor.
Shooter.LeftPrimaryMotor.cancel_INFO [137.989370424] Cancel: stopping motor.
Shooter.RightShooter.disableGoalTracking_INFO [137.990514538] Disable Goal Tracking.
Shooter.RightShooter.stopGoalTracking_INFO [137.995138854] Stop GoalTracking.
Shooter.RightTiltMotor.cancel_INFO [137.996418056] Cancel: stopping motor.
Shooter.RightPrimaryMotor.cancel_INFO [137.999461799] Cancel: stopping motor.
Shooter.LeftShooter.cancel_INFO [138.000541102] owner=null
Shooter.LeftPrimaryMotor.cancel_INFO [138.004250182] Cancel: stopping motor.
Shooter.LeftTiltMotor.cancel_INFO [138.007535445] Cancel: stopping motor.
Shooter.RightShooter.cancel_INFO [138.008854116] owner=null
Shooter.RightPrimaryMotor.cancel_INFO [138.00992792] Cancel: stopping motor.
Shooter.RightTiltMotor.cancel_INFO [138.010933603] Cancel: stopping motor.
Shooter.LeftTransferMotor.cancel_INFO [138.011984634] Cancel: stopping motor.
Shooter.RightTransferMotor.cancel_INFO [138.012691568] Cancel: stopping motor.
Shooter.FeederMotor.cancel_INFO [138.0174284] Cancel: stopping motor.
FrcTeleOp.operatorControllerButtonEvent_INFO [138.124370152] ##### button=Y, pressed=true
FrcTeleOp.shoot_INFO [138.128782861] >>>>> Start Auto Shoot.
TaskAutoShoot.autoShoot_INFO [138.129896569] autoShoot(owner=null, event=null, taskParams=(autoStop=false, noPassback=false, noWait=false))
Shooter.setupGoalTrackingMode_INFO [138.130846342] AlliancHub: alliance=Red, fieldLengthZone=7, fieldWidthZone=0.
Shooter.setupGoalTrackingMode_INFO [138.131638358] GoalTracking(trackingMode=AllianceHub, goalPose=(x=-158.838583,y=469.110472,angle=180.000000), noPassback=false).
Shooter.LeftShooter.enableGoalTracking_INFO [138.132555236] Enable GoalTracking (trackingParams=(trackFlywheel=true,trackTiltPos=true,trackPanPos=true)).
Shooter.LeftPrimaryMotor.cancel_INFO [138.150049174] Cancel: stopping motor.
Shooter.LeftTiltMotor.cancel_INFO [138.152243987] Cancel: stopping motor.
Shooter.RightShooter.enableGoalTracking_INFO [138.153685698] Enable GoalTracking (trackingParams=(trackFlywheel=true,trackTiltPos=true,trackPanPos=true)).
Shooter.RightPrimaryMotor.cancel_INFO [138.154734952] Cancel: stopping motor.
Shooter.RightTiltMotor.cancel_INFO [138.157193436] Cancel: stopping motor.
TaskAutoShoot.autoTask_INFO [138.281795918] <Event name="StateInfo" time="138.280894617" tag="vvvvv" TaskAutoShoot.state="START" />
TaskAutoShoot.runTaskState_INFO [138.300291239] ***** Wait for left Shooter ready.
TaskAutoShoot.runTaskState_INFO [138.303977704] ***** Wait for right Shooter ready.
TaskAutoShoot.runTaskState_INFO [138.307268023] ***** Wait for Turret ready.
TaskAutoShoot.autoTask_INFO [138.309276913] <Event name="StateInfo" time="138.308793609" tag="^^^^^" TaskAutoShoot.state="START" />
TaskAutoShoot.autoTask_INFO [138.533319957] <Event name="StateInfo" time="138.532804667" tag="vvvvv" TaskAutoShoot.state="SHOOT" />
TaskAutoShoot.autoTask_INFO [138.533901742] <Event name="StateInfo" time="138.533695554" tag="^^^^^" TaskAutoShoot.state="SHOOT" />
TaskAutoShoot.autoTask_INFO [138.631465579] <Event name="StateInfo" time="138.631272624" tag="vvvvv" TaskAutoShoot.state="SHOOT" />
TaskAutoShoot.autoTask_INFO [138.632828458] <Event name="StateInfo" time="138.632635431" tag="^^^^^" TaskAutoShoot.state="SHOOT" />
TaskAutoShoot.autoTask_INFO [138.744908834] <Event name="StateInfo" time="138.744718814" tag="vvvvv" TaskAutoShoot.state="SHOOT" />
TaskAutoShoot.autoTask_INFO [138.753930958] <Event name="StateInfo" time="138.752898035" tag="^^^^^" TaskAutoShoot.state="SHOOT" />
TaskAutoShoot.autoTask_INFO [138.857052932] <Event name="StateInfo" time="138.856090555" tag="vvvvv" TaskAutoShoot.state="SHOOT" />
TaskAutoShoot.autoTask_INFO [138.85739769] <Event name="StateInfo" time="138.857246499" tag="^^^^^" TaskAutoShoot.state="SHOOT" />
Shooter.LeftShooter.goalTrackingTask_INFO [138.93853694] Shooter.LeftShooter is Ready: rpm1=4525.664063/4474.587057, rpm2=2846.601563/0.000000, tilt=21.336193/21.213094, pan=null/null
Shooter.RightShooter.goalTrackingTask_INFO [138.9796593] Shooter.RightShooter is Ready: rpm1=4509.384014/4474.587057, rpm2=2801.718750/0.000000, tilt=21.296666/21.213094, pan=null/null
TaskAutoShoot.autoTask_INFO [138.980315308] <Event name="StateInfo" time="138.980152634" tag="vvvvv" TaskAutoShoot.state="SHOOT" />
TaskAutoShoot.autoTask_INFO [138.981002204] <Event name="StateInfo" time="138.980833585" tag="^^^^^" TaskAutoShoot.state="SHOOT" />
TaskAutoShoot.autoTask_INFO [139.088605449] <Event name="StateInfo" time="139.088425347" tag="vvvvv" TaskAutoShoot.state="SHOOT" />
TaskAutoShoot.autoTask_INFO [139.098748523] <Event name="StateInfo" time="139.098551501" tag="^^^^^" TaskAutoShoot.state="SHOOT" />
TaskAutoShoot.autoTask_INFO [139.193470889] <Event name="StateInfo" time="139.193288339" tag="vvvvv" TaskAutoShoot.state="SHOOT" />
TaskAutoShoot.autoTask_INFO [139.193813842] <Event name="StateInfo" time="139.193676643" tag="^^^^^" TaskAutoShoot.state="SHOOT" />
TaskAutoShoot.autoTask_INFO [139.292266452] <Event name="StateInfo" time="139.292088622" tag="vvvvv" TaskAutoShoot.state="SHOOT" />
TaskAutoShoot.autoTask_INFO [139.301618034] <Event name="StateInfo" time="139.295134141" tag="^^^^^" TaskAutoShoot.state="SHOOT" />
TaskAutoShoot.autoTask_INFO [139.396761277] <Event name="StateInfo" time="139.396570413" tag="vvvvv" TaskAutoShoot.state="SHOOT" />
TaskAutoShoot.runTaskState_INFO [139.397927105] ***** Start left shooter shooting (timedout=true, turretReady=false).
Shooter.shoot_INFO [139.400122641] shoot(owner=null, event=(TaskAutoShoot.leftShooterDone=CLEARED), shooter=leftShooter, autoStop=false)
Shooter.LeftTransferMotor.cancel_INFO [139.401451971] Cancel: stopping motor.
TaskAutoShoot.runTaskState_INFO [139.403288601] ***** Start right shooter shooting (timedout=true, turretReady=false).
Shooter.shoot_INFO [139.407939317] shoot(owner=null, event=(TaskAutoShoot.rightShooterDone=CLEARED), shooter=rightShooter, autoStop=false)
Shooter.RightTransferMotor.cancel_INFO [139.414796832] Cancel: stopping motor.
TaskAutoShoot.autoTask_INFO [139.417240949] <Event name="StateInfo" time="139.416976344" tag="^^^^^" TaskAutoShoot.state="SHOOT" />
FrcTeleOp.driverControllerButtonEvent_INFO [139.421892093] ##### button=A, pressed=true
FrcTeleOp.driverControllerButtonEvent_INFO [139.526915361] ##### button=A, pressed=false
FrcTeleOp.driverControllerButtonEvent_INFO [139.892155373] ##### button=A, pressed=true
FrcRobot.startCompetition_INFO [140.001346982] *** Transitioning from TELEOP_MODE to DISABLED_MODE ***
Robot.cancelAll_INFO [140.007868925] Cancel all operations.
Shooter.LeftShooter.cancel_INFO [140.011746125] owner=null
Shooter.LeftShooter.disableGoalTracking_INFO [140.012442455] Disable Goal Tracking.
Shooter.LeftShooter.stopGoalTracking_INFO [140.013319117] Stop GoalTracking.
Shooter.LeftTiltMotor.cancel_INFO [140.01393171] Cancel: stopping motor.
Shooter.LeftPrimaryMotor.cancel_INFO [140.014597066] Cancel: stopping motor.
Shooter.LeftPrimaryMotor.cancel_INFO [140.015997972] Cancel: stopping motor.
Shooter.LeftTiltMotor.cancel_INFO [140.017092009] Cancel: stopping motor.
Shooter.RightShooter.cancel_INFO [140.021451596] owner=null
Shooter.RightShooter.disableGoalTracking_INFO [140.024030906] Disable Goal Tracking.
Shooter.RightShooter.stopGoalTracking_INFO [140.026091583] Stop GoalTracking.
Shooter.RightTiltMotor.cancel_INFO [140.027089004] Cancel: stopping motor.
Shooter.RightPrimaryMotor.cancel_INFO [140.03083261] Cancel: stopping motor.
Shooter.RightPrimaryMotor.cancel_INFO [140.033603567] Cancel: stopping motor.
Shooter.RightTiltMotor.cancel_INFO [140.039956307] Cancel: stopping motor.
Shooter.LeftTransferMotor.cancel_INFO [140.045390361] Cancel: stopping motor.
Shooter.RightTransferMotor.cancel_INFO [140.048010409] Cancel: stopping motor.
Shooter.FeederMotor.cancel_INFO [140.049603935] Cancel: stopping motor.
Intake.IntakeMotor.cancel_INFO [140.098221525] Cancel: stopping motor.
Climber.Motor.cancel_INFO [140.099618051] Cancel: stopping motor.
TaskAutoShoot.cancel_INFO [140.100334802] Canceling auto task operation.
TaskAutoShoot.stopSubsystems_INFO [140.101533802] Stopping subsystems.
Shooter.LeftTransferMotor.cancel_INFO [140.104271545] Cancel: stopping motor.
Shooter.RightTransferMotor.cancel_INFO [140.106054475] Cancel: stopping motor.
Shooter.FeederMotor.cancel_INFO [140.107799016] Cancel: stopping motor.
Shooter.LeftShooter.cancel_INFO [140.109827291] owner=null
Shooter.LeftPrimaryMotor.cancel_INFO [140.110904575] Cancel: stopping motor.
Shooter.LeftTiltMotor.cancel_INFO [140.115670326] Cancel: stopping motor.
Shooter.RightShooter.cancel_INFO [140.11798043] owner=null
Shooter.RightPrimaryMotor.cancel_INFO [140.119098355] Cancel: stopping motor.
Shooter.RightTiltMotor.cancel_INFO [140.120337634] Cancel: stopping motor.
Shooter.LeftTransferMotor.cancel_INFO [140.121159807] Cancel: stopping motor.
Shooter.RightTransferMotor.cancel_INFO [140.122245994] Cancel: stopping motor.
Shooter.FeederMotor.cancel_INFO [140.123417824] Cancel: stopping motor.
TaskAutoClimb.cancel_INFO [140.188993469] Canceling auto task operation.
FrcRobot.printPerformanceMetrics_INFO [140.194514906] [FrcRobot] Loop Performance Metrics:
Average Loop Interval = 0.001801s (freq=555.241Hz, min=0.000746s, max=0.612630s)
[03]                StartTask=0.000000s
[04]          PrePeriodicTask=0.000174s
[07]               UpdateTask=0.000946s
[02]                StartMode=0.000000s
[06]         PostPeriodicTask=0.000306s
[08]                 StopTask=0.000000s
[09]                 StopMode=0.000000s
[00]                RobotInit=17.529510s
[01]           RobotStartMode=0.000002s
[05]                 Periodic=0.000303s
[10]            RobotStopMode=0.000003s

TrcTaskMgr.printTaskPerformanceMetrics_INFO [140.194997025] FrcDashboard.task: STANDALONE_TASK=3.8447602424959785E-4/0.010539053518043035
TrcTaskMgr.printTaskPerformanceMetrics_INFO [140.195648567] TrcWatchdogMgr: STANDALONE_TASK=1.6840821037463976E-4/0.9975395643198848
TrcTaskMgr.printTaskPerformanceMetrics_INFO [140.195955246] DriverController.buttonEventTask: PRE_PERIODIC_TASK=1.216507738862627E-5/0.002502904272955164
TrcTaskMgr.printTaskPerformanceMetrics_INFO [140.196219961] OperatorController.buttonEventTask: PRE_PERIODIC_TASK=6.076346861123048E-5/0.002502999274566681
TrcTaskMgr.printTaskPerformanceMetrics_INFO [140.20118014] flDriveMotor.pidCtrlTask: OUTPUT_TASK=6.357421306511676E-5/0.012085345423554796
TrcTaskMgr.printTaskPerformanceMetrics_INFO [140.201707162] flDriveMotor.odometryCleanupTask: STOP_TASK=3.358525E-5/41.20688680325
TrcTaskMgr.printTaskPerformanceMetrics_INFO [140.202019466] frDriveMotor.pidCtrlTask: OUTPUT_TASK=3.9779656887311194E-5/0.012085263882090903
TrcTaskMgr.printTaskPerformanceMetrics_INFO [140.202300959] blDriveMotor.pidCtrlTask: OUTPUT_TASK=3.4911560346627685E-5/0.012085263484060695
TrcTaskMgr.printTaskPerformanceMetrics_INFO [140.202568448] brDriveMotor.pidCtrlTask: OUTPUT_TASK=3.425096269228092E-5/0.01208526322586483
TrcTaskMgr.printTaskPerformanceMetrics_INFO [140.202802746] flSteerMotor.pidCtrlTask: OUTPUT_TASK=4.1667935198719286E-5/0.012085263022586484
TrcTaskMgr.printTaskPerformanceMetrics_INFO [140.203093074] frSteerMotor.pidCtrlTask: OUTPUT_TASK=3.578949471009953E-5/0.01208526613116865
TrcTaskMgr.printTaskPerformanceMetrics_INFO [140.203386975] blSteerMotor.pidCtrlTask: OUTPUT_TASK=3.531766555300341E-5/0.012085274806396604
TrcTaskMgr.printTaskPerformanceMetrics_INFO [140.203663183] brSteerMotor.pidCtrlTask: OUTPUT_TASK=3.379534690610426E-5/0.012085276522586483
TrcTaskMgr.printTaskPerformanceMetrics_INFO [140.203947103] FrcSwerveDrive.odometryTask: INPUT_TASK=0.001734702100631579/0.013877629925473684
TrcTaskMgr.printTaskPerformanceMetrics_INFO [140.204177115] FrcSwerveDrive.stopTask: STOP_TASK=0.0017953835/41.206871216
TrcTaskMgr.printTaskPerformanceMetrics_INFO [140.204521012] purePursuitDrive.driveTask: POST_PERIODIC_TASK=0.007094012825396826/0.047861901804232804
TrcTaskMgr.printTaskPerformanceMetrics_INFO [140.204790283] LED: OUTPUT_TASK=4.9904426150205336E-5/0.012085276843530312
TrcTaskMgr.printTaskPerformanceMetrics_INFO [140.205043462] Shooter.LeftPrimaryMotor.pidCtrlTask: OUTPUT_TASK=2.1418143940975845E-5/0.012085262875617736
TrcTaskMgr.printTaskPerformanceMetrics_INFO [140.210739987] Shooter.LeftFollowerMotor.pidCtrlTask: OUTPUT_TASK=4.885554847915361E-6/0.012085262461369805
TrcTaskMgr.printTaskPerformanceMetrics_INFO [140.211163783] Shooter.LeftTiltMotor.pidCtrlTask: OUTPUT_TASK=4.356909976682676E-4/0.012085262234495719
TrcTaskMgr.printTaskPerformanceMetrics_INFO [140.213918284] Shooter.LeftShooter.goalTracking: POST_PERIODIC_TASK=0.05185424312790698/0.27289808660299003
TrcTaskMgr.printTaskPerformanceMetrics_INFO [140.214309306] Shooter.LeftTransferMotor.pidCtrlTask: OUTPUT_TASK=7.807710701235426E-6/0.012085292636923614
TrcTaskMgr.printTaskPerformanceMetrics_INFO [140.214605286] Shooter.RightPrimaryMotor.pidCtrlTask: OUTPUT_TASK=2.1865235496780928E-5/0.01208529216680007
TrcTaskMgr.printTaskPerformanceMetrics_INFO [140.216501071] Shooter.RightFollowerMotor.pidCtrlTask: OUTPUT_TASK=6.663082965025231E-6/0.01208529196680007
TrcTaskMgr.printTaskPerformanceMetrics_INFO [140.21683571] Shooter.RightTiltMotor.pidCtrlTask: OUTPUT_TASK=4.278448194188272E-4/0.012085291749156082
TrcTaskMgr.printTaskPerformanceMetrics_INFO [140.218135801] Shooter.RightShooter.goalTracking: POST_PERIODIC_TASK=0.01771998358637874/0.27272976642524915
TrcTaskMgr.printTaskPerformanceMetrics_INFO [140.218599398] Shooter.RightTransferMotor.pidCtrlTask: OUTPUT_TASK=7.1648090481990606E-6/0.012085288266713068
TrcTaskMgr.printTaskPerformanceMetrics_INFO [140.218896336] Shooter.TurretMotor.pidCtrlTask: OUTPUT_TASK=6.222145211414651E-4/0.012085287923507918
TrcTaskMgr.printTaskPerformanceMetrics_INFO [140.219153078] Shooter.TurretMotor.converterTask: INPUT_TASK=9.228338677570906E-5/0.01208525352869323
TrcTaskMgr.printTaskPerformanceMetrics_INFO [140.222256486] Shooter.FeederMotor.pidCtrlTask: OUTPUT_TASK=7.64375044370976E-6/0.012085278358378283
TrcTaskMgr.printTaskPerformanceMetrics_INFO [140.222693228] ShooterfieldLengthTrigger.triggerTask: PRE_PERIODIC_TASK=5.137154834976647E-5/0.0017995061915204982
TrcTaskMgr.printTaskPerformanceMetrics_INFO [140.224331194] ShooterfieldWidthTrigger.triggerTask: PRE_PERIODIC_TASK=7.438236299948106E-6/0.0017995057475713545
TrcTaskMgr.printTaskPerformanceMetrics_INFO [140.224677426] Intake.IntakeMotor.pidCtrlTask: OUTPUT_TASK=6.0761106973830735E-6/0.01208512911094098
TrcTaskMgr.printTaskPerformanceMetrics_INFO [140.224955554] Climber.Motor.pidCtrlTask: OUTPUT_TASK=6.590781305679288E-5/0.012085133121311247
TrcTaskMgr.printTaskPerformanceMetrics_INFO [140.226098277] TaskAutoShoot: POST_PERIODIC_TASK=0.0023224422100840336/0.260076375994958
