Robot.robotStartMode_INFO [0.040358422] Sun Mar 22 17:07:04 UTC 2026: ***** TELEOP_MODE *****
Robot.robotStartMode_INFO [0.046483697] <BuildInfo Host="TRC492-DS2024" User="User" Timestamp="2026-03-22 08:55:49" Branch="dev" />
FrcTeleOp.driverControllerButtonEvent_INFO [2.518523448] ##### button=X, pressed=true
FrcTeleOp.driverControllerButtonEvent_INFO [2.52264659] >>>>> Reset field forward heading (heading=-1.4874164232412233)
FrcTeleOp.driverControllerButtonEvent_INFO [2.5681737] ##### button=X, pressed=false
FrcTeleOp.driverControllerButtonEvent_INFO [3.279743759] ##### button=A, pressed=true
FrcTeleOp.driverControllerButtonEvent_INFO [3.331557431] ##### button=A, pressed=false
FrcTeleOp.driverControllerButtonEvent_INFO [4.654465016] ##### button=A, pressed=true
FrcTeleOp.driverControllerButtonEvent_INFO [4.757213725] ##### button=A, pressed=false
FrcTeleOp.operatorControllerButtonEvent_INFO [5.323610027] ##### button=Y, pressed=true
FrcTeleOp.shoot_INFO [5.325681938] >>>>> Start Auto Shoot.
TaskAutoShoot.autoShoot_INFO [5.326389613] autoShoot(owner=null, event=null, taskParams=(autoStop=false, noPassback=false, noWait=false))
Shooter.setupGoalTrackingMode_INFO [5.327240073] PassingBack: alliance=Blue, fieldLengthZone=2, fieldWidthZone=3.
Shooter.setupGoalTrackingMode_INFO [5.327836868] GoalTracking(trackingMode=Passback, goalPose=(x=-79.419291,y=78.305000,angle=0.000000), noPassback=false).
Shooter.LeftShooter.enableGoalTracking_INFO [5.328297054] Enable GoalTracking (trackingParams=(trackFlywheel=true,trackTiltPos=true,trackPanPos=true)).
Shooter.LeftPrimaryMotor.cancel_INFO [5.328871817] Cancel: stopping motor.
Shooter.LeftTiltMotor.cancel_INFO [5.329470809] Cancel: stopping motor.
Shooter.RightShooter.enableGoalTracking_INFO [5.330318066] Enable GoalTracking (trackingParams=(trackFlywheel=true,trackTiltPos=true,trackPanPos=true)).
Shooter.RightPrimaryMotor.cancel_INFO [5.34095261] Cancel: stopping motor.
Shooter.RightTiltMotor.cancel_INFO [5.343583815] Cancel: stopping motor.
TaskAutoShoot.autoTask_INFO [5.433752075] <Event name="StateInfo" time="5.433443721" tag="vvvvv" TaskAutoShoot.state="START" />
TaskAutoShoot.runTaskState_INFO [5.434963535] ***** Wait for left Shooter ready.
TaskAutoShoot.runTaskState_INFO [5.435371408] ***** Wait for right Shooter ready.
TaskAutoShoot.runTaskState_INFO [5.435767148] ***** Wait for Turret ready.
TaskAutoShoot.autoTask_INFO [5.440739182] <Event name="StateInfo" time="5.436053779" tag="^^^^^" TaskAutoShoot.state="START" />
TaskAutoShoot.autoTask_INFO [5.634668727] <Event name="StateInfo" time="5.632049446" tag="vvvvv" TaskAutoShoot.state="SHOOT" />
TaskAutoShoot.autoTask_INFO [5.635904049] <Event name="StateInfo" time="5.635672465" tag="^^^^^" TaskAutoShoot.state="SHOOT" />
FrcTeleOp.operatorControllerButtonEvent_INFO [5.639880318] ##### button=Y, pressed=false
FrcTeleOp.shoot_INFO [5.649070777] >>>>> Stop Auto Shoot.
TaskAutoShoot.cancel_INFO [5.652397631] Canceling auto task operation.
TaskAutoShoot.stopSubsystems_INFO [5.654095484] Stopping subsystems.
Shooter.LeftTransferMotor.cancel_INFO [5.657827648] Cancel: stopping motor.
Shooter.RightTransferMotor.cancel_INFO [5.659279135] Cancel: stopping motor.
Shooter.FeederMotor.cancel_INFO [5.66039775] Cancel: stopping motor.
Shooter.LeftShooter.disableGoalTracking_INFO [5.661412722] Disable Goal Tracking.
Shooter.LeftShooter.stopGoalTracking_INFO [5.662441549] Stop GoalTracking.
Shooter.LeftTiltMotor.cancel_INFO [5.663623646] Cancel: stopping motor.
Shooter.LeftPrimaryMotor.cancel_INFO [5.664944504] Cancel: stopping motor.
Shooter.RightShooter.disableGoalTracking_INFO [5.668352419] Disable Goal Tracking.
Shooter.RightShooter.stopGoalTracking_INFO [5.670197873] Stop GoalTracking.
Shooter.RightTiltMotor.cancel_INFO [5.671153027] Cancel: stopping motor.
Shooter.RightPrimaryMotor.cancel_INFO [5.672472937] Cancel: stopping motor.
Shooter.LeftShooter.cancel_INFO [5.673936725] owner=null
Shooter.LeftPrimaryMotor.cancel_INFO [5.678655293] Cancel: stopping motor.
Shooter.LeftTiltMotor.cancel_INFO [5.680367391] Cancel: stopping motor.
Shooter.RightShooter.cancel_INFO [5.701987558] owner=null
Shooter.RightPrimaryMotor.cancel_INFO [5.703701159] Cancel: stopping motor.
Shooter.RightTiltMotor.cancel_INFO [5.705395145] Cancel: stopping motor.
Shooter.LeftTransferMotor.cancel_INFO [5.706631032] Cancel: stopping motor.
Shooter.RightTransferMotor.cancel_INFO [5.71494968] Cancel: stopping motor.
Shooter.FeederMotor.cancel_INFO [5.716989241] Cancel: stopping motor.
FrcTeleOp.operatorControllerButtonEvent_INFO [6.059449216] ##### button=Y, pressed=true
FrcTeleOp.shoot_INFO [6.061256033] >>>>> Start Auto Shoot.
TaskAutoShoot.autoShoot_INFO [6.062968671] autoShoot(owner=null, event=null, taskParams=(autoStop=false, noPassback=false, noWait=false))
Shooter.setupGoalTrackingMode_INFO [6.064563097] PassingBack: alliance=Blue, fieldLengthZone=2, fieldWidthZone=3.
Shooter.setupGoalTrackingMode_INFO [6.065679139] GoalTracking(trackingMode=Passback, goalPose=(x=-79.419291,y=78.305000,angle=0.000000), noPassback=false).
Shooter.LeftShooter.enableGoalTracking_INFO [6.066579538] Enable GoalTracking (trackingParams=(trackFlywheel=true,trackTiltPos=true,trackPanPos=true)).
Shooter.LeftPrimaryMotor.cancel_INFO [6.067794545] Cancel: stopping motor.
Shooter.LeftTiltMotor.cancel_INFO [6.070794787] Cancel: stopping motor.
Shooter.RightShooter.enableGoalTracking_INFO [6.072739314] Enable GoalTracking (trackingParams=(trackFlywheel=true,trackTiltPos=true,trackPanPos=true)).
Shooter.RightPrimaryMotor.cancel_INFO [6.075283789] Cancel: stopping motor.
Shooter.RightTiltMotor.cancel_INFO [6.076443875] Cancel: stopping motor.
TaskAutoShoot.autoTask_INFO [6.184620859] <Event name="StateInfo" time="6.181885521" tag="vvvvv" TaskAutoShoot.state="START" />
TaskAutoShoot.runTaskState_INFO [6.186096284] ***** Wait for left Shooter ready.
TaskAutoShoot.runTaskState_INFO [6.187408482] ***** Wait for right Shooter ready.
TaskAutoShoot.runTaskState_INFO [6.190051946] ***** Wait for Turret ready.
TaskAutoShoot.autoTask_INFO [6.191082573] <Event name="StateInfo" time="6.190834013" tag="^^^^^" TaskAutoShoot.state="START" />
TaskAutoShoot.autoTask_INFO [6.387435078] <Event name="StateInfo" time="6.387136518" tag="vvvvv" TaskAutoShoot.state="SHOOT" />
TaskAutoShoot.autoTask_INFO [6.392644509] <Event name="StateInfo" time="6.392246023" tag="^^^^^" TaskAutoShoot.state="SHOOT" />
TaskAutoShoot.autoTask_INFO [6.493463872] <Event name="StateInfo" time="6.493008696" tag="vvvvv" TaskAutoShoot.state="SHOOT" />
TaskAutoShoot.autoTask_INFO [6.49815661] <Event name="StateInfo" time="6.49789426" tag="^^^^^" TaskAutoShoot.state="SHOOT" />
TaskAutoShoot.autoTask_INFO [6.598412645] <Event name="StateInfo" time="6.598181006" tag="vvvvv" TaskAutoShoot.state="SHOOT" />
TaskAutoShoot.autoTask_INFO [6.605861553] <Event name="StateInfo" time="6.605648345" tag="^^^^^" TaskAutoShoot.state="SHOOT" />
TaskAutoShoot.autoTask_INFO [6.7111824] <Event name="StateInfo" time="6.710955201" tag="vvvvv" TaskAutoShoot.state="SHOOT" />
TaskAutoShoot.autoTask_INFO [6.718538041] <Event name="StateInfo" time="6.718322537" tag="^^^^^" TaskAutoShoot.state="SHOOT" />
TaskAutoShoot.autoTask_INFO [6.807962068] <Event name="StateInfo" time="6.807726651" tag="vvvvv" TaskAutoShoot.state="SHOOT" />
TaskAutoShoot.autoTask_INFO [6.809072414] <Event name="StateInfo" time="6.808733771" tag="^^^^^" TaskAutoShoot.state="SHOOT" />
TaskAutoShoot.autoTask_INFO [6.922340623] <Event name="StateInfo" time="6.922127042" tag="vvvvv" TaskAutoShoot.state="SHOOT" />
TaskAutoShoot.autoTask_INFO [6.924766393] <Event name="StateInfo" time="6.924564256" tag="^^^^^" TaskAutoShoot.state="SHOOT" />
TaskAutoShoot.autoTask_INFO [7.032246179] <Event name="StateInfo" time="7.028705035" tag="vvvvv" TaskAutoShoot.state="SHOOT" />
TaskAutoShoot.autoTask_INFO [7.034018708] <Event name="StateInfo" time="7.033811526" tag="^^^^^" TaskAutoShoot.state="SHOOT" />
Shooter.LeftShooter.goalTrackingTask_INFO [7.121644155] Shooter.LeftShooter is Ready: rpm1=5056.469351/5098.056703, rpm2=3177.421875/0.000000, tilt=40.032672/40.000000, pan=null/null
TaskAutoShoot.autoTask_INFO [7.14936065] <Event name="StateInfo" time="7.149174202" tag="vvvvv" TaskAutoShoot.state="SHOOT" />
TaskAutoShoot.autoTask_INFO [7.1544929] <Event name="StateInfo" time="7.154294909" tag="^^^^^" TaskAutoShoot.state="SHOOT" />
TaskAutoShoot.autoTask_INFO [7.247342145] <Event name="StateInfo" time="7.247149999" tag="vvvvv" TaskAutoShoot.state="SHOOT" />
TaskAutoShoot.runTaskState_INFO [7.251044059] ***** Start left shooter shooting (timedout=true, turretReady=false).
Shooter.shoot_INFO [7.253468184] shoot(owner=null, event=(TaskAutoShoot.leftShooterDone=CLEARED), shooter=leftShooter, autoStop=false)
Shooter.LeftTransferMotor.cancel_INFO [7.260513086] Cancel: stopping motor.
TaskAutoShoot.runTaskState_INFO [7.264120286] ***** Start right shooter shooting (timedout=true, turretReady=false).
Shooter.shoot_INFO [7.268865504] shoot(owner=null, event=(TaskAutoShoot.rightShooterDone=CLEARED), shooter=rightShooter, autoStop=false)
Shooter.RightTransferMotor.cancel_INFO [7.274051464] Cancel: stopping motor.
TaskAutoShoot.autoTask_INFO [7.284076677] <Event name="StateInfo" time="7.282484411" tag="^^^^^" TaskAutoShoot.state="SHOOT" />
Shooter.setupGoalTrackingMode_INFO [7.71371115] PassingBack: alliance=Blue, fieldLengthZone=3, fieldWidthZone=3.
Shooter.setupGoalTrackingMode_INFO [7.715140348] GoalTracking(trackingMode=Passback, goalPose=(x=-79.419291,y=78.305000,angle=0.000000), noPassback=false).
Shooter.setupGoalTrackingMode_INFO [8.378911313] PassingBack: alliance=Blue, fieldLengthZone=4, fieldWidthZone=3.
Shooter.setupGoalTrackingMode_INFO [8.382227497] GoalTracking(trackingMode=Passback, goalPose=(x=-79.419291,y=78.305000,angle=0.000000), noPassback=false).
Shooter.RightShooter.goalTrackingTask_INFO [8.860345338] Shooter.RightShooter is Ready: rpm1=5566.262019/5527.833920, rpm2=3437.460938/0.000000, tilt=39.953619/40.000000, pan=null/null
Shooter.setupGoalTrackingMode_INFO [9.594157907] PassingBack: alliance=Blue, fieldLengthZone=3, fieldWidthZone=3.
Shooter.setupGoalTrackingMode_INFO [9.605231951] GoalTracking(trackingMode=Passback, goalPose=(x=-79.419291,y=78.305000,angle=0.000000), noPassback=false).
Shooter.setupGoalTrackingMode_INFO [10.184344514] PassingBack: alliance=Blue, fieldLengthZone=2, fieldWidthZone=3.
Shooter.setupGoalTrackingMode_INFO [10.185756545] GoalTracking(trackingMode=Passback, goalPose=(x=-79.419291,y=78.305000,angle=0.000000), noPassback=false).
TaskAutoShoot.cancel_INFO [12.964750481] Canceling auto task operation.
TaskAutoShoot.stopSubsystems_INFO [12.965763689] Stopping subsystems.
Shooter.LeftTransferMotor.cancel_INFO [12.966426611] Cancel: stopping motor.
Shooter.RightTransferMotor.cancel_INFO [12.9770024] Cancel: stopping motor.
Shooter.FeederMotor.cancel_INFO [12.978191591] Cancel: stopping motor.
Shooter.LeftShooter.disableGoalTracking_INFO [12.979721332] Disable Goal Tracking.
Shooter.LeftShooter.stopGoalTracking_INFO [12.98083472] Stop GoalTracking.
Shooter.LeftTiltMotor.cancel_INFO [12.981903297] Cancel: stopping motor.
Shooter.LeftPrimaryMotor.cancel_INFO [12.984703396] Cancel: stopping motor.
Shooter.RightShooter.disableGoalTracking_INFO [12.985808349] Disable Goal Tracking.
Shooter.RightShooter.stopGoalTracking_INFO [12.989277964] Stop GoalTracking.
Shooter.RightTiltMotor.cancel_INFO [12.991827577] Cancel: stopping motor.
Shooter.RightPrimaryMotor.cancel_INFO [12.993004133] Cancel: stopping motor.
Shooter.LeftShooter.cancel_INFO [12.996239155] owner=null
Shooter.LeftPrimaryMotor.cancel_INFO [12.997186934] Cancel: stopping motor.
Shooter.LeftTiltMotor.cancel_INFO [12.998337129] Cancel: stopping motor.
Shooter.RightShooter.cancel_INFO [12.999510551] owner=null
Shooter.RightPrimaryMotor.cancel_INFO [13.000747094] Cancel: stopping motor.
Shooter.RightTiltMotor.cancel_INFO [13.002417014] Cancel: stopping motor.
Shooter.LeftTransferMotor.cancel_INFO [13.004145628] Cancel: stopping motor.
Shooter.RightTransferMotor.cancel_INFO [13.008400708] Cancel: stopping motor.
Shooter.FeederMotor.cancel_INFO [13.013259492] Cancel: stopping motor.
Shooter.setupGoalTrackingMode_INFO [13.081902043] PassingBack: alliance=Blue, fieldLengthZone=2, fieldWidthZone=2.
Shooter.setupGoalTrackingMode_INFO [13.084628971] GoalTracking(trackingMode=Disabled, goalPose=null, noPassback=false).
FrcTeleOp.operatorControllerButtonEvent_INFO [13.421867218] ##### button=Y, pressed=false
FrcTeleOp.shoot_INFO [13.431896915] >>>>> Stop Auto Shoot.
TaskAutoShoot.cancel_INFO [13.433736125] Canceling auto task operation.
FrcTeleOp.operatorControllerButtonEvent_INFO [14.05362603] ##### button=Y, pressed=true
FrcTeleOp.shoot_INFO [14.056463566] >>>>> Start Auto Shoot.
TaskAutoShoot.autoShoot_INFO [14.059518591] autoShoot(owner=null, event=null, taskParams=(autoStop=false, noPassback=false, noWait=false))
Shooter.setupGoalTrackingMode_INFO [14.061944149] PassingBack: alliance=Blue, fieldLengthZone=2, fieldWidthZone=0.
Shooter.setupGoalTrackingMode_INFO [14.064292503] GoalTracking(trackingMode=Passback, goalPose=(x=-238.257874,y=78.305000,angle=0.000000), noPassback=false).
Shooter.LeftShooter.enableGoalTracking_INFO [14.066452747] Enable GoalTracking (trackingParams=(trackFlywheel=true,trackTiltPos=true,trackPanPos=true)).
Shooter.LeftPrimaryMotor.cancel_INFO [14.068151698] Cancel: stopping motor.
Shooter.LeftTiltMotor.cancel_INFO [14.069874684] Cancel: stopping motor.
Shooter.RightShooter.enableGoalTracking_INFO [14.072721377] Enable GoalTracking (trackingParams=(trackFlywheel=true,trackTiltPos=true,trackPanPos=true)).
Shooter.RightPrimaryMotor.cancel_INFO [14.07490147] Cancel: stopping motor.
Shooter.RightTiltMotor.cancel_INFO [14.077483817] Cancel: stopping motor.
TaskAutoShoot.autoTask_INFO [14.173585392] <Event name="StateInfo" time="14.173292391" tag="vvvvv" TaskAutoShoot.state="START" />
TaskAutoShoot.runTaskState_INFO [14.175029421] ***** Wait for left Shooter ready.
TaskAutoShoot.runTaskState_INFO [14.178346814] ***** Wait for right Shooter ready.
TaskAutoShoot.runTaskState_INFO [14.180904794] ***** Wait for Turret ready.
TaskAutoShoot.autoTask_INFO [14.18538039] <Event name="StateInfo" time="14.185108269" tag="^^^^^" TaskAutoShoot.state="START" />
TaskAutoShoot.autoTask_INFO [14.371046316] <Event name="StateInfo" time="14.370366758" tag="vvvvv" TaskAutoShoot.state="SHOOT" />
TaskAutoShoot.autoTask_INFO [14.379326588] <Event name="StateInfo" time="14.372260266" tag="^^^^^" TaskAutoShoot.state="SHOOT" />
TaskAutoShoot.autoTask_INFO [14.471211418] <Event name="StateInfo" time="14.470821538" tag="vvvvv" TaskAutoShoot.state="SHOOT" />
TaskAutoShoot.autoTask_INFO [14.483816588] <Event name="StateInfo" time="14.483217467" tag="^^^^^" TaskAutoShoot.state="SHOOT" />
Shooter.LeftShooter.goalTrackingTask_INFO [14.552347918] Shooter.LeftShooter is Ready: rpm1=4835.174279/4808.006085, rpm2=2994.843750/0.000000, tilt=40.032672/40.000000, pan=null/null
Shooter.RightShooter.goalTrackingTask_INFO [14.578441297] Shooter.RightShooter is Ready: rpm1=4771.189904/4808.006085, rpm2=2943.632813/0.000000, tilt=40.032672/40.000000, pan=null/null
TaskAutoShoot.autoTask_INFO [14.580931177] <Event name="StateInfo" time="14.580724747" tag="vvvvv" TaskAutoShoot.state="SHOOT" />
TaskAutoShoot.autoTask_INFO [14.584348643] <Event name="StateInfo" time="14.584136486" tag="^^^^^" TaskAutoShoot.state="SHOOT" />
TaskAutoShoot.autoTask_INFO [14.68919322] <Event name="StateInfo" time="14.688922655" tag="vvvvv" TaskAutoShoot.state="SHOOT" />
TaskAutoShoot.autoTask_INFO [14.695091204] <Event name="StateInfo" time="14.690994048" tag="^^^^^" TaskAutoShoot.state="SHOOT" />
TaskAutoShoot.autoTask_INFO [14.790367924] <Event name="StateInfo" time="14.79015002" tag="vvvvv" TaskAutoShoot.state="SHOOT" />
TaskAutoShoot.autoTask_INFO [14.791878085] <Event name="StateInfo" time="14.791669799" tag="^^^^^" TaskAutoShoot.state="SHOOT" />
TaskAutoShoot.autoTask_INFO [14.886511534] <Event name="StateInfo" time="14.88628675" tag="vvvvv" TaskAutoShoot.state="SHOOT" />
TaskAutoShoot.autoTask_INFO [14.895294133] <Event name="StateInfo" time="14.894764559" tag="^^^^^" TaskAutoShoot.state="SHOOT" />
TaskAutoShoot.autoTask_INFO [15.002818729] <Event name="StateInfo" time="15.001929518" tag="vvvvv" TaskAutoShoot.state="SHOOT" />
TaskAutoShoot.autoTask_INFO [15.006382494] <Event name="StateInfo" time="15.006186986" tag="^^^^^" TaskAutoShoot.state="SHOOT" />
TaskAutoShoot.autoTask_INFO [15.116875939] <Event name="StateInfo" time="15.11656579" tag="vvvvv" TaskAutoShoot.state="SHOOT" />
TaskAutoShoot.autoTask_INFO [15.128097213] <Event name="StateInfo" time="15.119996426" tag="^^^^^" TaskAutoShoot.state="SHOOT" />
TaskAutoShoot.autoTask_INFO [15.22941591] <Event name="StateInfo" time="15.229188231" tag="vvvvv" TaskAutoShoot.state="SHOOT" />
TaskAutoShoot.runTaskState_INFO [15.230827574] ***** Start left shooter shooting (timedout=true, turretReady=false).
Shooter.shoot_INFO [15.236839657] shoot(owner=null, event=(TaskAutoShoot.leftShooterDone=CLEARED), shooter=leftShooter, autoStop=false)
Shooter.LeftTransferMotor.cancel_INFO [15.23881066] Cancel: stopping motor.
TaskAutoShoot.runTaskState_INFO [15.240360077] ***** Start right shooter shooting (timedout=true, turretReady=false).
Shooter.shoot_INFO [15.242224288] shoot(owner=null, event=(TaskAutoShoot.rightShooterDone=CLEARED), shooter=rightShooter, autoStop=false)
Shooter.RightTransferMotor.cancel_INFO [15.243998403] Cancel: stopping motor.
TaskAutoShoot.autoTask_INFO [15.246247858] <Event name="StateInfo" time="15.245865338" tag="^^^^^" TaskAutoShoot.state="SHOOT" />
TaskAutoShoot.cancel_INFO [15.351624949] Canceling auto task operation.
TaskAutoShoot.stopSubsystems_INFO [15.352245074] Stopping subsystems.
Shooter.LeftTransferMotor.cancel_INFO [15.355467656] Cancel: stopping motor.
Shooter.RightTransferMotor.cancel_INFO [15.356760314] Cancel: stopping motor.
Shooter.FeederMotor.cancel_INFO [15.36331486] Cancel: stopping motor.
Shooter.LeftShooter.disableGoalTracking_INFO [15.363966681] Disable Goal Tracking.
Shooter.LeftShooter.stopGoalTracking_INFO [15.364381828] Stop GoalTracking.
Shooter.LeftTiltMotor.cancel_INFO [15.368182429] Cancel: stopping motor.
Shooter.LeftPrimaryMotor.cancel_INFO [15.374040368] Cancel: stopping motor.
Shooter.RightShooter.disableGoalTracking_INFO [15.375442166] Disable Goal Tracking.
Shooter.RightShooter.stopGoalTracking_INFO [15.3781102] Stop GoalTracking.
Shooter.RightTiltMotor.cancel_INFO [15.381583589] Cancel: stopping motor.
Shooter.RightPrimaryMotor.cancel_INFO [15.384581964] Cancel: stopping motor.
Shooter.LeftShooter.cancel_INFO [15.385572788] owner=null
Shooter.LeftPrimaryMotor.cancel_INFO [15.386175008] Cancel: stopping motor.
Shooter.LeftTiltMotor.cancel_INFO [15.386978955] Cancel: stopping motor.
Shooter.RightShooter.cancel_INFO [15.387451455] owner=null
Shooter.RightPrimaryMotor.cancel_INFO [15.388218813] Cancel: stopping motor.
Shooter.RightTiltMotor.cancel_INFO [15.394413603] Cancel: stopping motor.
Shooter.LeftTransferMotor.cancel_INFO [15.395339957] Cancel: stopping motor.
Shooter.RightTransferMotor.cancel_INFO [15.399551812] Cancel: stopping motor.
Shooter.FeederMotor.cancel_INFO [15.404046382] Cancel: stopping motor.
Shooter.setupGoalTrackingMode_INFO [15.458133106] PassingBack: alliance=Blue, fieldLengthZone=2, fieldWidthZone=1.
Shooter.setupGoalTrackingMode_INFO [15.461351531] GoalTracking(trackingMode=Disabled, goalPose=null, noPassback=false).
FrcTeleOp.operatorControllerButtonEvent_INFO [16.050053498] ##### button=Y, pressed=false
FrcTeleOp.shoot_INFO [16.05077828] >>>>> Stop Auto Shoot.
TaskAutoShoot.cancel_INFO [16.051339688] Canceling auto task operation.
FrcTeleOp.operatorControllerButtonEvent_INFO [16.566724231] ##### button=Y, pressed=true
FrcTeleOp.shoot_INFO [16.568624607] >>>>> Start Auto Shoot.
TaskAutoShoot.autoShoot_INFO [16.570236211] autoShoot(owner=null, event=null, taskParams=(autoStop=false, noPassback=false, noWait=false))
Shooter.setupGoalTrackingMode_INFO [16.57218452] PassingBack: alliance=Blue, fieldLengthZone=3, fieldWidthZone=3.
Shooter.setupGoalTrackingMode_INFO [16.574610202] GoalTracking(trackingMode=Passback, goalPose=(x=-79.419291,y=78.305000,angle=0.000000), noPassback=false).
Shooter.LeftShooter.enableGoalTracking_INFO [16.576698089] Enable GoalTracking (trackingParams=(trackFlywheel=true,trackTiltPos=true,trackPanPos=true)).
Shooter.LeftPrimaryMotor.cancel_INFO [16.578722893] Cancel: stopping motor.
Shooter.LeftTiltMotor.cancel_INFO [16.580628613] Cancel: stopping motor.
Shooter.RightShooter.enableGoalTracking_INFO [16.582745628] Enable GoalTracking (trackingParams=(trackFlywheel=true,trackTiltPos=true,trackPanPos=true)).
Shooter.RightPrimaryMotor.cancel_INFO [16.584866642] Cancel: stopping motor.
Shooter.RightTiltMotor.cancel_INFO [16.586989275] Cancel: stopping motor.
TaskAutoShoot.autoTask_INFO [16.716339809] <Event name="StateInfo" time="16.715913099" tag="vvvvv" TaskAutoShoot.state="START" />
TaskAutoShoot.runTaskState_INFO [16.718376922] ***** Wait for left Shooter ready.
TaskAutoShoot.runTaskState_INFO [16.720652263] ***** Wait for right Shooter ready.
TaskAutoShoot.runTaskState_INFO [16.721247496] ***** Wait for Turret ready.
TaskAutoShoot.autoTask_INFO [16.724170783] <Event name="StateInfo" time="16.72367027" tag="^^^^^" TaskAutoShoot.state="START" />
TaskAutoShoot.autoTask_INFO [16.958547075] <Event name="StateInfo" time="16.956886247" tag="vvvvv" TaskAutoShoot.state="SHOOT" />
TaskAutoShoot.autoTask_INFO [16.973318381] <Event name="StateInfo" time="16.96865234" tag="^^^^^" TaskAutoShoot.state="SHOOT" />
TaskAutoShoot.autoTask_INFO [17.080088332] <Event name="StateInfo" time="17.079880889" tag="vvvvv" TaskAutoShoot.state="SHOOT" />
TaskAutoShoot.autoTask_INFO [17.081769068] <Event name="StateInfo" time="17.081579397" tag="^^^^^" TaskAutoShoot.state="SHOOT" />
TaskAutoShoot.autoTask_INFO [17.185898385] <Event name="StateInfo" time="17.185706627" tag="vvvvv" TaskAutoShoot.state="SHOOT" />
TaskAutoShoot.autoTask_INFO [17.187972172] <Event name="StateInfo" time="17.187486543" tag="^^^^^" TaskAutoShoot.state="SHOOT" />
TaskAutoShoot.autoTask_INFO [17.303712707] <Event name="StateInfo" time="17.303393394" tag="vvvvv" TaskAutoShoot.state="SHOOT" />
TaskAutoShoot.autoTask_INFO [17.309885013] <Event name="StateInfo" time="17.304531026" tag="^^^^^" TaskAutoShoot.state="SHOOT" />
Shooter.setupGoalTrackingMode_INFO [17.315664767] PassingBack: alliance=Blue, fieldLengthZone=2, fieldWidthZone=3.
Shooter.setupGoalTrackingMode_INFO [17.323852921] GoalTracking(trackingMode=Passback, goalPose=(x=-79.419291,y=78.305000,angle=0.000000), noPassback=false).
TaskAutoShoot.autoTask_INFO [17.426739494] <Event name="StateInfo" time="17.426538162" tag="vvvvv" TaskAutoShoot.state="SHOOT" />
TaskAutoShoot.autoTask_INFO [17.428368663] <Event name="StateInfo" time="17.42810061" tag="^^^^^" TaskAutoShoot.state="SHOOT" />
Shooter.LeftShooter.goalTrackingTask_INFO [17.503799256] Shooter.LeftShooter is Ready: rpm1=4240.384615/4219.743361, rpm2=2659.335938/0.000000, tilt=40.032672/40.000000, pan=null/null
Shooter.RightShooter.goalTrackingTask_INFO [17.534967247] Shooter.RightShooter is Ready: rpm1=4250.606971/4219.743361, rpm2=2629.804688/0.000000, tilt=40.032672/40.000000, pan=null/null
TaskAutoShoot.autoTask_INFO [17.535510074] <Event name="StateInfo" time="17.535348083" tag="vvvvv" TaskAutoShoot.state="SHOOT" />
TaskAutoShoot.autoTask_INFO [17.535953271] <Event name="StateInfo" time="17.535711683" tag="^^^^^" TaskAutoShoot.state="SHOOT" />
TaskAutoShoot.autoTask_INFO [17.621193119] <Event name="StateInfo" time="17.620907602" tag="vvvvv" TaskAutoShoot.state="SHOOT" />
TaskAutoShoot.autoTask_INFO [17.622497898] <Event name="StateInfo" time="17.622013753" tag="^^^^^" TaskAutoShoot.state="SHOOT" />
TaskAutoShoot.autoTask_INFO [17.738210609] <Event name="StateInfo" time="17.737999974" tag="vvvvv" TaskAutoShoot.state="SHOOT" />
TaskAutoShoot.runTaskState_INFO [17.73995492] ***** Start left shooter shooting (timedout=true, turretReady=false).
Shooter.shoot_INFO [17.741551042] shoot(owner=null, event=(TaskAutoShoot.leftShooterDone=CLEARED), shooter=leftShooter, autoStop=false)
Shooter.LeftTransferMotor.cancel_INFO [17.745332798] Cancel: stopping motor.
TaskAutoShoot.runTaskState_INFO [17.747157625] ***** Start right shooter shooting (timedout=true, turretReady=false).
Shooter.shoot_INFO [17.748914265] shoot(owner=null, event=(TaskAutoShoot.rightShooterDone=CLEARED), shooter=rightShooter, autoStop=false)
Shooter.RightTransferMotor.cancel_INFO [17.75020646] Cancel: stopping motor.
TaskAutoShoot.autoTask_INFO [17.751645396] <Event name="StateInfo" time="17.751452411" tag="^^^^^" TaskAutoShoot.state="SHOOT" />
Shooter.setupGoalTrackingMode_INFO [18.43886499] PassingBack: alliance=Blue, fieldLengthZone=1, fieldWidthZone=3.
Shooter.setupGoalTrackingMode_INFO [18.441139339] GoalTracking(trackingMode=Passback, goalPose=(x=-79.419291,y=78.305000,angle=0.000000), noPassback=false).
FrcTeleOp.operatorControllerButtonEvent_INFO [18.535451783] ##### button=Y, pressed=false
FrcTeleOp.shoot_INFO [18.536891473] >>>>> Stop Auto Shoot.
TaskAutoShoot.cancel_INFO [18.54089354] Canceling auto task operation.
TaskAutoShoot.stopSubsystems_INFO [18.543530261] Stopping subsystems.
Shooter.LeftTransferMotor.cancel_INFO [18.545310897] Cancel: stopping motor.
Shooter.RightTransferMotor.cancel_INFO [18.547636781] Cancel: stopping motor.
Shooter.FeederMotor.cancel_INFO [18.550572517] Cancel: stopping motor.
Shooter.LeftShooter.disableGoalTracking_INFO [18.554973231] Disable Goal Tracking.
Shooter.LeftShooter.stopGoalTracking_INFO [18.557452064] Stop GoalTracking.
Shooter.LeftTiltMotor.cancel_INFO [18.561393522] Cancel: stopping motor.
Shooter.LeftPrimaryMotor.cancel_INFO [18.564619708] Cancel: stopping motor.
Shooter.RightShooter.disableGoalTracking_INFO [18.566441659] Disable Goal Tracking.
Shooter.RightShooter.stopGoalTracking_INFO [18.570451232] Stop GoalTracking.
Shooter.RightTiltMotor.cancel_INFO [18.572409935] Cancel: stopping motor.
Shooter.RightPrimaryMotor.cancel_INFO [18.580698418] Cancel: stopping motor.
Shooter.LeftShooter.cancel_INFO [18.585697373] owner=null
Shooter.LeftPrimaryMotor.cancel_INFO [18.587786694] Cancel: stopping motor.
Shooter.LeftTiltMotor.cancel_INFO [18.590281731] Cancel: stopping motor.
Shooter.RightShooter.cancel_INFO [18.599274033] owner=null
Shooter.RightPrimaryMotor.cancel_INFO [18.602301289] Cancel: stopping motor.
Shooter.RightTiltMotor.cancel_INFO [18.607678455] Cancel: stopping motor.
Shooter.LeftTransferMotor.cancel_INFO [18.609433065] Cancel: stopping motor.
Shooter.RightTransferMotor.cancel_INFO [18.612352062] Cancel: stopping motor.
Shooter.FeederMotor.cancel_INFO [18.620206413] Cancel: stopping motor.
FrcTeleOp.driverControllerButtonEvent_INFO [21.165865009] ##### button=A, pressed=true
FrcTeleOp.driverControllerButtonEvent_INFO [21.267815255] ##### button=A, pressed=false
FrcTeleOp.operatorControllerButtonEvent_INFO [21.575301105] ##### button=Y, pressed=true
FrcTeleOp.shoot_INFO [21.576895612] >>>>> Start Auto Shoot.
TaskAutoShoot.autoShoot_INFO [21.578163596] autoShoot(owner=null, event=null, taskParams=(autoStop=false, noPassback=false, noWait=false))
Shooter.setupGoalTrackingMode_INFO [21.579370822] AlliancHub: alliance=Blue, fieldLengthZone=0, fieldWidthZone=3.
Shooter.setupGoalTrackingMode_INFO [21.581620282] GoalTracking(trackingMode=AllianceHub, goalPose=(x=-158.838583,y=182.110000,angle=0.000000), noPassback=false).
Shooter.LeftShooter.enableGoalTracking_INFO [21.583247627] Enable GoalTracking (trackingParams=(trackFlywheel=true,trackTiltPos=true,trackPanPos=true)).
Shooter.LeftPrimaryMotor.cancel_INFO [21.584673331] Cancel: stopping motor.
Shooter.LeftTiltMotor.cancel_INFO [21.586141353] Cancel: stopping motor.
Shooter.RightShooter.enableGoalTracking_INFO [21.587460403] Enable GoalTracking (trackingParams=(trackFlywheel=true,trackTiltPos=true,trackPanPos=true)).
Shooter.RightPrimaryMotor.cancel_INFO [21.588768479] Cancel: stopping motor.
Shooter.RightTiltMotor.cancel_INFO [21.59000287] Cancel: stopping motor.
TaskAutoShoot.autoTask_INFO [21.686168419] <Event name="StateInfo" time="21.68589709" tag="vvvvv" TaskAutoShoot.state="START" />
TaskAutoShoot.runTaskState_INFO [21.687875599] ***** Wait for left Shooter ready.
TaskAutoShoot.runTaskState_INFO [21.689261527] ***** Wait for right Shooter ready.
TaskAutoShoot.runTaskState_INFO [21.691065642] ***** Wait for Turret ready.
TaskAutoShoot.autoTask_INFO [21.693802023] <Event name="StateInfo" time="21.693133443" tag="^^^^^" TaskAutoShoot.state="START" />
TaskAutoShoot.autoTask_INFO [21.86355899] <Event name="StateInfo" time="21.862967346" tag="vvvvv" TaskAutoShoot.state="SHOOT" />
TaskAutoShoot.autoTask_INFO [21.867340028] <Event name="StateInfo" time="21.866938432" tag="^^^^^" TaskAutoShoot.state="SHOOT" />
TaskAutoShoot.autoTask_INFO [21.960835067] <Event name="StateInfo" time="21.960651458" tag="vvvvv" TaskAutoShoot.state="SHOOT" />
TaskAutoShoot.autoTask_INFO [21.975973771] <Event name="StateInfo" time="21.963462287" tag="^^^^^" TaskAutoShoot.state="SHOOT" />
TaskAutoShoot.autoTask_INFO [22.078235497] <Event name="StateInfo" time="22.075500404" tag="vvvvv" TaskAutoShoot.state="SHOOT" />
TaskAutoShoot.autoTask_INFO [22.083068424] <Event name="StateInfo" time="22.082703144" tag="^^^^^" TaskAutoShoot.state="SHOOT" />
TaskAutoShoot.autoTask_INFO [22.173100066] <Event name="StateInfo" time="22.171940091" tag="vvvvv" TaskAutoShoot.state="SHOOT" />
TaskAutoShoot.autoTask_INFO [22.174505504] <Event name="StateInfo" time="22.174304211" tag="^^^^^" TaskAutoShoot.state="SHOOT" />
TaskAutoShoot.autoTask_INFO [22.273901162] <Event name="StateInfo" time="22.273636206" tag="vvvvv" TaskAutoShoot.state="SHOOT" />
TaskAutoShoot.autoTask_INFO [22.280146631] <Event name="StateInfo" time="22.279942036" tag="^^^^^" TaskAutoShoot.state="SHOOT" />
TaskAutoShoot.autoTask_INFO [22.380696378] <Event name="StateInfo" time="22.380514448" tag="vvvvv" TaskAutoShoot.state="SHOOT" />
TaskAutoShoot.autoTask_INFO [22.390089632] <Event name="StateInfo" time="22.389881612" tag="^^^^^" TaskAutoShoot.state="SHOOT" />
Shooter.LeftShooter.goalTrackingTask_INFO [22.465022945] Shooter.LeftShooter is Ready: rpm1=5315.246394/5351.044045, rpm2=3325.312500/0.000000, tilt=28.016345/27.472136, pan=null/null
TaskAutoShoot.autoTask_INFO [22.501985466] <Event name="StateInfo" time="22.501569894" tag="vvvvv" TaskAutoShoot.state="SHOOT" />
TaskAutoShoot.autoTask_INFO [22.504213924] <Event name="StateInfo" time="22.503959791" tag="^^^^^" TaskAutoShoot.state="SHOOT" />
Shooter.RightShooter.goalTrackingTask_INFO [22.598397241] Shooter.RightShooter is Ready: rpm1=5286.850962/5347.676130, rpm2=3283.476563/0.000000, tilt=27.462955/27.444980, pan=null/null
TaskAutoShoot.autoTask_INFO [22.600489226] <Event name="StateInfo" time="22.600281215" tag="vvvvv" TaskAutoShoot.state="SHOOT" />
TaskAutoShoot.autoTask_INFO [22.602132561] <Event name="StateInfo" time="22.601914875" tag="^^^^^" TaskAutoShoot.state="SHOOT" />
TaskAutoShoot.autoTask_INFO [22.691806463] <Event name="StateInfo" time="22.691402541" tag="vvvvv" TaskAutoShoot.state="SHOOT" />
TaskAutoShoot.runTaskState_INFO [22.696993786] ***** Start left shooter shooting (timedout=true, turretReady=false).
Shooter.shoot_INFO [22.698989361] shoot(owner=null, event=(TaskAutoShoot.leftShooterDone=CLEARED), shooter=leftShooter, autoStop=false)
Shooter.LeftTransferMotor.cancel_INFO [22.701510242] Cancel: stopping motor.
TaskAutoShoot.runTaskState_INFO [22.70351358] ***** Start right shooter shooting (timedout=true, turretReady=false).
Shooter.shoot_INFO [22.70405565] shoot(owner=null, event=(TaskAutoShoot.rightShooterDone=CLEARED), shooter=rightShooter, autoStop=false)
Shooter.RightTransferMotor.cancel_INFO [22.705525156] Cancel: stopping motor.
TaskAutoShoot.autoTask_INFO [22.707530253] <Event name="StateInfo" time="22.707343101" tag="^^^^^" TaskAutoShoot.state="SHOOT" />
FrcTeleOp.operatorControllerButtonEvent_INFO [25.350733148] ##### button=Y, pressed=false
FrcTeleOp.shoot_INFO [25.35525164] >>>>> Stop Auto Shoot.
TaskAutoShoot.cancel_INFO [25.355715553] Canceling auto task operation.
TaskAutoShoot.stopSubsystems_INFO [25.356625432] Stopping subsystems.
Shooter.LeftTransferMotor.cancel_INFO [25.357057088] Cancel: stopping motor.
Shooter.RightTransferMotor.cancel_INFO [25.359200427] Cancel: stopping motor.
Shooter.FeederMotor.cancel_INFO [25.360680149] Cancel: stopping motor.
Shooter.LeftShooter.disableGoalTracking_INFO [25.36207526] Disable Goal Tracking.
Shooter.LeftShooter.stopGoalTracking_INFO [25.363512832] Stop GoalTracking.
Shooter.LeftTiltMotor.cancel_INFO [25.364830899] Cancel: stopping motor.
Shooter.LeftPrimaryMotor.cancel_INFO [25.374233067] Cancel: stopping motor.
Shooter.RightShooter.disableGoalTracking_INFO [25.375616769] Disable Goal Tracking.
Shooter.RightShooter.stopGoalTracking_INFO [25.376625283] Stop GoalTracking.
Shooter.RightTiltMotor.cancel_INFO [25.37777219] Cancel: stopping motor.
Shooter.RightPrimaryMotor.cancel_INFO [25.379020562] Cancel: stopping motor.
Shooter.LeftShooter.cancel_INFO [25.38295913] owner=null
Shooter.LeftPrimaryMotor.cancel_INFO [25.384689572] Cancel: stopping motor.
Shooter.LeftTiltMotor.cancel_INFO [25.3858011] Cancel: stopping motor.
Shooter.RightShooter.cancel_INFO [25.387033412] owner=null
Shooter.RightPrimaryMotor.cancel_INFO [25.388042361] Cancel: stopping motor.
Shooter.RightTiltMotor.cancel_INFO [25.395239349] Cancel: stopping motor.
Shooter.LeftTransferMotor.cancel_INFO [25.39717896] Cancel: stopping motor.
Shooter.RightTransferMotor.cancel_INFO [25.398420198] Cancel: stopping motor.
Shooter.FeederMotor.cancel_INFO [25.399481921] Cancel: stopping motor.
FrcTeleOp.driverControllerButtonEvent_INFO [26.867813899] ##### button=A, pressed=true
FrcTeleOp.driverControllerButtonEvent_INFO [26.97172554] ##### button=A, pressed=false
FrcTeleOp.driverControllerButtonEvent_INFO [34.382759344] ##### button=A, pressed=true
FrcTeleOp.driverControllerButtonEvent_INFO [34.43350986] ##### button=A, pressed=false
FrcTeleOp.operatorControllerButtonEvent_INFO [34.434939014] ##### button=Y, pressed=true
FrcTeleOp.shoot_INFO [34.436017925] >>>>> Start Auto Shoot.
TaskAutoShoot.autoShoot_INFO [34.436510965] autoShoot(owner=null, event=null, taskParams=(autoStop=false, noPassback=false, noWait=false))
Shooter.setupGoalTrackingMode_INFO [34.436961129] AlliancHub: alliance=Blue, fieldLengthZone=0, fieldWidthZone=2.
Shooter.setupGoalTrackingMode_INFO [34.437331618] GoalTracking(trackingMode=AllianceHub, goalPose=(x=-158.838583,y=182.110000,angle=0.000000), noPassback=false).
Shooter.LeftShooter.enableGoalTracking_INFO [34.437750429] Enable GoalTracking (trackingParams=(trackFlywheel=true,trackTiltPos=true,trackPanPos=true)).
Shooter.LeftPrimaryMotor.cancel_INFO [34.438774539] Cancel: stopping motor.
Shooter.LeftTiltMotor.cancel_INFO [34.439360492] Cancel: stopping motor.
Shooter.RightShooter.enableGoalTracking_INFO [34.441118693] Enable GoalTracking (trackingParams=(trackFlywheel=true,trackTiltPos=true,trackPanPos=true)).
Shooter.RightPrimaryMotor.cancel_INFO [34.441915408] Cancel: stopping motor.
Shooter.RightTiltMotor.cancel_INFO [34.443867568] Cancel: stopping motor.
TaskAutoShoot.autoTask_INFO [34.565133849] <Event name="StateInfo" time="34.564844151" tag="vvvvv" TaskAutoShoot.state="START" />
TaskAutoShoot.runTaskState_INFO [34.57263663] ***** Wait for left Shooter ready.
TaskAutoShoot.runTaskState_INFO [34.578999669] ***** Wait for right Shooter ready.
TaskAutoShoot.runTaskState_INFO [34.583372553] ***** Wait for Turret ready.
TaskAutoShoot.autoTask_INFO [34.585543466] <Event name="StateInfo" time="34.585282477" tag="^^^^^" TaskAutoShoot.state="START" />
TaskAutoShoot.autoTask_INFO [34.770072867] <Event name="StateInfo" time="34.769587065" tag="vvvvv" TaskAutoShoot.state="SHOOT" />
TaskAutoShoot.autoTask_INFO [34.777559706] <Event name="StateInfo" time="34.777361801" tag="^^^^^" TaskAutoShoot.state="SHOOT" />
TaskAutoShoot.autoTask_INFO [34.872198737] <Event name="StateInfo" time="34.871992545" tag="vvvvv" TaskAutoShoot.state="SHOOT" />
TaskAutoShoot.autoTask_INFO [34.882095513] <Event name="StateInfo" time="34.873624079" tag="^^^^^" TaskAutoShoot.state="SHOOT" />
TaskAutoShoot.autoTask_INFO [34.993460036] <Event name="StateInfo" time="34.993269848" tag="vvvvv" TaskAutoShoot.state="SHOOT" />
TaskAutoShoot.autoTask_INFO [34.99962409] <Event name="StateInfo" time="34.998744959" tag="^^^^^" TaskAutoShoot.state="SHOOT" />
TaskAutoShoot.autoTask_INFO [35.09960718] <Event name="StateInfo" time="35.099280937" tag="vvvvv" TaskAutoShoot.state="SHOOT" />
TaskAutoShoot.autoTask_INFO [35.100945171] <Event name="StateInfo" time="35.100710871" tag="^^^^^" TaskAutoShoot.state="SHOOT" />
Shooter.LeftShooter.goalTrackingTask_INFO [35.195437786] Shooter.LeftShooter is Ready: rpm1=4418.897236/4455.940859, rpm2=2719.687500/0.000000, tilt=21.138557/21.093882, pan=null/null
Shooter.RightShooter.goalTrackingTask_INFO [35.234114873] Shooter.RightShooter is Ready: rpm1=4413.786058/4455.940859, rpm2=2732.812500/0.000000, tilt=21.138557/21.093882, pan=null/null
TaskAutoShoot.autoTask_INFO [35.239215167] <Event name="StateInfo" time="35.238509876" tag="vvvvv" TaskAutoShoot.state="SHOOT" />
TaskAutoShoot.autoTask_INFO [35.242724479] <Event name="StateInfo" time="35.241812714" tag="^^^^^" TaskAutoShoot.state="SHOOT" />
TaskAutoShoot.autoTask_INFO [35.338946238] <Event name="StateInfo" time="35.338775979" tag="vvvvv" TaskAutoShoot.state="SHOOT" />
TaskAutoShoot.autoTask_INFO [35.339595512] <Event name="StateInfo" time="35.339430556" tag="^^^^^" TaskAutoShoot.state="SHOOT" />
TaskAutoShoot.autoTask_INFO [35.438230562] <Event name="StateInfo" time="35.438054882" tag="vvvvv" TaskAutoShoot.state="SHOOT" />
TaskAutoShoot.autoTask_INFO [35.441764513] <Event name="StateInfo" time="35.440986311" tag="^^^^^" TaskAutoShoot.state="SHOOT" />
TaskAutoShoot.autoTask_INFO [35.559954438] <Event name="StateInfo" time="35.557822102" tag="vvvvv" TaskAutoShoot.state="SHOOT" />
TaskAutoShoot.autoTask_INFO [35.560686934] <Event name="StateInfo" time="35.560509715" tag="^^^^^" TaskAutoShoot.state="SHOOT" />
TaskAutoShoot.autoTask_INFO [35.662733694] <Event name="StateInfo" time="35.662457664" tag="vvvvv" TaskAutoShoot.state="SHOOT" />
TaskAutoShoot.runTaskState_INFO [35.66913173] ***** Start left shooter shooting (timedout=true, turretReady=false).
Shooter.shoot_INFO [35.675183214] shoot(owner=null, event=(TaskAutoShoot.leftShooterDone=CLEARED), shooter=leftShooter, autoStop=false)
Shooter.LeftTransferMotor.cancel_INFO [35.676613204] Cancel: stopping motor.
TaskAutoShoot.runTaskState_INFO [35.68036958] ***** Start right shooter shooting (timedout=true, turretReady=false).
Shooter.shoot_INFO [35.681634537] shoot(owner=null, event=(TaskAutoShoot.rightShooterDone=CLEARED), shooter=rightShooter, autoStop=false)
Shooter.RightTransferMotor.cancel_INFO [35.683041364] Cancel: stopping motor.
TaskAutoShoot.autoTask_INFO [35.684402916] <Event name="StateInfo" time="35.684210182" tag="^^^^^" TaskAutoShoot.state="SHOOT" />
FrcTeleOp.driverControllerButtonEvent_INFO [38.261286777] ##### button=A, pressed=true
FrcTeleOp.driverControllerButtonEvent_INFO [38.348118947] ##### button=A, pressed=false
FrcTeleOp.operatorControllerButtonEvent_INFO [39.191064519] ##### button=Y, pressed=false
FrcTeleOp.shoot_INFO [39.192256497] >>>>> Stop Auto Shoot.
TaskAutoShoot.cancel_INFO [39.19312815] Canceling auto task operation.
TaskAutoShoot.stopSubsystems_INFO [39.198305568] Stopping subsystems.
Shooter.LeftTransferMotor.cancel_INFO [39.218125041] Cancel: stopping motor.
Shooter.RightTransferMotor.cancel_INFO [39.224542983] Cancel: stopping motor.
Shooter.FeederMotor.cancel_INFO [39.230303407] Cancel: stopping motor.
Shooter.LeftShooter.disableGoalTracking_INFO [39.234803084] Disable Goal Tracking.
Shooter.LeftShooter.stopGoalTracking_INFO [39.248936968] Stop GoalTracking.
Shooter.LeftTiltMotor.cancel_INFO [39.25140007] Cancel: stopping motor.
Shooter.LeftPrimaryMotor.cancel_INFO [39.255196517] Cancel: stopping motor.
Shooter.RightShooter.disableGoalTracking_INFO [39.257957362] Disable Goal Tracking.
Shooter.RightShooter.stopGoalTracking_INFO [39.260412167] Stop GoalTracking.
Shooter.RightTiltMotor.cancel_INFO [39.263943218] Cancel: stopping motor.
Shooter.RightPrimaryMotor.cancel_INFO [39.269497877] Cancel: stopping motor.
Shooter.LeftShooter.cancel_INFO [39.272257194] owner=null
Shooter.LeftPrimaryMotor.cancel_INFO [39.276878821] Cancel: stopping motor.
Shooter.LeftTiltMotor.cancel_INFO [39.278450976] Cancel: stopping motor.
Shooter.RightShooter.cancel_INFO [39.281773527] owner=null
Shooter.RightPrimaryMotor.cancel_INFO [39.286234714] Cancel: stopping motor.
Shooter.RightTiltMotor.cancel_INFO [39.290033692] Cancel: stopping motor.
Shooter.LeftTransferMotor.cancel_INFO [39.295221825] Cancel: stopping motor.
Shooter.RightTransferMotor.cancel_INFO [39.297888202] Cancel: stopping motor.
Shooter.FeederMotor.cancel_INFO [39.299234233] Cancel: stopping motor.
FrcTeleOp.operatorControllerButtonEvent_INFO [41.241046954] ##### button=Y, pressed=true
FrcTeleOp.shoot_INFO [41.242022679] >>>>> Start Auto Shoot.
TaskAutoShoot.autoShoot_INFO [41.243173488] autoShoot(owner=null, event=null, taskParams=(autoStop=false, noPassback=false, noWait=false))
Shooter.setupGoalTrackingMode_INFO [41.256779439] AlliancHub: alliance=Blue, fieldLengthZone=0, fieldWidthZone=1.
Shooter.setupGoalTrackingMode_INFO [41.258017193] GoalTracking(trackingMode=AllianceHub, goalPose=(x=-158.838583,y=182.110000,angle=0.000000), noPassback=false).
Shooter.LeftShooter.enableGoalTracking_INFO [41.26104308] Enable GoalTracking (trackingParams=(trackFlywheel=true,trackTiltPos=true,trackPanPos=true)).
Shooter.LeftPrimaryMotor.cancel_INFO [41.261938495] Cancel: stopping motor.
Shooter.LeftTiltMotor.cancel_INFO [41.264590094] Cancel: stopping motor.
Shooter.RightShooter.enableGoalTracking_INFO [41.265516048] Enable GoalTracking (trackingParams=(trackFlywheel=true,trackTiltPos=true,trackPanPos=true)).
Shooter.RightPrimaryMotor.cancel_INFO [41.267144543] Cancel: stopping motor.
Shooter.RightTiltMotor.cancel_INFO [41.270101895] Cancel: stopping motor.
TaskAutoShoot.autoTask_INFO [41.381948986] <Event name="StateInfo" time="41.381675" tag="vvvvv" TaskAutoShoot.state="START" />
TaskAutoShoot.runTaskState_INFO [41.382988573] ***** Wait for left Shooter ready.
TaskAutoShoot.runTaskState_INFO [41.385432837] ***** Wait for right Shooter ready.
TaskAutoShoot.runTaskState_INFO [41.387268429] ***** Wait for Turret ready.
TaskAutoShoot.autoTask_INFO [41.391350453] <Event name="StateInfo" time="41.390792928" tag="^^^^^" TaskAutoShoot.state="START" />
TaskAutoShoot.autoTask_INFO [41.584403172] <Event name="StateInfo" time="41.584172747" tag="vvvvv" TaskAutoShoot.state="SHOOT" />
TaskAutoShoot.autoTask_INFO [41.595774841] <Event name="StateInfo" time="41.585293051" tag="^^^^^" TaskAutoShoot.state="SHOOT" />
TaskAutoShoot.autoTask_INFO [41.683307098] <Event name="StateInfo" time="41.683049423" tag="vvvvv" TaskAutoShoot.state="SHOOT" />
TaskAutoShoot.autoTask_INFO [41.701455128] <Event name="StateInfo" time="41.699527491" tag="^^^^^" TaskAutoShoot.state="SHOOT" />
TaskAutoShoot.autoTask_INFO [41.825991471] <Event name="StateInfo" time="41.824191967" tag="vvvvv" TaskAutoShoot.state="SHOOT" />
TaskAutoShoot.autoTask_INFO [41.828315414] <Event name="StateInfo" time="41.826669859" tag="^^^^^" TaskAutoShoot.state="SHOOT" />
TaskAutoShoot.autoTask_INFO [41.937979454] <Event name="StateInfo" time="41.937784415" tag="vvvvv" TaskAutoShoot.state="SHOOT" />
TaskAutoShoot.autoTask_INFO [41.945871425] <Event name="StateInfo" time="41.944663939" tag="^^^^^" TaskAutoShoot.state="SHOOT" />
Shooter.LeftShooter.goalTrackingTask_INFO [42.014493052] Shooter.LeftShooter is Ready: rpm1=4584.158654/4539.049901, rpm2=2789.648438/0.000000, tilt=22.561540/21.628880, pan=null/null
TaskAutoShoot.autoTask_INFO [42.049299122] <Event name="StateInfo" time="42.049107522" tag="vvvvv" TaskAutoShoot.state="SHOOT" />
TaskAutoShoot.autoTask_INFO [42.051493922] <Event name="StateInfo" time="42.050830775" tag="^^^^^" TaskAutoShoot.state="SHOOT" />
Shooter.setupGoalTrackingMode_INFO [42.056602966] AlliancHub: alliance=Blue, fieldLengthZone=0, fieldWidthZone=2.
Shooter.setupGoalTrackingMode_INFO [42.062694649] GoalTracking(trackingMode=AllianceHub, goalPose=(x=-158.838583,y=182.110000,angle=0.000000), noPassback=false).
TaskAutoShoot.autoTask_INFO [42.185757122] <Event name="StateInfo" time="42.184929473" tag="vvvvv" TaskAutoShoot.state="SHOOT" />
TaskAutoShoot.autoTask_INFO [42.195640041] <Event name="StateInfo" time="42.195260816" tag="^^^^^" TaskAutoShoot.state="SHOOT" />
Shooter.RightShooter.goalTrackingTask_INFO [42.317275034] Shooter.RightShooter is Ready: rpm1=4369.867788/4394.898145, rpm2=2707.148438/0.000000, tilt=20.427065/20.706832, pan=null/null
TaskAutoShoot.autoTask_INFO [42.319991834] <Event name="StateInfo" time="42.318638767" tag="vvvvv" TaskAutoShoot.state="SHOOT" />
TaskAutoShoot.autoTask_INFO [42.322312429] <Event name="StateInfo" time="42.321142842" tag="^^^^^" TaskAutoShoot.state="SHOOT" />
TaskAutoShoot.autoTask_INFO [42.423736267] <Event name="StateInfo" time="42.423542686" tag="vvvvv" TaskAutoShoot.state="SHOOT" />
TaskAutoShoot.runTaskState_INFO [42.432687676] ***** Start left shooter shooting (timedout=true, turretReady=false).
Shooter.shoot_INFO [42.437748563] shoot(owner=null, event=(TaskAutoShoot.leftShooterDone=CLEARED), shooter=leftShooter, autoStop=false)
Shooter.LeftTransferMotor.cancel_INFO [42.442476946] Cancel: stopping motor.
TaskAutoShoot.runTaskState_INFO [42.448226527] ***** Start right shooter shooting (timedout=true, turretReady=false).
Shooter.shoot_INFO [42.454002986] shoot(owner=null, event=(TaskAutoShoot.rightShooterDone=CLEARED), shooter=rightShooter, autoStop=false)
Shooter.RightTransferMotor.cancel_INFO [42.456461287] Cancel: stopping motor.
TaskAutoShoot.autoTask_INFO [42.464673993] <Event name="StateInfo" time="42.462580577" tag="^^^^^" TaskAutoShoot.state="SHOOT" />
Shooter.setupGoalTrackingMode_INFO [42.591383103] AlliancHub: alliance=Blue, fieldLengthZone=0, fieldWidthZone=3.
Shooter.setupGoalTrackingMode_INFO [42.593354608] GoalTracking(trackingMode=AllianceHub, goalPose=(x=-158.838583,y=182.110000,angle=0.000000), noPassback=false).
FrcTeleOp.operatorControllerButtonEvent_INFO [43.275579027] ##### button=Y, pressed=false
FrcTeleOp.shoot_INFO [43.278301072] >>>>> Stop Auto Shoot.
TaskAutoShoot.cancel_INFO [43.27900322] Canceling auto task operation.
TaskAutoShoot.stopSubsystems_INFO [43.280127938] Stopping subsystems.
Shooter.LeftTransferMotor.cancel_INFO [43.28115923] Cancel: stopping motor.
Shooter.RightTransferMotor.cancel_INFO [43.285262734] Cancel: stopping motor.
Shooter.FeederMotor.cancel_INFO [43.286739894] Cancel: stopping motor.
Shooter.LeftShooter.disableGoalTracking_INFO [43.287866173] Disable Goal Tracking.
Shooter.LeftShooter.stopGoalTracking_INFO [43.28924711] Stop GoalTracking.
Shooter.LeftTiltMotor.cancel_INFO [43.290770794] Cancel: stopping motor.
Shooter.LeftPrimaryMotor.cancel_INFO [43.293832714] Cancel: stopping motor.
Shooter.RightShooter.disableGoalTracking_INFO [43.297177183] Disable Goal Tracking.
Shooter.RightShooter.stopGoalTracking_INFO [43.29797324] Stop GoalTracking.
Shooter.RightTiltMotor.cancel_INFO [43.299264855] Cancel: stopping motor.
Shooter.RightPrimaryMotor.cancel_INFO [43.301063374] Cancel: stopping motor.
Shooter.LeftShooter.cancel_INFO [43.30274327] owner=null
Shooter.LeftPrimaryMotor.cancel_INFO [43.304527559] Cancel: stopping motor.
Shooter.LeftTiltMotor.cancel_INFO [43.308140494] Cancel: stopping motor.
Shooter.RightShooter.cancel_INFO [43.309326293] owner=null
Shooter.RightPrimaryMotor.cancel_INFO [43.312199293] Cancel: stopping motor.
Shooter.RightTiltMotor.cancel_INFO [43.314470543] Cancel: stopping motor.
Shooter.LeftTransferMotor.cancel_INFO [43.31585585] Cancel: stopping motor.
Shooter.RightTransferMotor.cancel_INFO [43.317519826] Cancel: stopping motor.
Shooter.FeederMotor.cancel_INFO [43.320192203] Cancel: stopping motor.
FrcTeleOp.operatorControllerButtonEvent_INFO [46.650522061] ##### button=Y, pressed=true
FrcTeleOp.shoot_INFO [46.652206536] >>>>> Start Auto Shoot.
TaskAutoShoot.autoShoot_INFO [46.654276204] autoShoot(owner=null, event=null, taskParams=(autoStop=false, noPassback=false, noWait=false))
Shooter.setupGoalTrackingMode_INFO [46.655573992] AlliancHub: alliance=Blue, fieldLengthZone=0, fieldWidthZone=3.
Shooter.setupGoalTrackingMode_INFO [46.657164911] GoalTracking(trackingMode=AllianceHub, goalPose=(x=-158.838583,y=182.110000,angle=0.000000), noPassback=false).
Shooter.LeftShooter.enableGoalTracking_INFO [46.658040567] Enable GoalTracking (trackingParams=(trackFlywheel=true,trackTiltPos=true,trackPanPos=true)).
Shooter.LeftPrimaryMotor.cancel_INFO [46.669202397] Cancel: stopping motor.
Shooter.LeftTiltMotor.cancel_INFO [46.670738434] Cancel: stopping motor.
Shooter.RightShooter.enableGoalTracking_INFO [46.674085763] Enable GoalTracking (trackingParams=(trackFlywheel=true,trackTiltPos=true,trackPanPos=true)).
Shooter.RightPrimaryMotor.cancel_INFO [46.675106748] Cancel: stopping motor.
Shooter.RightTiltMotor.cancel_INFO [46.676406583] Cancel: stopping motor.
TaskAutoShoot.autoTask_INFO [46.793853759] <Event name="StateInfo" time="46.793589641" tag="vvvvv" TaskAutoShoot.state="START" />
TaskAutoShoot.runTaskState_INFO [46.794639966] ***** Wait for left Shooter ready.
TaskAutoShoot.runTaskState_INFO [46.795030885] ***** Wait for right Shooter ready.
TaskAutoShoot.runTaskState_INFO [46.798648781] ***** Wait for Turret ready.
TaskAutoShoot.autoTask_INFO [46.799196177] <Event name="StateInfo" time="46.798956309" tag="^^^^^" TaskAutoShoot.state="START" />
TaskAutoShoot.autoTask_INFO [46.997700257] <Event name="StateInfo" time="46.997496908" tag="vvvvv" TaskAutoShoot.state="SHOOT" />
TaskAutoShoot.autoTask_INFO [46.998206523] <Event name="StateInfo" time="46.998037168" tag="^^^^^" TaskAutoShoot.state="SHOOT" />
TaskAutoShoot.autoTask_INFO [47.10095734] <Event name="StateInfo" time="47.100773239" tag="vvvvv" TaskAutoShoot.state="SHOOT" />
TaskAutoShoot.autoTask_INFO [47.108032164] <Event name="StateInfo" time="47.107047467" tag="^^^^^" TaskAutoShoot.state="SHOOT" />
TaskAutoShoot.autoTask_INFO [47.212500877] <Event name="StateInfo" time="47.212074042" tag="vvvvv" TaskAutoShoot.state="SHOOT" />
TaskAutoShoot.autoTask_INFO [47.216046503] <Event name="StateInfo" time="47.213704445" tag="^^^^^" TaskAutoShoot.state="SHOOT" />
TaskAutoShoot.autoTask_INFO [47.323524297] <Event name="StateInfo" time="47.32275114" tag="vvvvv" TaskAutoShoot.state="SHOOT" />
TaskAutoShoot.autoTask_INFO [47.332614457] <Event name="StateInfo" time="47.331204166" tag="^^^^^" TaskAutoShoot.state="SHOOT" />
FrcTeleOp.driverControllerButtonEvent_INFO [47.339712178] ##### button=A, pressed=true
TaskAutoShoot.autoTask_INFO [47.429626968] <Event name="StateInfo" time="47.429449229" tag="vvvvv" TaskAutoShoot.state="SHOOT" />
TaskAutoShoot.autoTask_INFO [47.431253685] <Event name="StateInfo" time="47.430979472" tag="^^^^^" TaskAutoShoot.state="SHOOT" />
FrcTeleOp.driverControllerButtonEvent_INFO [47.45137388] ##### button=A, pressed=false
Shooter.RightShooter.goalTrackingTask_INFO [47.545900577] Shooter.RightShooter is Ready: rpm1=5605.637019/5703.396802, rpm2=3477.773438/0.000000, tilt=30.506601/30.505364, pan=null/null
TaskAutoShoot.autoTask_INFO [47.54713433] <Event name="StateInfo" time="47.54680223" tag="vvvvv" TaskAutoShoot.state="SHOOT" />
TaskAutoShoot.autoTask_INFO [47.550605545] <Event name="StateInfo" time="47.550336188" tag="^^^^^" TaskAutoShoot.state="SHOOT" />
Shooter.LeftShooter.goalTrackingTask_INFO [47.636546442] Shooter.LeftShooter is Ready: rpm1=5686.658654/5703.597146, rpm2=3516.796875/0.000000, tilt=30.467074/30.507212, pan=null/null
TaskAutoShoot.autoTask_INFO [47.66877529] <Event name="StateInfo" time="47.668584818" tag="vvvvv" TaskAutoShoot.state="SHOOT" />
TaskAutoShoot.autoTask_INFO [47.66983099] <Event name="StateInfo" time="47.669081187" tag="^^^^^" TaskAutoShoot.state="SHOOT" />
TaskAutoShoot.autoTask_INFO [47.761367763] <Event name="StateInfo" time="47.761174196" tag="vvvvv" TaskAutoShoot.state="SHOOT" />
TaskAutoShoot.autoTask_INFO [47.762280271] <Event name="StateInfo" time="47.761891187" tag="^^^^^" TaskAutoShoot.state="SHOOT" />
TaskAutoShoot.autoTask_INFO [47.846670782] <Event name="StateInfo" time="47.846319551" tag="vvvvv" TaskAutoShoot.state="SHOOT" />
TaskAutoShoot.runTaskState_INFO [47.847520574] ***** Start left shooter shooting (timedout=true, turretReady=false).
Shooter.shoot_INFO [47.848106386] shoot(owner=null, event=(TaskAutoShoot.leftShooterDone=CLEARED), shooter=leftShooter, autoStop=false)
Shooter.LeftTransferMotor.cancel_INFO [47.848625358] Cancel: stopping motor.
TaskAutoShoot.runTaskState_INFO [47.857825062] ***** Start right shooter shooting (timedout=true, turretReady=false).
Shooter.shoot_INFO [47.862082394] shoot(owner=null, event=(TaskAutoShoot.rightShooterDone=CLEARED), shooter=rightShooter, autoStop=false)
Shooter.RightTransferMotor.cancel_INFO [47.86264221] Cancel: stopping motor.
TaskAutoShoot.autoTask_INFO [47.863831161] <Event name="StateInfo" time="47.863617272" tag="^^^^^" TaskAutoShoot.state="SHOOT" />
FrcTeleOp.operatorControllerButtonEvent_INFO [48.50627958] ##### button=Y, pressed=false
FrcTeleOp.shoot_INFO [48.512958524] >>>>> Stop Auto Shoot.
TaskAutoShoot.cancel_INFO [48.514714514] Canceling auto task operation.
TaskAutoShoot.stopSubsystems_INFO [48.516423483] Stopping subsystems.
Shooter.LeftTransferMotor.cancel_INFO [48.517911637] Cancel: stopping motor.
Shooter.RightTransferMotor.cancel_INFO [48.520554116] Cancel: stopping motor.
Shooter.FeederMotor.cancel_INFO [48.525982189] Cancel: stopping motor.
Shooter.LeftShooter.disableGoalTracking_INFO [48.529271246] Disable Goal Tracking.
Shooter.LeftShooter.stopGoalTracking_INFO [48.538149014] Stop GoalTracking.
Shooter.LeftTiltMotor.cancel_INFO [48.542160354] Cancel: stopping motor.
Shooter.LeftPrimaryMotor.cancel_INFO [48.54935128] Cancel: stopping motor.
Shooter.RightShooter.disableGoalTracking_INFO [48.554178559] Disable Goal Tracking.
Shooter.RightShooter.stopGoalTracking_INFO [48.556420896] Stop GoalTracking.
Shooter.RightTiltMotor.cancel_INFO [48.560525477] Cancel: stopping motor.
Shooter.RightPrimaryMotor.cancel_INFO [48.563800993] Cancel: stopping motor.
Shooter.LeftShooter.cancel_INFO [48.568743225] owner=null
Shooter.LeftPrimaryMotor.cancel_INFO [48.571098977] Cancel: stopping motor.
Shooter.LeftTiltMotor.cancel_INFO [48.575484627] Cancel: stopping motor.
Shooter.RightShooter.cancel_INFO [48.577255799] owner=null
Shooter.RightPrimaryMotor.cancel_INFO [48.578719151] Cancel: stopping motor.
Shooter.RightTiltMotor.cancel_INFO [48.580811159] Cancel: stopping motor.
Shooter.LeftTransferMotor.cancel_INFO [48.583819349] Cancel: stopping motor.
Shooter.RightTransferMotor.cancel_INFO [48.585600251] Cancel: stopping motor.
Shooter.FeederMotor.cancel_INFO [48.587260245] Cancel: stopping motor.
FrcTeleOp.operatorControllerButtonEvent_INFO [48.731942106] ##### button=LeftBumper, pressed=true
FrcTeleOp.operatorControllerButtonEvent_INFO [48.733054679] >>>>> OperatorAltFunc=true
Shooter.TurretMotor.isMotorStalled_INFO [49.029455393] Stall detection triggered.
Shooter.TurretMotor.checkStallReset_WARN [49.044532782] Stall detected, removing power to protect motor.
Shooter.TurretMotor.isMotorStalled_INFO [49.148619674] Stall detection triggered.
Shooter.TurretMotor.checkStallReset_WARN [49.14906651] Stall detected, removing power to protect motor.
Shooter.TurretMotor.isMotorStalled_INFO [49.343365949] Stall detection triggered.
Shooter.TurretMotor.checkStallReset_WARN [49.353847917] Stall detected, removing power to protect motor.
FrcTeleOp.operatorControllerButtonEvent_INFO [49.447612898] ##### button=LeftBumper, pressed=false
FrcTeleOp.operatorControllerButtonEvent_INFO [49.449951188] >>>>> OperatorAltFunc=false
Shooter.TurretMotor.isMotorStalled_INFO [49.486663663] Stall detection triggered.
Shooter.TurretMotor.checkStallReset_WARN [49.48836446] Stall detected, removing power to protect motor.
FrcTeleOp.operatorControllerButtonEvent_INFO [51.816509097] ##### button=LeftBumper, pressed=true
FrcTeleOp.operatorControllerButtonEvent_INFO [51.819129159] >>>>> OperatorAltFunc=true
Shooter.TurretMotor.isMotorStalled_INFO [52.394313734] Stall detection triggered.
Shooter.TurretMotor.checkStallReset_WARN [52.39609707] Stall detected, removing power to protect motor.
FrcTeleOp.operatorControllerButtonEvent_INFO [52.898131712] ##### button=LeftBumper, pressed=false
FrcTeleOp.operatorControllerButtonEvent_INFO [52.899960722] >>>>> OperatorAltFunc=false
FrcTeleOp.operatorControllerButtonEvent_INFO [53.154901798] ##### button=LeftBumper, pressed=true
FrcTeleOp.operatorControllerButtonEvent_INFO [53.156515588] >>>>> OperatorAltFunc=true
Shooter.TurretMotor.isMotorStalled_INFO [53.416799109] Stall detection triggered.
Shooter.TurretMotor.checkStallReset_WARN [53.427553655] Stall detected, removing power to protect motor.
FrcTeleOp.operatorControllerButtonEvent_INFO [54.691901139] ##### button=Y, pressed=true
FrcTeleOp.shoot_INFO [54.693326444] >>>>> Start Manual Shoot.
TaskAutoShoot.cancel_INFO [54.694569383] Canceling auto task operation.
FrcTeleOp.operatorControllerButtonEvent_INFO [54.759426631] ##### button=LeftBumper, pressed=false
FrcTeleOp.operatorControllerButtonEvent_INFO [54.764706211] >>>>> OperatorAltFunc=false
Shooter.LeftTiltMotor.pidCtrlTask_INFO [54.787183956] controlMode: Position,onTarget=true(17.620623235774218/18.0), stalled=false, expired=false, event=(Shooter.LeftShooter.tiltOnTarget=SIGNALED)
Shooter.RightTiltMotor.pidCtrlTask_INFO [54.790797482] controlMode: Position,onTarget=true(17.067239117443112/18.0), stalled=false, expired=false, event=(Shooter.RightShooter.tiltOnTarget=SIGNALED)
Shooter.LeftPrimaryMotor.pidCtrlTask_INFO [55.316890338] controlMode: Velocity,onTarget=true(67.552734375/68.33333333333333), stalled=false, expired=false, event=(Shooter.LeftShooter.shooter1OnTarget=SIGNALED)
Shooter.shoot_INFO [55.320518584] shoot(owner=null, event=(Shooter.LeftShooter.shootCompletionEvent=CLEARED), shooter=leftShooter, autoStop=false)
Shooter.LeftTransferMotor.cancel_INFO [55.3304166] Cancel: stopping motor.
Shooter.RightPrimaryMotor.pidCtrlTask_INFO [55.337770802] controlMode: Velocity,onTarget=true(66.67247596153847/68.33333333333333), stalled=false, expired=false, event=(Shooter.RightShooter.shooter1OnTarget=SIGNALED)
Shooter.shoot_INFO [55.33933011] shoot(owner=null, event=(Shooter.RightShooter.shootCompletionEvent=CLEARED), shooter=rightShooter, autoStop=false)
Shooter.RightTransferMotor.cancel_INFO [55.342085476] Cancel: stopping motor.
TrcTaskMgr.ioThread.run_FATAL [55.435843195] Caught unexpected exception:
java.lang.NullPointerException: Cannot invoke "edu.wpi.first.math.estimator.PoseEstimator$VisionUpdate.compensate(edu.wpi.first.math.geometry.Pose2d)" because "visionUpdate" is null
TrcDbgTrace.run_ERR [55.438413265] Stack Trace (depth=10):
edu.wpi.first.math.estimator.PoseEstimator.updateWithTime(PoseEstimator.java:401)
edu.wpi.first.math.estimator.SwerveDrivePoseEstimator.updateWithTime(SwerveDrivePoseEstimator.java:96)
edu.wpi.first.math.estimator.SwerveDrivePoseEstimator.updateWithTime(SwerveDrivePoseEstimator.java:27)
edu.wpi.first.math.estimator.PoseEstimator.update(PoseEstimator.java:380)
frclib.drivebase.FrcSwerveDrive.updateCache(FrcSwerveDrive.java:434)
trclib.drivebase.TrcDriveBase.odometryTask(TrcDriveBase.java:2290)
trclib.robotcore.TrcTaskMgr.executeTaskType(TrcTaskMgr.java:599)
trclib.robotcore.TrcTaskMgr.ioTask(TrcTaskMgr.java:666)
trclib.robotcore.TrcPeriodicThread.run(TrcPeriodicThread.java:351)
java.base/java.lang.Thread.run(Unknown Source)
TrcWatchdogMgr.checkForExpiration_WARN [56.627008121] ([1.774199305859338E9]TrcTaskMgr.ioThread:threshold=1.0,expiredTime=1.7741993056597803E9,expired=true,paused=false) expired.
TrcDbgTrace.checkForExpiration_INFO [56.633853755] Thread stack: 
FrcTeleOp.operatorControllerButtonEvent_INFO [57.491417205] ##### button=Y, pressed=false
FrcTeleOp.shoot_INFO [57.493504735] >>>>> Stop Auto Shoot.
TaskAutoShoot.cancel_INFO [57.494392132] Canceling auto task operation.
FrcTeleOp.operatorControllerButtonEvent_INFO [57.755788961] ##### button=Y, pressed=true
FrcTeleOp.shoot_INFO [57.757072601] >>>>> Start Auto Shoot.
TaskAutoShoot.autoShoot_INFO [57.757972682] autoShoot(owner=null, event=null, taskParams=(autoStop=false, noPassback=false, noWait=false))
Shooter.setupGoalTrackingMode_INFO [57.759308499] AlliancHub: alliance=Blue, fieldLengthZone=0, fieldWidthZone=1.
Shooter.setupGoalTrackingMode_INFO [57.760555818] GoalTracking(trackingMode=AllianceHub, goalPose=(x=-158.838583,y=182.110000,angle=0.000000), noPassback=false).
Shooter.LeftShooter.enableGoalTracking_INFO [57.761221739] Enable GoalTracking (trackingParams=(trackFlywheel=true,trackTiltPos=true,trackPanPos=true)).
Shooter.LeftPrimaryMotor.cancel_INFO [57.762273316] Cancel: stopping motor.
Shooter.LeftTiltMotor.cancel_INFO [57.763756262] Cancel: stopping motor.
Shooter.RightShooter.enableGoalTracking_INFO [57.764945374] Enable GoalTracking (trackingParams=(trackFlywheel=true,trackTiltPos=true,trackPanPos=true)).
Shooter.RightPrimaryMotor.cancel_INFO [57.766108889] Cancel: stopping motor.
Shooter.RightTiltMotor.cancel_INFO [57.767887308] Cancel: stopping motor.
TaskAutoShoot.autoTask_INFO [57.861977794] <Event name="StateInfo" time="57.861643427" tag="vvvvv" TaskAutoShoot.state="START" />
TaskAutoShoot.runTaskState_INFO [57.862378637] ***** Wait for left Shooter ready.
TaskAutoShoot.runTaskState_INFO [57.863145541] ***** Wait for right Shooter ready.
TaskAutoShoot.runTaskState_INFO [57.863530167] ***** Wait for Turret ready.
TaskAutoShoot.autoTask_INFO [57.868976355] <Event name="StateInfo" time="57.863704771" tag="^^^^^" TaskAutoShoot.state="START" />
Shooter.LeftShooter.goalTrackingTask_INFO [58.026088876] Shooter.LeftShooter is Ready: rpm1=4489.317909/4483.989115, rpm2=2754.609375/0.000000, tilt=21.296666/21.273382, pan=null/null
Shooter.RightShooter.goalTrackingTask_INFO [58.057226407] Shooter.RightShooter is Ready: rpm1=4486.856971/4483.989115, rpm2=2760.820313/0.000000, tilt=21.296666/21.273382, pan=null/null
TaskAutoShoot.autoTask_INFO [58.058527535] <Event name="StateInfo" time="58.058334872" tag="vvvvv" TaskAutoShoot.state="SHOOT" />
TaskAutoShoot.autoTask_INFO [58.059809774] <Event name="StateInfo" time="58.059506292" tag="^^^^^" TaskAutoShoot.state="SHOOT" />
TaskAutoShoot.autoTask_INFO [58.146801733] <Event name="StateInfo" time="58.146615689" tag="vvvvv" TaskAutoShoot.state="SHOOT" />
TaskAutoShoot.autoTask_INFO [58.147878272] <Event name="StateInfo" time="58.147695149" tag="^^^^^" TaskAutoShoot.state="SHOOT" />
TaskAutoShoot.autoTask_INFO [58.235870952] <Event name="StateInfo" time="58.235680146" tag="vvvvv" TaskAutoShoot.state="SHOOT" />
TaskAutoShoot.autoTask_INFO [58.236989219] <Event name="StateInfo" time="58.23668023" tag="^^^^^" TaskAutoShoot.state="SHOOT" />
TaskAutoShoot.autoTask_INFO [58.31924793] <Event name="StateInfo" time="58.319048285" tag="vvvvv" TaskAutoShoot.state="SHOOT" />
TaskAutoShoot.autoTask_INFO [58.320566631] <Event name="StateInfo" time="58.320361055" tag="^^^^^" TaskAutoShoot.state="SHOOT" />
TaskAutoShoot.autoTask_INFO [58.414793928] <Event name="StateInfo" time="58.414568843" tag="vvvvv" TaskAutoShoot.state="SHOOT" />
TaskAutoShoot.autoTask_INFO [58.415785142] <Event name="StateInfo" time="58.41558644" tag="^^^^^" TaskAutoShoot.state="SHOOT" />
TaskAutoShoot.autoTask_INFO [58.494993379] <Event name="StateInfo" time="58.494775233" tag="vvvvv" TaskAutoShoot.state="SHOOT" />
TaskAutoShoot.autoTask_INFO [58.496169643] <Event name="StateInfo" time="58.495979992" tag="^^^^^" TaskAutoShoot.state="SHOOT" />
TaskAutoShoot.autoTask_INFO [58.579075297] <Event name="StateInfo" time="58.578771706" tag="vvvvv" TaskAutoShoot.state="SHOOT" />
TaskAutoShoot.autoTask_INFO [58.582779764] <Event name="StateInfo" time="58.581924679" tag="^^^^^" TaskAutoShoot.state="SHOOT" />
TaskAutoShoot.autoTask_INFO [58.665180846] <Event name="StateInfo" time="58.664714406" tag="vvvvv" TaskAutoShoot.state="SHOOT" />
TaskAutoShoot.autoTask_INFO [58.666549624] <Event name="StateInfo" time="58.666214367" tag="^^^^^" TaskAutoShoot.state="SHOOT" />
TaskAutoShoot.autoTask_INFO [58.759299779] <Event name="StateInfo" time="58.759030873" tag="vvvvv" TaskAutoShoot.state="SHOOT" />
TaskAutoShoot.autoTask_INFO [58.760489835] <Event name="StateInfo" time="58.760083162" tag="^^^^^" TaskAutoShoot.state="SHOOT" />
TaskAutoShoot.autoTask_INFO [58.865847624] <Event name="StateInfo" time="58.865013601" tag="vvvvv" TaskAutoShoot.state="SHOOT" />
TaskAutoShoot.runTaskState_INFO [58.870035735] ***** Start left shooter shooting (timedout=true, turretReady=false).
Shooter.shoot_INFO [58.870712488] shoot(owner=null, event=(TaskAutoShoot.leftShooterDone=CLEARED), shooter=leftShooter, autoStop=false)
Shooter.LeftTransferMotor.cancel_INFO [58.871456177] Cancel: stopping motor.
TaskAutoShoot.runTaskState_INFO [58.874637725] ***** Start right shooter shooting (timedout=true, turretReady=false).
Shooter.shoot_INFO [58.875364579] shoot(owner=null, event=(TaskAutoShoot.rightShooterDone=CLEARED), shooter=rightShooter, autoStop=false)
Shooter.RightTransferMotor.cancel_INFO [58.876559793] Cancel: stopping motor.
TaskAutoShoot.autoTask_INFO [58.878612917] <Event name="StateInfo" time="58.878089572" tag="^^^^^" TaskAutoShoot.state="SHOOT" />
FrcTeleOp.operatorControllerButtonEvent_INFO [58.880935046] ##### button=Y, pressed=false
FrcTeleOp.shoot_INFO [58.88162512] >>>>> Stop Auto Shoot.
TaskAutoShoot.cancel_INFO [58.881928591] Canceling auto task operation.
TaskAutoShoot.stopSubsystems_INFO [58.882465053] Stopping subsystems.
Shooter.LeftTransferMotor.cancel_INFO [58.883379472] Cancel: stopping motor.
Shooter.RightTransferMotor.cancel_INFO [58.884227874] Cancel: stopping motor.
Shooter.FeederMotor.cancel_INFO [58.884733843] Cancel: stopping motor.
Shooter.LeftShooter.disableGoalTracking_INFO [58.885304216] Disable Goal Tracking.
Shooter.LeftShooter.stopGoalTracking_INFO [58.885765702] Stop GoalTracking.
Shooter.LeftTiltMotor.cancel_INFO [58.886318729] Cancel: stopping motor.
Shooter.LeftPrimaryMotor.cancel_INFO [58.88711201] Cancel: stopping motor.
Shooter.RightShooter.disableGoalTracking_INFO [58.887814884] Disable Goal Tracking.
Shooter.RightShooter.stopGoalTracking_INFO [58.888227892] Stop GoalTracking.
Shooter.RightTiltMotor.cancel_INFO [58.890157935] Cancel: stopping motor.
Shooter.RightPrimaryMotor.cancel_INFO [58.891203818] Cancel: stopping motor.
Shooter.LeftShooter.cancel_INFO [58.892281598] owner=null
Shooter.LeftPrimaryMotor.cancel_INFO [58.894968885] Cancel: stopping motor.
Shooter.LeftTiltMotor.cancel_INFO [58.896065893] Cancel: stopping motor.
Shooter.RightShooter.cancel_INFO [58.89705088] owner=null
Shooter.RightPrimaryMotor.cancel_INFO [58.89756434] Cancel: stopping motor.
Shooter.RightTiltMotor.cancel_INFO [58.89827183] Cancel: stopping motor.
Shooter.LeftTransferMotor.cancel_INFO [58.898847795] Cancel: stopping motor.
Shooter.RightTransferMotor.cancel_INFO [58.899452099] Cancel: stopping motor.
Shooter.FeederMotor.cancel_INFO [58.900466803] Cancel: stopping motor.
FrcTeleOp.operatorControllerButtonEvent_INFO [59.0216218] ##### button=LeftBumper, pressed=true
FrcTeleOp.operatorControllerButtonEvent_INFO [59.02606769] >>>>> OperatorAltFunc=true
FrcTeleOp.operatorControllerButtonEvent_INFO [59.033958814] ##### button=Y, pressed=true
FrcTeleOp.shoot_INFO [59.036016401] >>>>> Start Manual Shoot.
TaskAutoShoot.cancel_INFO [59.036468641] Canceling auto task operation.
FrcTeleOp.driverControllerButtonEvent_INFO [60.368926525] ##### button=A, pressed=true
FrcTeleOp.driverControllerButtonEvent_INFO [60.471842635] ##### button=A, pressed=false
FrcTeleOp.operatorControllerButtonEvent_INFO [61.030467208] ##### button=Y, pressed=false
FrcTeleOp.shoot_INFO [61.031341639] >>>>> Stop Manual Shoot.
Shooter.LeftShooter.cancel_INFO [61.031980946] owner=null
Shooter.LeftPrimaryMotor.cancel_INFO [61.033257358] Cancel: stopping motor.
Shooter.LeftTiltMotor.cancel_INFO [61.033885567] Cancel: stopping motor.
Shooter.RightShooter.cancel_INFO [61.034571503] owner=null
Shooter.RightPrimaryMotor.cancel_INFO [61.035267896] Cancel: stopping motor.
Shooter.RightTiltMotor.cancel_INFO [61.03580841] Cancel: stopping motor.
Shooter.LeftTransferMotor.cancel_INFO [61.036412393] Cancel: stopping motor.
Shooter.RightTransferMotor.cancel_INFO [61.040247106] Cancel: stopping motor.
Shooter.FeederMotor.cancel_INFO [61.041807492] Cancel: stopping motor.
FrcTeleOp.operatorControllerButtonEvent_INFO [61.103555143] ##### button=LeftBumper, pressed=false
FrcTeleOp.operatorControllerButtonEvent_INFO [61.111399679] >>>>> OperatorAltFunc=false
FrcTeleOp.driverControllerButtonEvent_INFO [67.197761462] ##### button=A, pressed=true
FrcTeleOp.driverControllerButtonEvent_INFO [67.29983894] ##### button=A, pressed=false
FrcTeleOp.driverControllerButtonEvent_INFO [68.014625696] ##### button=A, pressed=true
FrcTeleOp.driverControllerButtonEvent_INFO [68.062618397] ##### button=A, pressed=false
FrcTeleOp.driverControllerButtonEvent_INFO [68.622553001] ##### button=A, pressed=true
FrcTeleOp.driverControllerButtonEvent_INFO [68.724836713] ##### button=A, pressed=false
FrcTeleOp.driverControllerButtonEvent_INFO [69.133917865] ##### button=A, pressed=true
FrcTeleOp.driverControllerButtonEvent_INFO [69.241260948] ##### button=A, pressed=false
FrcTeleOp.driverControllerButtonEvent_INFO [78.068358134] ##### button=A, pressed=true
FrcTeleOp.driverControllerButtonEvent_INFO [78.121127016] ##### button=A, pressed=false
FrcTeleOp.driverControllerButtonEvent_INFO [79.104107529] ##### button=RightBumper, pressed=true
FrcTeleOp.driverControllerButtonEvent_INFO [79.105371607] >>>>> Slow Drive
FrcTeleOp.driverControllerButtonEvent_INFO [81.803995519] ##### button=A, pressed=true
FrcTeleOp.driverControllerButtonEvent_INFO [81.904782948] ##### button=A, pressed=false
FrcTeleOp.driverControllerButtonEvent_INFO [82.412429159] ##### button=A, pressed=true
FrcTeleOp.driverControllerButtonEvent_INFO [82.514071981] ##### button=A, pressed=false
FrcTeleOp.operatorControllerButtonEvent_INFO [83.685236653] ##### button=LeftBumper, pressed=true
FrcTeleOp.operatorControllerButtonEvent_INFO [83.686273289] >>>>> OperatorAltFunc=true
FrcTeleOp.driverControllerButtonEvent_INFO [83.736013657] ##### button=RightBumper, pressed=false
FrcTeleOp.driverControllerButtonEvent_INFO [83.736906254] >>>>> Normal Drive
FrcTeleOp.operatorControllerButtonEvent_INFO [83.939360784] ##### button=Y, pressed=true
FrcTeleOp.shoot_INFO [83.940159255] >>>>> Start Manual Shoot.
TaskAutoShoot.cancel_INFO [83.940640291] Canceling auto task operation.
FrcTeleOp.operatorControllerButtonEvent_INFO [85.883829078] ##### button=LeftBumper, pressed=false
FrcTeleOp.operatorControllerButtonEvent_INFO [85.887435719] >>>>> OperatorAltFunc=false
FrcTeleOp.operatorControllerButtonEvent_INFO [85.98761621] ##### button=Y, pressed=false
FrcTeleOp.shoot_INFO [85.995922947] >>>>> Stop Auto Shoot.
TaskAutoShoot.cancel_INFO [85.996688893] Canceling auto task operation.
FrcTeleOp.operatorControllerButtonEvent_INFO [86.04158753] ##### button=LeftBumper, pressed=true
FrcTeleOp.operatorControllerButtonEvent_INFO [86.042884334] >>>>> OperatorAltFunc=true
FrcTeleOp.operatorControllerButtonEvent_INFO [86.143639275] ##### button=Y, pressed=true
FrcTeleOp.shoot_INFO [86.144944107] >>>>> Start Manual Shoot.
TaskAutoShoot.cancel_INFO [86.14594631] Canceling auto task operation.
FrcTeleOp.operatorControllerButtonEvent_INFO [86.855090504] ##### button=Y, pressed=false
FrcTeleOp.shoot_INFO [86.85607864] >>>>> Stop Manual Shoot.
Shooter.LeftShooter.cancel_INFO [86.85643039] owner=null
Shooter.LeftPrimaryMotor.cancel_INFO [86.856909958] Cancel: stopping motor.
Shooter.LeftTiltMotor.cancel_INFO [86.857842268] Cancel: stopping motor.
Shooter.RightShooter.cancel_INFO [86.859495476] owner=null
Shooter.RightPrimaryMotor.cancel_INFO [86.860117969] Cancel: stopping motor.
Shooter.RightTiltMotor.cancel_INFO [86.860607724] Cancel: stopping motor.
Shooter.LeftTransferMotor.cancel_INFO [86.861038129] Cancel: stopping motor.
Shooter.RightTransferMotor.cancel_INFO [86.861456341] Cancel: stopping motor.
Shooter.FeederMotor.cancel_INFO [86.862338022] Cancel: stopping motor.
FrcTeleOp.operatorControllerButtonEvent_INFO [86.919387355] ##### button=LeftBumper, pressed=false
FrcTeleOp.operatorControllerButtonEvent_INFO [86.920742157] >>>>> OperatorAltFunc=false
FrcTeleOp.operatorControllerButtonEvent_INFO [86.925672309] ##### button=X, pressed=true
Shooter.LeftTransferMotor.cancel_INFO [86.927947049] Cancel: stopping motor.
Shooter.RightTransferMotor.cancel_INFO [86.930270009] Cancel: stopping motor.
FrcTeleOp.operatorControllerButtonEvent_INFO [87.434221151] ##### button=LeftBumper, pressed=true
FrcTeleOp.operatorControllerButtonEvent_INFO [87.436865069] >>>>> OperatorAltFunc=true
FrcTeleOp.operatorControllerButtonEvent_INFO [87.484894902] ##### button=X, pressed=false
Shooter.LeftShooter.cancel_INFO [87.485870682] owner=null
Shooter.LeftPrimaryMotor.cancel_INFO [87.486774593] Cancel: stopping motor.
Shooter.LeftTiltMotor.cancel_INFO [87.487553255] Cancel: stopping motor.
Shooter.LeftTransferMotor.cancel_INFO [87.488269634] Cancel: stopping motor.
Shooter.RightShooter.cancel_INFO [87.488662295] owner=null
Shooter.RightPrimaryMotor.cancel_INFO [87.489367846] Cancel: stopping motor.
Shooter.RightTiltMotor.cancel_INFO [87.489947721] Cancel: stopping motor.
Shooter.RightTransferMotor.cancel_INFO [87.490431386] Cancel: stopping motor.
Shooter.FeederMotor.cancel_INFO [87.491361132] Cancel: stopping motor.
FrcTeleOp.operatorControllerButtonEvent_INFO [87.535011176] ##### button=Y, pressed=true
FrcTeleOp.shoot_INFO [87.53565292] >>>>> Start Manual Shoot.
TaskAutoShoot.cancel_INFO [87.53650336] Canceling auto task operation.
FrcTeleOp.operatorControllerButtonEvent_INFO [90.695735042] ##### button=Y, pressed=false
FrcTeleOp.shoot_INFO [90.696376345] >>>>> Stop Manual Shoot.
Shooter.LeftShooter.cancel_INFO [90.696742144] owner=null
Shooter.LeftPrimaryMotor.cancel_INFO [90.697400174] Cancel: stopping motor.
Shooter.LeftTiltMotor.cancel_INFO [90.697968881] Cancel: stopping motor.
Shooter.RightShooter.cancel_INFO [90.698511695] owner=null
Shooter.RightPrimaryMotor.cancel_INFO [90.699076205] Cancel: stopping motor.
Shooter.RightTiltMotor.cancel_INFO [90.69998103] Cancel: stopping motor.
Shooter.LeftTransferMotor.cancel_INFO [90.700709961] Cancel: stopping motor.
Shooter.RightTransferMotor.cancel_INFO [90.701139524] Cancel: stopping motor.
Shooter.FeederMotor.cancel_INFO [90.701719468] Cancel: stopping motor.
FrcTeleOp.operatorControllerButtonEvent_INFO [90.818126684] ##### button=LeftBumper, pressed=false
FrcTeleOp.operatorControllerButtonEvent_INFO [90.820888054] >>>>> OperatorAltFunc=false
FrcTeleOp.operatorControllerButtonEvent_INFO [91.326588563] ##### button=LeftBumper, pressed=true
FrcTeleOp.operatorControllerButtonEvent_INFO [91.327300038] >>>>> OperatorAltFunc=true
FrcTeleOp.operatorControllerButtonEvent_INFO [91.377046521] ##### button=Y, pressed=true
FrcTeleOp.shoot_INFO [91.377806073] >>>>> Start Manual Shoot.
TaskAutoShoot.cancel_INFO [91.378430038] Canceling auto task operation.
FrcTeleOp.operatorControllerButtonEvent_INFO [93.171804093] ##### button=Y, pressed=false
FrcTeleOp.shoot_INFO [93.173557673] >>>>> Stop Manual Shoot.
Shooter.LeftShooter.cancel_INFO [93.174339801] owner=null
Shooter.LeftPrimaryMotor.cancel_INFO [93.175580502] Cancel: stopping motor.
Shooter.LeftTiltMotor.cancel_INFO [93.176914932] Cancel: stopping motor.
Shooter.RightShooter.cancel_INFO [93.17796798] owner=null
Shooter.RightPrimaryMotor.cancel_INFO [93.178858046] Cancel: stopping motor.
Shooter.RightTiltMotor.cancel_INFO [93.180062488] Cancel: stopping motor.
Shooter.LeftTransferMotor.cancel_INFO [93.181244728] Cancel: stopping motor.
Shooter.RightTransferMotor.cancel_INFO [93.181975385] Cancel: stopping motor.
Shooter.FeederMotor.cancel_INFO [93.18339165] Cancel: stopping motor.
FrcTeleOp.operatorControllerButtonEvent_INFO [93.246278817] ##### button=LeftBumper, pressed=false
FrcTeleOp.operatorControllerButtonEvent_INFO [93.247348645] >>>>> OperatorAltFunc=false
FrcTeleOp.operatorControllerButtonEvent_INFO [93.347565476] ##### button=LeftBumper, pressed=true
FrcTeleOp.operatorControllerButtonEvent_INFO [93.348671823] >>>>> OperatorAltFunc=true
FrcTeleOp.operatorControllerButtonEvent_INFO [93.450784556] ##### button=Y, pressed=true
FrcTeleOp.shoot_INFO [93.451790934] >>>>> Start Manual Shoot.
TaskAutoShoot.cancel_INFO [93.45278575] Canceling auto task operation.
FrcTeleOp.operatorControllerButtonEvent_INFO [95.354673452] ##### button=Y, pressed=false
FrcTeleOp.shoot_INFO [95.356351994] >>>>> Stop Manual Shoot.
Shooter.LeftShooter.cancel_INFO [95.357385854] owner=null
Shooter.LeftPrimaryMotor.cancel_INFO [95.358523295] Cancel: stopping motor.
Shooter.LeftTiltMotor.cancel_INFO [95.361047262] Cancel: stopping motor.
Shooter.RightShooter.cancel_INFO [95.362596591] owner=null
Shooter.RightPrimaryMotor.cancel_INFO [95.363986731] Cancel: stopping motor.
Shooter.RightTiltMotor.cancel_INFO [95.36767527] Cancel: stopping motor.
Shooter.LeftTransferMotor.cancel_INFO [95.369304058] Cancel: stopping motor.
Shooter.RightTransferMotor.cancel_INFO [95.370775687] Cancel: stopping motor.
Shooter.FeederMotor.cancel_INFO [95.372052067] Cancel: stopping motor.
FrcTeleOp.operatorControllerButtonEvent_INFO [95.424332464] ##### button=LeftBumper, pressed=false
FrcTeleOp.operatorControllerButtonEvent_INFO [95.425421743] >>>>> OperatorAltFunc=false
FrcTeleOp.operatorControllerButtonEvent_INFO [95.437783783] ##### button=X, pressed=true
Shooter.LeftTransferMotor.cancel_INFO [95.440824369] Cancel: stopping motor.
Shooter.RightTransferMotor.cancel_INFO [95.444740889] Cancel: stopping motor.
FrcTeleOp.operatorControllerButtonEvent_INFO [97.315118867] ##### button=X, pressed=false
Shooter.LeftShooter.cancel_INFO [97.31681158] owner=null
Shooter.LeftPrimaryMotor.cancel_INFO [97.318726706] Cancel: stopping motor.
Shooter.LeftTiltMotor.cancel_INFO [97.319995325] Cancel: stopping motor.
Shooter.LeftTransferMotor.cancel_INFO [97.321386905] Cancel: stopping motor.
Shooter.RightShooter.cancel_INFO [97.322864447] owner=null
Shooter.RightPrimaryMotor.cancel_INFO [97.324472841] Cancel: stopping motor.
Shooter.RightTiltMotor.cancel_INFO [97.32578704] Cancel: stopping motor.
Shooter.RightTransferMotor.cancel_INFO [97.327269416] Cancel: stopping motor.
Shooter.FeederMotor.cancel_INFO [97.328580601] Cancel: stopping motor.
FrcTeleOp.operatorControllerButtonEvent_INFO [97.331803614] ##### button=LeftBumper, pressed=true
FrcTeleOp.operatorControllerButtonEvent_INFO [97.333645439] >>>>> OperatorAltFunc=true
FrcTeleOp.operatorControllerButtonEvent_INFO [97.472997619] ##### button=Y, pressed=true
FrcTeleOp.shoot_INFO [97.476907393] >>>>> Start Manual Shoot.
TaskAutoShoot.cancel_INFO [97.481176912] Canceling auto task operation.
FrcTeleOp.operatorControllerButtonEvent_INFO [99.741732501] ##### button=LeftBumper, pressed=false
FrcTeleOp.operatorControllerButtonEvent_INFO [99.74290821] >>>>> OperatorAltFunc=false
FrcTeleOp.operatorControllerButtonEvent_INFO [99.793765093] ##### button=Y, pressed=false
FrcTeleOp.shoot_INFO [99.795085187] >>>>> Stop Auto Shoot.
TaskAutoShoot.cancel_INFO [99.79585441] Canceling auto task operation.
FrcTeleOp.operatorControllerButtonEvent_INFO [99.849183413] ##### button=LeftBumper, pressed=true
FrcTeleOp.operatorControllerButtonEvent_INFO [99.856221567] >>>>> OperatorAltFunc=true
FrcTeleOp.operatorControllerButtonEvent_INFO [99.899937308] ##### button=Y, pressed=true
FrcTeleOp.shoot_INFO [99.904191206] >>>>> Start Manual Shoot.
TaskAutoShoot.cancel_INFO [99.90459787] Canceling auto task operation.
FrcTeleOp.operatorControllerButtonEvent_INFO [101.419817375] ##### button=Y, pressed=false
FrcTeleOp.shoot_INFO [101.426480345] >>>>> Stop Manual Shoot.
Shooter.LeftShooter.cancel_INFO [101.428210597] owner=null
Shooter.LeftPrimaryMotor.cancel_INFO [101.429625736] Cancel: stopping motor.
Shooter.LeftTiltMotor.cancel_INFO [101.43077937] Cancel: stopping motor.
Shooter.RightShooter.cancel_INFO [101.43173344] owner=null
Shooter.RightPrimaryMotor.cancel_INFO [101.43263148] Cancel: stopping motor.
Shooter.RightTiltMotor.cancel_INFO [101.434021934] Cancel: stopping motor.
Shooter.LeftTransferMotor.cancel_INFO [101.435392973] Cancel: stopping motor.
Shooter.RightTransferMotor.cancel_INFO [101.436402852] Cancel: stopping motor.
Shooter.FeederMotor.cancel_INFO [101.437445497] Cancel: stopping motor.
FrcTeleOp.operatorControllerButtonEvent_INFO [101.501759482] ##### button=LeftBumper, pressed=false
FrcTeleOp.operatorControllerButtonEvent_INFO [101.504050887] >>>>> OperatorAltFunc=false
FrcTeleOp.operatorControllerButtonEvent_INFO [101.511133396] ##### button=Y, pressed=true
FrcTeleOp.shoot_INFO [101.512556157] >>>>> Start Auto Shoot.
TaskAutoShoot.autoShoot_INFO [101.514607225] autoShoot(owner=null, event=null, taskParams=(autoStop=false, noPassback=false, noWait=false))
Shooter.setupGoalTrackingMode_INFO [101.518091815] AlliancHub: alliance=Blue, fieldLengthZone=0, fieldWidthZone=1.
Shooter.setupGoalTrackingMode_INFO [101.519620986] GoalTracking(trackingMode=AllianceHub, goalPose=(x=-158.838583,y=182.110000,angle=0.000000), noPassback=false).
Shooter.LeftShooter.enableGoalTracking_INFO [101.521538441] Enable GoalTracking (trackingParams=(trackFlywheel=true,trackTiltPos=true,trackPanPos=true)).
Shooter.LeftPrimaryMotor.cancel_INFO [101.524079118] Cancel: stopping motor.
Shooter.LeftTiltMotor.cancel_INFO [101.526010998] Cancel: stopping motor.
Shooter.RightShooter.enableGoalTracking_INFO [101.527439287] Enable GoalTracking (trackingParams=(trackFlywheel=true,trackTiltPos=true,trackPanPos=true)).
Shooter.RightPrimaryMotor.cancel_INFO [101.528476142] Cancel: stopping motor.
Shooter.RightTiltMotor.cancel_INFO [101.532144242] Cancel: stopping motor.
FrcTeleOp.operatorControllerButtonEvent_INFO [101.53375647] ##### button=LeftBumper, pressed=true
FrcTeleOp.operatorControllerButtonEvent_INFO [101.535290947] >>>>> OperatorAltFunc=true
TaskAutoShoot.autoTask_INFO [101.623393684] <Event name="StateInfo" time="101.623027963" tag="vvvvv" TaskAutoShoot.state="START" />
TaskAutoShoot.runTaskState_INFO [101.624406064] ***** Wait for left Shooter ready.
TaskAutoShoot.runTaskState_INFO [101.629359438] ***** Wait for right Shooter ready.
TaskAutoShoot.runTaskState_INFO [101.629804707] ***** Wait for Turret ready.
TaskAutoShoot.autoTask_INFO [101.636017603] <Event name="StateInfo" time="101.629986029" tag="^^^^^" TaskAutoShoot.state="START" />
Shooter.LeftShooter.goalTrackingTask_INFO [101.78725296] Shooter.LeftShooter is Ready: rpm1=4420.222356/4483.989115, rpm2=2719.804688/0.000000, tilt=21.296666/21.273382, pan=null/null
Shooter.RightShooter.goalTrackingTask_INFO [101.821483671] Shooter.RightShooter is Ready: rpm1=4431.769832/4483.989115, rpm2=2734.921875/0.000000, tilt=21.296666/21.273382, pan=null/null
TaskAutoShoot.autoTask_INFO [101.822685637] <Event name="StateInfo" time="101.822261149" tag="vvvvv" TaskAutoShoot.state="SHOOT" />
TaskAutoShoot.autoTask_INFO [101.823744118] <Event name="StateInfo" time="101.823502879" tag="^^^^^" TaskAutoShoot.state="SHOOT" />
TaskAutoShoot.autoTask_INFO [101.911675299] <Event name="StateInfo" time="101.911233364" tag="vvvvv" TaskAutoShoot.state="SHOOT" />
TaskAutoShoot.autoTask_INFO [101.912548837] <Event name="StateInfo" time="101.912300928" tag="^^^^^" TaskAutoShoot.state="SHOOT" />
FrcTeleOp.driverControllerButtonEvent_INFO [101.916492325] ##### button=B, pressed=true
Robot.turtle_INFO [101.918272694] Turtle mode.
FrcTeleOp.driverControllerButtonEvent_INFO [101.973892194] >>>>> Turtle Mode.
TaskAutoShoot.autoTask_INFO [102.054662974] <Event name="StateInfo" time="102.054482241" tag="vvvvv" TaskAutoShoot.state="SHOOT" />
TaskAutoShoot.autoTask_INFO [102.05613309] <Event name="StateInfo" time="102.055945475" tag="^^^^^" TaskAutoShoot.state="SHOOT" />
FrcTeleOp.driverControllerButtonEvent_INFO [102.058874753] ##### button=B, pressed=false
TaskAutoShoot.autoTask_INFO [102.151037083] <Event name="StateInfo" time="102.150856329" tag="vvvvv" TaskAutoShoot.state="SHOOT" />
TaskAutoShoot.autoTask_INFO [102.15210752] <Event name="StateInfo" time="102.151928037" tag="^^^^^" TaskAutoShoot.state="SHOOT" />
TaskAutoShoot.autoTask_INFO [102.244433546] <Event name="StateInfo" time="102.244185705" tag="vvvvv" TaskAutoShoot.state="SHOOT" />
TaskAutoShoot.autoTask_INFO [102.245211181] <Event name="StateInfo" time="102.245042129" tag="^^^^^" TaskAutoShoot.state="SHOOT" />
TaskAutoShoot.autoTask_INFO [102.322043195] <Event name="StateInfo" time="102.321800702" tag="vvvvv" TaskAutoShoot.state="SHOOT" />
TaskAutoShoot.autoTask_INFO [102.322447288] <Event name="StateInfo" time="102.322285814" tag="^^^^^" TaskAutoShoot.state="SHOOT" />
TaskAutoShoot.autoTask_INFO [102.409023648] <Event name="StateInfo" time="102.408845235" tag="vvvvv" TaskAutoShoot.state="SHOOT" />
TaskAutoShoot.autoTask_INFO [102.409407659] <Event name="StateInfo" time="102.409263313" tag="^^^^^" TaskAutoShoot.state="SHOOT" />
TaskAutoShoot.autoTask_INFO [102.503568753] <Event name="StateInfo" time="102.503388855" tag="vvvvv" TaskAutoShoot.state="SHOOT" />
TaskAutoShoot.autoTask_INFO [102.506109818] <Event name="StateInfo" time="102.505908414" tag="^^^^^" TaskAutoShoot.state="SHOOT" />
TaskAutoShoot.autoTask_INFO [102.580759565] <Event name="StateInfo" time="102.580419099" tag="vvvvv" TaskAutoShoot.state="SHOOT" />
TaskAutoShoot.autoTask_INFO [102.582574814] <Event name="StateInfo" time="102.582397765" tag="^^^^^" TaskAutoShoot.state="SHOOT" />
TaskAutoShoot.autoTask_INFO [102.659724248] <Event name="StateInfo" time="102.659489445" tag="vvvvv" TaskAutoShoot.state="SHOOT" />
TaskAutoShoot.runTaskState_INFO [102.660910645] ***** Start left shooter shooting (timedout=true, turretReady=false).
Shooter.shoot_INFO [102.662282288] shoot(owner=null, event=(TaskAutoShoot.leftShooterDone=CLEARED), shooter=leftShooter, autoStop=false)
Shooter.LeftTransferMotor.cancel_INFO [102.665363672] Cancel: stopping motor.
TaskAutoShoot.runTaskState_INFO [102.666796005] ***** Start right shooter shooting (timedout=true, turretReady=false).
Shooter.shoot_INFO [102.66851693] shoot(owner=null, event=(TaskAutoShoot.rightShooterDone=CLEARED), shooter=rightShooter, autoStop=false)
Shooter.RightTransferMotor.cancel_INFO [102.670960811] Cancel: stopping motor.
TaskAutoShoot.autoTask_INFO [102.673531991] <Event name="StateInfo" time="102.673349122" tag="^^^^^" TaskAutoShoot.state="SHOOT" />
FrcTeleOp.operatorControllerButtonEvent_INFO [103.115208833] ##### button=LeftBumper, pressed=false
FrcTeleOp.operatorControllerButtonEvent_INFO [103.116635428] >>>>> OperatorAltFunc=false
FrcTeleOp.operatorControllerButtonEvent_INFO [103.20428474] ##### button=Y, pressed=false
FrcTeleOp.shoot_INFO [103.205064584] >>>>> Stop Auto Shoot.
TaskAutoShoot.cancel_INFO [103.205399628] Canceling auto task operation.
TaskAutoShoot.stopSubsystems_INFO [103.205816552] Stopping subsystems.
Shooter.LeftTransferMotor.cancel_INFO [103.206124354] Cancel: stopping motor.
Shooter.RightTransferMotor.cancel_INFO [103.207225901] Cancel: stopping motor.
Shooter.FeederMotor.cancel_INFO [103.20823791] Cancel: stopping motor.
Shooter.LeftShooter.disableGoalTracking_INFO [103.209089882] Disable Goal Tracking.
Shooter.LeftShooter.stopGoalTracking_INFO [103.210644572] Stop GoalTracking.
Shooter.LeftTiltMotor.cancel_INFO [103.213382608] Cancel: stopping motor.
Shooter.LeftPrimaryMotor.cancel_INFO [103.214380271] Cancel: stopping motor.
Shooter.RightShooter.disableGoalTracking_INFO [103.215339242] Disable Goal Tracking.
Shooter.RightShooter.stopGoalTracking_INFO [103.215964191] Stop GoalTracking.
Shooter.RightTiltMotor.cancel_INFO [103.216795761] Cancel: stopping motor.
Shooter.RightPrimaryMotor.cancel_INFO [103.217663887] Cancel: stopping motor.
Shooter.LeftShooter.cancel_INFO [103.218572045] owner=null
Shooter.LeftPrimaryMotor.cancel_INFO [103.219404468] Cancel: stopping motor.
Shooter.LeftTiltMotor.cancel_INFO [103.221465625] Cancel: stopping motor.
Shooter.RightShooter.cancel_INFO [103.222882985] owner=null
Shooter.RightPrimaryMotor.cancel_INFO [103.227941599] Cancel: stopping motor.
Shooter.RightTiltMotor.cancel_INFO [103.229208178] Cancel: stopping motor.
Shooter.LeftTransferMotor.cancel_INFO [103.230293063] Cancel: stopping motor.
Shooter.RightTransferMotor.cancel_INFO [103.231758979] Cancel: stopping motor.
Shooter.FeederMotor.cancel_INFO [103.233998818] Cancel: stopping motor.
FrcTeleOp.operatorControllerButtonEvent_INFO [103.920075209] ##### button=LeftBumper, pressed=true
FrcTeleOp.operatorControllerButtonEvent_INFO [103.921857232] >>>>> OperatorAltFunc=true
FrcTeleOp.operatorControllerButtonEvent_INFO [104.022545204] ##### button=Y, pressed=true
FrcTeleOp.shoot_INFO [104.02443178] >>>>> Start Manual Shoot.
TaskAutoShoot.cancel_INFO [104.025412634] Canceling auto task operation.
FrcTeleOp.operatorControllerButtonEvent_INFO [106.265722596] ##### button=Y, pressed=false
FrcTeleOp.shoot_INFO [106.267196108] >>>>> Stop Manual Shoot.
Shooter.LeftShooter.cancel_INFO [106.268226142] owner=null
Shooter.LeftPrimaryMotor.cancel_INFO [106.269016448] Cancel: stopping motor.
Shooter.LeftTiltMotor.cancel_INFO [106.270526191] Cancel: stopping motor.
Shooter.RightShooter.cancel_INFO [106.27163054] owner=null
Shooter.RightPrimaryMotor.cancel_INFO [106.27311887] Cancel: stopping motor.
Shooter.RightTiltMotor.cancel_INFO [106.275342927] Cancel: stopping motor.
Shooter.LeftTransferMotor.cancel_INFO [106.277774078] Cancel: stopping motor.
Shooter.RightTransferMotor.cancel_INFO [106.280084148] Cancel: stopping motor.
Shooter.FeederMotor.cancel_INFO [106.282514157] Cancel: stopping motor.
FrcTeleOp.operatorControllerButtonEvent_INFO [106.351867053] ##### button=LeftBumper, pressed=false
FrcTeleOp.operatorControllerButtonEvent_INFO [106.355481395] >>>>> OperatorAltFunc=false
FrcTeleOp.operatorControllerButtonEvent_INFO [106.367624828] ##### button=Y, pressed=true
FrcTeleOp.shoot_INFO [106.374190282] >>>>> Start Auto Shoot.
TaskAutoShoot.autoShoot_INFO [106.377510968] autoShoot(owner=null, event=null, taskParams=(autoStop=false, noPassback=false, noWait=false))
Shooter.setupGoalTrackingMode_INFO [106.380041655] AlliancHub: alliance=Blue, fieldLengthZone=0, fieldWidthZone=1.
Shooter.setupGoalTrackingMode_INFO [106.386868455] GoalTracking(trackingMode=AllianceHub, goalPose=(x=-158.838583,y=182.110000,angle=0.000000), noPassback=false).
Shooter.LeftShooter.enableGoalTracking_INFO [106.388036325] Enable GoalTracking (trackingParams=(trackFlywheel=true,trackTiltPos=true,trackPanPos=true)).
Shooter.LeftPrimaryMotor.cancel_INFO [106.389967787] Cancel: stopping motor.
Shooter.LeftTiltMotor.cancel_INFO [106.392515621] Cancel: stopping motor.
Shooter.RightShooter.enableGoalTracking_INFO [106.396613018] Enable GoalTracking (trackingParams=(trackFlywheel=true,trackTiltPos=true,trackPanPos=true)).
Shooter.RightPrimaryMotor.cancel_INFO [106.401876763] Cancel: stopping motor.
Shooter.RightTiltMotor.cancel_INFO [106.404049084] Cancel: stopping motor.
TaskAutoShoot.autoTask_INFO [106.548995113] <Event name="StateInfo" time="106.542417719" tag="vvvvv" TaskAutoShoot.state="START" />
TaskAutoShoot.runTaskState_INFO [106.551357207] ***** Wait for left Shooter ready.
TaskAutoShoot.runTaskState_INFO [106.553840194] ***** Wait for right Shooter ready.
TaskAutoShoot.runTaskState_INFO [106.555213188] ***** Wait for Turret ready.
TaskAutoShoot.autoTask_INFO [106.558009137] <Event name="StateInfo" time="106.555983277" tag="^^^^^" TaskAutoShoot.state="START" />
Shooter.LeftShooter.goalTrackingTask_INFO [106.660365569] Shooter.LeftShooter is Ready: rpm1=4473.037861/4483.989115, rpm2=2810.625000/0.000000, tilt=21.296666/21.273382, pan=null/null
Shooter.RightShooter.goalTrackingTask_INFO [106.693362057] Shooter.RightShooter is Ready: rpm1=4467.169471/4483.989115, rpm2=2752.500000/0.000000, tilt=21.296666/21.273382, pan=null/null
TaskAutoShoot.autoTask_INFO [106.694502173] <Event name="StateInfo" time="106.694133473" tag="vvvvv" TaskAutoShoot.state="SHOOT" />
TaskAutoShoot.autoTask_INFO [106.695534044] <Event name="StateInfo" time="106.695358825" tag="^^^^^" TaskAutoShoot.state="SHOOT" />
TaskAutoShoot.autoTask_INFO [106.810338523] <Event name="StateInfo" time="106.810102218" tag="vvvvv" TaskAutoShoot.state="SHOOT" />
TaskAutoShoot.autoTask_INFO [106.811157653] <Event name="StateInfo" time="106.810981179" tag="^^^^^" TaskAutoShoot.state="SHOOT" />
TaskAutoShoot.autoTask_INFO [106.892145887] <Event name="StateInfo" time="106.891952433" tag="vvvvv" TaskAutoShoot.state="SHOOT" />
TaskAutoShoot.autoTask_INFO [106.893681518] <Event name="StateInfo" time="106.893486199" tag="^^^^^" TaskAutoShoot.state="SHOOT" />
TaskAutoShoot.autoTask_INFO [106.985195347] <Event name="StateInfo" time="106.984990085" tag="vvvvv" TaskAutoShoot.state="SHOOT" />
TaskAutoShoot.autoTask_INFO [106.986236954] <Event name="StateInfo" time="106.986057716" tag="^^^^^" TaskAutoShoot.state="SHOOT" />
FrcTeleOp.operatorControllerButtonEvent_INFO [106.994370296] ##### button=Y, pressed=false
FrcTeleOp.shoot_INFO [106.996876519] >>>>> Stop Auto Shoot.
TaskAutoShoot.cancel_INFO [106.998893096] Canceling auto task operation.
TaskAutoShoot.stopSubsystems_INFO [107.001050204] Stopping subsystems.
Shooter.LeftTransferMotor.cancel_INFO [107.014318035] Cancel: stopping motor.
Shooter.RightTransferMotor.cancel_INFO [107.017612187] Cancel: stopping motor.
Shooter.FeederMotor.cancel_INFO [107.020302442] Cancel: stopping motor.
Shooter.LeftShooter.disableGoalTracking_INFO [107.022705142] Disable Goal Tracking.
Shooter.LeftShooter.stopGoalTracking_INFO [107.026040175] Stop GoalTracking.
Shooter.LeftTiltMotor.cancel_INFO [107.028093993] Cancel: stopping motor.
Shooter.LeftPrimaryMotor.cancel_INFO [107.029319994] Cancel: stopping motor.
Shooter.RightShooter.disableGoalTracking_INFO [107.03113216] Disable Goal Tracking.
Shooter.RightShooter.stopGoalTracking_INFO [107.039795621] Stop GoalTracking.
Shooter.RightTiltMotor.cancel_INFO [107.042273127] Cancel: stopping motor.
Shooter.RightPrimaryMotor.cancel_INFO [107.045020721] Cancel: stopping motor.
Shooter.LeftShooter.cancel_INFO [107.047735808] owner=null
Shooter.LeftPrimaryMotor.cancel_INFO [107.050280752] Cancel: stopping motor.
Shooter.LeftTiltMotor.cancel_INFO [107.055023905] Cancel: stopping motor.
Shooter.RightShooter.cancel_INFO [107.058404746] owner=null
Shooter.RightPrimaryMotor.cancel_INFO [107.061676061] Cancel: stopping motor.
Shooter.RightTiltMotor.cancel_INFO [107.064149573] Cancel: stopping motor.
Shooter.LeftTransferMotor.cancel_INFO [107.06643284] Cancel: stopping motor.
Shooter.RightTransferMotor.cancel_INFO [107.06920877] Cancel: stopping motor.
Shooter.FeederMotor.cancel_INFO [107.073377095] Cancel: stopping motor.
FrcTeleOp.operatorControllerButtonEvent_INFO [107.185021287] ##### button=Y, pressed=true
FrcTeleOp.shoot_INFO [107.185821971] >>>>> Start Auto Shoot.
TaskAutoShoot.autoShoot_INFO [107.186076717] autoShoot(owner=null, event=null, taskParams=(autoStop=false, noPassback=false, noWait=false))
Shooter.setupGoalTrackingMode_INFO [107.188881761] AlliancHub: alliance=Blue, fieldLengthZone=0, fieldWidthZone=1.
Shooter.setupGoalTrackingMode_INFO [107.195153568] GoalTracking(trackingMode=AllianceHub, goalPose=(x=-158.838583,y=182.110000,angle=0.000000), noPassback=false).
Shooter.LeftShooter.enableGoalTracking_INFO [107.195544669] Enable GoalTracking (trackingParams=(trackFlywheel=true,trackTiltPos=true,trackPanPos=true)).
Shooter.LeftPrimaryMotor.cancel_INFO [107.195897217] Cancel: stopping motor.
Shooter.LeftTiltMotor.cancel_INFO [107.196324163] Cancel: stopping motor.
Shooter.RightShooter.enableGoalTracking_INFO [107.196725109] Enable GoalTracking (trackingParams=(trackFlywheel=true,trackTiltPos=true,trackPanPos=true)).
Shooter.RightPrimaryMotor.cancel_INFO [107.200798421] Cancel: stopping motor.
Shooter.RightTiltMotor.cancel_INFO [107.202478463] Cancel: stopping motor.
TaskAutoShoot.autoTask_INFO [107.284121872] <Event name="StateInfo" time="107.283923371" tag="vvvvv" TaskAutoShoot.state="START" />
TaskAutoShoot.runTaskState_INFO [107.287915674] ***** Wait for left Shooter ready.
TaskAutoShoot.runTaskState_INFO [107.289210022] ***** Wait for right Shooter ready.
TaskAutoShoot.runTaskState_INFO [107.290379662] ***** Wait for Turret ready.
TaskAutoShoot.autoTask_INFO [107.292136097] <Event name="StateInfo" time="107.291964264" tag="^^^^^" TaskAutoShoot.state="START" />
Shooter.LeftShooter.goalTrackingTask_INFO [107.454826403] Shooter.LeftShooter is Ready: rpm1=4413.596755/4483.989115, rpm2=2729.882813/0.000000, tilt=21.296666/21.273382, pan=null/null
Shooter.RightShooter.goalTrackingTask_INFO [107.513262367] Shooter.RightShooter is Ready: rpm1=4442.181490/4483.989115, rpm2=2768.906250/0.000000, tilt=21.296666/21.273382, pan=null/null
TaskAutoShoot.autoTask_INFO [107.514247874] <Event name="StateInfo" time="107.514006344" tag="vvvvv" TaskAutoShoot.state="SHOOT" />
TaskAutoShoot.autoTask_INFO [107.520828965] <Event name="StateInfo" time="107.514429951" tag="^^^^^" TaskAutoShoot.state="SHOOT" />
TaskAutoShoot.autoTask_INFO [107.601053771] <Event name="StateInfo" time="107.600866574" tag="vvvvv" TaskAutoShoot.state="SHOOT" />
TaskAutoShoot.autoTask_INFO [107.602165421] <Event name="StateInfo" time="107.601417427" tag="^^^^^" TaskAutoShoot.state="SHOOT" />
TaskAutoShoot.autoTask_INFO [107.689645344] <Event name="StateInfo" time="107.689474744" tag="vvvvv" TaskAutoShoot.state="SHOOT" />
TaskAutoShoot.autoTask_INFO [107.690292281] <Event name="StateInfo" time="107.689976676" tag="^^^^^" TaskAutoShoot.state="SHOOT" />
TaskAutoShoot.autoTask_INFO [107.783829469] <Event name="StateInfo" time="107.783650865" tag="vvvvv" TaskAutoShoot.state="SHOOT" />
TaskAutoShoot.autoTask_INFO [107.786675994] <Event name="StateInfo" time="107.786141772" tag="^^^^^" TaskAutoShoot.state="SHOOT" />
TaskAutoShoot.autoTask_INFO [107.870291802] <Event name="StateInfo" time="107.870113798" tag="vvvvv" TaskAutoShoot.state="SHOOT" />
TaskAutoShoot.autoTask_INFO [107.871144932] <Event name="StateInfo" time="107.870771188" tag="^^^^^" TaskAutoShoot.state="SHOOT" />
TaskAutoShoot.autoTask_INFO [107.963333367] <Event name="StateInfo" time="107.963014462" tag="vvvvv" TaskAutoShoot.state="SHOOT" />
TaskAutoShoot.autoTask_INFO [107.963928184] <Event name="StateInfo" time="107.963771372" tag="^^^^^" TaskAutoShoot.state="SHOOT" />
TaskAutoShoot.autoTask_INFO [108.065408849] <Event name="StateInfo" time="108.065225687" tag="vvvvv" TaskAutoShoot.state="SHOOT" />
TaskAutoShoot.autoTask_INFO [108.066274146] <Event name="StateInfo" time="108.066093167" tag="^^^^^" TaskAutoShoot.state="SHOOT" />
TaskAutoShoot.autoTask_INFO [108.149979917] <Event name="StateInfo" time="108.149787887" tag="vvvvv" TaskAutoShoot.state="SHOOT" />
TaskAutoShoot.autoTask_INFO [108.150555501] <Event name="StateInfo" time="108.150391431" tag="^^^^^" TaskAutoShoot.state="SHOOT" />
TaskAutoShoot.autoTask_INFO [108.232222594] <Event name="StateInfo" time="108.232048396" tag="vvvvv" TaskAutoShoot.state="SHOOT" />
TaskAutoShoot.autoTask_INFO [108.232854286] <Event name="StateInfo" time="108.232433393" tag="^^^^^" TaskAutoShoot.state="SHOOT" />
TaskAutoShoot.autoTask_INFO [108.339195186] <Event name="StateInfo" time="108.33879182" tag="vvvvv" TaskAutoShoot.state="SHOOT" />
TaskAutoShoot.runTaskState_INFO [108.34098332] ***** Start left shooter shooting (timedout=true, turretReady=false).
Shooter.shoot_INFO [108.341385008] shoot(owner=null, event=(TaskAutoShoot.leftShooterDone=CLEARED), shooter=leftShooter, autoStop=false)
Shooter.LeftTransferMotor.cancel_INFO [108.342092007] Cancel: stopping motor.
TaskAutoShoot.runTaskState_INFO [108.343481351] ***** Start right shooter shooting (timedout=true, turretReady=false).
Shooter.shoot_INFO [108.34398266] shoot(owner=null, event=(TaskAutoShoot.rightShooterDone=CLEARED), shooter=rightShooter, autoStop=false)
Shooter.RightTransferMotor.cancel_INFO [108.344412717] Cancel: stopping motor.
TaskAutoShoot.autoTask_INFO [108.346781413] <Event name="StateInfo" time="108.346377973" tag="^^^^^" TaskAutoShoot.state="SHOOT" />
FrcTeleOp.driverControllerButtonEvent_INFO [112.475549229] ##### button=A, pressed=true
FrcTeleOp.driverControllerButtonEvent_INFO [112.554571826] ##### button=A, pressed=false
FrcTeleOp.driverControllerButtonEvent_INFO [113.165834894] ##### button=A, pressed=true
FrcTeleOp.driverControllerButtonEvent_INFO [113.336374898] ##### button=A, pressed=false
FrcTeleOp.operatorControllerButtonEvent_INFO [115.374087217] ##### button=Y, pressed=false
FrcTeleOp.shoot_INFO [115.37979516] >>>>> Stop Auto Shoot.
TaskAutoShoot.cancel_INFO [115.383673491] Canceling auto task operation.
TaskAutoShoot.stopSubsystems_INFO [115.384702147] Stopping subsystems.
Shooter.LeftTransferMotor.cancel_INFO [115.388239992] Cancel: stopping motor.
Shooter.RightTransferMotor.cancel_INFO [115.389418321] Cancel: stopping motor.
Shooter.FeederMotor.cancel_INFO [115.390814239] Cancel: stopping motor.
Shooter.LeftShooter.disableGoalTracking_INFO [115.39273627] Disable Goal Tracking.
Shooter.LeftShooter.stopGoalTracking_INFO [115.395019305] Stop GoalTracking.
Shooter.LeftTiltMotor.cancel_INFO [115.395985775] Cancel: stopping motor.
Shooter.LeftPrimaryMotor.cancel_INFO [115.396839993] Cancel: stopping motor.
Shooter.RightShooter.disableGoalTracking_INFO [115.399205424] Disable Goal Tracking.
Shooter.RightShooter.stopGoalTracking_INFO [115.399952789] Stop GoalTracking.
Shooter.RightTiltMotor.cancel_INFO [115.401338747] Cancel: stopping motor.
Shooter.RightPrimaryMotor.cancel_INFO [115.403441498] Cancel: stopping motor.
Shooter.LeftShooter.cancel_INFO [115.405965003] owner=null
Shooter.LeftPrimaryMotor.cancel_INFO [115.407210366] Cancel: stopping motor.
Shooter.LeftTiltMotor.cancel_INFO [115.409829294] Cancel: stopping motor.
Shooter.RightShooter.cancel_INFO [115.410677216] owner=null
Shooter.RightPrimaryMotor.cancel_INFO [115.413190132] Cancel: stopping motor.
Shooter.RightTiltMotor.cancel_INFO [115.414056933] Cancel: stopping motor.
Shooter.LeftTransferMotor.cancel_INFO [115.415671723] Cancel: stopping motor.
Shooter.RightTransferMotor.cancel_INFO [115.417839017] Cancel: stopping motor.
Shooter.FeederMotor.cancel_INFO [115.418783646] Cancel: stopping motor.
FrcTeleOp.driverControllerButtonEvent_INFO [116.121297921] ##### button=A, pressed=true
FrcTeleOp.driverControllerButtonEvent_INFO [116.27408214] ##### button=A, pressed=false
FrcTeleOp.driverControllerButtonEvent_INFO [119.170699822] ##### button=X, pressed=true
FrcTeleOp.driverControllerButtonEvent_INFO [119.175998383] >>>>> Reset field forward heading (heading=-7.65152463816575)
FrcTeleOp.driverControllerButtonEvent_INFO [119.221371385] ##### button=X, pressed=false
FrcTeleOp.driverControllerButtonEvent_INFO [120.39198642] ##### button=A, pressed=true
FrcTeleOp.driverControllerButtonEvent_INFO [120.443094169] ##### button=A, pressed=false
FrcTeleOp.driverControllerButtonEvent_INFO [122.981902586] ##### button=A, pressed=true
FrcTeleOp.driverControllerButtonEvent_INFO [123.083292861] ##### button=A, pressed=false
FrcTeleOp.driverControllerButtonEvent_INFO [125.216128118] ##### button=X, pressed=true
FrcTeleOp.driverControllerButtonEvent_INFO [125.216773808] >>>>> Reset field forward heading (heading=-7.65152463816575)
FrcTeleOp.driverControllerButtonEvent_INFO [125.317082068] ##### button=X, pressed=false
FrcTeleOp.operatorControllerButtonEvent_INFO [125.576985529] ##### button=Y, pressed=true
FrcTeleOp.shoot_INFO [125.578243441] >>>>> Start Auto Shoot.
TaskAutoShoot.autoShoot_INFO [125.578958837] autoShoot(owner=null, event=null, taskParams=(autoStop=false, noPassback=false, noWait=false))
Shooter.setupGoalTrackingMode_INFO [125.580429679] AlliancHub: alliance=Blue, fieldLengthZone=0, fieldWidthZone=1.
Shooter.setupGoalTrackingMode_INFO [125.581244045] GoalTracking(trackingMode=AllianceHub, goalPose=(x=-158.838583,y=182.110000,angle=0.000000), noPassback=false).
Shooter.LeftShooter.enableGoalTracking_INFO [125.582490797] Enable GoalTracking (trackingParams=(trackFlywheel=true,trackTiltPos=true,trackPanPos=true)).
Shooter.LeftPrimaryMotor.cancel_INFO [125.583955374] Cancel: stopping motor.
Shooter.LeftTiltMotor.cancel_INFO [125.585188032] Cancel: stopping motor.
Shooter.RightShooter.enableGoalTracking_INFO [125.586546894] Enable GoalTracking (trackingParams=(trackFlywheel=true,trackTiltPos=true,trackPanPos=true)).
Shooter.RightPrimaryMotor.cancel_INFO [125.587891058] Cancel: stopping motor.
Shooter.RightTiltMotor.cancel_INFO [125.589209119] Cancel: stopping motor.
TaskAutoShoot.autoTask_INFO [125.679210503] <Event name="StateInfo" time="125.678558665" tag="vvvvv" TaskAutoShoot.state="START" />
TaskAutoShoot.runTaskState_INFO [125.680076755] ***** Wait for left Shooter ready.
TaskAutoShoot.runTaskState_INFO [125.680662889] ***** Wait for right Shooter ready.
TaskAutoShoot.runTaskState_INFO [125.681489965] ***** Wait for Turret ready.
TaskAutoShoot.autoTask_INFO [125.682113947] <Event name="StateInfo" time="125.681900894" tag="^^^^^" TaskAutoShoot.state="START" />
TaskAutoShoot.autoTask_INFO [125.855558465] <Event name="StateInfo" time="125.855164992" tag="vvvvv" TaskAutoShoot.state="SHOOT" />
TaskAutoShoot.autoTask_INFO [125.856527052] <Event name="StateInfo" time="125.856347791" tag="^^^^^" TaskAutoShoot.state="SHOOT" />
TaskAutoShoot.autoTask_INFO [125.938483117] <Event name="StateInfo" time="125.93824275" tag="vvvvv" TaskAutoShoot.state="SHOOT" />
TaskAutoShoot.autoTask_INFO [125.939199007] <Event name="StateInfo" time="125.938969186" tag="^^^^^" TaskAutoShoot.state="SHOOT" />
TaskAutoShoot.autoTask_INFO [126.064130225] <Event name="StateInfo" time="126.062167228" tag="vvvvv" TaskAutoShoot.state="SHOOT" />
TaskAutoShoot.autoTask_INFO [126.070001109] <Event name="StateInfo" time="126.069779695" tag="^^^^^" TaskAutoShoot.state="SHOOT" />
TaskAutoShoot.autoTask_INFO [126.157841782] <Event name="StateInfo" time="126.157675167" tag="vvvvv" TaskAutoShoot.state="SHOOT" />
TaskAutoShoot.autoTask_INFO [126.163749597] <Event name="StateInfo" time="126.15804545" tag="^^^^^" TaskAutoShoot.state="SHOOT" />
TaskAutoShoot.autoTask_INFO [126.273576481] <Event name="StateInfo" time="126.273415711" tag="vvvvv" TaskAutoShoot.state="SHOOT" />
TaskAutoShoot.autoTask_INFO [126.276942535] <Event name="StateInfo" time="126.276657239" tag="^^^^^" TaskAutoShoot.state="SHOOT" />
TaskAutoShoot.autoTask_INFO [126.369952889] <Event name="StateInfo" time="126.369780635" tag="vvvvv" TaskAutoShoot.state="SHOOT" />
TaskAutoShoot.autoTask_INFO [126.371254053] <Event name="StateInfo" time="126.370493486" tag="^^^^^" TaskAutoShoot.state="SHOOT" />
TaskAutoShoot.autoTask_INFO [126.455036601] <Event name="StateInfo" time="126.45485766" tag="vvvvv" TaskAutoShoot.state="SHOOT" />
TaskAutoShoot.autoTask_INFO [126.459989241] <Event name="StateInfo" time="126.459797167" tag="^^^^^" TaskAutoShoot.state="SHOOT" />
TaskAutoShoot.autoTask_INFO [126.557427747] <Event name="StateInfo" time="126.557147466" tag="vvvvv" TaskAutoShoot.state="SHOOT" />
TaskAutoShoot.autoTask_INFO [126.557981111] <Event name="StateInfo" time="126.557751969" tag="^^^^^" TaskAutoShoot.state="SHOOT" />
TaskAutoShoot.autoTask_INFO [126.644201863] <Event name="StateInfo" time="126.644029383" tag="vvvvv" TaskAutoShoot.state="SHOOT" />
TaskAutoShoot.autoTask_INFO [126.64536649] <Event name="StateInfo" time="126.64492117" tag="^^^^^" TaskAutoShoot.state="SHOOT" />
TaskAutoShoot.autoTask_INFO [126.734101498] <Event name="StateInfo" time="126.733928488" tag="vvvvv" TaskAutoShoot.state="SHOOT" />
TaskAutoShoot.runTaskState_INFO [126.7408711] ***** Start left shooter shooting (timedout=true, turretReady=false).
Shooter.shoot_INFO [126.741524375] shoot(owner=null, event=(TaskAutoShoot.leftShooterDone=CLEARED), shooter=leftShooter, autoStop=false)
Shooter.LeftTransferMotor.cancel_INFO [126.741968514] Cancel: stopping motor.
TaskAutoShoot.runTaskState_INFO [126.742488088] ***** Start right shooter shooting (timedout=true, turretReady=false).
Shooter.shoot_INFO [126.745943195] shoot(owner=null, event=(TaskAutoShoot.rightShooterDone=CLEARED), shooter=rightShooter, autoStop=false)
Shooter.RightTransferMotor.cancel_INFO [126.746382453] Cancel: stopping motor.
TaskAutoShoot.autoTask_INFO [126.749584538] <Event name="StateInfo" time="126.74940697" tag="^^^^^" TaskAutoShoot.state="SHOOT" />
FrcTeleOp.driverControllerButtonEvent_INFO [126.942794487] ##### button=A, pressed=true
FrcTeleOp.driverControllerButtonEvent_INFO [127.039151309] ##### button=A, pressed=false
Shooter.LeftShooter.goalTrackingTask_INFO [127.552840506] Shooter.LeftShooter is Ready: rpm1=4516.956130/4483.989115, rpm2=2783.554688/0.000000, tilt=21.296666/21.273382, pan=null/null
Shooter.RightShooter.goalTrackingTask_INFO [128.275242206] Shooter.RightShooter is Ready: rpm1=4470.576923/4483.989115, rpm2=2757.539063/0.000000, tilt=21.296666/21.273382, pan=null/null
FrcTeleOp.driverControllerButtonEvent_INFO [130.805790376] ##### button=A, pressed=true
FrcTeleOp.driverControllerButtonEvent_INFO [130.893485362] ##### button=A, pressed=false
FrcTeleOp.operatorControllerButtonEvent_INFO [131.929312552] ##### button=Y, pressed=false
FrcTeleOp.shoot_INFO [131.930687902] >>>>> Stop Auto Shoot.
TaskAutoShoot.cancel_INFO [131.93123597] Canceling auto task operation.
TaskAutoShoot.stopSubsystems_INFO [131.931881108] Stopping subsystems.
Shooter.LeftTransferMotor.cancel_INFO [131.933164388] Cancel: stopping motor.
Shooter.RightTransferMotor.cancel_INFO [131.934271284] Cancel: stopping motor.
Shooter.FeederMotor.cancel_INFO [131.93591296] Cancel: stopping motor.
Shooter.LeftShooter.disableGoalTracking_INFO [131.936739029] Disable Goal Tracking.
Shooter.LeftShooter.stopGoalTracking_INFO [131.93730316] Stop GoalTracking.
Shooter.LeftTiltMotor.cancel_INFO [131.939065783] Cancel: stopping motor.
Shooter.LeftPrimaryMotor.cancel_INFO [131.939896093] Cancel: stopping motor.
Shooter.RightShooter.disableGoalTracking_INFO [131.940634935] Disable Goal Tracking.
Shooter.RightShooter.stopGoalTracking_INFO [131.941135877] Stop GoalTracking.
Shooter.RightTiltMotor.cancel_INFO [131.941689165] Cancel: stopping motor.
Shooter.RightPrimaryMotor.cancel_INFO [131.942572686] Cancel: stopping motor.
Shooter.LeftShooter.cancel_INFO [131.943460808] owner=null
Shooter.LeftPrimaryMotor.cancel_INFO [131.944220794] Cancel: stopping motor.
Shooter.LeftTiltMotor.cancel_INFO [131.945042304] Cancel: stopping motor.
Shooter.RightShooter.cancel_INFO [131.945624777] owner=null
Shooter.RightPrimaryMotor.cancel_INFO [131.946534606] Cancel: stopping motor.
Shooter.RightTiltMotor.cancel_INFO [131.947234836] Cancel: stopping motor.
Shooter.LeftTransferMotor.cancel_INFO [131.947985237] Cancel: stopping motor.
Shooter.RightTransferMotor.cancel_INFO [131.950689911] Cancel: stopping motor.
Shooter.FeederMotor.cancel_INFO [131.956065934] Cancel: stopping motor.
FrcTeleOp.operatorControllerButtonEvent_INFO [132.182912161] ##### button=Y, pressed=true
FrcTeleOp.shoot_INFO [132.187858533] >>>>> Start Auto Shoot.
TaskAutoShoot.autoShoot_INFO [132.188390553] autoShoot(owner=null, event=null, taskParams=(autoStop=false, noPassback=false, noWait=false))
Shooter.setupGoalTrackingMode_INFO [132.188932573] AlliancHub: alliance=Blue, fieldLengthZone=0, fieldWidthZone=1.
Shooter.setupGoalTrackingMode_INFO [132.189312929] GoalTracking(trackingMode=AllianceHub, goalPose=(x=-158.838583,y=182.110000,angle=0.000000), noPassback=false).
Shooter.LeftShooter.enableGoalTracking_INFO [132.189594707] Enable GoalTracking (trackingParams=(trackFlywheel=true,trackTiltPos=true,trackPanPos=true)).
Shooter.LeftPrimaryMotor.cancel_INFO [132.19740878] Cancel: stopping motor.
Shooter.LeftTiltMotor.cancel_INFO [132.199416001] Cancel: stopping motor.
Shooter.RightShooter.enableGoalTracking_INFO [132.200126872] Enable GoalTracking (trackingParams=(trackFlywheel=true,trackTiltPos=true,trackPanPos=true)).
Shooter.RightPrimaryMotor.cancel_INFO [132.202209804] Cancel: stopping motor.
Shooter.RightTiltMotor.cancel_INFO [132.203414524] Cancel: stopping motor.
TaskAutoShoot.autoTask_INFO [132.298015565] <Event name="StateInfo" time="132.297463907" tag="vvvvv" TaskAutoShoot.state="START" />
TaskAutoShoot.runTaskState_INFO [132.299910638] ***** Wait for left Shooter ready.
TaskAutoShoot.runTaskState_INFO [132.302465618] ***** Wait for right Shooter ready.
TaskAutoShoot.runTaskState_INFO [132.304001507] ***** Wait for Turret ready.
TaskAutoShoot.autoTask_INFO [132.305193038] <Event name="StateInfo" time="132.304714178" tag="^^^^^" TaskAutoShoot.state="START" />
Shooter.LeftShooter.goalTrackingTask_INFO [132.457867312] Shooter.LeftShooter is Ready: rpm1=4394.098558/4483.989115, rpm2=2751.679688/0.000000, tilt=21.296666/21.273382, pan=null/null
TaskAutoShoot.autoTask_INFO [132.491773633] <Event name="StateInfo" time="132.491478874" tag="vvvvv" TaskAutoShoot.state="SHOOT" />
TaskAutoShoot.autoTask_INFO [132.495157426] <Event name="StateInfo" time="132.492881993" tag="^^^^^" TaskAutoShoot.state="SHOOT" />
Shooter.RightShooter.goalTrackingTask_INFO [132.585917267] Shooter.RightShooter is Ready: rpm1=4470.766226/4483.989115, rpm2=2751.562500/0.000000, tilt=21.296666/21.273382, pan=null/null
TaskAutoShoot.autoTask_INFO [132.586362689] <Event name="StateInfo" time="132.58620842" tag="vvvvv" TaskAutoShoot.state="SHOOT" />
TaskAutoShoot.autoTask_INFO [132.586714753] <Event name="StateInfo" time="132.586486714" tag="^^^^^" TaskAutoShoot.state="SHOOT" />
TaskAutoShoot.autoTask_INFO [132.678601214] <Event name="StateInfo" time="132.678429635" tag="vvvvv" TaskAutoShoot.state="SHOOT" />
TaskAutoShoot.autoTask_INFO [132.679327201] <Event name="StateInfo" time="132.679154433" tag="^^^^^" TaskAutoShoot.state="SHOOT" />
TaskAutoShoot.autoTask_INFO [132.755941714] <Event name="StateInfo" time="132.755700256" tag="vvvvv" TaskAutoShoot.state="SHOOT" />
TaskAutoShoot.autoTask_INFO [132.756709006] <Event name="StateInfo" time="132.756401247" tag="^^^^^" TaskAutoShoot.state="SHOOT" />
FrcTeleOp.driverControllerButtonEvent_INFO [132.758857604] ##### button=A, pressed=true
TaskAutoShoot.autoTask_INFO [132.848720152] <Event name="StateInfo" time="132.846962447" tag="vvvvv" TaskAutoShoot.state="SHOOT" />
TaskAutoShoot.autoTask_INFO [132.849561124] <Event name="StateInfo" time="132.849185738" tag="^^^^^" TaskAutoShoot.state="SHOOT" />
FrcTeleOp.driverControllerButtonEvent_INFO [132.853669305] ##### button=A, pressed=false
TaskAutoShoot.autoTask_INFO [132.949116852] <Event name="StateInfo" time="132.948896692" tag="vvvvv" TaskAutoShoot.state="SHOOT" />
TaskAutoShoot.autoTask_INFO [132.949520666] <Event name="StateInfo" time="132.949307636" tag="^^^^^" TaskAutoShoot.state="SHOOT" />
TaskAutoShoot.autoTask_INFO [133.069101792] <Event name="StateInfo" time="133.068795818" tag="vvvvv" TaskAutoShoot.state="SHOOT" />
TaskAutoShoot.autoTask_INFO [133.069853878] <Event name="StateInfo" time="133.069426411" tag="^^^^^" TaskAutoShoot.state="SHOOT" />
TaskAutoShoot.autoTask_INFO [133.157405758] <Event name="StateInfo" time="133.156410104" tag="vvvvv" TaskAutoShoot.state="SHOOT" />
TaskAutoShoot.autoTask_INFO [133.158012217] <Event name="StateInfo" time="133.157845934" tag="^^^^^" TaskAutoShoot.state="SHOOT" />
TaskAutoShoot.autoTask_INFO [133.240422911] <Event name="StateInfo" time="133.239913774" tag="vvvvv" TaskAutoShoot.state="SHOOT" />
TaskAutoShoot.autoTask_INFO [133.253514558] <Event name="StateInfo" time="133.253274452" tag="^^^^^" TaskAutoShoot.state="SHOOT" />
TaskAutoShoot.autoTask_INFO [133.339860875] <Event name="StateInfo" time="133.339639475" tag="vvvvv" TaskAutoShoot.state="SHOOT" />
TaskAutoShoot.runTaskState_INFO [133.340440187] ***** Start left shooter shooting (timedout=true, turretReady=false).
Shooter.shoot_INFO [133.340986185] shoot(owner=null, event=(TaskAutoShoot.leftShooterDone=CLEARED), shooter=leftShooter, autoStop=false)
Shooter.LeftTransferMotor.cancel_INFO [133.341348292] Cancel: stopping motor.
TaskAutoShoot.runTaskState_INFO [133.343412075] ***** Start right shooter shooting (timedout=true, turretReady=false).
Shooter.shoot_INFO [133.343886917] shoot(owner=null, event=(TaskAutoShoot.rightShooterDone=CLEARED), shooter=rightShooter, autoStop=false)
Shooter.RightTransferMotor.cancel_INFO [133.344729216] Cancel: stopping motor.
TaskAutoShoot.autoTask_INFO [133.345622793] <Event name="StateInfo" time="133.345143846" tag="^^^^^" TaskAutoShoot.state="SHOOT" />
FrcTeleOp.operatorControllerButtonEvent_INFO [133.431911423] ##### button=Y, pressed=false
FrcTeleOp.shoot_INFO [133.432401822] >>>>> Stop Auto Shoot.
TaskAutoShoot.cancel_INFO [133.432623164] Canceling auto task operation.
TaskAutoShoot.stopSubsystems_INFO [133.432940029] Stopping subsystems.
Shooter.LeftTransferMotor.cancel_INFO [133.433648236] Cancel: stopping motor.
Shooter.RightTransferMotor.cancel_INFO [133.434124083] Cancel: stopping motor.
Shooter.FeederMotor.cancel_INFO [133.434451493] Cancel: stopping motor.
Shooter.LeftShooter.disableGoalTracking_INFO [133.435184472] Disable Goal Tracking.
Shooter.LeftShooter.stopGoalTracking_INFO [133.435839337] Stop GoalTracking.
Shooter.LeftTiltMotor.cancel_INFO [133.436708089] Cancel: stopping motor.
Shooter.LeftPrimaryMotor.cancel_INFO [133.437147116] Cancel: stopping motor.
Shooter.RightShooter.disableGoalTracking_INFO [133.437727456] Disable Goal Tracking.
Shooter.RightShooter.stopGoalTracking_INFO [133.437979616] Stop GoalTracking.
Shooter.RightTiltMotor.cancel_INFO [133.438252191] Cancel: stopping motor.
Shooter.RightPrimaryMotor.cancel_INFO [133.439640109] Cancel: stopping motor.
Shooter.LeftShooter.cancel_INFO [133.440217604] owner=null
Shooter.LeftPrimaryMotor.cancel_INFO [133.440660501] Cancel: stopping motor.
Shooter.LeftTiltMotor.cancel_INFO [133.441526553] Cancel: stopping motor.
Shooter.RightShooter.cancel_INFO [133.441838587] owner=null
Shooter.RightPrimaryMotor.cancel_INFO [133.442446611] Cancel: stopping motor.
Shooter.RightTiltMotor.cancel_INFO [133.44318795] Cancel: stopping motor.
Shooter.LeftTransferMotor.cancel_INFO [133.44364068] Cancel: stopping motor.
Shooter.RightTransferMotor.cancel_INFO [133.44399546] Cancel: stopping motor.
Shooter.FeederMotor.cancel_INFO [133.444936997] Cancel: stopping motor.
FrcTeleOp.driverControllerButtonEvent_INFO [134.165361475] ##### button=A, pressed=true
FrcTeleOp.driverControllerButtonEvent_INFO [134.215849973] ##### button=A, pressed=false
FrcTeleOp.driverControllerButtonEvent_INFO [134.925926307] ##### button=A, pressed=true
FrcTeleOp.driverControllerButtonEvent_INFO [135.026839086] ##### button=A, pressed=false
FrcTeleOp.driverControllerButtonEvent_INFO [135.431448617] ##### button=A, pressed=true
FrcTeleOp.driverControllerButtonEvent_INFO [135.534017165] ##### button=A, pressed=false
FrcTeleOp.operatorControllerButtonEvent_INFO [137.208175552] ##### button=Y, pressed=true
FrcTeleOp.shoot_INFO [137.20924579] >>>>> Start Auto Shoot.
TaskAutoShoot.autoShoot_INFO [137.210052262] autoShoot(owner=null, event=null, taskParams=(autoStop=false, noPassback=false, noWait=false))
Shooter.setupGoalTrackingMode_INFO [137.210756419] AlliancHub: alliance=Blue, fieldLengthZone=0, fieldWidthZone=1.
Shooter.setupGoalTrackingMode_INFO [137.211338729] GoalTracking(trackingMode=AllianceHub, goalPose=(x=-158.838583,y=182.110000,angle=0.000000), noPassback=false).
Shooter.LeftShooter.enableGoalTracking_INFO [137.211923735] Enable GoalTracking (trackingParams=(trackFlywheel=true,trackTiltPos=true,trackPanPos=true)).
Shooter.LeftPrimaryMotor.cancel_INFO [137.213042075] Cancel: stopping motor.
Shooter.LeftTiltMotor.cancel_INFO [137.214219165] Cancel: stopping motor.
Shooter.RightShooter.enableGoalTracking_INFO [137.215074336] Enable GoalTracking (trackingParams=(trackFlywheel=true,trackTiltPos=true,trackPanPos=true)).
Shooter.RightPrimaryMotor.cancel_INFO [137.215797202] Cancel: stopping motor.
Shooter.RightTiltMotor.cancel_INFO [137.216829552] Cancel: stopping motor.
TaskAutoShoot.autoTask_INFO [137.295409445] <Event name="StateInfo" time="137.295085844" tag="vvvvv" TaskAutoShoot.state="START" />
TaskAutoShoot.runTaskState_INFO [137.296274458] ***** Wait for left Shooter ready.
TaskAutoShoot.runTaskState_INFO [137.296804899] ***** Wait for right Shooter ready.
TaskAutoShoot.runTaskState_INFO [137.297563489] ***** Wait for Turret ready.
TaskAutoShoot.autoTask_INFO [137.298218079] <Event name="StateInfo" time="137.298004897" tag="^^^^^" TaskAutoShoot.state="START" />
TaskAutoShoot.autoTask_INFO [137.477945136] <Event name="StateInfo" time="137.477361649" tag="vvvvv" TaskAutoShoot.state="SHOOT" />
TaskAutoShoot.autoTask_INFO [137.479029181] <Event name="StateInfo" time="137.478774943" tag="^^^^^" TaskAutoShoot.state="SHOOT" />
TaskAutoShoot.autoTask_INFO [137.557829765] <Event name="StateInfo" time="137.557634271" tag="vvvvv" TaskAutoShoot.state="SHOOT" />
TaskAutoShoot.autoTask_INFO [137.558424951] <Event name="StateInfo" time="137.55825669" tag="^^^^^" TaskAutoShoot.state="SHOOT" />
TaskAutoShoot.autoTask_INFO [137.655756939] <Event name="StateInfo" time="137.655514001" tag="vvvvv" TaskAutoShoot.state="SHOOT" />
TaskAutoShoot.autoTask_INFO [137.656284129] <Event name="StateInfo" time="137.656046155" tag="^^^^^" TaskAutoShoot.state="SHOOT" />
TaskAutoShoot.autoTask_INFO [137.759942833] <Event name="StateInfo" time="137.759745581" tag="vvvvv" TaskAutoShoot.state="SHOOT" />
TaskAutoShoot.autoTask_INFO [137.761691122] <Event name="StateInfo" time="137.760978848" tag="^^^^^" TaskAutoShoot.state="SHOOT" />
TaskAutoShoot.autoTask_INFO [137.835881719] <Event name="StateInfo" time="137.835699577" tag="vvvvv" TaskAutoShoot.state="SHOOT" />
TaskAutoShoot.autoTask_INFO [137.836486304] <Event name="StateInfo" time="137.836311704" tag="^^^^^" TaskAutoShoot.state="SHOOT" />
TaskAutoShoot.autoTask_INFO [137.912046918] <Event name="StateInfo" time="137.911724153" tag="vvvvv" TaskAutoShoot.state="SHOOT" />
TaskAutoShoot.autoTask_INFO [137.912910953] <Event name="StateInfo" time="137.912733023" tag="^^^^^" TaskAutoShoot.state="SHOOT" />
TaskAutoShoot.autoTask_INFO [138.011411136] <Event name="StateInfo" time="138.010684033" tag="vvvvv" TaskAutoShoot.state="SHOOT" />
TaskAutoShoot.autoTask_INFO [138.01214261] <Event name="StateInfo" time="138.01183667" tag="^^^^^" TaskAutoShoot.state="SHOOT" />
TaskAutoShoot.autoTask_INFO [138.08927616] <Event name="StateInfo" time="138.089104701" tag="vvvvv" TaskAutoShoot.state="SHOOT" />
TaskAutoShoot.autoTask_INFO [138.090365158] <Event name="StateInfo" time="138.089966093" tag="^^^^^" TaskAutoShoot.state="SHOOT" />
Shooter.LeftShooter.goalTrackingTask_INFO [138.151020322] Shooter.LeftShooter is Ready: rpm1=4477.202524/4483.989115, rpm2=2753.203125/0.000000, tilt=21.296666/21.273382, pan=null/null
TaskAutoShoot.autoTask_INFO [138.182624084] <Event name="StateInfo" time="138.182245645" tag="vvvvv" TaskAutoShoot.state="SHOOT" />
TaskAutoShoot.autoTask_INFO [138.182959712] <Event name="StateInfo" time="138.18282036" tag="^^^^^" TaskAutoShoot.state="SHOOT" />
TaskAutoShoot.autoTask_INFO [138.266827697] <Event name="StateInfo" time="138.266629363" tag="vvvvv" TaskAutoShoot.state="SHOOT" />
TaskAutoShoot.autoTask_INFO [138.267156724] <Event name="StateInfo" time="138.267018703" tag="^^^^^" TaskAutoShoot.state="SHOOT" />
Shooter.RightShooter.goalTrackingTask_INFO [138.338420229] Shooter.RightShooter is Ready: rpm1=4414.164663/4483.989115, rpm2=2757.773438/0.000000, tilt=21.296666/21.273382, pan=null/null
TaskAutoShoot.autoTask_INFO [138.338801709] <Event name="StateInfo" time="138.338608207" tag="vvvvv" TaskAutoShoot.state="SHOOT" />
TaskAutoShoot.runTaskState_INFO [138.339069063] ***** Start left shooter shooting (timedout=true, turretReady=false).
Shooter.shoot_INFO [138.339837672] shoot(owner=null, event=(TaskAutoShoot.leftShooterDone=CLEARED), shooter=leftShooter, autoStop=false)
Shooter.LeftTransferMotor.cancel_INFO [138.340262996] Cancel: stopping motor.
TaskAutoShoot.runTaskState_INFO [138.341352621] ***** Start right shooter shooting (timedout=true, turretReady=false).
Shooter.shoot_INFO [138.341711073] shoot(owner=null, event=(TaskAutoShoot.rightShooterDone=CLEARED), shooter=rightShooter, autoStop=false)
Shooter.RightTransferMotor.cancel_INFO [138.341993176] Cancel: stopping motor.
TaskAutoShoot.autoTask_INFO [138.343387443] <Event name="StateInfo" time="138.342769168" tag="^^^^^" TaskAutoShoot.state="SHOOT" />
FrcRobot.startCompetition_INFO [140.150574813] *** Transitioning from TELEOP_MODE to DISABLED_MODE ***
Robot.cancelAll_INFO [140.156636802] Cancel all operations.
Shooter.LeftShooter.cancel_INFO [140.158559428] owner=null
Shooter.LeftShooter.disableGoalTracking_INFO [140.159197104] Disable Goal Tracking.
Shooter.LeftShooter.stopGoalTracking_INFO [140.159864647] Stop GoalTracking.
Shooter.LeftTiltMotor.cancel_INFO [140.160472399] Cancel: stopping motor.
Shooter.LeftPrimaryMotor.cancel_INFO [140.161063468] Cancel: stopping motor.
Shooter.LeftPrimaryMotor.cancel_INFO [140.161951685] Cancel: stopping motor.
Shooter.LeftTiltMotor.cancel_INFO [140.162928921] Cancel: stopping motor.
Shooter.RightShooter.cancel_INFO [140.163596497] owner=null
Shooter.RightShooter.disableGoalTracking_INFO [140.164217761] Disable Goal Tracking.
Shooter.RightShooter.stopGoalTracking_INFO [140.164622525] Stop GoalTracking.
Shooter.RightTiltMotor.cancel_INFO [140.165253608] Cancel: stopping motor.
Shooter.RightPrimaryMotor.cancel_INFO [140.165814335] Cancel: stopping motor.
Shooter.RightPrimaryMotor.cancel_INFO [140.167048533] Cancel: stopping motor.
Shooter.RightTiltMotor.cancel_INFO [140.167662511] Cancel: stopping motor.
Shooter.LeftTransferMotor.cancel_INFO [140.168257916] Cancel: stopping motor.
Shooter.RightTransferMotor.cancel_INFO [140.168785821] Cancel: stopping motor.
Shooter.FeederMotor.cancel_INFO [140.169629078] Cancel: stopping motor.
Intake.IntakeMotor.cancel_INFO [140.220010052] Cancel: stopping motor.
Climber.Motor.cancel_INFO [140.220941035] Cancel: stopping motor.
TaskAutoShoot.cancel_INFO [140.221692528] Canceling auto task operation.
TaskAutoShoot.stopSubsystems_INFO [140.222356199] Stopping subsystems.
Shooter.LeftTransferMotor.cancel_INFO [140.223573071] Cancel: stopping motor.
Shooter.RightTransferMotor.cancel_INFO [140.224298953] Cancel: stopping motor.
Shooter.FeederMotor.cancel_INFO [140.226164796] Cancel: stopping motor.
Shooter.LeftShooter.cancel_INFO [140.231896502] owner=null
Shooter.LeftPrimaryMotor.cancel_INFO [140.233019863] Cancel: stopping motor.
Shooter.LeftTiltMotor.cancel_INFO [140.234398931] Cancel: stopping motor.
Shooter.RightShooter.cancel_INFO [140.23529828] owner=null
Shooter.RightPrimaryMotor.cancel_INFO [140.236694402] Cancel: stopping motor.
Shooter.RightTiltMotor.cancel_INFO [140.23789505] Cancel: stopping motor.
Shooter.LeftTransferMotor.cancel_INFO [140.24105064] Cancel: stopping motor.
Shooter.RightTransferMotor.cancel_INFO [140.242012583] Cancel: stopping motor.
Shooter.FeederMotor.cancel_INFO [140.243187228] Cancel: stopping motor.
TaskAutoClimb.cancel_INFO [140.303650757] Canceling auto task operation.
FrcRobot.printPerformanceMetrics_INFO [140.306897632] [FrcRobot] Loop Performance Metrics:
Average Loop Interval = 0.001750s (freq=571.394Hz, min=0.000793s, max=0.581938s)
[03]                StartTask=0.000000s
[04]          PrePeriodicTask=0.000133s
[07]               UpdateTask=0.000905s
[02]                StartMode=0.000000s
[06]         PostPeriodicTask=0.000359s
[08]                 StopTask=0.000000s
[09]                 StopMode=0.000000s
[00]                RobotInit=17.823405s
[01]           RobotStartMode=0.000002s
[05]                 Periodic=0.000282s
[10]            RobotStopMode=0.000002s

TrcTaskMgr.printTaskPerformanceMetrics_INFO [140.325396943] FrcDashboard.task: STANDALONE_TASK=4.7898227462615003E-4/0.010601110975096646
TrcTaskMgr.printTaskPerformanceMetrics_INFO [140.32629718] TrcWatchdogMgr: STANDALONE_TASK=1.993076997167139E-4/0.9975441113824363
TrcTaskMgr.printTaskPerformanceMetrics_INFO [140.326961563] DriverController.buttonEventTask: PRE_PERIODIC_TASK=8.689336192789347E-6/0.002411233850085267
TrcTaskMgr.printTaskPerformanceMetrics_INFO [140.329510847] OperatorController.buttonEventTask: PRE_PERIODIC_TASK=7.120681863125075E-5/0.00241123074525003
TrcTaskMgr.printTaskPerformanceMetrics_INFO [140.330288706] flDriveMotor.pidCtrlTask: OUTPUT_TASK=3.734542877854295E-5/0.012180454633064516
TrcTaskMgr.printTaskPerformanceMetrics_INFO [140.332078958] flDriveMotor.odometryCleanupTask: STOP_TASK=3.35045E-5/41.27457216575
TrcTaskMgr.printTaskPerformanceMetrics_INFO [140.332741681] frDriveMotor.pidCtrlTask: OUTPUT_TASK=2.485248024646611E-5/0.01218041075584451
TrcTaskMgr.printTaskPerformanceMetrics_INFO [140.333781419] blDriveMotor.pidCtrlTask: OUTPUT_TASK=2.2226623776730698E-5/0.012180411313745924
TrcTaskMgr.printTaskPerformanceMetrics_INFO [140.334714384] brDriveMotor.pidCtrlTask: OUTPUT_TASK=1.903240168539326E-5/0.012180412420215657
TrcTaskMgr.printTaskPerformanceMetrics_INFO [140.340455394] flSteerMotor.pidCtrlTask: OUTPUT_TASK=2.7969103479521568E-5/0.012180413636598405
TrcTaskMgr.printTaskPerformanceMetrics_INFO [140.342837298] frSteerMotor.pidCtrlTask: OUTPUT_TASK=2.197286081913737E-5/0.012180414931089163
TrcTaskMgr.printTaskPerformanceMetrics_INFO [140.345886368] blSteerMotor.pidCtrlTask: OUTPUT_TASK=2.240006632837985E-5/0.012180416243838348
TrcTaskMgr.printTaskPerformanceMetrics_INFO [140.346763808] brSteerMotor.pidCtrlTask: OUTPUT_TASK=2.2800292270750274E-5/0.012180417350851758
TrcTaskMgr.printTaskPerformanceMetrics_INFO [140.347713015] FrcSwerveDrive.odometryTask: INPUT_TASK=0.0019607058678729225/0.016865060501367556
TrcTaskMgr.printTaskPerformanceMetrics_INFO [140.348326774] FrcSwerveDrive.stopTask: STOP_TASK=0.002226354/41.27454861125
TrcTaskMgr.printTaskPerformanceMetrics_INFO [140.350066008] purePursuitDrive.driveTask: POST_PERIODIC_TASK=0.007658007155778894/0.04886043248743719
TrcTaskMgr.printTaskPerformanceMetrics_INFO [140.350903785] LED: OUTPUT_TASK=4.98519889905763E-5/0.012180417321901052
TrcTaskMgr.printTaskPerformanceMetrics_INFO [140.351441598] Shooter.LeftPrimaryMotor.pidCtrlTask: OUTPUT_TASK=2.4048278814787966E-5/0.012180404489987313
TrcTaskMgr.printTaskPerformanceMetrics_INFO [140.352975733] Shooter.LeftFollowerMotor.pidCtrlTask: OUTPUT_TASK=6.17142868793041E-6/0.012180410256614715
TrcTaskMgr.printTaskPerformanceMetrics_INFO [140.354423789] Shooter.LeftTiltMotor.pidCtrlTask: OUTPUT_TASK=4.509177165186662E-4/0.012180410002310621
TrcTaskMgr.printTaskPerformanceMetrics_INFO [140.355473086] Shooter.LeftShooter.goalTracking: POST_PERIODIC_TASK=0.05257644394035533/0.20889074873096447
TrcTaskMgr.printTaskPerformanceMetrics_INFO [140.356247999] Shooter.LeftTransferMotor.pidCtrlTask: OUTPUT_TASK=7.862205010873505E-6/0.012180366224039505
TrcTaskMgr.printTaskPerformanceMetrics_INFO [140.357053652] Shooter.RightPrimaryMotor.pidCtrlTask: OUTPUT_TASK=2.3309716699891264E-5/0.01218036573785792
TrcTaskMgr.printTaskPerformanceMetrics_INFO [140.357738152] Shooter.RightFollowerMotor.pidCtrlTask: OUTPUT_TASK=6.152666500543675E-6/0.012180368524012324
TrcTaskMgr.printTaskPerformanceMetrics_INFO [140.360227652] Shooter.RightTiltMotor.pidCtrlTask: OUTPUT_TASK=4.586031476531352E-4/0.012180368261462488
TrcTaskMgr.printTaskPerformanceMetrics_INFO [140.361188646] Shooter.RightShooter.goalTracking: POST_PERIODIC_TASK=0.0197500247715736/0.20874278974111676
TrcTaskMgr.printTaskPerformanceMetrics_INFO [140.361773946] Shooter.RightTransferMotor.pidCtrlTask: OUTPUT_TASK=6.914742433852845E-6/0.01218036470614353
TrcTaskMgr.printTaskPerformanceMetrics_INFO [140.362368154] Shooter.TurretMotor.pidCtrlTask: OUTPUT_TASK=7.158006255436753E-4/0.012180364258970643
TrcTaskMgr.printTaskPerformanceMetrics_INFO [140.36430183] Shooter.TurretMotor.converterTask: INPUT_TASK=9.285385810076116E-5/0.012180470011009423
TrcTaskMgr.printTaskPerformanceMetrics_INFO [140.368670275] Shooter.FeederMotor.pidCtrlTask: OUTPUT_TASK=9.216706505980427E-6/0.012180359578017396
TrcTaskMgr.printTaskPerformanceMetrics_INFO [140.370011494] ShooterfieldLengthTrigger.triggerTask: PRE_PERIODIC_TASK=2.4206588341575215E-5/0.0017486985336927089
TrcTaskMgr.printTaskPerformanceMetrics_INFO [140.370626305] ShooterfieldWidthTrigger.triggerTask: PRE_PERIODIC_TASK=6.293183553859329E-6/0.0017486971635703927
TrcTaskMgr.printTaskPerformanceMetrics_INFO [140.371597509] Intake.IntakeMotor.pidCtrlTask: OUTPUT_TASK=5.89204566872055E-6/0.01218035904009605
TrcTaskMgr.printTaskPerformanceMetrics_INFO [140.372231889] Climber.Motor.pidCtrlTask: OUTPUT_TASK=7.483694336716202E-5/0.012180358686299384
TrcTaskMgr.printTaskPerformanceMetrics_INFO [140.373942424] TaskAutoShoot: POST_PERIODIC_TASK=0.00206480097955707/0.26286803357921634
