Robot.zeroCalibrate_INFO [0.046917707] Zero calibrate all subsystems.
TrcSubsystem.zeroCalibrateAll_INFO [0.048108389] ZeroCalibrate(Subsystem=Shooter, owner=null, event=null)
Shooter.zeroCalibrate_INFO [0.051243799] ZeroCalibrate left shooter.
Shooter.zeroCalibrate_INFO [0.061253793] ZeroCalibrate right shooter.
TrcSubsystem.zeroCalibrateAll_INFO [0.069372987] ZeroCalibrate(Subsystem=Climber, owner=null, event=null)
Robot.robotStartMode_INFO [0.070395066] Sat Mar 21 17:42:30 UTC 2026: ***** TELEOP_MODE *****
Robot.robotStartMode_INFO [0.070802928] <BuildInfo Host="TRC492-DS2024" User="User" Timestamp="2026-03-21 10:04:15" Branch="dev" />
Climber.Motor.isMotorStalled_INFO [0.350506527] Stall detection triggered.
Climber.Motor.zeroCalibratingMotor_WARN [0.362071569] Stalled, lower limit switch may not exist or might have failed!
Climber.Motor.pidCtrlTask_INFO [0.381289438] Zero calibration done, event=null
Shooter.LeftTiltMotor.isMotorStalled_INFO [0.542574697] Stall detection triggered.
Shooter.LeftTiltMotor.zeroCalibratingMotor_WARN [0.550885623] Stalled, lower limit switch may not exist or might have failed!
Shooter.LeftTiltMotor.pidCtrlTask_INFO [0.566328617] Zero calibration done, event=(Shooter.leftTiltZeroCalCallback=CLEARED)
Shooter.LeftTiltMotor.pidCtrlTask_INFO [0.575056047] controlMode: Power,onTarget=false(-0.078138068318367/null), stalled=false, expired=false, event=(Shooter.leftTiltZeroCalCallback=SIGNALED)
Shooter.LeftTiltMotor.isMotorStalled_INFO [0.588760137] Stall detection triggered.
Shooter.LeftTiltMotor.checkStallReset_INFO [0.590652064] Resetting stall.
Shooter.RightTiltMotor.isMotorStalled_INFO [0.615244841] Stall detection triggered.
Shooter.RightTiltMotor.zeroCalibratingMotor_WARN [0.629466651] Stalled, lower limit switch may not exist or might have failed!
Shooter.RightTiltMotor.pidCtrlTask_INFO [0.635287913] Zero calibration done, event=(Shooter.rightTiltZeroCalCallback=CLEARED)
Shooter.RightTiltMotor.pidCtrlTask_INFO [0.638399829] controlMode: Power,onTarget=false(-0.07631947100162506/null), stalled=false, expired=false, event=(Shooter.rightTiltZeroCalCallback=SIGNALED)
Shooter.RightTiltMotor.isMotorStalled_INFO [0.651049895] Stall detection triggered.
Shooter.RightTiltMotor.checkStallReset_INFO [0.654168965] Resetting stall.
FrcTeleOp.operatorControllerButtonEvent_INFO [1.232492399] ##### button=Y, pressed=true
FrcTeleOp.shoot_INFO [1.236125692] >>>>> Start Auto Shoot.
TaskAutoShoot.autoShoot_INFO [1.237933356] autoShoot(owner=null, event=null, taskParams=(autoStop=false, noPassback=false))
Shooter.setupGoalTrackingMode_INFO [1.239419203] GoalTracking(trackingMode=AllianceHub, goalPose=(x=-158.838583,y=469.110472,angle=180.000000), noPassback=false).
Shooter.LeftShooter.enableGoalTracking_INFO [1.240813601] Enable GoalTracking (trackingParams=(trackFlywheel=true,trackTiltPos=true,trackPanPos=true)).
Shooter.LeftPrimaryMotor.cancel_INFO [1.242169543] Cancel: stopping motor.
Shooter.LeftTiltMotor.cancel_INFO [1.244109752] Cancel: stopping motor.
Shooter.RightShooter.enableGoalTracking_INFO [1.245219722] Enable GoalTracking (trackingParams=(trackFlywheel=true,trackTiltPos=true,trackPanPos=true)).
Shooter.RightPrimaryMotor.cancel_INFO [1.247257271] Cancel: stopping motor.
Shooter.RightTiltMotor.cancel_INFO [1.248512692] Cancel: stopping motor.
TaskAutoShoot.autoTask_INFO [1.348680883] <Event name="StateInfo" time="1.348419294" tag="vvvvv" TaskAutoShoot.state="START" />
TaskAutoShoot.runTaskState_INFO [1.35318533] ***** Wait for left Shooter ready.
TaskAutoShoot.runTaskState_INFO [1.354658325] ***** Wait for right Shooter ready.
TaskAutoShoot.runTaskState_INFO [1.355812372] ***** Wait for Turret ready.
TaskAutoShoot.autoTask_INFO [1.35682784] <Event name="StateInfo" time="1.356575722" tag="^^^^^" TaskAutoShoot.state="START" />
TaskAutoShoot.autoTask_INFO [1.555989473] <Event name="StateInfo" time="1.555559063" tag="vvvvv" TaskAutoShoot.state="SHOOT" />
TaskAutoShoot.autoTask_INFO [1.558502684] <Event name="StateInfo" time="1.558084309" tag="^^^^^" TaskAutoShoot.state="SHOOT" />
TaskAutoShoot.autoTask_INFO [1.664436189] <Event name="StateInfo" time="1.659715467" tag="vvvvv" TaskAutoShoot.state="SHOOT" />
TaskAutoShoot.autoTask_INFO [1.665279768] <Event name="StateInfo" time="1.665092684" tag="^^^^^" TaskAutoShoot.state="SHOOT" />
TaskAutoShoot.autoTask_INFO [1.769775235] <Event name="StateInfo" time="1.769582406" tag="vvvvv" TaskAutoShoot.state="SHOOT" />
TaskAutoShoot.autoTask_INFO [1.777438998] <Event name="StateInfo" time="1.777215793" tag="^^^^^" TaskAutoShoot.state="SHOOT" />
TaskAutoShoot.autoTask_INFO [1.863005004] <Event name="StateInfo" time="1.862791139" tag="vvvvv" TaskAutoShoot.state="SHOOT" />
TaskAutoShoot.autoTask_INFO [1.8641593] <Event name="StateInfo" time="1.863960894" tag="^^^^^" TaskAutoShoot.state="SHOOT" />
TaskAutoShoot.autoTask_INFO [1.968375746] <Event name="StateInfo" time="1.968177831" tag="vvvvv" TaskAutoShoot.state="SHOOT" />
TaskAutoShoot.autoTask_INFO [1.976463264] <Event name="StateInfo" time="1.976254159" tag="^^^^^" TaskAutoShoot.state="SHOOT" />
TaskAutoShoot.autoTask_INFO [2.068743644] <Event name="StateInfo" time="2.068516867" tag="vvvvv" TaskAutoShoot.state="SHOOT" />
TaskAutoShoot.autoTask_INFO [2.073586036] <Event name="StateInfo" time="2.072685459" tag="^^^^^" TaskAutoShoot.state="SHOOT" />
Shooter.LeftShooter.goalTrackingTask_INFO [2.141233981] Shooter.LeftShooter is Ready: rpm1=5565.694111/5543.747171, rpm2=3401.835938/0.000000, tilt=28.965006/29.080350, pan=null/null
TaskAutoShoot.autoTask_INFO [2.171284924] <Event name="StateInfo" time="2.17105272" tag="vvvvv" TaskAutoShoot.state="SHOOT" />
TaskAutoShoot.autoTask_INFO [2.174979579] <Event name="StateInfo" time="2.17463907" tag="^^^^^" TaskAutoShoot.state="SHOOT" />
FrcTeleOp.operatorControllerButtonEvent_INFO [2.181112984] ##### button=Y, pressed=false
FrcTeleOp.shoot_INFO [2.18399541] >>>>> Stop Auto Shoot.
TaskAutoShoot.cancel_INFO [2.18687874] Canceling auto task operation.
TaskAutoShoot.stopSubsystems_INFO [2.189215038] Stopping subsystems.
Shooter.LeftTransferMotor.cancel_INFO [2.190594402] Cancel: stopping motor.
Shooter.RightTransferMotor.cancel_INFO [2.192502088] Cancel: stopping motor.
Shooter.FeederMotor.cancel_INFO [2.194457845] Cancel: stopping motor.
Shooter.LeftShooter.disableGoalTracking_INFO [2.197057565] Disable Goal Tracking.
Shooter.LeftShooter.stopGoalTracking_INFO [2.200285159] Stop GoalTracking.
Shooter.LeftTiltMotor.cancel_INFO [2.202709689] Cancel: stopping motor.
Shooter.LeftPrimaryMotor.cancel_INFO [2.205497606] Cancel: stopping motor.
Shooter.RightShooter.disableGoalTracking_INFO [2.211074158] Disable Goal Tracking.
Shooter.RightShooter.stopGoalTracking_INFO [2.212766636] Stop GoalTracking.
Shooter.RightTiltMotor.cancel_INFO [2.216264661] Cancel: stopping motor.
Shooter.RightPrimaryMotor.cancel_INFO [2.21942407] Cancel: stopping motor.
Shooter.LeftShooter.cancel_INFO [2.222502421] owner=null
Shooter.LeftPrimaryMotor.cancel_INFO [2.225042301] Cancel: stopping motor.
Shooter.LeftTiltMotor.cancel_INFO [2.231505008] Cancel: stopping motor.
Shooter.RightShooter.cancel_INFO [2.234229852] owner=null
Shooter.RightPrimaryMotor.cancel_INFO [2.235991171] Cancel: stopping motor.
Shooter.RightTiltMotor.cancel_INFO [2.238479826] Cancel: stopping motor.
Shooter.LeftTransferMotor.cancel_INFO [2.24131714] Cancel: stopping motor.
Shooter.RightTransferMotor.cancel_INFO [2.244313074] Cancel: stopping motor.
Shooter.FeederMotor.cancel_INFO [2.246710898] Cancel: stopping motor.
FrcTeleOp.operatorControllerButtonEvent_INFO [2.385328937] ##### button=Y, pressed=true
FrcTeleOp.shoot_INFO [2.386175406] >>>>> Start Auto Shoot.
TaskAutoShoot.autoShoot_INFO [2.395835851] autoShoot(owner=null, event=null, taskParams=(autoStop=false, noPassback=false))
Shooter.setupGoalTrackingMode_INFO [2.401034704] GoalTracking(trackingMode=AllianceHub, goalPose=(x=-158.838583,y=469.110472,angle=180.000000), noPassback=false).
Shooter.LeftShooter.enableGoalTracking_INFO [2.408329188] Enable GoalTracking (trackingParams=(trackFlywheel=true,trackTiltPos=true,trackPanPos=true)).
Shooter.LeftPrimaryMotor.cancel_INFO [2.409221217] Cancel: stopping motor.
Shooter.LeftTiltMotor.cancel_INFO [2.413611959] Cancel: stopping motor.
Shooter.RightShooter.enableGoalTracking_INFO [2.415059455] Enable GoalTracking (trackingParams=(trackFlywheel=true,trackTiltPos=true,trackPanPos=true)).
Shooter.RightPrimaryMotor.cancel_INFO [2.419035013] Cancel: stopping motor.
Shooter.RightTiltMotor.cancel_INFO [2.421671785] Cancel: stopping motor.
TaskAutoShoot.autoTask_INFO [2.520102135] <Event name="StateInfo" time="2.519681062" tag="vvvvv" TaskAutoShoot.state="START" />
TaskAutoShoot.runTaskState_INFO [2.520657961] ***** Wait for left Shooter ready.
TaskAutoShoot.runTaskState_INFO [2.521019676] ***** Wait for right Shooter ready.
TaskAutoShoot.runTaskState_INFO [2.521507289] ***** Wait for Turret ready.
TaskAutoShoot.autoTask_INFO [2.530692451] <Event name="StateInfo" time="2.528851227" tag="^^^^^" TaskAutoShoot.state="START" />
Shooter.TurretMotor.pidCtrlTask_INFO [2.615337815] controlMode: Position,onTarget=true(-53.20618507839913/-51.64608626620054), stalled=false, expired=false, event=(TaskAutoShoot.turretReady=SIGNALED)
Shooter.RightShooter.goalTrackingTask_INFO [2.650508584] Shooter.RightShooter is Ready: rpm1=5510.228365/5546.949966, rpm2=3386.250000/0.000000, tilt=29.044067/29.108050, pan=null/null
TaskAutoShoot.autoTask_INFO [2.653341424] <Event name="StateInfo" time="2.653141051" tag="vvvvv" TaskAutoShoot.state="SHOOT" />
TaskAutoShoot.runTaskState_INFO [2.655058494] ***** Start right shooter shooting (timedout=false, turretReady=true).
Shooter.shoot_INFO [2.65697519] shoot(owner=null, event=(TaskAutoShoot.rightShooterDone=CLEARED), shooter=rightShooter, autoStop=false)
Shooter.RightTransferMotor.cancel_INFO [2.659151877] Cancel: stopping motor.
TaskAutoShoot.autoTask_INFO [2.66170328] <Event name="StateInfo" time="2.661493467" tag="^^^^^" TaskAutoShoot.state="SHOOT" />
Shooter.LeftShooter.goalTrackingTask_INFO [2.767447254] Shooter.LeftShooter is Ready: rpm1=5514.771635/5549.632507, rpm2=3463.125000/0.000000, tilt=29.123118/29.131277, pan=null/null
TaskAutoShoot.autoTask_INFO [2.79571523] <Event name="StateInfo" time="2.795465882" tag="vvvvv" TaskAutoShoot.state="SHOOT" />
TaskAutoShoot.runTaskState_INFO [2.797338715] ***** Start left shooter shooting (timedout=false, turretReady=true).
Shooter.shoot_INFO [2.798303092] shoot(owner=null, event=(TaskAutoShoot.leftShooterDone=CLEARED), shooter=leftShooter, autoStop=false)
Shooter.LeftTransferMotor.cancel_INFO [2.799650157] Cancel: stopping motor.
TaskAutoShoot.autoTask_INFO [2.800945229] <Event name="StateInfo" time="2.800689826" tag="^^^^^" TaskAutoShoot.state="SHOOT" />
FrcTeleOp.driverControllerButtonEvent_INFO [3.479003162] ##### button=X, pressed=true
FrcTeleOp.driverControllerButtonEvent_INFO [3.481307725] >>>>> Reset field forward heading (heading=173.09060966161246)
FrcTeleOp.driverControllerButtonEvent_INFO [3.655187228] ##### button=X, pressed=false
FrcTeleOp.operatorControllerButtonEvent_INFO [3.915144179] ##### button=Y, pressed=false
FrcTeleOp.shoot_INFO [3.920628349] >>>>> Stop Auto Shoot.
TaskAutoShoot.cancel_INFO [3.92453386] Canceling auto task operation.
TaskAutoShoot.stopSubsystems_INFO [3.928042206] Stopping subsystems.
Shooter.LeftTransferMotor.cancel_INFO [3.92897974] Cancel: stopping motor.
Shooter.RightTransferMotor.cancel_INFO [3.92959364] Cancel: stopping motor.
Shooter.FeederMotor.cancel_INFO [3.933978779] Cancel: stopping motor.
Shooter.LeftShooter.disableGoalTracking_INFO [3.93463895] Disable Goal Tracking.
Shooter.LeftShooter.stopGoalTracking_INFO [3.93511787] Stop GoalTracking.
Shooter.LeftTiltMotor.cancel_INFO [3.940051984] Cancel: stopping motor.
Shooter.LeftPrimaryMotor.cancel_INFO [3.942130028] Cancel: stopping motor.
Shooter.RightShooter.disableGoalTracking_INFO [3.944490158] Disable Goal Tracking.
Shooter.RightShooter.stopGoalTracking_INFO [3.944929038] Stop GoalTracking.
Shooter.RightTiltMotor.cancel_INFO [3.946875108] Cancel: stopping motor.
Shooter.RightPrimaryMotor.cancel_INFO [3.950418571] Cancel: stopping motor.
Shooter.LeftShooter.cancel_INFO [3.952574462] owner=null
Shooter.LeftPrimaryMotor.cancel_INFO [3.958752463] Cancel: stopping motor.
Shooter.LeftTiltMotor.cancel_INFO [3.960065298] Cancel: stopping motor.
Shooter.RightShooter.cancel_INFO [3.961024469] owner=null
Shooter.RightPrimaryMotor.cancel_INFO [3.962061982] Cancel: stopping motor.
Shooter.RightTiltMotor.cancel_INFO [3.964566387] Cancel: stopping motor.
Shooter.LeftTransferMotor.cancel_INFO [3.967146606] Cancel: stopping motor.
Shooter.RightTransferMotor.cancel_INFO [3.96970728] Cancel: stopping motor.
Shooter.FeederMotor.cancel_INFO [3.972040054] Cancel: stopping motor.
Shooter.RightTiltMotor.isMotorStalled_INFO [4.029165707] Stall detection triggered.
Shooter.RightTiltMotor.checkStallReset_INFO [4.032043201] Resetting stall.
Shooter.TurretMotor.isMotorStalled_INFO [4.035826275] Stall detection triggered.
Climber.Motor.isMotorStalled_INFO [4.038146717] Stall detection triggered.
Climber.Motor.checkStallReset_INFO [4.042101278] Resetting stall.
FrcTeleOp.driverControllerButtonEvent_INFO [4.607377892] ##### button=A, pressed=true
FrcTeleOp.driverControllerButtonEvent_INFO [4.696661507] ##### button=A, pressed=false
FrcTeleOp.operatorControllerButtonEvent_INFO [7.727469886] ##### button=Y, pressed=true
FrcTeleOp.shoot_INFO [7.728480394] >>>>> Start Auto Shoot.
TaskAutoShoot.autoShoot_INFO [7.740105672] autoShoot(owner=null, event=null, taskParams=(autoStop=false, noPassback=false))
Shooter.setupGoalTrackingMode_INFO [7.741372722] GoalTracking(trackingMode=Passback, goalPose=(x=-79.419291,y=572.915472,angle=180.000000), noPassback=false).
Shooter.LeftShooter.enableGoalTracking_INFO [7.744707157] Enable GoalTracking (trackingParams=(trackFlywheel=true,trackTiltPos=true,trackPanPos=true)).
Shooter.LeftPrimaryMotor.cancel_INFO [7.745506089] Cancel: stopping motor.
Shooter.LeftTiltMotor.cancel_INFO [7.747912747] Cancel: stopping motor.
Shooter.RightShooter.enableGoalTracking_INFO [7.750759973] Enable GoalTracking (trackingParams=(trackFlywheel=true,trackTiltPos=true,trackPanPos=true)).
Shooter.RightPrimaryMotor.cancel_INFO [7.752955025] Cancel: stopping motor.
Shooter.RightTiltMotor.cancel_INFO [7.754331792] Cancel: stopping motor.
TaskAutoShoot.autoTask_INFO [7.855264802] <Event name="StateInfo" time="7.854559703" tag="vvvvv" TaskAutoShoot.state="START" />
TaskAutoShoot.runTaskState_INFO [7.856518904] ***** Wait for left Shooter ready.
TaskAutoShoot.runTaskState_INFO [7.857690704] ***** Wait for right Shooter ready.
TaskAutoShoot.runTaskState_INFO [7.859183118] ***** Wait for Turret ready.
TaskAutoShoot.autoTask_INFO [7.862257142] <Event name="StateInfo" time="7.860955551" tag="^^^^^" TaskAutoShoot.state="START" />
TaskAutoShoot.autoTask_INFO [8.076449365] <Event name="StateInfo" time="8.076137092" tag="vvvvv" TaskAutoShoot.state="SHOOT" />
TaskAutoShoot.autoTask_INFO [8.079079785] <Event name="StateInfo" time="8.078858708" tag="^^^^^" TaskAutoShoot.state="SHOOT" />
TaskAutoShoot.autoTask_INFO [8.172737509] <Event name="StateInfo" time="8.172244143" tag="vvvvv" TaskAutoShoot.state="SHOOT" />
TaskAutoShoot.autoTask_INFO [8.173747635] <Event name="StateInfo" time="8.173391782" tag="^^^^^" TaskAutoShoot.state="SHOOT" />
FrcTeleOp.operatorControllerButtonEvent_INFO [8.191861577] ##### button=Y, pressed=false
FrcTeleOp.shoot_INFO [8.193916686] >>>>> Stop Auto Shoot.
TaskAutoShoot.cancel_INFO [8.19491767] Canceling auto task operation.
TaskAutoShoot.stopSubsystems_INFO [8.198041192] Stopping subsystems.
Shooter.LeftTransferMotor.cancel_INFO [8.199322356] Cancel: stopping motor.
Shooter.RightTransferMotor.cancel_INFO [8.200272431] Cancel: stopping motor.
Shooter.FeederMotor.cancel_INFO [8.200847178] Cancel: stopping motor.
Shooter.LeftShooter.disableGoalTracking_INFO [8.201743734] Disable Goal Tracking.
Shooter.LeftShooter.stopGoalTracking_INFO [8.202220381] Stop GoalTracking.
Shooter.LeftTiltMotor.cancel_INFO [8.202907508] Cancel: stopping motor.
Shooter.LeftPrimaryMotor.cancel_INFO [8.204321471] Cancel: stopping motor.
Shooter.RightShooter.disableGoalTracking_INFO [8.205020692] Disable Goal Tracking.
Shooter.RightShooter.stopGoalTracking_INFO [8.206778028] Stop GoalTracking.
Shooter.RightTiltMotor.cancel_INFO [8.207702325] Cancel: stopping motor.
Shooter.RightPrimaryMotor.cancel_INFO [8.208484631] Cancel: stopping motor.
Shooter.LeftShooter.cancel_INFO [8.20957409] owner=null
Shooter.LeftPrimaryMotor.cancel_INFO [8.212158011] Cancel: stopping motor.
Shooter.LeftTiltMotor.cancel_INFO [8.21283965] Cancel: stopping motor.
Shooter.RightShooter.cancel_INFO [8.213793223] owner=null
Shooter.RightPrimaryMotor.cancel_INFO [8.214550273] Cancel: stopping motor.
Shooter.RightTiltMotor.cancel_INFO [8.215138908] Cancel: stopping motor.
Shooter.LeftTransferMotor.cancel_INFO [8.215742464] Cancel: stopping motor.
Shooter.RightTransferMotor.cancel_INFO [8.216399083] Cancel: stopping motor.
Shooter.FeederMotor.cancel_INFO [8.217559137] Cancel: stopping motor.
FrcTeleOp.operatorControllerButtonEvent_INFO [9.120623882] ##### button=Y, pressed=true
FrcTeleOp.shoot_INFO [9.123128789] >>>>> Start Auto Shoot.
TaskAutoShoot.autoShoot_INFO [9.124789726] autoShoot(owner=null, event=null, taskParams=(autoStop=false, noPassback=false))
Shooter.setupGoalTrackingMode_INFO [9.126276196] GoalTracking(trackingMode=Passback, goalPose=(x=-79.419291,y=572.915472,angle=180.000000), noPassback=false).
Shooter.LeftShooter.enableGoalTracking_INFO [9.127427704] Enable GoalTracking (trackingParams=(trackFlywheel=true,trackTiltPos=true,trackPanPos=true)).
Shooter.LeftPrimaryMotor.cancel_INFO [9.12876125] Cancel: stopping motor.
Shooter.LeftTiltMotor.cancel_INFO [9.130349016] Cancel: stopping motor.
Shooter.RightShooter.enableGoalTracking_INFO [9.133900557] Enable GoalTracking (trackingParams=(trackFlywheel=true,trackTiltPos=true,trackPanPos=true)).
Shooter.RightPrimaryMotor.cancel_INFO [9.1354383] Cancel: stopping motor.
Shooter.RightTiltMotor.cancel_INFO [9.136816384] Cancel: stopping motor.
TaskAutoShoot.autoTask_INFO [9.231054973] <Event name="StateInfo" time="9.230370163" tag="vvvvv" TaskAutoShoot.state="START" />
TaskAutoShoot.runTaskState_INFO [9.232319667] ***** Wait for left Shooter ready.
TaskAutoShoot.runTaskState_INFO [9.234705216] ***** Wait for right Shooter ready.
TaskAutoShoot.runTaskState_INFO [9.237207964] ***** Wait for Turret ready.
TaskAutoShoot.autoTask_INFO [9.238521115] <Event name="StateInfo" time="9.238170031" tag="^^^^^" TaskAutoShoot.state="START" />
Shooter.setupGoalTrackingMode_INFO [9.350946313] GoalTracking(trackingMode=Passback, goalPose=(x=-79.419291,y=572.915472,angle=180.000000), noPassback=false).
TaskAutoShoot.autoTask_INFO [9.455543262] <Event name="StateInfo" time="9.45535888" tag="vvvvv" TaskAutoShoot.state="SHOOT" />
TaskAutoShoot.autoTask_INFO [9.456060504] <Event name="StateInfo" time="9.455885283" tag="^^^^^" TaskAutoShoot.state="SHOOT" />
TaskAutoShoot.autoTask_INFO [9.567208219] <Event name="StateInfo" time="9.566594264" tag="vvvvv" TaskAutoShoot.state="SHOOT" />
TaskAutoShoot.autoTask_INFO [9.572235707] <Event name="StateInfo" time="9.572018038" tag="^^^^^" TaskAutoShoot.state="SHOOT" />
TaskAutoShoot.autoTask_INFO [9.663867314] <Event name="StateInfo" time="9.663634874" tag="vvvvv" TaskAutoShoot.state="SHOOT" />
TaskAutoShoot.autoTask_INFO [9.66543246] <Event name="StateInfo" time="9.665127134" tag="^^^^^" TaskAutoShoot.state="SHOOT" />
TaskAutoShoot.autoTask_INFO [9.757834481] <Event name="StateInfo" time="9.757625761" tag="vvvvv" TaskAutoShoot.state="SHOOT" />
TaskAutoShoot.autoTask_INFO [9.767069773] <Event name="StateInfo" time="9.76542698" tag="^^^^^" TaskAutoShoot.state="SHOOT" />
Shooter.LeftShooter.goalTrackingTask_INFO [9.825299315] Shooter.LeftShooter is Ready: rpm1=5845.483774/5808.283973, rpm2=3616.289063/0.000000, tilt=45.052579/45.000000, pan=null/null
TaskAutoShoot.autoTask_INFO [9.856871018] <Event name="StateInfo" time="9.856612789" tag="vvvvv" TaskAutoShoot.state="SHOOT" />
TaskAutoShoot.autoTask_INFO [9.857923127] <Event name="StateInfo" time="9.857448306" tag="^^^^^" TaskAutoShoot.state="SHOOT" />
TaskAutoShoot.autoTask_INFO [9.954146887] <Event name="StateInfo" time="9.953928222" tag="vvvvv" TaskAutoShoot.state="SHOOT" />
TaskAutoShoot.autoTask_INFO [9.954783746] <Event name="StateInfo" time="9.954592948" tag="^^^^^" TaskAutoShoot.state="SHOOT" />
TaskAutoShoot.autoTask_INFO [10.064490914] <Event name="StateInfo" time="10.063226257" tag="vvvvv" TaskAutoShoot.state="SHOOT" />
TaskAutoShoot.autoTask_INFO [10.065460523] <Event name="StateInfo" time="10.065247491" tag="^^^^^" TaskAutoShoot.state="SHOOT" />
TaskAutoShoot.autoTask_INFO [10.16386319] <Event name="StateInfo" time="10.163081983" tag="vvvvv" TaskAutoShoot.state="SHOOT" />
TaskAutoShoot.autoTask_INFO [10.165872927] <Event name="StateInfo" time="10.165674849" tag="^^^^^" TaskAutoShoot.state="SHOOT" />
TaskAutoShoot.autoTask_INFO [10.276846774] <Event name="StateInfo" time="10.276532321" tag="vvvvv" TaskAutoShoot.state="SHOOT" />
TaskAutoShoot.runTaskState_INFO [10.280497839] ***** Start left shooter shooting (timedout=true, turretReady=false).
Shooter.shoot_INFO [10.283359751] shoot(owner=null, event=(TaskAutoShoot.leftShooterDone=CLEARED), shooter=leftShooter, autoStop=false)
Shooter.LeftTransferMotor.cancel_INFO [10.284603082] Cancel: stopping motor.
TaskAutoShoot.runTaskState_INFO [10.286761128] ***** Start right shooter shooting (timedout=true, turretReady=false).
Shooter.shoot_INFO [10.287788699] shoot(owner=null, event=(TaskAutoShoot.rightShooterDone=CLEARED), shooter=rightShooter, autoStop=false)
Shooter.RightTransferMotor.cancel_INFO [10.294789534] Cancel: stopping motor.
TaskAutoShoot.autoTask_INFO [10.296189175] <Event name="StateInfo" time="10.295919286" tag="^^^^^" TaskAutoShoot.state="SHOOT" />
Shooter.RightShooter.goalTrackingTask_INFO [10.401262848] Shooter.RightShooter is Ready: rpm1=5928.777043/5915.005920, rpm2=3641.718750/0.000000, tilt=45.013047/45.000000, pan=null/null
FrcTeleOp.operatorControllerButtonEvent_INFO [10.409475302] ##### button=Y, pressed=false
FrcTeleOp.shoot_INFO [10.412155619] >>>>> Stop Auto Shoot.
TaskAutoShoot.cancel_INFO [10.414535612] Canceling auto task operation.
TaskAutoShoot.stopSubsystems_INFO [10.415790032] Stopping subsystems.
Shooter.LeftTransferMotor.cancel_INFO [10.41678698] Cancel: stopping motor.
Shooter.RightTransferMotor.cancel_INFO [10.424802618] Cancel: stopping motor.
Shooter.FeederMotor.cancel_INFO [10.426248217] Cancel: stopping motor.
Shooter.LeftShooter.disableGoalTracking_INFO [10.428656843] Disable Goal Tracking.
Shooter.LeftShooter.stopGoalTracking_INFO [10.432716914] Stop GoalTracking.
Shooter.LeftTiltMotor.cancel_INFO [10.434784899] Cancel: stopping motor.
Shooter.LeftPrimaryMotor.cancel_INFO [10.436861907] Cancel: stopping motor.
Shooter.RightShooter.disableGoalTracking_INFO [10.439756988] Disable Goal Tracking.
Shooter.RightShooter.stopGoalTracking_INFO [10.441378968] Stop GoalTracking.
Shooter.RightTiltMotor.cancel_INFO [10.444929545] Cancel: stopping motor.
Shooter.RightPrimaryMotor.cancel_INFO [10.447554695] Cancel: stopping motor.
Shooter.LeftShooter.cancel_INFO [10.450197575] owner=null
Shooter.LeftPrimaryMotor.cancel_INFO [10.451966714] Cancel: stopping motor.
Shooter.LeftTiltMotor.cancel_INFO [10.456557559] Cancel: stopping motor.
Shooter.RightShooter.cancel_INFO [10.458777125] owner=null
Shooter.RightPrimaryMotor.cancel_INFO [10.460736849] Cancel: stopping motor.
Shooter.RightTiltMotor.cancel_INFO [10.463275413] Cancel: stopping motor.
Shooter.LeftTransferMotor.cancel_INFO [10.468668533] Cancel: stopping motor.
Shooter.RightTransferMotor.cancel_INFO [10.470232212] Cancel: stopping motor.
Shooter.FeederMotor.cancel_INFO [10.476877431] Cancel: stopping motor.
FrcTeleOp.operatorControllerButtonEvent_INFO [10.598678959] ##### button=Y, pressed=true
FrcTeleOp.shoot_INFO [10.60145898] >>>>> Start Auto Shoot.
TaskAutoShoot.autoShoot_INFO [10.605663633] autoShoot(owner=null, event=null, taskParams=(autoStop=false, noPassback=false))
Shooter.setupGoalTrackingMode_INFO [10.607501502] GoalTracking(trackingMode=Passback, goalPose=(x=-79.419291,y=572.915472,angle=180.000000), noPassback=false).
Shooter.LeftShooter.enableGoalTracking_INFO [10.608696944] Enable GoalTracking (trackingParams=(trackFlywheel=true,trackTiltPos=true,trackPanPos=true)).
Shooter.LeftPrimaryMotor.cancel_INFO [10.609681837] Cancel: stopping motor.
Shooter.LeftTiltMotor.cancel_INFO [10.61947603] Cancel: stopping motor.
Shooter.RightShooter.enableGoalTracking_INFO [10.620953232] Enable GoalTracking (trackingParams=(trackFlywheel=true,trackTiltPos=true,trackPanPos=true)).
Shooter.RightPrimaryMotor.cancel_INFO [10.627831222] Cancel: stopping motor.
Shooter.RightTiltMotor.cancel_INFO [10.635959994] Cancel: stopping motor.
TaskAutoShoot.autoTask_INFO [10.732206517] <Event name="StateInfo" time="10.731462951" tag="vvvvv" TaskAutoShoot.state="START" />
TaskAutoShoot.runTaskState_INFO [10.736462421] ***** Wait for left Shooter ready.
TaskAutoShoot.runTaskState_INFO [10.737880083] ***** Wait for right Shooter ready.
TaskAutoShoot.runTaskState_INFO [10.738726401] ***** Wait for Turret ready.
TaskAutoShoot.autoTask_INFO [10.740190484] <Event name="StateInfo" time="10.739997104" tag="^^^^^" TaskAutoShoot.state="START" />
Shooter.TurretMotor.pidCtrlTask_INFO [10.783353869] controlMode: Position,onTarget=true(109.67047362991406/112.02640062967083), stalled=false, expired=false, event=(TaskAutoShoot.turretReady=SIGNALED)
TaskAutoShoot.autoTask_INFO [10.838568439] <Event name="StateInfo" time="10.838341849" tag="vvvvv" TaskAutoShoot.state="SHOOT" />
TaskAutoShoot.autoTask_INFO [10.840147069] <Event name="StateInfo" time="10.839793579" tag="^^^^^" TaskAutoShoot.state="SHOOT" />
Shooter.LeftShooter.goalTrackingTask_INFO [10.905860978] Shooter.LeftShooter is Ready: rpm1=6075.108173/6045.897177, rpm2=3738.632813/0.000000, tilt=45.052579/45.000000, pan=null/null
Shooter.RightShooter.goalTrackingTask_INFO [10.930667042] Shooter.RightShooter is Ready: rpm1=5971.748798/6045.897177, rpm2=3733.007813/0.000000, tilt=45.013047/45.000000, pan=null/null
TaskAutoShoot.autoTask_INFO [10.935221266] <Event name="StateInfo" time="10.935035166" tag="vvvvv" TaskAutoShoot.state="SHOOT" />
TaskAutoShoot.runTaskState_INFO [10.936758353] ***** Start left shooter shooting (timedout=false, turretReady=true).
Shooter.shoot_INFO [10.938607758] shoot(owner=null, event=(TaskAutoShoot.leftShooterDone=CLEARED), shooter=leftShooter, autoStop=false)
Shooter.LeftTransferMotor.cancel_INFO [10.940331228] Cancel: stopping motor.
TaskAutoShoot.runTaskState_INFO [10.942442176] ***** Start right shooter shooting (timedout=false, turretReady=true).
Shooter.shoot_INFO [10.951064259] shoot(owner=null, event=(TaskAutoShoot.rightShooterDone=CLEARED), shooter=rightShooter, autoStop=false)
Shooter.RightTransferMotor.cancel_INFO [10.955606707] Cancel: stopping motor.
TaskAutoShoot.autoTask_INFO [10.957984444] <Event name="StateInfo" time="10.95738489" tag="^^^^^" TaskAutoShoot.state="SHOOT" />
FrcTeleOp.operatorControllerButtonEvent_INFO [11.326609056] ##### button=Y, pressed=false
FrcTeleOp.shoot_INFO [11.334595977] >>>>> Stop Auto Shoot.
TaskAutoShoot.cancel_INFO [11.336683698] Canceling auto task operation.
TaskAutoShoot.stopSubsystems_INFO [11.338620318] Stopping subsystems.
Shooter.LeftTransferMotor.cancel_INFO [11.34095541] Cancel: stopping motor.
Shooter.RightTransferMotor.cancel_INFO [11.34367929] Cancel: stopping motor.
Shooter.FeederMotor.cancel_INFO [11.34658149] Cancel: stopping motor.
Shooter.LeftShooter.disableGoalTracking_INFO [11.37940948] Disable Goal Tracking.
Shooter.LeftShooter.stopGoalTracking_INFO [11.384483714] Stop GoalTracking.
Shooter.LeftTiltMotor.cancel_INFO [11.403663001] Cancel: stopping motor.
Shooter.LeftPrimaryMotor.cancel_INFO [11.407797043] Cancel: stopping motor.
Shooter.RightShooter.disableGoalTracking_INFO [11.412780163] Disable Goal Tracking.
Shooter.RightShooter.stopGoalTracking_INFO [11.41565227] Stop GoalTracking.
Shooter.RightTiltMotor.cancel_INFO [11.422271145] Cancel: stopping motor.
Shooter.RightPrimaryMotor.cancel_INFO [11.424976476] Cancel: stopping motor.
Shooter.LeftShooter.cancel_INFO [11.428421711] owner=null
Shooter.LeftPrimaryMotor.cancel_INFO [11.430702121] Cancel: stopping motor.
Shooter.LeftTiltMotor.cancel_INFO [11.433850054] Cancel: stopping motor.
Shooter.RightShooter.cancel_INFO [11.437311424] owner=null
Shooter.RightPrimaryMotor.cancel_INFO [11.439040848] Cancel: stopping motor.
Shooter.RightTiltMotor.cancel_INFO [11.44734077] Cancel: stopping motor.
Shooter.LeftTransferMotor.cancel_INFO [11.450127731] Cancel: stopping motor.
Shooter.RightTransferMotor.cancel_INFO [11.453715846] Cancel: stopping motor.
Shooter.FeederMotor.cancel_INFO [11.457163749] Cancel: stopping motor.
FrcTeleOp.driverControllerButtonEvent_INFO [13.122182552] ##### button=A, pressed=true
FrcTeleOp.driverControllerButtonEvent_INFO [13.223080557] ##### button=A, pressed=false
FrcTeleOp.driverControllerButtonEvent_INFO [13.683545603] ##### button=A, pressed=true
FrcTeleOp.driverControllerButtonEvent_INFO [13.733867546] ##### button=A, pressed=false
FrcTeleOp.operatorControllerButtonEvent_INFO [14.60011297] ##### button=Y, pressed=true
FrcTeleOp.shoot_INFO [14.60157042] >>>>> Start Auto Shoot.
TaskAutoShoot.autoShoot_INFO [14.603080955] autoShoot(owner=null, event=null, taskParams=(autoStop=false, noPassback=false))
Shooter.setupGoalTrackingMode_INFO [14.604011154] GoalTracking(trackingMode=Passback, goalPose=(x=-79.419291,y=572.915472,angle=180.000000), noPassback=false).
Shooter.LeftShooter.enableGoalTracking_INFO [14.604361807] Enable GoalTracking (trackingParams=(trackFlywheel=true,trackTiltPos=true,trackPanPos=true)).
Shooter.LeftPrimaryMotor.cancel_INFO [14.604908832] Cancel: stopping motor.
Shooter.LeftTiltMotor.cancel_INFO [14.605905257] Cancel: stopping motor.
Shooter.RightShooter.enableGoalTracking_INFO [14.606956704] Enable GoalTracking (trackingParams=(trackFlywheel=true,trackTiltPos=true,trackPanPos=true)).
Shooter.RightPrimaryMotor.cancel_INFO [14.607940967] Cancel: stopping motor.
Shooter.RightTiltMotor.cancel_INFO [14.608543964] Cancel: stopping motor.
TaskAutoShoot.autoTask_INFO [14.722907532] <Event name="StateInfo" time="14.722135452" tag="vvvvv" TaskAutoShoot.state="START" />
TaskAutoShoot.runTaskState_INFO [14.724571576] ***** Wait for left Shooter ready.
TaskAutoShoot.runTaskState_INFO [14.72801028] ***** Wait for right Shooter ready.
TaskAutoShoot.runTaskState_INFO [14.729146302] ***** Wait for Turret ready.
TaskAutoShoot.autoTask_INFO [14.730561543] <Event name="StateInfo" time="14.73032034" tag="^^^^^" TaskAutoShoot.state="START" />
TaskAutoShoot.autoTask_INFO [14.924236772] <Event name="StateInfo" time="14.924030113" tag="vvvvv" TaskAutoShoot.state="SHOOT" />
TaskAutoShoot.autoTask_INFO [14.926883609] <Event name="StateInfo" time="14.926674523" tag="^^^^^" TaskAutoShoot.state="SHOOT" />
Shooter.setupGoalTrackingMode_INFO [14.930245137] GoalTracking(trackingMode=Passback, goalPose=(x=-79.419291,y=572.915472,angle=180.000000), noPassback=false).
TaskAutoShoot.autoTask_INFO [15.028328537] <Event name="StateInfo" time="15.026623926" tag="vvvvv" TaskAutoShoot.state="SHOOT" />
TaskAutoShoot.autoTask_INFO [15.033688264] <Event name="StateInfo" time="15.033374743" tag="^^^^^" TaskAutoShoot.state="SHOOT" />
Shooter.LeftShooter.goalTrackingTask_INFO [15.10411644] Shooter.LeftShooter is Ready: rpm1=4899.347957/4923.667403, rpm2=3041.718750/0.000000, tilt=45.052579/45.000000, pan=null/null
TaskAutoShoot.autoTask_INFO [15.141814715] <Event name="StateInfo" time="15.141537529" tag="vvvvv" TaskAutoShoot.state="SHOOT" />
TaskAutoShoot.autoTask_INFO [15.143688389] <Event name="StateInfo" time="15.143330202" tag="^^^^^" TaskAutoShoot.state="SHOOT" />
FrcTeleOp.operatorControllerButtonEvent_INFO [15.147106706] ##### button=Y, pressed=false
FrcTeleOp.shoot_INFO [15.148543933] >>>>> Stop Auto Shoot.
TaskAutoShoot.cancel_INFO [15.152675433] Canceling auto task operation.
TaskAutoShoot.stopSubsystems_INFO [15.154849833] Stopping subsystems.
Shooter.LeftTransferMotor.cancel_INFO [15.159096737] Cancel: stopping motor.
Shooter.RightTransferMotor.cancel_INFO [15.164009565] Cancel: stopping motor.
Shooter.FeederMotor.cancel_INFO [15.164915011] Cancel: stopping motor.
Shooter.LeftShooter.disableGoalTracking_INFO [15.16631513] Disable Goal Tracking.
Shooter.LeftShooter.stopGoalTracking_INFO [15.167480713] Stop GoalTracking.
Shooter.LeftTiltMotor.cancel_INFO [15.168370241] Cancel: stopping motor.
Shooter.LeftPrimaryMotor.cancel_INFO [15.170074887] Cancel: stopping motor.
Shooter.RightShooter.disableGoalTracking_INFO [15.174788695] Disable Goal Tracking.
Shooter.RightShooter.stopGoalTracking_INFO [15.175916339] Stop GoalTracking.
Shooter.RightTiltMotor.cancel_INFO [15.176902308] Cancel: stopping motor.
Shooter.RightPrimaryMotor.cancel_INFO [15.177891068] Cancel: stopping motor.
Shooter.LeftShooter.cancel_INFO [15.179039588] owner=null
Shooter.LeftPrimaryMotor.cancel_INFO [15.180274693] Cancel: stopping motor.
Shooter.LeftTiltMotor.cancel_INFO [15.181600271] Cancel: stopping motor.
Shooter.RightShooter.cancel_INFO [15.186404759] owner=null
Shooter.RightPrimaryMotor.cancel_INFO [15.187517526] Cancel: stopping motor.
Shooter.RightTiltMotor.cancel_INFO [15.188498554] Cancel: stopping motor.
Shooter.LeftTransferMotor.cancel_INFO [15.198569787] Cancel: stopping motor.
Shooter.RightTransferMotor.cancel_INFO [15.199624243] Cancel: stopping motor.
Shooter.FeederMotor.cancel_INFO [15.200791209] Cancel: stopping motor.
FrcTeleOp.operatorControllerButtonEvent_INFO [16.518441635] ##### button=Y, pressed=true
FrcTeleOp.shoot_INFO [16.519198299] >>>>> Start Auto Shoot.
TaskAutoShoot.autoShoot_INFO [16.520050032] autoShoot(owner=null, event=null, taskParams=(autoStop=false, noPassback=false))
Shooter.setupGoalTrackingMode_INFO [16.523890793] GoalTracking(trackingMode=Passback, goalPose=(x=-79.419291,y=572.915472,angle=180.000000), noPassback=false).
Shooter.LeftShooter.enableGoalTracking_INFO [16.524361461] Enable GoalTracking (trackingParams=(trackFlywheel=true,trackTiltPos=true,trackPanPos=true)).
Shooter.LeftPrimaryMotor.cancel_INFO [16.524946906] Cancel: stopping motor.
Shooter.LeftTiltMotor.cancel_INFO [16.527148505] Cancel: stopping motor.
Shooter.RightShooter.enableGoalTracking_INFO [16.52787585] Enable GoalTracking (trackingParams=(trackFlywheel=true,trackTiltPos=true,trackPanPos=true)).
Shooter.RightPrimaryMotor.cancel_INFO [16.528601527] Cancel: stopping motor.
Shooter.RightTiltMotor.cancel_INFO [16.529260346] Cancel: stopping motor.
TaskAutoShoot.autoTask_INFO [16.623506515] <Event name="StateInfo" time="16.622757826" tag="vvvvv" TaskAutoShoot.state="START" />
TaskAutoShoot.runTaskState_INFO [16.630703771] ***** Wait for left Shooter ready.
TaskAutoShoot.runTaskState_INFO [16.632669268] ***** Wait for right Shooter ready.
TaskAutoShoot.runTaskState_INFO [16.635181345] ***** Wait for Turret ready.
TaskAutoShoot.autoTask_INFO [16.637232819] <Event name="StateInfo" time="16.636638134" tag="^^^^^" TaskAutoShoot.state="START" />
TaskAutoShoot.autoTask_INFO [16.815765379] <Event name="StateInfo" time="16.815465795" tag="vvvvv" TaskAutoShoot.state="SHOOT" />
TaskAutoShoot.autoTask_INFO [16.816279616] <Event name="StateInfo" time="16.816113707" tag="^^^^^" TaskAutoShoot.state="SHOOT" />
TaskAutoShoot.autoTask_INFO [16.901054285] <Event name="StateInfo" time="16.90078188" tag="vvvvv" TaskAutoShoot.state="SHOOT" />
TaskAutoShoot.autoTask_INFO [16.909633403] <Event name="StateInfo" time="16.906260902" tag="^^^^^" TaskAutoShoot.state="SHOOT" />
Shooter.LeftShooter.goalTrackingTask_INFO [16.979024969] Shooter.LeftShooter is Ready: rpm1=5437.536058/5510.549112, rpm2=3378.398438/0.000000, tilt=44.064411/45.000000, pan=null/null
TaskAutoShoot.autoTask_INFO [17.020932046] <Event name="StateInfo" time="17.020667206" tag="vvvvv" TaskAutoShoot.state="SHOOT" />
TaskAutoShoot.autoTask_INFO [17.023765929] <Event name="StateInfo" time="17.023562774" tag="^^^^^" TaskAutoShoot.state="SHOOT" />
TaskAutoShoot.autoTask_INFO [17.114263262] <Event name="StateInfo" time="17.11407869" tag="vvvvv" TaskAutoShoot.state="SHOOT" />
TaskAutoShoot.autoTask_INFO [17.116851955] <Event name="StateInfo" time="17.116637" tag="^^^^^" TaskAutoShoot.state="SHOOT" />
TaskAutoShoot.autoTask_INFO [17.213362263] <Event name="StateInfo" time="17.210392019" tag="vvvvv" TaskAutoShoot.state="SHOOT" />
TaskAutoShoot.autoTask_INFO [17.214159375] <Event name="StateInfo" time="17.21397748" tag="^^^^^" TaskAutoShoot.state="SHOOT" />
Shooter.RightShooter.goalTrackingTask_INFO [17.327049271] Shooter.RightShooter is Ready: rpm1=5569.669471/5572.822398, rpm2=3413.203125/0.000000, tilt=45.013047/45.000000, pan=null/null
TaskAutoShoot.autoTask_INFO [17.328160983] <Event name="StateInfo" time="17.327891391" tag="vvvvv" TaskAutoShoot.state="SHOOT" />
TaskAutoShoot.autoTask_INFO [17.33214121] <Event name="StateInfo" time="17.331965606" tag="^^^^^" TaskAutoShoot.state="SHOOT" />
TaskAutoShoot.autoTask_INFO [17.43408094] <Event name="StateInfo" time="17.432785108" tag="vvvvv" TaskAutoShoot.state="SHOOT" />
TaskAutoShoot.autoTask_INFO [17.434850172] <Event name="StateInfo" time="17.4346687" tag="^^^^^" TaskAutoShoot.state="SHOOT" />
TaskAutoShoot.autoTask_INFO [17.529334742] <Event name="StateInfo" time="17.529145343" tag="vvvvv" TaskAutoShoot.state="SHOOT" />
TaskAutoShoot.autoTask_INFO [17.531421104] <Event name="StateInfo" time="17.530675714" tag="^^^^^" TaskAutoShoot.state="SHOOT" />
FrcTeleOp.operatorControllerButtonEvent_INFO [17.536860662] ##### button=Y, pressed=false
FrcTeleOp.shoot_INFO [17.537973258] >>>>> Stop Auto Shoot.
TaskAutoShoot.cancel_INFO [17.539028086] Canceling auto task operation.
TaskAutoShoot.stopSubsystems_INFO [17.540115014] Stopping subsystems.
Shooter.LeftTransferMotor.cancel_INFO [17.541586385] Cancel: stopping motor.
Shooter.RightTransferMotor.cancel_INFO [17.542835483] Cancel: stopping motor.
Shooter.FeederMotor.cancel_INFO [17.547102099] Cancel: stopping motor.
Shooter.LeftShooter.disableGoalTracking_INFO [17.54872947] Disable Goal Tracking.
Shooter.LeftShooter.stopGoalTracking_INFO [17.549477686] Stop GoalTracking.
Shooter.LeftTiltMotor.cancel_INFO [17.55057555] Cancel: stopping motor.
Shooter.LeftPrimaryMotor.cancel_INFO [17.552302045] Cancel: stopping motor.
Shooter.RightShooter.disableGoalTracking_INFO [17.556472749] Disable Goal Tracking.
Shooter.RightShooter.stopGoalTracking_INFO [17.557862959] Stop GoalTracking.
Shooter.RightTiltMotor.cancel_INFO [17.559014243] Cancel: stopping motor.
Shooter.RightPrimaryMotor.cancel_INFO [17.560044289] Cancel: stopping motor.
Shooter.LeftShooter.cancel_INFO [17.561161406] owner=null
Shooter.LeftPrimaryMotor.cancel_INFO [17.562752693] Cancel: stopping motor.
Shooter.LeftTiltMotor.cancel_INFO [17.566163375] Cancel: stopping motor.
Shooter.RightShooter.cancel_INFO [17.567649139] owner=null
Shooter.RightPrimaryMotor.cancel_INFO [17.569524471] Cancel: stopping motor.
Shooter.RightTiltMotor.cancel_INFO [17.571058007] Cancel: stopping motor.
Shooter.LeftTransferMotor.cancel_INFO [17.574215904] Cancel: stopping motor.
Shooter.RightTransferMotor.cancel_INFO [17.576976725] Cancel: stopping motor.
Shooter.FeederMotor.cancel_INFO [17.57813626] Cancel: stopping motor.
FrcTeleOp.operatorControllerButtonEvent_INFO [17.726063025] ##### button=Y, pressed=true
FrcTeleOp.shoot_INFO [17.729693689] >>>>> Start Auto Shoot.
TaskAutoShoot.autoShoot_INFO [17.731840162] autoShoot(owner=null, event=null, taskParams=(autoStop=false, noPassback=false))
Shooter.setupGoalTrackingMode_INFO [17.733762283] GoalTracking(trackingMode=Passback, goalPose=(x=-79.419291,y=572.915472,angle=180.000000), noPassback=false).
Shooter.LeftShooter.enableGoalTracking_INFO [17.735920503] Enable GoalTracking (trackingParams=(trackFlywheel=true,trackTiltPos=true,trackPanPos=true)).
Shooter.LeftPrimaryMotor.cancel_INFO [17.737128952] Cancel: stopping motor.
Shooter.LeftTiltMotor.cancel_INFO [17.738392704] Cancel: stopping motor.
Shooter.RightShooter.enableGoalTracking_INFO [17.74166702] Enable GoalTracking (trackingParams=(trackFlywheel=true,trackTiltPos=true,trackPanPos=true)).
Shooter.RightPrimaryMotor.cancel_INFO [17.742793257] Cancel: stopping motor.
Shooter.RightTiltMotor.cancel_INFO [17.744653074] Cancel: stopping motor.
TaskAutoShoot.autoTask_INFO [17.838256081] <Event name="StateInfo" time="17.837801248" tag="vvvvv" TaskAutoShoot.state="START" />
TaskAutoShoot.runTaskState_INFO [17.839628112] ***** Wait for left Shooter ready.
TaskAutoShoot.runTaskState_INFO [17.840777052] ***** Wait for right Shooter ready.
TaskAutoShoot.runTaskState_INFO [17.841607275] ***** Wait for Turret ready.
TaskAutoShoot.autoTask_INFO [17.843557605] <Event name="StateInfo" time="17.843303885" tag="^^^^^" TaskAutoShoot.state="START" />
Shooter.RightShooter.goalTrackingTask_INFO [17.962252505] Shooter.RightShooter is Ready: rpm1=5553.578726/5650.447863, rpm2=3465.351563/0.000000, tilt=44.459672/45.000000, pan=null/null
TaskAutoShoot.autoTask_INFO [17.97776926] <Event name="StateInfo" time="17.97756469" tag="vvvvv" TaskAutoShoot.state="SHOOT" />
TaskAutoShoot.autoTask_INFO [17.98424143] <Event name="StateInfo" time="17.984027832" tag="^^^^^" TaskAutoShoot.state="SHOOT" />
Shooter.TurretMotor.pidCtrlTask_INFO [17.990889343] controlMode: Position,onTarget=true(-32.958877043503634/-30.864234461617947), stalled=false, expired=false, event=(TaskAutoShoot.turretReady=SIGNALED)
Shooter.LeftShooter.goalTrackingTask_INFO [18.057916858] Shooter.LeftShooter is Ready: rpm1=5586.138822/5675.879530, rpm2=3521.132813/0.000000, tilt=45.052579/45.000000, pan=null/null
TaskAutoShoot.autoTask_INFO [18.083573405] <Event name="StateInfo" time="18.083375705" tag="vvvvv" TaskAutoShoot.state="SHOOT" />
TaskAutoShoot.runTaskState_INFO [18.084581675] ***** Start left shooter shooting (timedout=false, turretReady=true).
Shooter.shoot_INFO [18.086423421] shoot(owner=null, event=(TaskAutoShoot.leftShooterDone=CLEARED), shooter=leftShooter, autoStop=false)
Shooter.LeftTransferMotor.cancel_INFO [18.087717072] Cancel: stopping motor.
TaskAutoShoot.runTaskState_INFO [18.090475025] ***** Start right shooter shooting (timedout=false, turretReady=true).
Shooter.shoot_INFO [18.092859877] shoot(owner=null, event=(TaskAutoShoot.rightShooterDone=CLEARED), shooter=rightShooter, autoStop=false)
Shooter.RightTransferMotor.cancel_INFO [18.095497136] Cancel: stopping motor.
TaskAutoShoot.autoTask_INFO [18.097699309] <Event name="StateInfo" time="18.097472742" tag="^^^^^" TaskAutoShoot.state="SHOOT" />
Shooter.setupGoalTrackingMode_INFO [18.198395419] GoalTracking(trackingMode=Passback, goalPose=(x=-79.419291,y=572.915472,angle=180.000000), noPassback=false).
FrcTeleOp.operatorControllerButtonEvent_INFO [18.777807523] ##### button=Y, pressed=false
FrcTeleOp.shoot_INFO [18.788390115] >>>>> Stop Auto Shoot.
TaskAutoShoot.cancel_INFO [18.790068936] Canceling auto task operation.
TaskAutoShoot.stopSubsystems_INFO [18.791491391] Stopping subsystems.
Shooter.LeftTransferMotor.cancel_INFO [18.792679555] Cancel: stopping motor.
Shooter.RightTransferMotor.cancel_INFO [18.794672519] Cancel: stopping motor.
Shooter.FeederMotor.cancel_INFO [18.795931862] Cancel: stopping motor.
Shooter.LeftShooter.disableGoalTracking_INFO [18.797182296] Disable Goal Tracking.
Shooter.LeftShooter.stopGoalTracking_INFO [18.798041505] Stop GoalTracking.
Shooter.LeftTiltMotor.cancel_INFO [18.798995949] Cancel: stopping motor.
Shooter.LeftPrimaryMotor.cancel_INFO [18.800597113] Cancel: stopping motor.
Shooter.RightShooter.disableGoalTracking_INFO [18.801847878] Disable Goal Tracking.
Shooter.RightShooter.stopGoalTracking_INFO [18.802959306] Stop GoalTracking.
Shooter.RightTiltMotor.cancel_INFO [18.804507782] Cancel: stopping motor.
Shooter.RightPrimaryMotor.cancel_INFO [18.805506373] Cancel: stopping motor.
Shooter.LeftShooter.cancel_INFO [18.806715136] owner=null
Shooter.LeftPrimaryMotor.cancel_INFO [18.808095731] Cancel: stopping motor.
Shooter.LeftTiltMotor.cancel_INFO [18.810659866] Cancel: stopping motor.
Shooter.RightShooter.cancel_INFO [18.811572253] owner=null
Shooter.RightPrimaryMotor.cancel_INFO [18.812979415] Cancel: stopping motor.
Shooter.RightTiltMotor.cancel_INFO [18.815166461] Cancel: stopping motor.
Shooter.LeftTransferMotor.cancel_INFO [18.816207639] Cancel: stopping motor.
Shooter.RightTransferMotor.cancel_INFO [18.817316167] Cancel: stopping motor.
Shooter.FeederMotor.cancel_INFO [18.818234284] Cancel: stopping motor.
FrcTeleOp.driverControllerButtonEvent_INFO [19.444677302] ##### button=A, pressed=true
FrcTeleOp.driverControllerButtonEvent_INFO [19.544946338] ##### button=A, pressed=false
FrcTeleOp.operatorControllerButtonEvent_INFO [21.183221756] ##### button=LeftBumper, pressed=true
FrcTeleOp.operatorControllerButtonEvent_INFO [21.185824194] >>>>> OperatorAltFunc=true
FrcTeleOp.operatorControllerButtonEvent_INFO [21.334567923] ##### button=Y, pressed=true
FrcTeleOp.shoot_INFO [21.336072917] >>>>> Start Manual Shoot.
TaskAutoShoot.cancel_INFO [21.337018346] Canceling auto task operation.
Shooter.LeftTiltMotor.pidCtrlTask_INFO [21.380540704] controlMode: Position,onTarget=true(17.06723822686905/18.0), stalled=false, expired=false, event=(Shooter.LeftShooter.tiltOnTarget=SIGNALED)
Shooter.RightTiltMotor.pidCtrlTask_INFO [21.441609289] controlMode: Position,onTarget=true(17.264875090391115/18.0), stalled=false, expired=false, event=(Shooter.RightShooter.tiltOnTarget=SIGNALED)
Shooter.LeftPrimaryMotor.pidCtrlTask_INFO [21.602777629] controlMode: Velocity,onTarget=true(65.41361177884616/65.83333333333333), stalled=false, expired=false, event=(Shooter.LeftShooter.shooter1OnTarget=SIGNALED)
Shooter.shoot_INFO [21.607993012] shoot(owner=null, event=(Shooter.LeftShooter.shootCompletionEvent=CLEARED), shooter=leftShooter, autoStop=false)
Shooter.LeftTransferMotor.cancel_INFO [21.620655724] Cancel: stopping motor.
Shooter.RightPrimaryMotor.pidCtrlTask_INFO [21.773638139] controlMode: Velocity,onTarget=true(64.40084134615385/65.83333333333333), stalled=false, expired=false, event=(Shooter.RightShooter.shooter1OnTarget=SIGNALED)
Shooter.shoot_INFO [21.773868955] shoot(owner=null, event=(Shooter.RightShooter.shootCompletionEvent=CLEARED), shooter=rightShooter, autoStop=false)
Shooter.RightTransferMotor.cancel_INFO [21.776385959] Cancel: stopping motor.
FrcTeleOp.operatorControllerButtonEvent_INFO [24.748202861] ##### button=Y, pressed=false
FrcTeleOp.shoot_INFO [24.74978556] >>>>> Stop Manual Shoot.
Shooter.LeftShooter.cancel_INFO [24.750800536] owner=null
Shooter.LeftPrimaryMotor.cancel_INFO [24.75222366] Cancel: stopping motor.
Shooter.LeftTiltMotor.cancel_INFO [24.754286298] Cancel: stopping motor.
Shooter.RightShooter.cancel_INFO [24.755744642] owner=null
Shooter.RightPrimaryMotor.cancel_INFO [24.757397757] Cancel: stopping motor.
Shooter.RightTiltMotor.cancel_INFO [24.759889474] Cancel: stopping motor.
Shooter.LeftTransferMotor.cancel_INFO [24.761603801] Cancel: stopping motor.
Shooter.RightTransferMotor.cancel_INFO [24.763479639] Cancel: stopping motor.
Shooter.FeederMotor.cancel_INFO [24.766583942] Cancel: stopping motor.
FrcTeleOp.operatorControllerButtonEvent_INFO [24.825339776] ##### button=LeftBumper, pressed=false
FrcTeleOp.operatorControllerButtonEvent_INFO [24.825961459] >>>>> OperatorAltFunc=false
FrcTeleOp.operatorControllerButtonEvent_INFO [25.813641526] ##### button=Y, pressed=true
FrcTeleOp.shoot_INFO [25.815442106] >>>>> Start Auto Shoot.
TaskAutoShoot.autoShoot_INFO [25.817493298] autoShoot(owner=null, event=null, taskParams=(autoStop=false, noPassback=false))
Shooter.setupGoalTrackingMode_INFO [25.819179783] GoalTracking(trackingMode=Passback, goalPose=(x=-79.419291,y=572.915472,angle=180.000000), noPassback=false).
Shooter.LeftShooter.enableGoalTracking_INFO [25.821561923] Enable GoalTracking (trackingParams=(trackFlywheel=true,trackTiltPos=true,trackPanPos=true)).
Shooter.LeftPrimaryMotor.cancel_INFO [25.823901529] Cancel: stopping motor.
Shooter.LeftTiltMotor.cancel_INFO [25.826300366] Cancel: stopping motor.
Shooter.RightShooter.enableGoalTracking_INFO [25.828109458] Enable GoalTracking (trackingParams=(trackFlywheel=true,trackTiltPos=true,trackPanPos=true)).
Shooter.RightPrimaryMotor.cancel_INFO [25.829574019] Cancel: stopping motor.
Shooter.RightTiltMotor.cancel_INFO [25.83158998] Cancel: stopping motor.
TaskAutoShoot.autoTask_INFO [25.927902632] <Event name="StateInfo" time="25.927661303" tag="vvvvv" TaskAutoShoot.state="START" />
TaskAutoShoot.runTaskState_INFO [25.928324118] ***** Wait for left Shooter ready.
TaskAutoShoot.runTaskState_INFO [25.930175107] ***** Wait for right Shooter ready.
TaskAutoShoot.runTaskState_INFO [25.941591265] ***** Wait for Turret ready.
TaskAutoShoot.autoTask_INFO [25.943557789] <Event name="StateInfo" time="25.943272396" tag="^^^^^" TaskAutoShoot.state="START" />
TaskAutoShoot.autoTask_INFO [26.154944055] <Event name="StateInfo" time="26.154761125" tag="vvvvv" TaskAutoShoot.state="SHOOT" />
TaskAutoShoot.autoTask_INFO [26.158811649] <Event name="StateInfo" time="26.157283139" tag="^^^^^" TaskAutoShoot.state="SHOOT" />
TaskAutoShoot.autoTask_INFO [26.265013342] <Event name="StateInfo" time="26.264808947" tag="vvvvv" TaskAutoShoot.state="SHOOT" />
TaskAutoShoot.autoTask_INFO [26.277217723] <Event name="StateInfo" time="26.276848954" tag="^^^^^" TaskAutoShoot.state="SHOOT" />
TaskAutoShoot.autoTask_INFO [26.373449542] <Event name="StateInfo" time="26.3730859" tag="vvvvv" TaskAutoShoot.state="SHOOT" />
TaskAutoShoot.autoTask_INFO [26.376017403] <Event name="StateInfo" time="26.373749122" tag="^^^^^" TaskAutoShoot.state="SHOOT" />
Shooter.setupGoalTrackingMode_INFO [26.379201707] GoalTracking(trackingMode=Passback, goalPose=(x=-79.419291,y=572.915472,angle=180.000000), noPassback=false).
TaskAutoShoot.autoTask_INFO [26.48097976] <Event name="StateInfo" time="26.480778557" tag="vvvvv" TaskAutoShoot.state="SHOOT" />
TaskAutoShoot.autoTask_INFO [26.489086801] <Event name="StateInfo" time="26.488912586" tag="^^^^^" TaskAutoShoot.state="SHOOT" />
FrcTeleOp.driverControllerButtonEvent_INFO [26.496356267] ##### button=A, pressed=true
FrcTeleOp.operatorControllerButtonEvent_INFO [26.500156215] ##### button=Y, pressed=false
FrcTeleOp.shoot_INFO [26.502816756] >>>>> Stop Auto Shoot.
TaskAutoShoot.cancel_INFO [26.505593339] Canceling auto task operation.
TaskAutoShoot.stopSubsystems_INFO [26.508630241] Stopping subsystems.
Shooter.LeftTransferMotor.cancel_INFO [26.511587062] Cancel: stopping motor.
Shooter.RightTransferMotor.cancel_INFO [26.512712962] Cancel: stopping motor.
Shooter.FeederMotor.cancel_INFO [26.517864361] Cancel: stopping motor.
Shooter.LeftShooter.disableGoalTracking_INFO [26.519264819] Disable Goal Tracking.
Shooter.LeftShooter.stopGoalTracking_INFO [26.520993225] Stop GoalTracking.
Shooter.LeftTiltMotor.cancel_INFO [26.523810657] Cancel: stopping motor.
Shooter.LeftPrimaryMotor.cancel_INFO [26.526168544] Cancel: stopping motor.
Shooter.RightShooter.disableGoalTracking_INFO [26.533815848] Disable Goal Tracking.
Shooter.RightShooter.stopGoalTracking_INFO [26.535057435] Stop GoalTracking.
Shooter.RightTiltMotor.cancel_INFO [26.535854958] Cancel: stopping motor.
Shooter.RightPrimaryMotor.cancel_INFO [26.536753548] Cancel: stopping motor.
Shooter.LeftShooter.cancel_INFO [26.539396178] owner=null
Shooter.LeftPrimaryMotor.cancel_INFO [26.540682627] Cancel: stopping motor.
Shooter.LeftTiltMotor.cancel_INFO [26.542359429] Cancel: stopping motor.
Shooter.RightShooter.cancel_INFO [26.545629576] owner=null
Shooter.RightPrimaryMotor.cancel_INFO [26.547821452] Cancel: stopping motor.
Shooter.RightTiltMotor.cancel_INFO [26.550377741] Cancel: stopping motor.
Shooter.LeftTransferMotor.cancel_INFO [26.552298152] Cancel: stopping motor.
Shooter.RightTransferMotor.cancel_INFO [26.554384654] Cancel: stopping motor.
Shooter.FeederMotor.cancel_INFO [26.556066671] Cancel: stopping motor.
FrcTeleOp.driverControllerButtonEvent_INFO [26.675168866] ##### button=A, pressed=false
FrcTeleOp.driverControllerButtonEvent_INFO [33.395631761] ##### button=A, pressed=true
FrcTeleOp.driverControllerButtonEvent_INFO [33.497746111] ##### button=A, pressed=false
FrcTeleOp.operatorControllerButtonEvent_INFO [33.650376057] ##### button=Y, pressed=true
FrcTeleOp.shoot_INFO [33.65198982] >>>>> Start Auto Shoot.
TaskAutoShoot.autoShoot_INFO [33.653413986] autoShoot(owner=null, event=null, taskParams=(autoStop=false, noPassback=false))
Shooter.setupGoalTrackingMode_INFO [33.654236076] GoalTracking(trackingMode=AllianceHub, goalPose=(x=-158.838583,y=469.110472,angle=180.000000), noPassback=false).
Shooter.LeftShooter.enableGoalTracking_INFO [33.654649426] Enable GoalTracking (trackingParams=(trackFlywheel=true,trackTiltPos=true,trackPanPos=true)).
Shooter.LeftPrimaryMotor.cancel_INFO [33.655217891] Cancel: stopping motor.
Shooter.LeftTiltMotor.cancel_INFO [33.655733693] Cancel: stopping motor.
Shooter.RightShooter.enableGoalTracking_INFO [33.656550558] Enable GoalTracking (trackingParams=(trackFlywheel=true,trackTiltPos=true,trackPanPos=true)).
Shooter.RightPrimaryMotor.cancel_INFO [33.656939647] Cancel: stopping motor.
Shooter.RightTiltMotor.cancel_INFO [33.657712869] Cancel: stopping motor.
TaskAutoShoot.autoTask_INFO [33.791413359] <Event name="StateInfo" time="33.791061108" tag="vvvvv" TaskAutoShoot.state="START" />
TaskAutoShoot.runTaskState_INFO [33.798714445] ***** Wait for left Shooter ready.
TaskAutoShoot.runTaskState_INFO [33.80017923] ***** Wait for right Shooter ready.
TaskAutoShoot.runTaskState_INFO [33.801764321] ***** Wait for Turret ready.
TaskAutoShoot.autoTask_INFO [33.805239556] <Event name="StateInfo" time="33.804986225" tag="^^^^^" TaskAutoShoot.state="START" />
TaskAutoShoot.autoTask_INFO [33.980644685] <Event name="StateInfo" time="33.97865074" tag="vvvvv" TaskAutoShoot.state="SHOOT" />
TaskAutoShoot.autoTask_INFO [33.982669037] <Event name="StateInfo" time="33.981787711" tag="^^^^^" TaskAutoShoot.state="SHOOT" />
TaskAutoShoot.autoTask_INFO [34.087444138] <Event name="StateInfo" time="34.08726228" tag="vvvvv" TaskAutoShoot.state="SHOOT" />
TaskAutoShoot.autoTask_INFO [34.09150785] <Event name="StateInfo" time="34.091270523" tag="^^^^^" TaskAutoShoot.state="SHOOT" />
TaskAutoShoot.autoTask_INFO [34.189267191] <Event name="StateInfo" time="34.188863545" tag="vvvvv" TaskAutoShoot.state="SHOOT" />
TaskAutoShoot.autoTask_INFO [34.197258436] <Event name="StateInfo" time="34.194434991" tag="^^^^^" TaskAutoShoot.state="SHOOT" />
TaskAutoShoot.autoTask_INFO [34.316474568] <Event name="StateInfo" time="34.316170629" tag="vvvvv" TaskAutoShoot.state="SHOOT" />
TaskAutoShoot.autoTask_INFO [34.321241739] <Event name="StateInfo" time="34.321006038" tag="^^^^^" TaskAutoShoot.state="SHOOT" />
FrcTeleOp.operatorControllerButtonEvent_INFO [34.325512906] ##### button=Y, pressed=false
FrcTeleOp.shoot_INFO [34.326894365] >>>>> Stop Auto Shoot.
TaskAutoShoot.cancel_INFO [34.328373838] Canceling auto task operation.
TaskAutoShoot.stopSubsystems_INFO [34.330271109] Stopping subsystems.
Shooter.LeftTransferMotor.cancel_INFO [34.333811197] Cancel: stopping motor.
Shooter.RightTransferMotor.cancel_INFO [34.335223094] Cancel: stopping motor.
Shooter.FeederMotor.cancel_INFO [34.336328086] Cancel: stopping motor.
Shooter.LeftShooter.disableGoalTracking_INFO [34.337758957] Disable Goal Tracking.
Shooter.LeftShooter.stopGoalTracking_INFO [34.339038836] Stop GoalTracking.
Shooter.LeftTiltMotor.cancel_INFO [34.340282195] Cancel: stopping motor.
Shooter.LeftPrimaryMotor.cancel_INFO [34.34244363] Cancel: stopping motor.
Shooter.RightShooter.disableGoalTracking_INFO [34.344296137] Disable Goal Tracking.
Shooter.RightShooter.stopGoalTracking_INFO [34.345817218] Stop GoalTracking.
Shooter.RightTiltMotor.cancel_INFO [34.346978467] Cancel: stopping motor.
Shooter.RightPrimaryMotor.cancel_INFO [34.348085052] Cancel: stopping motor.
Shooter.LeftShooter.cancel_INFO [34.349375105] owner=null
Shooter.LeftPrimaryMotor.cancel_INFO [34.351450787] Cancel: stopping motor.
Shooter.LeftTiltMotor.cancel_INFO [34.358443531] Cancel: stopping motor.
Shooter.RightShooter.cancel_INFO [34.360069254] owner=null
Shooter.RightPrimaryMotor.cancel_INFO [34.36147045] Cancel: stopping motor.
Shooter.RightTiltMotor.cancel_INFO [34.363801764] Cancel: stopping motor.
Shooter.LeftTransferMotor.cancel_INFO [34.365187005] Cancel: stopping motor.
Shooter.RightTransferMotor.cancel_INFO [34.366587398] Cancel: stopping motor.
Shooter.FeederMotor.cancel_INFO [34.367909839] Cancel: stopping motor.
FrcTeleOp.operatorControllerButtonEvent_INFO [34.510080412] ##### button=Y, pressed=true
FrcTeleOp.shoot_INFO [34.510951127] >>>>> Start Auto Shoot.
TaskAutoShoot.autoShoot_INFO [34.513655837] autoShoot(owner=null, event=null, taskParams=(autoStop=false, noPassback=false))
Shooter.setupGoalTrackingMode_INFO [34.516058537] GoalTracking(trackingMode=AllianceHub, goalPose=(x=-158.838583,y=469.110472,angle=180.000000), noPassback=false).
Shooter.LeftShooter.enableGoalTracking_INFO [34.516654679] Enable GoalTracking (trackingParams=(trackFlywheel=true,trackTiltPos=true,trackPanPos=true)).
Shooter.LeftPrimaryMotor.cancel_INFO [34.517121149] Cancel: stopping motor.
Shooter.LeftTiltMotor.cancel_INFO [34.517615106] Cancel: stopping motor.
Shooter.RightShooter.enableGoalTracking_INFO [34.518227212] Enable GoalTracking (trackingParams=(trackFlywheel=true,trackTiltPos=true,trackPanPos=true)).
Shooter.RightPrimaryMotor.cancel_INFO [34.518864857] Cancel: stopping motor.
Shooter.RightTiltMotor.cancel_INFO [34.519514537] Cancel: stopping motor.
TaskAutoShoot.autoTask_INFO [34.627848889] <Event name="StateInfo" time="34.627537859" tag="vvvvv" TaskAutoShoot.state="START" />
TaskAutoShoot.runTaskState_INFO [34.628298679] ***** Wait for left Shooter ready.
TaskAutoShoot.runTaskState_INFO [34.6285708] ***** Wait for right Shooter ready.
TaskAutoShoot.runTaskState_INFO [34.628819253] ***** Wait for Turret ready.
TaskAutoShoot.autoTask_INFO [34.636805239] <Event name="StateInfo" time="34.636593638" tag="^^^^^" TaskAutoShoot.state="START" />
TaskAutoShoot.autoTask_INFO [34.834145245] <Event name="StateInfo" time="34.833513339" tag="vvvvv" TaskAutoShoot.state="SHOOT" />
TaskAutoShoot.autoTask_INFO [34.844012839] <Event name="StateInfo" time="34.840392978" tag="^^^^^" TaskAutoShoot.state="SHOOT" />
TaskAutoShoot.autoTask_INFO [34.934409747] <Event name="StateInfo" time="34.922492921" tag="vvvvv" TaskAutoShoot.state="SHOOT" />
TaskAutoShoot.autoTask_INFO [34.935850202] <Event name="StateInfo" time="34.935531978" tag="^^^^^" TaskAutoShoot.state="SHOOT" />
Shooter.LeftShooter.goalTrackingTask_INFO [35.010676408] Shooter.LeftShooter is Ready: rpm1=5311.838942/5352.269661, rpm2=3303.984375/0.000000, tilt=27.186251/27.482025, pan=null/null
TaskAutoShoot.autoTask_INFO [35.043018576] <Event name="StateInfo" time="35.039772594" tag="vvvvv" TaskAutoShoot.state="SHOOT" />
TaskAutoShoot.autoTask_INFO [35.045153018] <Event name="StateInfo" time="35.044617186" tag="^^^^^" TaskAutoShoot.state="SHOOT" />
Shooter.RightShooter.goalTrackingTask_INFO [35.135653286] Shooter.RightShooter is Ready: rpm1=5324.900841/5356.454267, rpm2=3290.507813/0.000000, tilt=27.462951/27.515822, pan=null/null
TaskAutoShoot.autoTask_INFO [35.136649171] <Event name="StateInfo" time="35.136338934" tag="vvvvv" TaskAutoShoot.state="SHOOT" />
TaskAutoShoot.autoTask_INFO [35.137426473] <Event name="StateInfo" time="35.137247514" tag="^^^^^" TaskAutoShoot.state="SHOOT" />
TaskAutoShoot.autoTask_INFO [35.265646277] <Event name="StateInfo" time="35.265227548" tag="vvvvv" TaskAutoShoot.state="SHOOT" />
TaskAutoShoot.autoTask_INFO [35.267171883] <Event name="StateInfo" time="35.266939595" tag="^^^^^" TaskAutoShoot.state="SHOOT" />
TaskAutoShoot.autoTask_INFO [35.363202695] <Event name="StateInfo" time="35.362983489" tag="vvvvv" TaskAutoShoot.state="SHOOT" />
TaskAutoShoot.autoTask_INFO [35.373956686] <Event name="StateInfo" time="35.373461539" tag="^^^^^" TaskAutoShoot.state="SHOOT" />
TaskAutoShoot.autoTask_INFO [35.475843478] <Event name="StateInfo" time="35.473275796" tag="vvvvv" TaskAutoShoot.state="SHOOT" />
TaskAutoShoot.autoTask_INFO [35.476625259] <Event name="StateInfo" time="35.476437847" tag="^^^^^" TaskAutoShoot.state="SHOOT" />
TaskAutoShoot.autoTask_INFO [35.583312092] <Event name="StateInfo" time="35.582704384" tag="vvvvv" TaskAutoShoot.state="SHOOT" />
TaskAutoShoot.autoTask_INFO [35.583886077] <Event name="StateInfo" time="35.583610993" tag="^^^^^" TaskAutoShoot.state="SHOOT" />
TaskAutoShoot.autoTask_INFO [35.68991645] <Event name="StateInfo" time="35.689569424" tag="vvvvv" TaskAutoShoot.state="SHOOT" />
TaskAutoShoot.runTaskState_INFO [35.691373951] ***** Start left shooter shooting (timedout=true, turretReady=false).
Shooter.shoot_INFO [35.693321863] shoot(owner=null, event=(TaskAutoShoot.leftShooterDone=CLEARED), shooter=leftShooter, autoStop=false)
Shooter.LeftTransferMotor.cancel_INFO [35.694807334] Cancel: stopping motor.
TaskAutoShoot.runTaskState_INFO [35.697321567] ***** Start right shooter shooting (timedout=true, turretReady=false).
Shooter.shoot_INFO [35.699232738] shoot(owner=null, event=(TaskAutoShoot.rightShooterDone=CLEARED), shooter=rightShooter, autoStop=false)
Shooter.RightTransferMotor.cancel_INFO [35.700890501] Cancel: stopping motor.
TaskAutoShoot.autoTask_INFO [35.702566003] <Event name="StateInfo" time="35.702081824" tag="^^^^^" TaskAutoShoot.state="SHOOT" />
FrcTeleOp.operatorControllerButtonEvent_INFO [35.706796836] ##### button=Y, pressed=false
FrcTeleOp.shoot_INFO [35.708497405] >>>>> Stop Auto Shoot.
TaskAutoShoot.cancel_INFO [35.711210533] Canceling auto task operation.
TaskAutoShoot.stopSubsystems_INFO [35.719931587] Stopping subsystems.
Shooter.LeftTransferMotor.cancel_INFO [35.722580342] Cancel: stopping motor.
Shooter.RightTransferMotor.cancel_INFO [35.725423876] Cancel: stopping motor.
Shooter.FeederMotor.cancel_INFO [35.729219197] Cancel: stopping motor.
Shooter.LeftShooter.disableGoalTracking_INFO [35.731898157] Disable Goal Tracking.
Shooter.LeftShooter.stopGoalTracking_INFO [35.734390024] Stop GoalTracking.
Shooter.LeftTiltMotor.cancel_INFO [35.737033207] Cancel: stopping motor.
Shooter.LeftPrimaryMotor.cancel_INFO [35.739626901] Cancel: stopping motor.
Shooter.RightShooter.disableGoalTracking_INFO [35.742294275] Disable Goal Tracking.
Shooter.RightShooter.stopGoalTracking_INFO [35.747878221] Stop GoalTracking.
Shooter.RightTiltMotor.cancel_INFO [35.750267822] Cancel: stopping motor.
Shooter.RightPrimaryMotor.cancel_INFO [35.753231165] Cancel: stopping motor.
Shooter.LeftShooter.cancel_INFO [35.756098353] owner=null
Shooter.LeftPrimaryMotor.cancel_INFO [35.758593224] Cancel: stopping motor.
Shooter.LeftTiltMotor.cancel_INFO [35.761483004] Cancel: stopping motor.
Shooter.RightShooter.cancel_INFO [35.765631217] owner=null
Shooter.RightPrimaryMotor.cancel_INFO [35.770256352] Cancel: stopping motor.
Shooter.RightTiltMotor.cancel_INFO [35.775889731] Cancel: stopping motor.
Shooter.LeftTransferMotor.cancel_INFO [35.780071348] Cancel: stopping motor.
Shooter.RightTransferMotor.cancel_INFO [35.783396521] Cancel: stopping motor.
Shooter.FeederMotor.cancel_INFO [35.788668232] Cancel: stopping motor.
FrcTeleOp.operatorControllerButtonEvent_INFO [35.928869671] ##### button=Y, pressed=true
FrcTeleOp.shoot_INFO [35.92998361] >>>>> Start Auto Shoot.
TaskAutoShoot.autoShoot_INFO [35.93124371] autoShoot(owner=null, event=null, taskParams=(autoStop=false, noPassback=false))
Shooter.setupGoalTrackingMode_INFO [35.941625457] GoalTracking(trackingMode=AllianceHub, goalPose=(x=-158.838583,y=469.110472,angle=180.000000), noPassback=false).
Shooter.LeftShooter.enableGoalTracking_INFO [35.945782014] Enable GoalTracking (trackingParams=(trackFlywheel=true,trackTiltPos=true,trackPanPos=true)).
Shooter.LeftPrimaryMotor.cancel_INFO [35.946373771] Cancel: stopping motor.
Shooter.LeftTiltMotor.cancel_INFO [35.94836993] Cancel: stopping motor.
Shooter.RightShooter.enableGoalTracking_INFO [35.948901574] Enable GoalTracking (trackingParams=(trackFlywheel=true,trackTiltPos=true,trackPanPos=true)).
Shooter.RightPrimaryMotor.cancel_INFO [35.949954908] Cancel: stopping motor.
Shooter.RightTiltMotor.cancel_INFO [35.966760999] Cancel: stopping motor.
Climber.Motor.isMotorStalled_INFO [36.008411421] Stall detection triggered.
Climber.Motor.checkStallReset_INFO [36.010918512] Resetting stall.
TaskAutoShoot.autoTask_INFO [36.050912512] <Event name="StateInfo" time="36.050647381" tag="vvvvv" TaskAutoShoot.state="START" />
TaskAutoShoot.runTaskState_INFO [36.053711551] ***** Wait for left Shooter ready.
TaskAutoShoot.runTaskState_INFO [36.056135198] ***** Wait for right Shooter ready.
TaskAutoShoot.runTaskState_INFO [36.058443493] ***** Wait for Turret ready.
TaskAutoShoot.autoTask_INFO [36.060945894] <Event name="StateInfo" time="36.060707692" tag="^^^^^" TaskAutoShoot.state="START" />
Shooter.LeftShooter.goalTrackingTask_INFO [36.22173896] Shooter.LeftShooter is Ready: rpm1=5266.216947/5350.757987, rpm2=3321.679688/0.000000, tilt=27.383890/27.469828, pan=null/null
Shooter.RightShooter.goalTrackingTask_INFO [36.250048378] Shooter.RightShooter is Ready: rpm1=5362.572115/5350.757987, rpm2=3313.007813/0.000000, tilt=27.383895/27.469828, pan=null/null
TaskAutoShoot.autoTask_INFO [36.251485539] <Event name="StateInfo" time="36.25128909" tag="vvvvv" TaskAutoShoot.state="SHOOT" />
TaskAutoShoot.autoTask_INFO [36.252486238] <Event name="StateInfo" time="36.252083944" tag="^^^^^" TaskAutoShoot.state="SHOOT" />
TaskAutoShoot.autoTask_INFO [36.367189973] <Event name="StateInfo" time="36.36535382" tag="vvvvv" TaskAutoShoot.state="SHOOT" />
TaskAutoShoot.autoTask_INFO [36.374837716] <Event name="StateInfo" time="36.372818287" tag="^^^^^" TaskAutoShoot.state="SHOOT" />
TaskAutoShoot.autoTask_INFO [36.488713906] <Event name="StateInfo" time="36.488366083" tag="vvvvv" TaskAutoShoot.state="SHOOT" />
TaskAutoShoot.autoTask_INFO [36.489664728] <Event name="StateInfo" time="36.489473831" tag="^^^^^" TaskAutoShoot.state="SHOOT" />
TaskAutoShoot.autoTask_INFO [36.602881933] <Event name="StateInfo" time="36.602671065" tag="vvvvv" TaskAutoShoot.state="SHOOT" />
TaskAutoShoot.autoTask_INFO [36.605573651] <Event name="StateInfo" time="36.603865356" tag="^^^^^" TaskAutoShoot.state="SHOOT" />
FrcTeleOp.driverControllerButtonEvent_INFO [36.608010835] ##### button=RightBumper, pressed=true
FrcTeleOp.driverControllerButtonEvent_INFO [36.610521754] >>>>> Slow Drive
TaskAutoShoot.autoTask_INFO [36.692263305] <Event name="StateInfo" time="36.692042643" tag="vvvvv" TaskAutoShoot.state="SHOOT" />
TaskAutoShoot.autoTask_INFO [36.698941076] <Event name="StateInfo" time="36.695193827" tag="^^^^^" TaskAutoShoot.state="SHOOT" />
TaskAutoShoot.autoTask_INFO [36.793215545] <Event name="StateInfo" time="36.791982127" tag="vvvvv" TaskAutoShoot.state="SHOOT" />
TaskAutoShoot.autoTask_INFO [36.808043096] <Event name="StateInfo" time="36.795266202" tag="^^^^^" TaskAutoShoot.state="SHOOT" />
TaskAutoShoot.autoTask_INFO [36.908615582] <Event name="StateInfo" time="36.907013709" tag="vvvvv" TaskAutoShoot.state="SHOOT" />
TaskAutoShoot.autoTask_INFO [36.909086587] <Event name="StateInfo" time="36.908915779" tag="^^^^^" TaskAutoShoot.state="SHOOT" />
TaskAutoShoot.autoTask_INFO [37.017252581] <Event name="StateInfo" time="37.01695788" tag="vvvvv" TaskAutoShoot.state="SHOOT" />
TaskAutoShoot.autoTask_INFO [37.028129896] <Event name="StateInfo" time="37.027528625" tag="^^^^^" TaskAutoShoot.state="SHOOT" />
TaskAutoShoot.autoTask_INFO [37.125046149] <Event name="StateInfo" time="37.124173112" tag="vvvvv" TaskAutoShoot.state="SHOOT" />
TaskAutoShoot.runTaskState_INFO [37.126646609] ***** Start left shooter shooting (timedout=true, turretReady=false).
Shooter.shoot_INFO [37.127513547] shoot(owner=null, event=(TaskAutoShoot.leftShooterDone=CLEARED), shooter=leftShooter, autoStop=false)
Shooter.LeftTransferMotor.cancel_INFO [37.129772635] Cancel: stopping motor.
TaskAutoShoot.runTaskState_INFO [37.136747196] ***** Start right shooter shooting (timedout=true, turretReady=false).
Shooter.shoot_INFO [37.137964689] shoot(owner=null, event=(TaskAutoShoot.rightShooterDone=CLEARED), shooter=rightShooter, autoStop=false)
Shooter.RightTransferMotor.cancel_INFO [37.138438257] Cancel: stopping motor.
TaskAutoShoot.autoTask_INFO [37.14104189] <Event name="StateInfo" time="37.140782903" tag="^^^^^" TaskAutoShoot.state="SHOOT" />
FrcTeleOp.operatorControllerButtonEvent_INFO [37.36241701] ##### button=Y, pressed=false
FrcTeleOp.shoot_INFO [37.364831081] >>>>> Stop Auto Shoot.
TaskAutoShoot.cancel_INFO [37.366739189] Canceling auto task operation.
TaskAutoShoot.stopSubsystems_INFO [37.369578899] Stopping subsystems.
Shooter.LeftTransferMotor.cancel_INFO [37.371542191] Cancel: stopping motor.
Shooter.RightTransferMotor.cancel_INFO [37.373237318] Cancel: stopping motor.
Shooter.FeederMotor.cancel_INFO [37.37628836] Cancel: stopping motor.
Shooter.LeftShooter.disableGoalTracking_INFO [37.377162345] Disable Goal Tracking.
Shooter.LeftShooter.stopGoalTracking_INFO [37.378016217] Stop GoalTracking.
Shooter.LeftTiltMotor.cancel_INFO [37.378829411] Cancel: stopping motor.
Shooter.LeftPrimaryMotor.cancel_INFO [37.379998234] Cancel: stopping motor.
Shooter.RightShooter.disableGoalTracking_INFO [37.381608902] Disable Goal Tracking.
Shooter.RightShooter.stopGoalTracking_INFO [37.382408118] Stop GoalTracking.
Shooter.RightTiltMotor.cancel_INFO [37.383621075] Cancel: stopping motor.
Shooter.RightPrimaryMotor.cancel_INFO [37.384736771] Cancel: stopping motor.
Shooter.LeftShooter.cancel_INFO [37.385913599] owner=null
Shooter.LeftPrimaryMotor.cancel_INFO [37.387917472] Cancel: stopping motor.
Shooter.LeftTiltMotor.cancel_INFO [37.389221838] Cancel: stopping motor.
Shooter.RightShooter.cancel_INFO [37.390520676] owner=null
Shooter.RightPrimaryMotor.cancel_INFO [37.391800626] Cancel: stopping motor.
Shooter.RightTiltMotor.cancel_INFO [37.392932093] Cancel: stopping motor.
Shooter.LeftTransferMotor.cancel_INFO [37.394217902] Cancel: stopping motor.
Shooter.RightTransferMotor.cancel_INFO [37.395236296] Cancel: stopping motor.
Shooter.FeederMotor.cancel_INFO [37.3975751] Cancel: stopping motor.
FrcTeleOp.operatorControllerButtonEvent_INFO [37.58706397] ##### button=Y, pressed=true
FrcTeleOp.shoot_INFO [37.588669427] >>>>> Start Auto Shoot.
TaskAutoShoot.autoShoot_INFO [37.590540949] autoShoot(owner=null, event=null, taskParams=(autoStop=false, noPassback=false))
Shooter.setupGoalTrackingMode_INFO [37.59537655] GoalTracking(trackingMode=AllianceHub, goalPose=(x=-158.838583,y=469.110472,angle=180.000000), noPassback=false).
Shooter.LeftShooter.enableGoalTracking_INFO [37.596692486] Enable GoalTracking (trackingParams=(trackFlywheel=true,trackTiltPos=true,trackPanPos=true)).
Shooter.LeftPrimaryMotor.cancel_INFO [37.598164044] Cancel: stopping motor.
Shooter.LeftTiltMotor.cancel_INFO [37.599387799] Cancel: stopping motor.
Shooter.RightShooter.enableGoalTracking_INFO [37.600640253] Enable GoalTracking (trackingParams=(trackFlywheel=true,trackTiltPos=true,trackPanPos=true)).
Shooter.RightPrimaryMotor.cancel_INFO [37.601596499] Cancel: stopping motor.
Shooter.RightTiltMotor.cancel_INFO [37.602905477] Cancel: stopping motor.
TaskAutoShoot.autoTask_INFO [37.704267321] <Event name="StateInfo" time="37.704062594" tag="vvvvv" TaskAutoShoot.state="START" />
TaskAutoShoot.runTaskState_INFO [37.705126304] ***** Wait for left Shooter ready.
TaskAutoShoot.runTaskState_INFO [37.708639237] ***** Wait for right Shooter ready.
TaskAutoShoot.runTaskState_INFO [37.714230301] ***** Wait for Turret ready.
TaskAutoShoot.autoTask_INFO [37.715809452] <Event name="StateInfo" time="37.715368598" tag="^^^^^" TaskAutoShoot.state="START" />
Shooter.TurretMotor.pidCtrlTask_INFO [37.770437826] controlMode: Position,onTarget=true(32.89859003027476/35.79969524614788), stalled=false, expired=false, event=(TaskAutoShoot.turretReady=SIGNALED)
Shooter.LeftShooter.goalTrackingTask_INFO [37.791031857] Shooter.LeftShooter is Ready: rpm1=4884.203726/4941.172463, rpm2=3077.226563/0.000000, tilt=24.142633/24.365493, pan=null/null
TaskAutoShoot.autoTask_INFO [37.815352715] <Event name="StateInfo" time="37.814997353" tag="vvvvv" TaskAutoShoot.state="SHOOT" />
TaskAutoShoot.runTaskState_INFO [37.816583259] ***** Start left shooter shooting (timedout=false, turretReady=true).
Shooter.shoot_INFO [37.817761922] shoot(owner=null, event=(TaskAutoShoot.leftShooterDone=CLEARED), shooter=leftShooter, autoStop=false)
Shooter.LeftTransferMotor.cancel_INFO [37.818996586] Cancel: stopping motor.
TaskAutoShoot.autoTask_INFO [37.822613966] <Event name="StateInfo" time="37.821309436" tag="^^^^^" TaskAutoShoot.state="SHOOT" />
Shooter.RightShooter.goalTrackingTask_INFO [37.927451573] Shooter.RightShooter is Ready: rpm1=4885.339543/4927.472962, rpm2=3046.875000/0.000000, tilt=24.379795/24.267754, pan=null/null
TaskAutoShoot.autoTask_INFO [37.932191675] <Event name="StateInfo" time="37.931905341" tag="vvvvv" TaskAutoShoot.state="SHOOT" />
TaskAutoShoot.runTaskState_INFO [37.934036945] ***** Start right shooter shooting (timedout=false, turretReady=true).
Shooter.shoot_INFO [37.935411305] shoot(owner=null, event=(TaskAutoShoot.rightShooterDone=CLEARED), shooter=rightShooter, autoStop=false)
Shooter.RightTransferMotor.cancel_INFO [37.936986789] Cancel: stopping motor.
TaskAutoShoot.autoTask_INFO [37.938270284] <Event name="StateInfo" time="37.937903481" tag="^^^^^" TaskAutoShoot.state="SHOOT" />
Shooter.LeftTiltMotor.isMotorStalled_INFO [38.750539875] Stall detection triggered.
Shooter.LeftTiltMotor.checkStallReset_INFO [38.754593216] Resetting stall.
Shooter.setupGoalTrackingMode_INFO [40.142358358] GoalTracking(trackingMode=AllianceHub, goalPose=(x=-158.838583,y=469.110472,angle=180.000000), noPassback=false).
FrcTeleOp.operatorControllerButtonEvent_INFO [40.9037028] ##### button=Y, pressed=false
FrcTeleOp.shoot_INFO [40.904869673] >>>>> Stop Auto Shoot.
TaskAutoShoot.cancel_INFO [40.905816224] Canceling auto task operation.
TaskAutoShoot.stopSubsystems_INFO [40.90652796] Stopping subsystems.
Shooter.LeftTransferMotor.cancel_INFO [40.907025618] Cancel: stopping motor.
Shooter.RightTransferMotor.cancel_INFO [40.907434761] Cancel: stopping motor.
Shooter.FeederMotor.cancel_INFO [40.907866553] Cancel: stopping motor.
Shooter.LeftShooter.disableGoalTracking_INFO [40.908682216] Disable Goal Tracking.
Shooter.LeftShooter.stopGoalTracking_INFO [40.909451361] Stop GoalTracking.
Shooter.LeftTiltMotor.cancel_INFO [40.91044473] Cancel: stopping motor.
Shooter.LeftPrimaryMotor.cancel_INFO [40.911528589] Cancel: stopping motor.
Shooter.RightShooter.disableGoalTracking_INFO [40.912073093] Disable Goal Tracking.
Shooter.RightShooter.stopGoalTracking_INFO [40.912318159] Stop GoalTracking.
Shooter.RightTiltMotor.cancel_INFO [40.913455022] Cancel: stopping motor.
Shooter.RightPrimaryMotor.cancel_INFO [40.913982722] Cancel: stopping motor.
Shooter.LeftShooter.cancel_INFO [40.92813652] owner=null
Shooter.LeftPrimaryMotor.cancel_INFO [40.929781297] Cancel: stopping motor.
Shooter.LeftTiltMotor.cancel_INFO [40.933418839] Cancel: stopping motor.
Shooter.RightShooter.cancel_INFO [40.934571061] owner=null
Shooter.RightPrimaryMotor.cancel_INFO [40.937824466] Cancel: stopping motor.
Shooter.RightTiltMotor.cancel_INFO [40.939412604] Cancel: stopping motor.
Shooter.LeftTransferMotor.cancel_INFO [40.943351145] Cancel: stopping motor.
Shooter.RightTransferMotor.cancel_INFO [40.944066513] Cancel: stopping motor.
Shooter.FeederMotor.cancel_INFO [40.94638138] Cancel: stopping motor.
Climber.Motor.isMotorStalled_INFO [41.004050693] Stall detection triggered.
Climber.Motor.checkStallReset_INFO [41.008881957] Resetting stall.
FrcTeleOp.driverControllerButtonEvent_INFO [41.088409009] ##### button=RightBumper, pressed=false
FrcTeleOp.driverControllerButtonEvent_INFO [41.091971237] >>>>> Normal Drive
FrcTeleOp.operatorControllerButtonEvent_INFO [44.413828953] ##### button=Y, pressed=true
FrcTeleOp.shoot_INFO [44.414616912] >>>>> Start Auto Shoot.
TaskAutoShoot.autoShoot_INFO [44.41561893] autoShoot(owner=null, event=null, taskParams=(autoStop=false, noPassback=false))
Shooter.setupGoalTrackingMode_INFO [44.416317247] GoalTracking(trackingMode=AllianceHub, goalPose=(x=-158.838583,y=469.110472,angle=180.000000), noPassback=false).
Shooter.LeftShooter.enableGoalTracking_INFO [44.417283674] Enable GoalTracking (trackingParams=(trackFlywheel=true,trackTiltPos=true,trackPanPos=true)).
Shooter.LeftPrimaryMotor.cancel_INFO [44.417859536] Cancel: stopping motor.
Shooter.LeftTiltMotor.cancel_INFO [44.418785964] Cancel: stopping motor.
Shooter.RightShooter.enableGoalTracking_INFO [44.41961218] Enable GoalTracking (trackingParams=(trackFlywheel=true,trackTiltPos=true,trackPanPos=true)).
Shooter.RightPrimaryMotor.cancel_INFO [44.420305374] Cancel: stopping motor.
Shooter.RightTiltMotor.cancel_INFO [44.421129317] Cancel: stopping motor.
TaskAutoShoot.autoTask_INFO [44.528013076] <Event name="StateInfo" time="44.527755515" tag="vvvvv" TaskAutoShoot.state="START" />
TaskAutoShoot.runTaskState_INFO [44.528857276] ***** Wait for left Shooter ready.
TaskAutoShoot.runTaskState_INFO [44.53225107] ***** Wait for right Shooter ready.
TaskAutoShoot.runTaskState_INFO [44.534850342] ***** Wait for Turret ready.
TaskAutoShoot.autoTask_INFO [44.537028268] <Event name="StateInfo" time="44.535573854" tag="^^^^^" TaskAutoShoot.state="START" />
Shooter.TurretMotor.pidCtrlTask_INFO [44.647569413] controlMode: Position,onTarget=true(69.27346675541679/72.25449009773347), stalled=false, expired=false, event=(TaskAutoShoot.turretReady=SIGNALED)
TaskAutoShoot.autoTask_INFO [44.650446672] <Event name="StateInfo" time="44.64815634" tag="vvvvv" TaskAutoShoot.state="SHOOT" />
TaskAutoShoot.autoTask_INFO [44.655143836] <Event name="StateInfo" time="44.654873248" tag="^^^^^" TaskAutoShoot.state="SHOOT" />
TaskAutoShoot.autoTask_INFO [44.765499704] <Event name="StateInfo" time="44.765300836" tag="vvvvv" TaskAutoShoot.state="SHOOT" />
TaskAutoShoot.autoTask_INFO [44.766773284] <Event name="StateInfo" time="44.766610412" tag="^^^^^" TaskAutoShoot.state="SHOOT" />
TaskAutoShoot.autoTask_INFO [44.865795105] <Event name="StateInfo" time="44.862615214" tag="vvvvv" TaskAutoShoot.state="SHOOT" />
TaskAutoShoot.autoTask_INFO [44.871166375] <Event name="StateInfo" time="44.86643783" tag="^^^^^" TaskAutoShoot.state="SHOOT" />
FrcTeleOp.operatorControllerButtonEvent_INFO [44.874733103] ##### button=Y, pressed=false
FrcTeleOp.shoot_INFO [44.877549784] >>>>> Stop Auto Shoot.
TaskAutoShoot.cancel_INFO [44.882172498] Canceling auto task operation.
TaskAutoShoot.stopSubsystems_INFO [44.884352323] Stopping subsystems.
Shooter.LeftTransferMotor.cancel_INFO [44.8882043] Cancel: stopping motor.
Shooter.RightTransferMotor.cancel_INFO [44.889069579] Cancel: stopping motor.
Shooter.FeederMotor.cancel_INFO [44.890396354] Cancel: stopping motor.
Shooter.LeftShooter.disableGoalTracking_INFO [44.891251871] Disable Goal Tracking.
Shooter.LeftShooter.stopGoalTracking_INFO [44.891963935] Stop GoalTracking.
Shooter.LeftTiltMotor.cancel_INFO [44.892776014] Cancel: stopping motor.
Shooter.LeftPrimaryMotor.cancel_INFO [44.893911205] Cancel: stopping motor.
Shooter.RightShooter.disableGoalTracking_INFO [44.89483461] Disable Goal Tracking.
Shooter.RightShooter.stopGoalTracking_INFO [44.895505054] Stop GoalTracking.
Shooter.RightTiltMotor.cancel_INFO [44.89819005] Cancel: stopping motor.
Shooter.RightPrimaryMotor.cancel_INFO [44.899762112] Cancel: stopping motor.
Shooter.LeftShooter.cancel_INFO [44.900755881] owner=null
Shooter.LeftPrimaryMotor.cancel_INFO [44.901731598] Cancel: stopping motor.
Shooter.LeftTiltMotor.cancel_INFO [44.906618003] Cancel: stopping motor.
Shooter.RightShooter.cancel_INFO [44.909535122] owner=null
Shooter.RightPrimaryMotor.cancel_INFO [44.910835918] Cancel: stopping motor.
Shooter.RightTiltMotor.cancel_INFO [44.911878552] Cancel: stopping motor.
Shooter.LeftTransferMotor.cancel_INFO [44.913070472] Cancel: stopping motor.
Shooter.RightTransferMotor.cancel_INFO [44.914190642] Cancel: stopping motor.
Shooter.FeederMotor.cancel_INFO [44.915238806] Cancel: stopping motor.
FrcTeleOp.driverControllerButtonEvent_INFO [45.456051764] ##### button=A, pressed=true
FrcTeleOp.driverControllerButtonEvent_INFO [45.608523703] ##### button=A, pressed=false
FrcTeleOp.operatorControllerButtonEvent_INFO [45.762403266] ##### button=Y, pressed=true
FrcTeleOp.shoot_INFO [45.765210498] >>>>> Start Auto Shoot.
TaskAutoShoot.autoShoot_INFO [45.766985932] autoShoot(owner=null, event=null, taskParams=(autoStop=false, noPassback=false))
Shooter.setupGoalTrackingMode_INFO [45.767849522] GoalTracking(trackingMode=AllianceHub, goalPose=(x=-158.838583,y=469.110472,angle=180.000000), noPassback=false).
Shooter.LeftShooter.enableGoalTracking_INFO [45.768869408] Enable GoalTracking (trackingParams=(trackFlywheel=true,trackTiltPos=true,trackPanPos=true)).
Shooter.LeftPrimaryMotor.cancel_INFO [45.769704625] Cancel: stopping motor.
Shooter.LeftTiltMotor.cancel_INFO [45.772254604] Cancel: stopping motor.
Shooter.RightShooter.enableGoalTracking_INFO [45.774068896] Enable GoalTracking (trackingParams=(trackFlywheel=true,trackTiltPos=true,trackPanPos=true)).
Shooter.RightPrimaryMotor.cancel_INFO [45.775228906] Cancel: stopping motor.
Shooter.RightTiltMotor.cancel_INFO [45.77609291] Cancel: stopping motor.
TaskAutoShoot.autoTask_INFO [45.863833012] <Event name="StateInfo" time="45.86358625" tag="vvvvv" TaskAutoShoot.state="START" />
TaskAutoShoot.runTaskState_INFO [45.876180015] ***** Wait for left Shooter ready.
TaskAutoShoot.runTaskState_INFO [45.877435917] ***** Wait for right Shooter ready.
TaskAutoShoot.runTaskState_INFO [45.880761666] ***** Wait for Turret ready.
TaskAutoShoot.autoTask_INFO [45.882589566] <Event name="StateInfo" time="45.881981263" tag="^^^^^" TaskAutoShoot.state="START" />
TaskAutoShoot.autoTask_INFO [46.05171369] <Event name="StateInfo" time="46.051361914" tag="vvvvv" TaskAutoShoot.state="SHOOT" />
TaskAutoShoot.autoTask_INFO [46.053039681] <Event name="StateInfo" time="46.052698244" tag="^^^^^" TaskAutoShoot.state="SHOOT" />
TaskAutoShoot.autoTask_INFO [46.157552529] <Event name="StateInfo" time="46.157362091" tag="vvvvv" TaskAutoShoot.state="SHOOT" />
TaskAutoShoot.autoTask_INFO [46.158564209] <Event name="StateInfo" time="46.158372232" tag="^^^^^" TaskAutoShoot.state="SHOOT" />
Shooter.setupGoalTrackingMode_INFO [46.167614898] GoalTracking(trackingMode=AllianceHub, goalPose=(x=-158.838583,y=469.110472,angle=180.000000), noPassback=false).
TaskAutoShoot.autoTask_INFO [46.280115188] <Event name="StateInfo" time="46.279771114" tag="vvvvv" TaskAutoShoot.state="SHOOT" />
TaskAutoShoot.autoTask_INFO [46.286264635] <Event name="StateInfo" time="46.286061606" tag="^^^^^" TaskAutoShoot.state="SHOOT" />
FrcTeleOp.operatorControllerButtonEvent_INFO [46.294769192] ##### button=Y, pressed=false
FrcTeleOp.shoot_INFO [46.296137189] >>>>> Stop Auto Shoot.
TaskAutoShoot.cancel_INFO [46.297657502] Canceling auto task operation.
TaskAutoShoot.stopSubsystems_INFO [46.303455226] Stopping subsystems.
Shooter.LeftTransferMotor.cancel_INFO [46.304437068] Cancel: stopping motor.
Shooter.RightTransferMotor.cancel_INFO [46.306699352] Cancel: stopping motor.
Shooter.FeederMotor.cancel_INFO [46.307158391] Cancel: stopping motor.
Shooter.LeftShooter.disableGoalTracking_INFO [46.310758001] Disable Goal Tracking.
Shooter.LeftShooter.stopGoalTracking_INFO [46.312355284] Stop GoalTracking.
Shooter.LeftTiltMotor.cancel_INFO [46.313506112] Cancel: stopping motor.
Shooter.LeftPrimaryMotor.cancel_INFO [46.313976344] Cancel: stopping motor.
Shooter.RightShooter.disableGoalTracking_INFO [46.316574205] Disable Goal Tracking.
Shooter.RightShooter.stopGoalTracking_INFO [46.317813025] Stop GoalTracking.
Shooter.RightTiltMotor.cancel_INFO [46.321670649] Cancel: stopping motor.
Shooter.RightPrimaryMotor.cancel_INFO [46.322226378] Cancel: stopping motor.
Shooter.LeftShooter.cancel_INFO [46.325472861] owner=null
Shooter.LeftPrimaryMotor.cancel_INFO [46.327720029] Cancel: stopping motor.
Shooter.LeftTiltMotor.cancel_INFO [46.328210548] Cancel: stopping motor.
Shooter.RightShooter.cancel_INFO [46.332898922] owner=null
Shooter.RightPrimaryMotor.cancel_INFO [46.333652922] Cancel: stopping motor.
Shooter.RightTiltMotor.cancel_INFO [46.334142739] Cancel: stopping motor.
Shooter.LeftTransferMotor.cancel_INFO [46.335141909] Cancel: stopping motor.
Shooter.RightTransferMotor.cancel_INFO [46.336294415] Cancel: stopping motor.
Shooter.FeederMotor.cancel_INFO [46.336739345] Cancel: stopping motor.
FrcTeleOp.operatorControllerButtonEvent_INFO [46.632005756] ##### button=Y, pressed=true
FrcTeleOp.shoot_INFO [46.632758045] >>>>> Start Auto Shoot.
TaskAutoShoot.autoShoot_INFO [46.633908476] autoShoot(owner=null, event=null, taskParams=(autoStop=false, noPassback=false))
Shooter.setupGoalTrackingMode_INFO [46.635546082] GoalTracking(trackingMode=AllianceHub, goalPose=(x=-158.838583,y=469.110472,angle=180.000000), noPassback=false).
Shooter.LeftShooter.enableGoalTracking_INFO [46.635898471] Enable GoalTracking (trackingParams=(trackFlywheel=true,trackTiltPos=true,trackPanPos=true)).
Shooter.LeftPrimaryMotor.cancel_INFO [46.636330164] Cancel: stopping motor.
Shooter.LeftTiltMotor.cancel_INFO [46.636777766] Cancel: stopping motor.
Shooter.RightShooter.enableGoalTracking_INFO [46.637449485] Enable GoalTracking (trackingParams=(trackFlywheel=true,trackTiltPos=true,trackPanPos=true)).
Shooter.RightPrimaryMotor.cancel_INFO [46.637830035] Cancel: stopping motor.
Shooter.RightTiltMotor.cancel_INFO [46.638527509] Cancel: stopping motor.
TaskAutoShoot.autoTask_INFO [46.766956914] <Event name="StateInfo" time="46.764795564" tag="vvvvv" TaskAutoShoot.state="START" />
TaskAutoShoot.runTaskState_INFO [46.767684739] ***** Wait for left Shooter ready.
TaskAutoShoot.runTaskState_INFO [46.767924227] ***** Wait for right Shooter ready.
TaskAutoShoot.runTaskState_INFO [46.768288489] ***** Wait for Turret ready.
TaskAutoShoot.autoTask_INFO [46.768640186] <Event name="StateInfo" time="46.76845333" tag="^^^^^" TaskAutoShoot.state="START" />
Shooter.setupGoalTrackingMode_INFO [46.772093062] GoalTracking(trackingMode=AllianceHub, goalPose=(x=-158.838583,y=469.110472,angle=180.000000), noPassback=false).
TaskAutoShoot.autoTask_INFO [46.938002898] <Event name="StateInfo" time="46.937614626" tag="vvvvv" TaskAutoShoot.state="SHOOT" />
TaskAutoShoot.autoTask_INFO [46.940704331] <Event name="StateInfo" time="46.940317758" tag="^^^^^" TaskAutoShoot.state="SHOOT" />
TaskAutoShoot.autoTask_INFO [47.0410579] <Event name="StateInfo" time="47.04087107" tag="vvvvv" TaskAutoShoot.state="SHOOT" />
TaskAutoShoot.autoTask_INFO [47.04460703] <Event name="StateInfo" time="47.043792373" tag="^^^^^" TaskAutoShoot.state="SHOOT" />
TaskAutoShoot.autoTask_INFO [47.157288416] <Event name="StateInfo" time="47.157100478" tag="vvvvv" TaskAutoShoot.state="SHOOT" />
TaskAutoShoot.autoTask_INFO [47.159606043] <Event name="StateInfo" time="47.15941762" tag="^^^^^" TaskAutoShoot.state="SHOOT" />
TaskAutoShoot.autoTask_INFO [47.278795895] <Event name="StateInfo" time="47.278622283" tag="vvvvv" TaskAutoShoot.state="SHOOT" />
TaskAutoShoot.autoTask_INFO [47.279574728] <Event name="StateInfo" time="47.279320808" tag="^^^^^" TaskAutoShoot.state="SHOOT" />
TaskAutoShoot.autoTask_INFO [47.369791046] <Event name="StateInfo" time="47.36961306" tag="vvvvv" TaskAutoShoot.state="SHOOT" />
TaskAutoShoot.autoTask_INFO [47.377352546] <Event name="StateInfo" time="47.376162353" tag="^^^^^" TaskAutoShoot.state="SHOOT" />
TaskAutoShoot.autoTask_INFO [47.498710865] <Event name="StateInfo" time="47.49822276" tag="vvvvv" TaskAutoShoot.state="SHOOT" />
TaskAutoShoot.autoTask_INFO [47.499197308] <Event name="StateInfo" time="47.498998496" tag="^^^^^" TaskAutoShoot.state="SHOOT" />
TaskAutoShoot.autoTask_INFO [47.605686916] <Event name="StateInfo" time="47.605480091" tag="vvvvv" TaskAutoShoot.state="SHOOT" />
TaskAutoShoot.autoTask_INFO [47.607687512] <Event name="StateInfo" time="47.607461718" tag="^^^^^" TaskAutoShoot.state="SHOOT" />
TaskAutoShoot.autoTask_INFO [47.716833089] <Event name="StateInfo" time="47.716647539" tag="vvvvv" TaskAutoShoot.state="SHOOT" />
TaskAutoShoot.autoTask_INFO [47.717369425] <Event name="StateInfo" time="47.717215573" tag="^^^^^" TaskAutoShoot.state="SHOOT" />
Shooter.RightShooter.goalTrackingTask_INFO [47.827186603] Shooter.RightShooter is Ready: rpm1=4407.917668/4351.196708, rpm2=2741.367188/0.000000, tilt=20.348010/20.432689, pan=null/null
TaskAutoShoot.autoTask_INFO [47.836855135] <Event name="StateInfo" time="47.8362203" tag="vvvvv" TaskAutoShoot.state="SHOOT" />
TaskAutoShoot.runTaskState_INFO [47.839297869] ***** Start left shooter shooting (timedout=true, turretReady=false).
Shooter.shoot_INFO [47.840645607] shoot(owner=null, event=(TaskAutoShoot.leftShooterDone=CLEARED), shooter=leftShooter, autoStop=false)
Shooter.LeftTransferMotor.cancel_INFO [47.842659461] Cancel: stopping motor.
TaskAutoShoot.runTaskState_INFO [47.84605004] ***** Start right shooter shooting (timedout=true, turretReady=false).
Shooter.shoot_INFO [47.849682424] shoot(owner=null, event=(TaskAutoShoot.rightShooterDone=CLEARED), shooter=rightShooter, autoStop=false)
Shooter.RightTransferMotor.cancel_INFO [47.851869849] Cancel: stopping motor.
TaskAutoShoot.autoTask_INFO [47.853320162] <Event name="StateInfo" time="47.85314123" tag="^^^^^" TaskAutoShoot.state="SHOOT" />
Shooter.LeftShooter.goalTrackingTask_INFO [47.927492849] Shooter.LeftShooter is Ready: rpm1=4433.284255/4365.380600, rpm2=2664.609375/0.000000, tilt=20.427065/20.521400, pan=null/null
FrcTeleOp.operatorControllerButtonEvent_INFO [48.040865276] ##### button=Y, pressed=false
FrcTeleOp.shoot_INFO [48.041681964] >>>>> Stop Auto Shoot.
TaskAutoShoot.cancel_INFO [48.04226392] Canceling auto task operation.
TaskAutoShoot.stopSubsystems_INFO [48.042757457] Stopping subsystems.
Shooter.LeftTransferMotor.cancel_INFO [48.043761218] Cancel: stopping motor.
Shooter.RightTransferMotor.cancel_INFO [48.045017442] Cancel: stopping motor.
Shooter.FeederMotor.cancel_INFO [48.04607098] Cancel: stopping motor.
Shooter.LeftShooter.disableGoalTracking_INFO [48.046863956] Disable Goal Tracking.
Shooter.LeftShooter.stopGoalTracking_INFO [48.047608905] Stop GoalTracking.
Shooter.LeftTiltMotor.cancel_INFO [48.048290419] Cancel: stopping motor.
Shooter.LeftPrimaryMotor.cancel_INFO [48.049431566] Cancel: stopping motor.
Shooter.RightShooter.disableGoalTracking_INFO [48.050534311] Disable Goal Tracking.
Shooter.RightShooter.stopGoalTracking_INFO [48.051320165] Stop GoalTracking.
Shooter.RightTiltMotor.cancel_INFO [48.052143656] Cancel: stopping motor.
Shooter.RightPrimaryMotor.cancel_INFO [48.058715133] Cancel: stopping motor.
Shooter.LeftShooter.cancel_INFO [48.060164856] owner=null
Shooter.LeftPrimaryMotor.cancel_INFO [48.061269075] Cancel: stopping motor.
Shooter.LeftTiltMotor.cancel_INFO [48.063017163] Cancel: stopping motor.
Shooter.RightShooter.cancel_INFO [48.063879707] owner=null
Shooter.RightPrimaryMotor.cancel_INFO [48.065066519] Cancel: stopping motor.
Shooter.RightTiltMotor.cancel_INFO [48.066244053] Cancel: stopping motor.
Shooter.LeftTransferMotor.cancel_INFO [48.067018944] Cancel: stopping motor.
Shooter.RightTransferMotor.cancel_INFO [48.067703055] Cancel: stopping motor.
Shooter.FeederMotor.cancel_INFO [48.068457747] Cancel: stopping motor.
FrcTeleOp.operatorControllerButtonEvent_INFO [48.336250543] ##### button=Y, pressed=true
FrcTeleOp.shoot_INFO [48.337405591] >>>>> Start Auto Shoot.
TaskAutoShoot.autoShoot_INFO [48.338593238] autoShoot(owner=null, event=null, taskParams=(autoStop=false, noPassback=false))
Shooter.setupGoalTrackingMode_INFO [48.339472866] GoalTracking(trackingMode=AllianceHub, goalPose=(x=-158.838583,y=469.110472,angle=180.000000), noPassback=false).
Shooter.LeftShooter.enableGoalTracking_INFO [48.340303746] Enable GoalTracking (trackingParams=(trackFlywheel=true,trackTiltPos=true,trackPanPos=true)).
Shooter.LeftPrimaryMotor.cancel_INFO [48.341192773] Cancel: stopping motor.
Shooter.LeftTiltMotor.cancel_INFO [48.342366964] Cancel: stopping motor.
Shooter.RightShooter.enableGoalTracking_INFO [48.343375068] Enable GoalTracking (trackingParams=(trackFlywheel=true,trackTiltPos=true,trackPanPos=true)).
Shooter.RightPrimaryMotor.cancel_INFO [48.344165538] Cancel: stopping motor.
Shooter.RightTiltMotor.cancel_INFO [48.34520693] Cancel: stopping motor.
TaskAutoShoot.autoTask_INFO [48.439002825] <Event name="StateInfo" time="48.438749078" tag="vvvvv" TaskAutoShoot.state="START" />
TaskAutoShoot.runTaskState_INFO [48.440329979] ***** Wait for left Shooter ready.
TaskAutoShoot.runTaskState_INFO [48.442528764] ***** Wait for right Shooter ready.
TaskAutoShoot.runTaskState_INFO [48.445655512] ***** Wait for Turret ready.
TaskAutoShoot.autoTask_INFO [48.450529559] <Event name="StateInfo" time="48.447251606" tag="^^^^^" TaskAutoShoot.state="START" />
FrcTeleOp.driverControllerButtonEvent_INFO [48.554500371] ##### button=RightBumper, pressed=true
FrcTeleOp.driverControllerButtonEvent_INFO [48.555090005] >>>>> Slow Drive
TaskAutoShoot.autoTask_INFO [48.635467991] <Event name="StateInfo" time="48.635284401" tag="vvvvv" TaskAutoShoot.state="SHOOT" />
TaskAutoShoot.autoTask_INFO [48.638712071] <Event name="StateInfo" time="48.638313724" tag="^^^^^" TaskAutoShoot.state="SHOOT" />
TaskAutoShoot.autoTask_INFO [48.736554613] <Event name="StateInfo" time="48.736381622" tag="vvvvv" TaskAutoShoot.state="SHOOT" />
TaskAutoShoot.autoTask_INFO [48.739583625] <Event name="StateInfo" time="48.736784822" tag="^^^^^" TaskAutoShoot.state="SHOOT" />
TaskAutoShoot.autoTask_INFO [48.841143195] <Event name="StateInfo" time="48.840960666" tag="vvvvv" TaskAutoShoot.state="SHOOT" />
TaskAutoShoot.autoTask_INFO [48.844739558] <Event name="StateInfo" time="48.841383631" tag="^^^^^" TaskAutoShoot.state="SHOOT" />
Shooter.RightShooter.goalTrackingTask_INFO [48.938939811] Shooter.RightShooter is Ready: rpm1=5279.278846/5335.356139, rpm2=3284.414063/0.000000, tilt=28.134924/27.345904, pan=null/null
TaskAutoShoot.autoTask_INFO [48.947818798] <Event name="StateInfo" time="48.947624338" tag="vvvvv" TaskAutoShoot.state="SHOOT" />
TaskAutoShoot.autoTask_INFO [48.950582364] <Event name="StateInfo" time="48.950386946" tag="^^^^^" TaskAutoShoot.state="SHOOT" />
Shooter.LeftShooter.goalTrackingTask_INFO [49.036091008] Shooter.LeftShooter is Ready: rpm1=5456.844952/5359.937423, rpm2=3384.375000/0.000000, tilt=27.344362/27.543990, pan=null/null
TaskAutoShoot.autoTask_INFO [49.070771862] <Event name="StateInfo" time="49.070492345" tag="vvvvv" TaskAutoShoot.state="SHOOT" />
TaskAutoShoot.autoTask_INFO [49.072324803] <Event name="StateInfo" time="49.072091703" tag="^^^^^" TaskAutoShoot.state="SHOOT" />
TaskAutoShoot.autoTask_INFO [49.178029948] <Event name="StateInfo" time="49.177543687" tag="vvvvv" TaskAutoShoot.state="SHOOT" />
TaskAutoShoot.autoTask_INFO [49.17931314] <Event name="StateInfo" time="49.178869888" tag="^^^^^" TaskAutoShoot.state="SHOOT" />
TaskAutoShoot.autoTask_INFO [49.31934531] <Event name="StateInfo" time="49.319034644" tag="vvvvv" TaskAutoShoot.state="SHOOT" />
TaskAutoShoot.autoTask_INFO [49.321342281] <Event name="StateInfo" time="49.321108727" tag="^^^^^" TaskAutoShoot.state="SHOOT" />
TaskAutoShoot.autoTask_INFO [49.405465451] <Event name="StateInfo" time="49.40397887" tag="vvvvv" TaskAutoShoot.state="SHOOT" />
TaskAutoShoot.autoTask_INFO [49.410310283] <Event name="StateInfo" time="49.410114228" tag="^^^^^" TaskAutoShoot.state="SHOOT" />
FrcTeleOp.operatorControllerButtonEvent_INFO [49.413881291] ##### button=Y, pressed=false
FrcTeleOp.shoot_INFO [49.414955714] >>>>> Stop Auto Shoot.
TaskAutoShoot.cancel_INFO [49.416015171] Canceling auto task operation.
TaskAutoShoot.stopSubsystems_INFO [49.423075717] Stopping subsystems.
Shooter.LeftTransferMotor.cancel_INFO [49.426156272] Cancel: stopping motor.
Shooter.RightTransferMotor.cancel_INFO [49.427994383] Cancel: stopping motor.
Shooter.FeederMotor.cancel_INFO [49.429524822] Cancel: stopping motor.
Shooter.LeftShooter.disableGoalTracking_INFO [49.432346827] Disable Goal Tracking.
Shooter.LeftShooter.stopGoalTracking_INFO [49.433770828] Stop GoalTracking.
Shooter.LeftTiltMotor.cancel_INFO [49.435211079] Cancel: stopping motor.
Shooter.LeftPrimaryMotor.cancel_INFO [49.437963741] Cancel: stopping motor.
Shooter.RightShooter.disableGoalTracking_INFO [49.440167029] Disable Goal Tracking.
Shooter.RightShooter.stopGoalTracking_INFO [49.441943253] Stop GoalTracking.
Shooter.RightTiltMotor.cancel_INFO [49.443649639] Cancel: stopping motor.
Shooter.RightPrimaryMotor.cancel_INFO [49.446878453] Cancel: stopping motor.
Shooter.LeftShooter.cancel_INFO [49.448319575] owner=null
Shooter.LeftPrimaryMotor.cancel_INFO [49.450562368] Cancel: stopping motor.
Shooter.LeftTiltMotor.cancel_INFO [49.452624561] Cancel: stopping motor.
Shooter.RightShooter.cancel_INFO [49.456306009] owner=null
Shooter.RightPrimaryMotor.cancel_INFO [49.457144678] Cancel: stopping motor.
Shooter.RightTiltMotor.cancel_INFO [49.457954221] Cancel: stopping motor.
Shooter.LeftTransferMotor.cancel_INFO [49.458835895] Cancel: stopping motor.
Shooter.RightTransferMotor.cancel_INFO [49.460958188] Cancel: stopping motor.
Shooter.FeederMotor.cancel_INFO [49.463591765] Cancel: stopping motor.
Climber.Motor.isMotorStalled_INFO [49.542201332] Stall detection triggered.
Climber.Motor.checkStallReset_INFO [49.54834404] Resetting stall.
FrcTeleOp.operatorControllerButtonEvent_INFO [49.595878065] ##### button=Y, pressed=true
FrcTeleOp.shoot_INFO [49.596404225] >>>>> Start Auto Shoot.
TaskAutoShoot.autoShoot_INFO [49.602517789] autoShoot(owner=null, event=null, taskParams=(autoStop=false, noPassback=false))
Shooter.setupGoalTrackingMode_INFO [49.604878432] GoalTracking(trackingMode=AllianceHub, goalPose=(x=-158.838583,y=469.110472,angle=180.000000), noPassback=false).
Shooter.LeftShooter.enableGoalTracking_INFO [49.606386403] Enable GoalTracking (trackingParams=(trackFlywheel=true,trackTiltPos=true,trackPanPos=true)).
Shooter.LeftPrimaryMotor.cancel_INFO [49.608537211] Cancel: stopping motor.
Shooter.LeftTiltMotor.cancel_INFO [49.609432095] Cancel: stopping motor.
Shooter.RightShooter.enableGoalTracking_INFO [49.60991482] Enable GoalTracking (trackingParams=(trackFlywheel=true,trackTiltPos=true,trackPanPos=true)).
Shooter.RightPrimaryMotor.cancel_INFO [49.613116663] Cancel: stopping motor.
Shooter.RightTiltMotor.cancel_INFO [49.614576534] Cancel: stopping motor.
TaskAutoShoot.autoTask_INFO [49.699470436] <Event name="StateInfo" time="49.699269612" tag="vvvvv" TaskAutoShoot.state="START" />
TaskAutoShoot.runTaskState_INFO [49.700444419] ***** Wait for left Shooter ready.
TaskAutoShoot.runTaskState_INFO [49.702246844] ***** Wait for right Shooter ready.
TaskAutoShoot.runTaskState_INFO [49.704033033] ***** Wait for Turret ready.
TaskAutoShoot.autoTask_INFO [49.706817633] <Event name="StateInfo" time="49.704585967" tag="^^^^^" TaskAutoShoot.state="START" />
Shooter.LeftShooter.goalTrackingTask_INFO [49.797809314] Shooter.LeftShooter is Ready: rpm1=5349.888822/5383.798071, rpm2=3308.437500/0.000000, tilt=27.265307/27.737840, pan=null/null
TaskAutoShoot.autoTask_INFO [49.836200832] <Event name="StateInfo" time="49.8360148" tag="vvvvv" TaskAutoShoot.state="SHOOT" />
TaskAutoShoot.autoTask_INFO [49.836664057] <Event name="StateInfo" time="49.836452495" tag="^^^^^" TaskAutoShoot.state="SHOOT" />
Shooter.RightShooter.goalTrackingTask_INFO [49.917295093] Shooter.RightShooter is Ready: rpm1=5358.218149/5386.581757, rpm2=3283.125000/0.000000, tilt=27.739646/27.760558, pan=null/null
TaskAutoShoot.autoTask_INFO [49.919602075] <Event name="StateInfo" time="49.918969751" tag="vvvvv" TaskAutoShoot.state="SHOOT" />
TaskAutoShoot.autoTask_INFO [49.921598651] <Event name="StateInfo" time="49.921424547" tag="^^^^^" TaskAutoShoot.state="SHOOT" />
TaskAutoShoot.autoTask_INFO [50.019441288] <Event name="StateInfo" time="50.019203196" tag="vvvvv" TaskAutoShoot.state="SHOOT" />
TaskAutoShoot.autoTask_INFO [50.020158075] <Event name="StateInfo" time="50.019679984" tag="^^^^^" TaskAutoShoot.state="SHOOT" />
TaskAutoShoot.autoTask_INFO [50.113608301] <Event name="StateInfo" time="50.111476678" tag="vvvvv" TaskAutoShoot.state="SHOOT" />
TaskAutoShoot.autoTask_INFO [50.119584389] <Event name="StateInfo" time="50.119349576" tag="^^^^^" TaskAutoShoot.state="SHOOT" />
TaskAutoShoot.autoTask_INFO [50.214344587] <Event name="StateInfo" time="50.214170001" tag="vvvvv" TaskAutoShoot.state="SHOOT" />
TaskAutoShoot.autoTask_INFO [50.214871736] <Event name="StateInfo" time="50.214585725" tag="^^^^^" TaskAutoShoot.state="SHOOT" />
TaskAutoShoot.autoTask_INFO [50.32186659] <Event name="StateInfo" time="50.321386532" tag="vvvvv" TaskAutoShoot.state="SHOOT" />
TaskAutoShoot.autoTask_INFO [50.323601958] <Event name="StateInfo" time="50.32302276" tag="^^^^^" TaskAutoShoot.state="SHOOT" />
FrcTeleOp.operatorControllerButtonEvent_INFO [50.326300267] ##### button=Y, pressed=false
FrcTeleOp.shoot_INFO [50.327328042] >>>>> Stop Auto Shoot.
TaskAutoShoot.cancel_INFO [50.328786796] Canceling auto task operation.
TaskAutoShoot.stopSubsystems_INFO [50.329886239] Stopping subsystems.
Shooter.LeftTransferMotor.cancel_INFO [50.333524676] Cancel: stopping motor.
Shooter.RightTransferMotor.cancel_INFO [50.335938053] Cancel: stopping motor.
Shooter.FeederMotor.cancel_INFO [50.338556973] Cancel: stopping motor.
Shooter.LeftShooter.disableGoalTracking_INFO [50.343668684] Disable Goal Tracking.
Shooter.LeftShooter.stopGoalTracking_INFO [50.345157123] Stop GoalTracking.
Shooter.LeftTiltMotor.cancel_INFO [50.346372854] Cancel: stopping motor.
Shooter.LeftPrimaryMotor.cancel_INFO [50.348716371] Cancel: stopping motor.
Shooter.RightShooter.disableGoalTracking_INFO [50.34988974] Disable Goal Tracking.
Shooter.RightShooter.stopGoalTracking_INFO [50.355837552] Stop GoalTracking.
Shooter.RightTiltMotor.cancel_INFO [50.356918593] Cancel: stopping motor.
Shooter.RightPrimaryMotor.cancel_INFO [50.357810366] Cancel: stopping motor.
Shooter.LeftShooter.cancel_INFO [50.360748501] owner=null
Shooter.LeftPrimaryMotor.cancel_INFO [50.362237863] Cancel: stopping motor.
Shooter.LeftTiltMotor.cancel_INFO [50.365859825] Cancel: stopping motor.
Shooter.RightShooter.cancel_INFO [50.366885615] owner=null
Shooter.RightPrimaryMotor.cancel_INFO [50.367751113] Cancel: stopping motor.
Shooter.RightTiltMotor.cancel_INFO [50.379626502] Cancel: stopping motor.
Shooter.LeftTransferMotor.cancel_INFO [50.398770195] Cancel: stopping motor.
Shooter.RightTransferMotor.cancel_INFO [50.401213529] Cancel: stopping motor.
Shooter.FeederMotor.cancel_INFO [50.402205929] Cancel: stopping motor.
FrcTeleOp.driverControllerButtonEvent_INFO [50.528446725] ##### button=RightBumper, pressed=false
FrcTeleOp.driverControllerButtonEvent_INFO [50.529666659] >>>>> Normal Drive
FrcTeleOp.operatorControllerButtonEvent_INFO [50.935516926] ##### button=Y, pressed=true
FrcTeleOp.shoot_INFO [50.936973807] >>>>> Start Auto Shoot.
TaskAutoShoot.autoShoot_INFO [50.937875519] autoShoot(owner=null, event=null, taskParams=(autoStop=false, noPassback=false))
Shooter.setupGoalTrackingMode_INFO [50.939241669] GoalTracking(trackingMode=AllianceHub, goalPose=(x=-158.838583,y=469.110472,angle=180.000000), noPassback=false).
Shooter.LeftShooter.enableGoalTracking_INFO [50.939902573] Enable GoalTracking (trackingParams=(trackFlywheel=true,trackTiltPos=true,trackPanPos=true)).
Shooter.LeftPrimaryMotor.cancel_INFO [50.940804263] Cancel: stopping motor.
Shooter.LeftTiltMotor.cancel_INFO [50.941595852] Cancel: stopping motor.
Shooter.RightShooter.enableGoalTracking_INFO [50.942771665] Enable GoalTracking (trackingParams=(trackFlywheel=true,trackTiltPos=true,trackPanPos=true)).
Shooter.RightPrimaryMotor.cancel_INFO [50.944265739] Cancel: stopping motor.
Shooter.RightTiltMotor.cancel_INFO [50.945240856] Cancel: stopping motor.
TaskAutoShoot.autoTask_INFO [51.036850545] <Event name="StateInfo" time="51.036594234" tag="vvvvv" TaskAutoShoot.state="START" />
TaskAutoShoot.runTaskState_INFO [51.037211122] ***** Wait for left Shooter ready.
TaskAutoShoot.runTaskState_INFO [51.037525377] ***** Wait for right Shooter ready.
TaskAutoShoot.runTaskState_INFO [51.040765437] ***** Wait for Turret ready.
TaskAutoShoot.autoTask_INFO [51.041217546] <Event name="StateInfo" time="51.04101755" tag="^^^^^" TaskAutoShoot.state="START" />
Shooter.LeftShooter.goalTrackingTask_INFO [51.213642025] Shooter.LeftShooter is Ready: rpm1=5333.987380/5337.036888, rpm2=3294.843750/0.000000, tilt=27.265307/27.359397, pan=null/null
TaskAutoShoot.autoTask_INFO [51.242553411] <Event name="StateInfo" time="51.242368154" tag="vvvvv" TaskAutoShoot.state="SHOOT" />
TaskAutoShoot.autoTask_INFO [51.24810606] <Event name="StateInfo" time="51.247830573" tag="^^^^^" TaskAutoShoot.state="SHOOT" />
Shooter.RightShooter.goalTrackingTask_INFO [51.332746682] Shooter.RightShooter is Ready: rpm1=5279.089543/5349.987699, rpm2=3254.531250/0.000000, tilt=27.344367/27.463615, pan=null/null
TaskAutoShoot.autoTask_INFO [51.337907815] <Event name="StateInfo" time="51.337721917" tag="vvvvv" TaskAutoShoot.state="SHOOT" />
TaskAutoShoot.autoTask_INFO [51.340429329] <Event name="StateInfo" time="51.340250727" tag="^^^^^" TaskAutoShoot.state="SHOOT" />
TaskAutoShoot.autoTask_INFO [51.439365175] <Event name="StateInfo" time="51.439184198" tag="vvvvv" TaskAutoShoot.state="SHOOT" />
TaskAutoShoot.autoTask_INFO [51.444911235] <Event name="StateInfo" time="51.443519755" tag="^^^^^" TaskAutoShoot.state="SHOOT" />
FrcTeleOp.operatorControllerButtonEvent_INFO [51.447928845] ##### button=Y, pressed=false
FrcTeleOp.shoot_INFO [51.451597599] >>>>> Stop Auto Shoot.
TaskAutoShoot.cancel_INFO [51.453602116] Canceling auto task operation.
TaskAutoShoot.stopSubsystems_INFO [51.454954534] Stopping subsystems.
Shooter.LeftTransferMotor.cancel_INFO [51.455723642] Cancel: stopping motor.
Shooter.RightTransferMotor.cancel_INFO [51.45659537] Cancel: stopping motor.
Shooter.FeederMotor.cancel_INFO [51.45745844] Cancel: stopping motor.
Shooter.LeftShooter.disableGoalTracking_INFO [51.459246346] Disable Goal Tracking.
Shooter.LeftShooter.stopGoalTracking_INFO [51.46275443] Stop GoalTracking.
Shooter.LeftTiltMotor.cancel_INFO [51.46493976] Cancel: stopping motor.
Shooter.LeftPrimaryMotor.cancel_INFO [51.466372511] Cancel: stopping motor.
Shooter.RightShooter.disableGoalTracking_INFO [51.467469844] Disable Goal Tracking.
Shooter.RightShooter.stopGoalTracking_INFO [51.468423667] Stop GoalTracking.
Shooter.RightTiltMotor.cancel_INFO [51.4697793] Cancel: stopping motor.
Shooter.RightPrimaryMotor.cancel_INFO [51.472807592] Cancel: stopping motor.
Shooter.LeftShooter.cancel_INFO [51.474123364] owner=null
Shooter.LeftPrimaryMotor.cancel_INFO [51.475251724] Cancel: stopping motor.
Shooter.LeftTiltMotor.cancel_INFO [51.476407377] Cancel: stopping motor.
Shooter.RightShooter.cancel_INFO [51.477394283] owner=null
Shooter.RightPrimaryMotor.cancel_INFO [51.478248994] Cancel: stopping motor.
Shooter.RightTiltMotor.cancel_INFO [51.479229692] Cancel: stopping motor.
Shooter.LeftTransferMotor.cancel_INFO [51.481054721] Cancel: stopping motor.
Shooter.RightTransferMotor.cancel_INFO [51.485540365] Cancel: stopping motor.
Shooter.FeederMotor.cancel_INFO [51.486777905] Cancel: stopping motor.
FrcTeleOp.operatorControllerButtonEvent_INFO [52.023977052] ##### button=Y, pressed=true
FrcTeleOp.shoot_INFO [52.025061222] >>>>> Start Auto Shoot.
TaskAutoShoot.autoShoot_INFO [52.026250572] autoShoot(owner=null, event=null, taskParams=(autoStop=false, noPassback=false))
Shooter.setupGoalTrackingMode_INFO [52.02682792] GoalTracking(trackingMode=AllianceHub, goalPose=(x=-158.838583,y=469.110472,angle=180.000000), noPassback=false).
Shooter.LeftShooter.enableGoalTracking_INFO [52.034521147] Enable GoalTracking (trackingParams=(trackFlywheel=true,trackTiltPos=true,trackPanPos=true)).
Shooter.LeftPrimaryMotor.cancel_INFO [52.034998828] Cancel: stopping motor.
Shooter.LeftTiltMotor.cancel_INFO [52.035970127] Cancel: stopping motor.
Shooter.RightShooter.enableGoalTracking_INFO [52.036477171] Enable GoalTracking (trackingParams=(trackFlywheel=true,trackTiltPos=true,trackPanPos=true)).
Shooter.RightPrimaryMotor.cancel_INFO [52.036979408] Cancel: stopping motor.
Shooter.RightTiltMotor.cancel_INFO [52.037509489] Cancel: stopping motor.
TaskAutoShoot.autoTask_INFO [52.132711936] <Event name="StateInfo" time="52.132445658" tag="vvvvv" TaskAutoShoot.state="START" />
TaskAutoShoot.runTaskState_INFO [52.133962078] ***** Wait for left Shooter ready.
TaskAutoShoot.runTaskState_INFO [52.137463835] ***** Wait for right Shooter ready.
TaskAutoShoot.runTaskState_INFO [52.138629713] ***** Wait for Turret ready.
TaskAutoShoot.autoTask_INFO [52.141784707] <Event name="StateInfo" time="52.140386707" tag="^^^^^" TaskAutoShoot.state="START" />
FrcTeleOp.driverControllerButtonEvent_INFO [52.23590859] ##### button=RightBumper, pressed=true
FrcTeleOp.driverControllerButtonEvent_INFO [52.237483209] >>>>> Slow Drive
Shooter.LeftShooter.goalTrackingTask_INFO [52.310607822] Shooter.LeftShooter is Ready: rpm1=5538.055889/5453.577121, rpm2=3376.289063/0.000000, tilt=28.372087/28.314002, pan=null/null
Shooter.RightShooter.goalTrackingTask_INFO [52.341351798] Shooter.RightShooter is Ready: rpm1=5367.493990/5453.577121, rpm2=3324.375000/0.000000, tilt=28.411620/28.314002, pan=null/null
TaskAutoShoot.autoTask_INFO [52.347374268] <Event name="StateInfo" time="52.347166225" tag="vvvvv" TaskAutoShoot.state="SHOOT" />
TaskAutoShoot.autoTask_INFO [52.349297512] <Event name="StateInfo" time="52.349124424" tag="^^^^^" TaskAutoShoot.state="SHOOT" />
TaskAutoShoot.autoTask_INFO [52.448847991] <Event name="StateInfo" time="52.448681549" tag="vvvvv" TaskAutoShoot.state="SHOOT" />
TaskAutoShoot.autoTask_INFO [52.449558179] <Event name="StateInfo" time="52.449329383" tag="^^^^^" TaskAutoShoot.state="SHOOT" />
TaskAutoShoot.autoTask_INFO [52.53391035] <Event name="StateInfo" time="52.533721775" tag="vvvvv" TaskAutoShoot.state="SHOOT" />
TaskAutoShoot.autoTask_INFO [52.534773621] <Event name="StateInfo" time="52.534594403" tag="^^^^^" TaskAutoShoot.state="SHOOT" />
TaskAutoShoot.autoTask_INFO [52.648836261] <Event name="StateInfo" time="52.648567327" tag="vvvvv" TaskAutoShoot.state="SHOOT" />
TaskAutoShoot.autoTask_INFO [52.650615148] <Event name="StateInfo" time="52.649075331" tag="^^^^^" TaskAutoShoot.state="SHOOT" />
FrcTeleOp.operatorControllerButtonEvent_INFO [52.656222296] ##### button=Y, pressed=false
FrcTeleOp.shoot_INFO [52.657239482] >>>>> Stop Auto Shoot.
TaskAutoShoot.cancel_INFO [52.661508453] Canceling auto task operation.
TaskAutoShoot.stopSubsystems_INFO [52.662817066] Stopping subsystems.
Shooter.LeftTransferMotor.cancel_INFO [52.664273036] Cancel: stopping motor.
Shooter.RightTransferMotor.cancel_INFO [52.665417891] Cancel: stopping motor.
Shooter.FeederMotor.cancel_INFO [52.66769928] Cancel: stopping motor.
Shooter.LeftShooter.disableGoalTracking_INFO [52.669470967] Disable Goal Tracking.
Shooter.LeftShooter.stopGoalTracking_INFO [52.674047034] Stop GoalTracking.
Shooter.LeftTiltMotor.cancel_INFO [52.675283904] Cancel: stopping motor.
Shooter.LeftPrimaryMotor.cancel_INFO [52.676876892] Cancel: stopping motor.
Shooter.RightShooter.disableGoalTracking_INFO [52.678318584] Disable Goal Tracking.
Shooter.RightShooter.stopGoalTracking_INFO [52.679596503] Stop GoalTracking.
Shooter.RightTiltMotor.cancel_INFO [52.683730381] Cancel: stopping motor.
Shooter.RightPrimaryMotor.cancel_INFO [52.688905955] Cancel: stopping motor.
Shooter.LeftShooter.cancel_INFO [52.695067404] owner=null
Shooter.LeftPrimaryMotor.cancel_INFO [52.696938451] Cancel: stopping motor.
Shooter.LeftTiltMotor.cancel_INFO [52.698528848] Cancel: stopping motor.
Shooter.RightShooter.cancel_INFO [52.700320489] owner=null
Shooter.RightPrimaryMotor.cancel_INFO [52.707385554] Cancel: stopping motor.
Shooter.RightTiltMotor.cancel_INFO [52.709357443] Cancel: stopping motor.
Shooter.LeftTransferMotor.cancel_INFO [52.71154325] Cancel: stopping motor.
Shooter.RightTransferMotor.cancel_INFO [52.717670821] Cancel: stopping motor.
Shooter.FeederMotor.cancel_INFO [52.719413572] Cancel: stopping motor.
FrcTeleOp.operatorControllerButtonEvent_INFO [52.839694979] ##### button=Y, pressed=true
FrcTeleOp.shoot_INFO [52.844425347] >>>>> Start Auto Shoot.
TaskAutoShoot.autoShoot_INFO [52.845496506] autoShoot(owner=null, event=null, taskParams=(autoStop=false, noPassback=false))
Shooter.setupGoalTrackingMode_INFO [52.845991822] GoalTracking(trackingMode=AllianceHub, goalPose=(x=-158.838583,y=469.110472,angle=180.000000), noPassback=false).
Shooter.LeftShooter.enableGoalTracking_INFO [52.846321868] Enable GoalTracking (trackingParams=(trackFlywheel=true,trackTiltPos=true,trackPanPos=true)).
Shooter.LeftPrimaryMotor.cancel_INFO [52.84669807] Cancel: stopping motor.
Shooter.LeftTiltMotor.cancel_INFO [52.847183184] Cancel: stopping motor.
Shooter.RightShooter.enableGoalTracking_INFO [52.847736608] Enable GoalTracking (trackingParams=(trackFlywheel=true,trackTiltPos=true,trackPanPos=true)).
Shooter.RightPrimaryMotor.cancel_INFO [52.854000938] Cancel: stopping motor.
Shooter.RightTiltMotor.cancel_INFO [52.856495221] Cancel: stopping motor.
TaskAutoShoot.autoTask_INFO [52.958513009] <Event name="StateInfo" time="52.958221312" tag="vvvvv" TaskAutoShoot.state="START" />
TaskAutoShoot.runTaskState_INFO [52.961405692] ***** Wait for left Shooter ready.
TaskAutoShoot.runTaskState_INFO [52.962828271] ***** Wait for right Shooter ready.
TaskAutoShoot.runTaskState_INFO [52.964235564] ***** Wait for Turret ready.
TaskAutoShoot.autoTask_INFO [52.965536002] <Event name="StateInfo" time="52.965235969" tag="^^^^^" TaskAutoShoot.state="START" />
Shooter.TurretMotor.pidCtrlTask_INFO [53.010821676] controlMode: Position,onTarget=true(7.574809192653248/7.481564060984716), stalled=false, expired=false, event=(TaskAutoShoot.turretReady=SIGNALED)
Shooter.LeftShooter.goalTrackingTask_INFO [53.04385659] Shooter.LeftShooter is Ready: rpm1=5473.125000/5430.775786, rpm2=3374.179688/0.000000, tilt=27.976808/28.124177, pan=null/null
Shooter.RightShooter.goalTrackingTask_INFO [53.068717258] Shooter.RightShooter is Ready: rpm1=5429.774639/5430.775786, rpm2=3313.593750/0.000000, tilt=28.490675/28.124177, pan=null/null
TaskAutoShoot.autoTask_INFO [53.069138604] <Event name="StateInfo" time="53.068988537" tag="vvvvv" TaskAutoShoot.state="SHOOT" />
TaskAutoShoot.runTaskState_INFO [53.069388568] ***** Start left shooter shooting (timedout=false, turretReady=true).
Shooter.shoot_INFO [53.069678936] shoot(owner=null, event=(TaskAutoShoot.leftShooterDone=CLEARED), shooter=leftShooter, autoStop=false)
Shooter.LeftTransferMotor.cancel_INFO [53.07029056] Cancel: stopping motor.
TaskAutoShoot.runTaskState_INFO [53.071158797] ***** Start right shooter shooting (timedout=false, turretReady=true).
Shooter.shoot_INFO [53.074075302] shoot(owner=null, event=(TaskAutoShoot.rightShooterDone=CLEARED), shooter=rightShooter, autoStop=false)
Shooter.RightTransferMotor.cancel_INFO [53.07578479] Cancel: stopping motor.
TaskAutoShoot.autoTask_INFO [53.077565352] <Event name="StateInfo" time="53.077133405" tag="^^^^^" TaskAutoShoot.state="SHOOT" />
Climber.Motor.isMotorStalled_INFO [53.488868634] Stall detection triggered.
Climber.Motor.checkStallReset_INFO [53.489776633] Resetting stall.
Climber.Motor.isMotorStalled_INFO [53.683582664] Stall detection triggered.
Climber.Motor.checkStallReset_INFO [53.685805332] Resetting stall.
Shooter.LeftTiltMotor.isMotorStalled_INFO [53.719582907] Stall detection triggered.
Shooter.LeftTiltMotor.checkStallReset_INFO [53.722206289] Resetting stall.
Climber.Motor.isMotorStalled_INFO [56.738852748] Stall detection triggered.
Climber.Motor.checkStallReset_INFO [56.743630534] Resetting stall.
FrcTeleOp.driverControllerButtonEvent_INFO [56.884193953] ##### button=RightBumper, pressed=false
FrcTeleOp.driverControllerButtonEvent_INFO [56.8856036] >>>>> Normal Drive
Shooter.setupGoalTrackingMode_INFO [57.199128395] GoalTracking(trackingMode=AllianceHub, goalPose=(x=-158.838583,y=469.110472,angle=180.000000), noPassback=false).
FrcTeleOp.operatorControllerButtonEvent_INFO [57.4896382] ##### button=Y, pressed=false
FrcTeleOp.shoot_INFO [57.494997964] >>>>> Stop Auto Shoot.
TaskAutoShoot.cancel_INFO [57.497329679] Canceling auto task operation.
TaskAutoShoot.stopSubsystems_INFO [57.498471156] Stopping subsystems.
Shooter.LeftTransferMotor.cancel_INFO [57.500874597] Cancel: stopping motor.
Shooter.RightTransferMotor.cancel_INFO [57.501818339] Cancel: stopping motor.
Shooter.FeederMotor.cancel_INFO [57.502800366] Cancel: stopping motor.
Shooter.LeftShooter.disableGoalTracking_INFO [57.504118488] Disable Goal Tracking.
Shooter.LeftShooter.stopGoalTracking_INFO [57.505731793] Stop GoalTracking.
Shooter.LeftTiltMotor.cancel_INFO [57.506513623] Cancel: stopping motor.
Shooter.LeftPrimaryMotor.cancel_INFO [57.508045993] Cancel: stopping motor.
Shooter.RightShooter.disableGoalTracking_INFO [57.50921132] Disable Goal Tracking.
Shooter.RightShooter.stopGoalTracking_INFO [57.510099378] Stop GoalTracking.
Shooter.RightTiltMotor.cancel_INFO [57.51128117] Cancel: stopping motor.
Shooter.RightPrimaryMotor.cancel_INFO [57.51208154] Cancel: stopping motor.
Shooter.LeftShooter.cancel_INFO [57.513405149] owner=null
Shooter.LeftPrimaryMotor.cancel_INFO [57.514155849] Cancel: stopping motor.
Shooter.LeftTiltMotor.cancel_INFO [57.514903608] Cancel: stopping motor.
Shooter.RightShooter.cancel_INFO [57.51551267] owner=null
Shooter.RightPrimaryMotor.cancel_INFO [57.516536515] Cancel: stopping motor.
Shooter.RightTiltMotor.cancel_INFO [57.517799132] Cancel: stopping motor.
Shooter.LeftTransferMotor.cancel_INFO [57.526059953] Cancel: stopping motor.
Shooter.RightTransferMotor.cancel_INFO [57.529058854] Cancel: stopping motor.
Shooter.FeederMotor.cancel_INFO [57.530986753] Cancel: stopping motor.
FrcTeleOp.operatorControllerButtonEvent_INFO [59.188205787] ##### button=Y, pressed=true
FrcTeleOp.shoot_INFO [59.189366708] >>>>> Start Auto Shoot.
TaskAutoShoot.autoShoot_INFO [59.190785159] autoShoot(owner=null, event=null, taskParams=(autoStop=false, noPassback=false))
Shooter.setupGoalTrackingMode_INFO [59.191723949] GoalTracking(trackingMode=AllianceHub, goalPose=(x=-158.838583,y=469.110472,angle=180.000000), noPassback=false).
Shooter.LeftShooter.enableGoalTracking_INFO [59.192908033] Enable GoalTracking (trackingParams=(trackFlywheel=true,trackTiltPos=true,trackPanPos=true)).
Shooter.LeftPrimaryMotor.cancel_INFO [59.194812962] Cancel: stopping motor.
Shooter.LeftTiltMotor.cancel_INFO [59.195898417] Cancel: stopping motor.
Shooter.RightShooter.enableGoalTracking_INFO [59.197173175] Enable GoalTracking (trackingParams=(trackFlywheel=true,trackTiltPos=true,trackPanPos=true)).
Shooter.RightPrimaryMotor.cancel_INFO [59.198612127] Cancel: stopping motor.
Shooter.RightTiltMotor.cancel_INFO [59.199571698] Cancel: stopping motor.
TaskAutoShoot.autoTask_INFO [59.292860283] <Event name="StateInfo" time="59.292418326" tag="vvvvv" TaskAutoShoot.state="START" />
TaskAutoShoot.runTaskState_INFO [59.293819508] ***** Wait for left Shooter ready.
TaskAutoShoot.runTaskState_INFO [59.295861329] ***** Wait for right Shooter ready.
TaskAutoShoot.runTaskState_INFO [59.2977482] ***** Wait for Turret ready.
TaskAutoShoot.autoTask_INFO [59.298416604] <Event name="StateInfo" time="59.298199404" tag="^^^^^" TaskAutoShoot.state="START" />
FrcTeleOp.driverControllerButtonEvent_INFO [59.302018864] ##### button=A, pressed=true
FrcTeleOp.driverControllerButtonEvent_INFO [59.389293116] ##### button=A, pressed=false
TaskAutoShoot.autoTask_INFO [59.470871282] <Event name="StateInfo" time="59.470541543" tag="vvvvv" TaskAutoShoot.state="SHOOT" />
TaskAutoShoot.autoTask_INFO [59.477733791] <Event name="StateInfo" time="59.47754607" tag="^^^^^" TaskAutoShoot.state="SHOOT" />
TaskAutoShoot.autoTask_INFO [59.566531139] <Event name="StateInfo" time="59.566268994" tag="vvvvv" TaskAutoShoot.state="SHOOT" />
TaskAutoShoot.autoTask_INFO [59.574964862] <Event name="StateInfo" time="59.574766631" tag="^^^^^" TaskAutoShoot.state="SHOOT" />
TaskAutoShoot.autoTask_INFO [59.676754434] <Event name="StateInfo" time="59.67658159" tag="vvvvv" TaskAutoShoot.state="SHOOT" />
TaskAutoShoot.autoTask_INFO [59.684307818] <Event name="StateInfo" time="59.683005472" tag="^^^^^" TaskAutoShoot.state="SHOOT" />
TaskAutoShoot.autoTask_INFO [59.775947419] <Event name="StateInfo" time="59.775526565" tag="vvvvv" TaskAutoShoot.state="SHOOT" />
TaskAutoShoot.autoTask_INFO [59.776553276] <Event name="StateInfo" time="59.776286673" tag="^^^^^" TaskAutoShoot.state="SHOOT" />
Shooter.RightShooter.goalTrackingTask_INFO [59.871027561] Shooter.RightShooter is Ready: rpm1=5331.905048/5359.897728, rpm2=3252.070313/0.000000, tilt=28.253508/27.543668, pan=null/null
TaskAutoShoot.autoTask_INFO [59.872174788] <Event name="StateInfo" time="59.872012537" tag="vvvvv" TaskAutoShoot.state="SHOOT" />
TaskAutoShoot.autoTask_INFO [59.874431261] <Event name="StateInfo" time="59.87426313" tag="^^^^^" TaskAutoShoot.state="SHOOT" />
FrcTeleOp.operatorControllerButtonEvent_INFO [59.879244593] ##### button=Y, pressed=false
FrcTeleOp.shoot_INFO [59.88049893] >>>>> Stop Auto Shoot.
TaskAutoShoot.cancel_INFO [59.882097662] Canceling auto task operation.
TaskAutoShoot.stopSubsystems_INFO [59.883637759] Stopping subsystems.
Shooter.LeftTransferMotor.cancel_INFO [59.886274221] Cancel: stopping motor.
Shooter.RightTransferMotor.cancel_INFO [59.888074853] Cancel: stopping motor.
Shooter.FeederMotor.cancel_INFO [59.889777783] Cancel: stopping motor.
Shooter.LeftShooter.disableGoalTracking_INFO [59.89111392] Disable Goal Tracking.
Shooter.LeftShooter.stopGoalTracking_INFO [59.892279598] Stop GoalTracking.
Shooter.LeftTiltMotor.cancel_INFO [59.893705489] Cancel: stopping motor.
Shooter.LeftPrimaryMotor.cancel_INFO [59.895104359] Cancel: stopping motor.
Shooter.RightShooter.disableGoalTracking_INFO [59.896442403] Disable Goal Tracking.
Shooter.RightShooter.stopGoalTracking_INFO [59.897369733] Stop GoalTracking.
Shooter.RightTiltMotor.cancel_INFO [59.901077765] Cancel: stopping motor.
Shooter.RightPrimaryMotor.cancel_INFO [59.902504572] Cancel: stopping motor.
Shooter.LeftShooter.cancel_INFO [59.905372951] owner=null
Shooter.LeftPrimaryMotor.cancel_INFO [59.907390541] Cancel: stopping motor.
Shooter.LeftTiltMotor.cancel_INFO [59.908786648] Cancel: stopping motor.
Shooter.RightShooter.cancel_INFO [59.910109918] owner=null
Shooter.RightPrimaryMotor.cancel_INFO [59.911551993] Cancel: stopping motor.
Shooter.RightTiltMotor.cancel_INFO [59.914386515] Cancel: stopping motor.
Shooter.LeftTransferMotor.cancel_INFO [59.916322314] Cancel: stopping motor.
Shooter.RightTransferMotor.cancel_INFO [59.917932326] Cancel: stopping motor.
Shooter.FeederMotor.cancel_INFO [59.919066262] Cancel: stopping motor.
FrcTeleOp.driverControllerButtonEvent_INFO [60.365525529] ##### button=A, pressed=true
FrcTeleOp.driverControllerButtonEvent_INFO [60.466979457] ##### button=A, pressed=false
FrcTeleOp.operatorControllerButtonEvent_INFO [61.804446341] ##### button=Y, pressed=true
FrcTeleOp.shoot_INFO [61.805730189] >>>>> Start Auto Shoot.
TaskAutoShoot.autoShoot_INFO [61.807155921] autoShoot(owner=null, event=null, taskParams=(autoStop=false, noPassback=false))
Shooter.setupGoalTrackingMode_INFO [61.808130081] GoalTracking(trackingMode=AllianceHub, goalPose=(x=-158.838583,y=469.110472,angle=180.000000), noPassback=false).
Shooter.LeftShooter.enableGoalTracking_INFO [61.808690578] Enable GoalTracking (trackingParams=(trackFlywheel=true,trackTiltPos=true,trackPanPos=true)).
Shooter.LeftPrimaryMotor.cancel_INFO [61.809669118] Cancel: stopping motor.
Shooter.LeftTiltMotor.cancel_INFO [61.810472015] Cancel: stopping motor.
Shooter.RightShooter.enableGoalTracking_INFO [61.81133547] Enable GoalTracking (trackingParams=(trackFlywheel=true,trackTiltPos=true,trackPanPos=true)).
Shooter.RightPrimaryMotor.cancel_INFO [61.811998075] Cancel: stopping motor.
Shooter.RightTiltMotor.cancel_INFO [61.812910551] Cancel: stopping motor.
TaskAutoShoot.autoTask_INFO [61.903944339] <Event name="StateInfo" time="61.903697589" tag="vvvvv" TaskAutoShoot.state="START" />
TaskAutoShoot.runTaskState_INFO [61.904529553] ***** Wait for left Shooter ready.
TaskAutoShoot.runTaskState_INFO [61.904742168] ***** Wait for right Shooter ready.
TaskAutoShoot.runTaskState_INFO [61.905140296] ***** Wait for Turret ready.
TaskAutoShoot.autoTask_INFO [61.905954036] <Event name="StateInfo" time="61.905477341" tag="^^^^^" TaskAutoShoot.state="START" />
FrcTeleOp.operatorControllerButtonEvent_INFO [62.016730086] ##### button=Y, pressed=false
FrcTeleOp.shoot_INFO [62.01765725] >>>>> Stop Auto Shoot.
TaskAutoShoot.cancel_INFO [62.018856248] Canceling auto task operation.
TaskAutoShoot.stopSubsystems_INFO [62.020454288] Stopping subsystems.
Shooter.LeftTransferMotor.cancel_INFO [62.021385435] Cancel: stopping motor.
Shooter.RightTransferMotor.cancel_INFO [62.022006832] Cancel: stopping motor.
Shooter.FeederMotor.cancel_INFO [62.024301248] Cancel: stopping motor.
Shooter.LeftShooter.disableGoalTracking_INFO [62.02731077] Disable Goal Tracking.
Shooter.LeftShooter.stopGoalTracking_INFO [62.02867244] Stop GoalTracking.
Shooter.LeftTiltMotor.cancel_INFO [62.033509146] Cancel: stopping motor.
Shooter.LeftPrimaryMotor.cancel_INFO [62.035152641] Cancel: stopping motor.
Shooter.RightShooter.disableGoalTracking_INFO [62.036205551] Disable Goal Tracking.
Shooter.RightShooter.stopGoalTracking_INFO [62.036784341] Stop GoalTracking.
Shooter.RightTiltMotor.cancel_INFO [62.037582562] Cancel: stopping motor.
Shooter.RightPrimaryMotor.cancel_INFO [62.038437586] Cancel: stopping motor.
Shooter.LeftShooter.cancel_INFO [62.039541756] owner=null
Shooter.LeftPrimaryMotor.cancel_INFO [62.040308418] Cancel: stopping motor.
Shooter.LeftTiltMotor.cancel_INFO [62.041314415] Cancel: stopping motor.
Shooter.RightShooter.cancel_INFO [62.042135496] owner=null
Shooter.RightPrimaryMotor.cancel_INFO [62.043274045] Cancel: stopping motor.
Shooter.RightTiltMotor.cancel_INFO [62.045431218] Cancel: stopping motor.
Shooter.LeftTransferMotor.cancel_INFO [62.046274751] Cancel: stopping motor.
Shooter.RightTransferMotor.cancel_INFO [62.04869028] Cancel: stopping motor.
Shooter.FeederMotor.cancel_INFO [62.050742829] Cancel: stopping motor.
Shooter.TurretMotor.pidCtrlTask_INFO [62.933951709] controlMode: Position,onTarget=true(-140.79485945345033/-142.57152702252813), stalled=false, expired=false, event=(TaskAutoShoot.turretReady=SIGNALED)
FrcTeleOp.driverControllerButtonEvent_INFO [66.100267487] ##### button=A, pressed=true
FrcTeleOp.driverControllerButtonEvent_INFO [66.201656889] ##### button=A, pressed=false
FrcTeleOp.operatorControllerButtonEvent_INFO [69.060197237] ##### button=Y, pressed=true
FrcTeleOp.shoot_INFO [69.068494097] >>>>> Start Auto Shoot.
TaskAutoShoot.autoShoot_INFO [69.0712192] autoShoot(owner=null, event=null, taskParams=(autoStop=false, noPassback=false))
Shooter.setupGoalTrackingMode_INFO [69.072243176] GoalTracking(trackingMode=Passback, goalPose=(x=-79.419291,y=572.915472,angle=180.000000), noPassback=false).
Shooter.LeftShooter.enableGoalTracking_INFO [69.073399399] Enable GoalTracking (trackingParams=(trackFlywheel=true,trackTiltPos=true,trackPanPos=true)).
Shooter.LeftPrimaryMotor.cancel_INFO [69.074502308] Cancel: stopping motor.
Shooter.LeftTiltMotor.cancel_INFO [69.075398015] Cancel: stopping motor.
Shooter.RightShooter.enableGoalTracking_INFO [69.076266314] Enable GoalTracking (trackingParams=(trackFlywheel=true,trackTiltPos=true,trackPanPos=true)).
Shooter.RightPrimaryMotor.cancel_INFO [69.076999498] Cancel: stopping motor.
Shooter.RightTiltMotor.cancel_INFO [69.077758625] Cancel: stopping motor.
TaskAutoShoot.autoTask_INFO [69.171368783] <Event name="StateInfo" time="69.170733715" tag="vvvvv" TaskAutoShoot.state="START" />
TaskAutoShoot.runTaskState_INFO [69.173180049] ***** Wait for left Shooter ready.
TaskAutoShoot.runTaskState_INFO [69.174129801] ***** Wait for right Shooter ready.
TaskAutoShoot.runTaskState_INFO [69.174738323] ***** Wait for Turret ready.
TaskAutoShoot.autoTask_INFO [69.175868102] <Event name="StateInfo" time="69.175453886" tag="^^^^^" TaskAutoShoot.state="START" />
TaskAutoShoot.autoTask_INFO [69.377221693] <Event name="StateInfo" time="69.377050199" tag="vvvvv" TaskAutoShoot.state="SHOOT" />
TaskAutoShoot.autoTask_INFO [69.380240048] <Event name="StateInfo" time="69.380048941" tag="^^^^^" TaskAutoShoot.state="SHOOT" />
TaskAutoShoot.autoTask_INFO [69.479798742] <Event name="StateInfo" time="69.47915419" tag="vvvvv" TaskAutoShoot.state="SHOOT" />
TaskAutoShoot.autoTask_INFO [69.481564213] <Event name="StateInfo" time="69.481380241" tag="^^^^^" TaskAutoShoot.state="SHOOT" />
FrcTeleOp.operatorControllerButtonEvent_INFO [69.485696916] ##### button=Y, pressed=false
FrcTeleOp.shoot_INFO [69.486652303] >>>>> Stop Auto Shoot.
TaskAutoShoot.cancel_INFO [69.487445325] Canceling auto task operation.
TaskAutoShoot.stopSubsystems_INFO [69.488490749] Stopping subsystems.
Shooter.LeftTransferMotor.cancel_INFO [69.491082486] Cancel: stopping motor.
Shooter.RightTransferMotor.cancel_INFO [69.492487291] Cancel: stopping motor.
Shooter.FeederMotor.cancel_INFO [69.493469662] Cancel: stopping motor.
Shooter.LeftShooter.disableGoalTracking_INFO [69.494666346] Disable Goal Tracking.
Shooter.LeftShooter.stopGoalTracking_INFO [69.495201237] Stop GoalTracking.
Shooter.LeftTiltMotor.cancel_INFO [69.495693548] Cancel: stopping motor.
Shooter.LeftPrimaryMotor.cancel_INFO [69.496378817] Cancel: stopping motor.
Shooter.RightShooter.disableGoalTracking_INFO [69.49712803] Disable Goal Tracking.
Shooter.RightShooter.stopGoalTracking_INFO [69.497691952] Stop GoalTracking.
Shooter.RightTiltMotor.cancel_INFO [69.498186444] Cancel: stopping motor.
Shooter.RightPrimaryMotor.cancel_INFO [69.498889404] Cancel: stopping motor.
Shooter.LeftShooter.cancel_INFO [69.499864273] owner=null
Shooter.LeftPrimaryMotor.cancel_INFO [69.500873136] Cancel: stopping motor.
Shooter.LeftTiltMotor.cancel_INFO [69.502434294] Cancel: stopping motor.
Shooter.RightShooter.cancel_INFO [69.503235202] owner=null
Shooter.RightPrimaryMotor.cancel_INFO [69.504513304] Cancel: stopping motor.
Shooter.RightTiltMotor.cancel_INFO [69.505343983] Cancel: stopping motor.
Shooter.LeftTransferMotor.cancel_INFO [69.506590508] Cancel: stopping motor.
Shooter.RightTransferMotor.cancel_INFO [69.507762456] Cancel: stopping motor.
Shooter.FeederMotor.cancel_INFO [69.509613581] Cancel: stopping motor.
Climber.Motor.isMotorStalled_INFO [69.563165301] Stall detection triggered.
Climber.Motor.checkStallReset_INFO [69.563628279] Resetting stall.
FrcTeleOp.driverControllerButtonEvent_INFO [70.961672949] ##### button=A, pressed=true
FrcTeleOp.driverControllerButtonEvent_INFO [71.113987168] ##### button=A, pressed=false
FrcTeleOp.driverControllerButtonEvent_INFO [76.601207383] ##### button=A, pressed=true
FrcTeleOp.driverControllerButtonEvent_INFO [76.702673225] ##### button=A, pressed=false
FrcTeleOp.operatorControllerButtonEvent_INFO [81.245095954] ##### button=B, pressed=true
FrcTeleOp.operatorControllerButtonEvent_INFO [81.246617124] >>>>> Enable GoalTracking.
Shooter.setupGoalTrackingMode_INFO [81.247339884] GoalTracking(trackingMode=AllianceHub, goalPose=(x=-158.838583,y=469.110472,angle=180.000000), noPassback=false).
Shooter.LeftShooter.enableGoalTracking_INFO [81.247620029] Enable GoalTracking (trackingParams=(trackFlywheel=true,trackTiltPos=false,trackPanPos=true)).
Shooter.LeftPrimaryMotor.cancel_INFO [81.248433156] Cancel: stopping motor.
Shooter.LeftTiltMotor.cancel_INFO [81.248845808] Cancel: stopping motor.
Shooter.RightShooter.enableGoalTracking_INFO [81.249213698] Enable GoalTracking (trackingParams=(trackFlywheel=true,trackTiltPos=false,trackPanPos=true)).
Shooter.RightPrimaryMotor.cancel_INFO [81.249773697] Cancel: stopping motor.
Shooter.RightTiltMotor.cancel_INFO [81.250283748] Cancel: stopping motor.
FrcTeleOp.operatorControllerButtonEvent_INFO [81.404178055] ##### button=B, pressed=false
FrcTeleOp.operatorControllerButtonEvent_INFO [82.429220432] ##### button=Y, pressed=true
FrcTeleOp.shoot_INFO [82.430006413] >>>>> Start Auto Shoot.
TaskAutoShoot.autoShoot_INFO [82.430655373] autoShoot(owner=null, event=null, taskParams=(autoStop=false, noPassback=false))
Shooter.setupGoalTrackingMode_INFO [82.438774167] GoalTracking(trackingMode=AllianceHub, goalPose=(x=-158.838583,y=469.110472,angle=180.000000), noPassback=false).
Shooter.LeftShooter.enableGoalTracking_INFO [82.440647501] Enable GoalTracking (trackingParams=(trackFlywheel=true,trackTiltPos=true,trackPanPos=true)).
Shooter.LeftPrimaryMotor.cancel_INFO [82.441749941] Cancel: stopping motor.
Shooter.LeftTiltMotor.cancel_INFO [82.442699019] Cancel: stopping motor.
Shooter.RightShooter.enableGoalTracking_INFO [82.444182992] Enable GoalTracking (trackingParams=(trackFlywheel=true,trackTiltPos=true,trackPanPos=true)).
Shooter.RightPrimaryMotor.cancel_INFO [82.450026711] Cancel: stopping motor.
Shooter.RightTiltMotor.cancel_INFO [82.451075861] Cancel: stopping motor.
TaskAutoShoot.autoTask_INFO [82.557223919] <Event name="StateInfo" time="82.557000916" tag="vvvvv" TaskAutoShoot.state="START" />
TaskAutoShoot.runTaskState_INFO [82.557493112] ***** Wait for left Shooter ready.
TaskAutoShoot.runTaskState_INFO [82.557693736] ***** Wait for right Shooter ready.
TaskAutoShoot.runTaskState_INFO [82.560275963] ***** Wait for Turret ready.
TaskAutoShoot.autoTask_INFO [82.561215874] <Event name="StateInfo" time="82.560746519" tag="^^^^^" TaskAutoShoot.state="START" />
Shooter.TurretMotor.pidCtrlTask_INFO [82.604020985] controlMode: Position,onTarget=true(5.583290237928736/5.394418814305385), stalled=false, expired=false, event=(TaskAutoShoot.turretReady=SIGNALED)
TaskAutoShoot.autoTask_INFO [82.662222576] <Event name="StateInfo" time="82.661893686" tag="vvvvv" TaskAutoShoot.state="SHOOT" />
TaskAutoShoot.autoTask_INFO [82.663477363] <Event name="StateInfo" time="82.663290726" tag="^^^^^" TaskAutoShoot.state="SHOOT" />
Shooter.LeftShooter.goalTrackingTask_INFO [82.750745124] Shooter.LeftShooter is Ready: rpm1=5473.503606/5477.046212, rpm2=3396.562500/0.000000, tilt=28.530198/28.511015, pan=null/null
Shooter.RightShooter.goalTrackingTask_INFO [82.786192651] Shooter.RightShooter is Ready: rpm1=5415.766226/5477.046212, rpm2=3356.132813/0.000000, tilt=28.530203/28.511015, pan=null/null
TaskAutoShoot.autoTask_INFO [82.78755914] <Event name="StateInfo" time="82.787306787" tag="vvvvv" TaskAutoShoot.state="SHOOT" />
TaskAutoShoot.runTaskState_INFO [82.788795384] ***** Start left shooter shooting (timedout=false, turretReady=true).
Shooter.shoot_INFO [82.790602591] shoot(owner=null, event=(TaskAutoShoot.leftShooterDone=CLEARED), shooter=leftShooter, autoStop=false)
Shooter.LeftTransferMotor.cancel_INFO [82.79332403] Cancel: stopping motor.
TaskAutoShoot.runTaskState_INFO [82.795377874] ***** Start right shooter shooting (timedout=false, turretReady=true).
Shooter.shoot_INFO [82.797184702] shoot(owner=null, event=(TaskAutoShoot.rightShooterDone=CLEARED), shooter=rightShooter, autoStop=false)
Shooter.RightTransferMotor.cancel_INFO [82.799701843] Cancel: stopping motor.
TaskAutoShoot.autoTask_INFO [82.80137459] <Event name="StateInfo" time="82.801194138" tag="^^^^^" TaskAutoShoot.state="SHOOT" />
FrcTeleOp.driverControllerButtonEvent_INFO [84.602142521] ##### button=RightBumper, pressed=true
FrcTeleOp.driverControllerButtonEvent_INFO [84.603140452] >>>>> Slow Drive
FrcTeleOp.driverControllerButtonEvent_INFO [85.330595334] ##### button=A, pressed=true
FrcTeleOp.driverControllerButtonEvent_INFO [85.517775034] ##### button=A, pressed=false
FrcTeleOp.driverControllerButtonEvent_INFO [86.161358942] ##### button=A, pressed=true
FrcTeleOp.driverControllerButtonEvent_INFO [86.275090891] ##### button=A, pressed=false
FrcTeleOp.operatorControllerButtonEvent_INFO [87.579298132] ##### button=Y, pressed=false
FrcTeleOp.shoot_INFO [87.582019797] >>>>> Stop Auto Shoot.
TaskAutoShoot.cancel_INFO [87.583616914] Canceling auto task operation.
TaskAutoShoot.stopSubsystems_INFO [87.584446419] Stopping subsystems.
Shooter.LeftTransferMotor.cancel_INFO [87.586424409] Cancel: stopping motor.
Shooter.RightTransferMotor.cancel_INFO [87.598013095] Cancel: stopping motor.
Shooter.FeederMotor.cancel_INFO [87.599296211] Cancel: stopping motor.
Shooter.LeftShooter.disableGoalTracking_INFO [87.60071204] Disable Goal Tracking.
Shooter.LeftShooter.stopGoalTracking_INFO [87.603299125] Stop GoalTracking.
Shooter.LeftTiltMotor.cancel_INFO [87.605178747] Cancel: stopping motor.
Shooter.LeftPrimaryMotor.cancel_INFO [87.607533134] Cancel: stopping motor.
Shooter.RightShooter.disableGoalTracking_INFO [87.608842654] Disable Goal Tracking.
Shooter.RightShooter.stopGoalTracking_INFO [87.6119754] Stop GoalTracking.
Shooter.RightTiltMotor.cancel_INFO [87.612530979] Cancel: stopping motor.
Shooter.RightPrimaryMotor.cancel_INFO [87.614574014] Cancel: stopping motor.
Shooter.LeftShooter.cancel_INFO [87.616433178] owner=null
Shooter.LeftPrimaryMotor.cancel_INFO [87.618061565] Cancel: stopping motor.
Shooter.LeftTiltMotor.cancel_INFO [87.620314756] Cancel: stopping motor.
Shooter.RightShooter.cancel_INFO [87.621482746] owner=null
Shooter.RightPrimaryMotor.cancel_INFO [87.62330196] Cancel: stopping motor.
Shooter.RightTiltMotor.cancel_INFO [87.624417778] Cancel: stopping motor.
Shooter.LeftTransferMotor.cancel_INFO [87.627228473] Cancel: stopping motor.
Shooter.RightTransferMotor.cancel_INFO [87.628805059] Cancel: stopping motor.
Shooter.FeederMotor.cancel_INFO [87.629774299] Cancel: stopping motor.
FrcTeleOp.operatorControllerButtonEvent_INFO [88.363714409] ##### button=Y, pressed=true
FrcTeleOp.shoot_INFO [88.364677402] >>>>> Start Auto Shoot.
TaskAutoShoot.autoShoot_INFO [88.365361056] autoShoot(owner=null, event=null, taskParams=(autoStop=false, noPassback=false))
Shooter.setupGoalTrackingMode_INFO [88.366482713] GoalTracking(trackingMode=AllianceHub, goalPose=(x=-158.838583,y=469.110472,angle=180.000000), noPassback=false).
Shooter.LeftShooter.enableGoalTracking_INFO [88.367020109] Enable GoalTracking (trackingParams=(trackFlywheel=true,trackTiltPos=true,trackPanPos=true)).
Shooter.LeftPrimaryMotor.cancel_INFO [88.36757294] Cancel: stopping motor.
Shooter.LeftTiltMotor.cancel_INFO [88.370955373] Cancel: stopping motor.
Shooter.RightShooter.enableGoalTracking_INFO [88.372020461] Enable GoalTracking (trackingParams=(trackFlywheel=true,trackTiltPos=true,trackPanPos=true)).
Shooter.RightPrimaryMotor.cancel_INFO [88.373053878] Cancel: stopping motor.
Shooter.RightTiltMotor.cancel_INFO [88.373882393] Cancel: stopping motor.
TaskAutoShoot.autoTask_INFO [88.478436915] <Event name="StateInfo" time="88.478179363" tag="vvvvv" TaskAutoShoot.state="START" />
TaskAutoShoot.runTaskState_INFO [88.479673135] ***** Wait for left Shooter ready.
TaskAutoShoot.runTaskState_INFO [88.480487337] ***** Wait for right Shooter ready.
TaskAutoShoot.runTaskState_INFO [88.485691592] ***** Wait for Turret ready.
TaskAutoShoot.autoTask_INFO [88.487628692] <Event name="StateInfo" time="88.486859771" tag="^^^^^" TaskAutoShoot.state="START" />
FrcTeleOp.driverControllerButtonEvent_INFO [88.490201905] ##### button=RightBumper, pressed=false
FrcTeleOp.driverControllerButtonEvent_INFO [88.491206434] >>>>> Normal Drive
Shooter.setupGoalTrackingMode_INFO [88.494852749] GoalTracking(trackingMode=AllianceHub, goalPose=(x=-158.838583,y=469.110472,angle=180.000000), noPassback=false).
Shooter.TurretMotor.pidCtrlTask_INFO [88.542171644] controlMode: Position,onTarget=true(59.08147305713922/60.42123421406928), stalled=false, expired=false, event=(TaskAutoShoot.turretReady=SIGNALED)
Shooter.LeftShooter.goalTrackingTask_INFO [88.579149949] Shooter.LeftShooter is Ready: rpm1=4523.960337/4526.937757, rpm2=2747.109375/0.000000, tilt=21.731467/21.550318, pan=null/null
TaskAutoShoot.autoTask_INFO [88.611228733] <Event name="StateInfo" time="88.610995587" tag="vvvvv" TaskAutoShoot.state="SHOOT" />
TaskAutoShoot.runTaskState_INFO [88.611682446] ***** Start left shooter shooting (timedout=false, turretReady=true).
Shooter.shoot_INFO [88.612303661] shoot(owner=null, event=(TaskAutoShoot.leftShooterDone=CLEARED), shooter=leftShooter, autoStop=false)
Shooter.LeftTransferMotor.cancel_INFO [88.612779938] Cancel: stopping motor.
TaskAutoShoot.autoTask_INFO [88.616724682] <Event name="StateInfo" time="88.616544542" tag="^^^^^" TaskAutoShoot.state="SHOOT" />
TaskAutoShoot.autoTask_INFO [88.721864459] <Event name="StateInfo" time="88.720699176" tag="vvvvv" TaskAutoShoot.state="SHOOT" />
TaskAutoShoot.autoTask_INFO [88.72418485] <Event name="StateInfo" time="88.722406603" tag="^^^^^" TaskAutoShoot.state="SHOOT" />
TaskAutoShoot.autoTask_INFO [88.824910258] <Event name="StateInfo" time="88.824598392" tag="vvvvv" TaskAutoShoot.state="SHOOT" />
TaskAutoShoot.autoTask_INFO [88.835215836] <Event name="StateInfo" time="88.83502162" tag="^^^^^" TaskAutoShoot.state="SHOOT" />
Shooter.RightShooter.goalTrackingTask_INFO [88.937410639] Shooter.RightShooter is Ready: rpm1=4652.118389/4742.725404, rpm2=2883.867188/0.000000, tilt=22.917285/22.982256, pan=null/null
TaskAutoShoot.autoTask_INFO [88.937821454] <Event name="StateInfo" time="88.937617784" tag="vvvvv" TaskAutoShoot.state="SHOOT" />
TaskAutoShoot.runTaskState_INFO [88.938130295] ***** Start right shooter shooting (timedout=false, turretReady=true).
Shooter.shoot_INFO [88.9385655] shoot(owner=null, event=(TaskAutoShoot.rightShooterDone=CLEARED), shooter=rightShooter, autoStop=false)
Shooter.RightTransferMotor.cancel_INFO [88.947757923] Cancel: stopping motor.
TaskAutoShoot.autoTask_INFO [88.948416153] <Event name="StateInfo" time="88.948190315" tag="^^^^^" TaskAutoShoot.state="SHOOT" />
FrcTeleOp.operatorControllerButtonEvent_INFO [89.150613535] ##### button=Y, pressed=false
FrcTeleOp.shoot_INFO [89.154050349] >>>>> Stop Auto Shoot.
TaskAutoShoot.cancel_INFO [89.15491379] Canceling auto task operation.
TaskAutoShoot.stopSubsystems_INFO [89.155516887] Stopping subsystems.
Shooter.LeftTransferMotor.cancel_INFO [89.156022286] Cancel: stopping motor.
Shooter.RightTransferMotor.cancel_INFO [89.156565203] Cancel: stopping motor.
Shooter.FeederMotor.cancel_INFO [89.161026501] Cancel: stopping motor.
Shooter.LeftShooter.disableGoalTracking_INFO [89.162387741] Disable Goal Tracking.
Shooter.LeftShooter.stopGoalTracking_INFO [89.163147457] Stop GoalTracking.
Shooter.LeftTiltMotor.cancel_INFO [89.165366776] Cancel: stopping motor.
Shooter.LeftPrimaryMotor.cancel_INFO [89.166130112] Cancel: stopping motor.
Shooter.RightShooter.disableGoalTracking_INFO [89.166918355] Disable Goal Tracking.
Shooter.RightShooter.stopGoalTracking_INFO [89.1681273] Stop GoalTracking.
Shooter.RightTiltMotor.cancel_INFO [89.168671689] Cancel: stopping motor.
Shooter.RightPrimaryMotor.cancel_INFO [89.172083361] Cancel: stopping motor.
Shooter.LeftShooter.cancel_INFO [89.173525182] owner=null
Shooter.LeftPrimaryMotor.cancel_INFO [89.174371182] Cancel: stopping motor.
Shooter.LeftTiltMotor.cancel_INFO [89.175052124] Cancel: stopping motor.
Shooter.RightShooter.cancel_INFO [89.175616904] owner=null
Shooter.RightPrimaryMotor.cancel_INFO [89.176217061] Cancel: stopping motor.
Shooter.RightTiltMotor.cancel_INFO [89.176878741] Cancel: stopping motor.
Shooter.LeftTransferMotor.cancel_INFO [89.177479232] Cancel: stopping motor.
Shooter.RightTransferMotor.cancel_INFO [89.178037253] Cancel: stopping motor.
Shooter.FeederMotor.cancel_INFO [89.183841296] Cancel: stopping motor.
FrcTeleOp.driverControllerButtonEvent_INFO [89.87722264] ##### button=A, pressed=true
FrcTeleOp.driverControllerButtonEvent_INFO [89.928388811] ##### button=A, pressed=false
FrcTeleOp.driverControllerButtonEvent_INFO [90.029785444] ##### button=RightBumper, pressed=true
FrcTeleOp.driverControllerButtonEvent_INFO [90.030894341] >>>>> Slow Drive
FrcTeleOp.driverControllerButtonEvent_INFO [90.233490035] ##### button=RightBumper, pressed=false
FrcTeleOp.driverControllerButtonEvent_INFO [90.240369954] >>>>> Normal Drive
FrcTeleOp.operatorControllerButtonEvent_INFO [92.700069564] ##### button=Y, pressed=true
FrcTeleOp.shoot_INFO [92.700958404] >>>>> Start Auto Shoot.
TaskAutoShoot.autoShoot_INFO [92.701530132] autoShoot(owner=null, event=null, taskParams=(autoStop=false, noPassback=false))
Shooter.setupGoalTrackingMode_INFO [92.702194196] GoalTracking(trackingMode=AllianceHub, goalPose=(x=-158.838583,y=469.110472,angle=180.000000), noPassback=false).
Shooter.LeftShooter.enableGoalTracking_INFO [92.702538391] Enable GoalTracking (trackingParams=(trackFlywheel=true,trackTiltPos=true,trackPanPos=true)).
Shooter.LeftPrimaryMotor.cancel_INFO [92.703406702] Cancel: stopping motor.
Shooter.LeftTiltMotor.cancel_INFO [92.703855312] Cancel: stopping motor.
Shooter.RightShooter.enableGoalTracking_INFO [92.704976715] Enable GoalTracking (trackingParams=(trackFlywheel=true,trackTiltPos=true,trackPanPos=true)).
Shooter.RightPrimaryMotor.cancel_INFO [92.705359254] Cancel: stopping motor.
Shooter.RightTiltMotor.cancel_INFO [92.705758141] Cancel: stopping motor.
TaskAutoShoot.autoTask_INFO [92.807962978] <Event name="StateInfo" time="92.807642163" tag="vvvvv" TaskAutoShoot.state="START" />
TaskAutoShoot.runTaskState_INFO [92.808615598] ***** Wait for left Shooter ready.
TaskAutoShoot.runTaskState_INFO [92.812364336] ***** Wait for right Shooter ready.
TaskAutoShoot.runTaskState_INFO [92.814513515] ***** Wait for Turret ready.
TaskAutoShoot.autoTask_INFO [92.815584591] <Event name="StateInfo" time="92.815348399" tag="^^^^^" TaskAutoShoot.state="START" />
TaskAutoShoot.autoTask_INFO [93.002018215] <Event name="StateInfo" time="93.001810409" tag="vvvvv" TaskAutoShoot.state="SHOOT" />
TaskAutoShoot.autoTask_INFO [93.003102835] <Event name="StateInfo" time="93.002593142" tag="^^^^^" TaskAutoShoot.state="SHOOT" />
TaskAutoShoot.autoTask_INFO [93.100726739] <Event name="StateInfo" time="93.100531395" tag="vvvvv" TaskAutoShoot.state="SHOOT" />
TaskAutoShoot.autoTask_INFO [93.101459713] <Event name="StateInfo" time="93.101294057" tag="^^^^^" TaskAutoShoot.state="SHOOT" />
TaskAutoShoot.autoTask_INFO [93.202827273] <Event name="StateInfo" time="93.202643684" tag="vvvvv" TaskAutoShoot.state="SHOOT" />
TaskAutoShoot.autoTask_INFO [93.206093391] <Event name="StateInfo" time="93.205905407" tag="^^^^^" TaskAutoShoot.state="SHOOT" />
TaskAutoShoot.autoTask_INFO [93.313504519] <Event name="StateInfo" time="93.313336343" tag="vvvvv" TaskAutoShoot.state="SHOOT" />
TaskAutoShoot.autoTask_INFO [93.320487543] <Event name="StateInfo" time="93.31369065" tag="^^^^^" TaskAutoShoot.state="SHOOT" />
TaskAutoShoot.autoTask_INFO [93.413250544] <Event name="StateInfo" time="93.413064579" tag="vvvvv" TaskAutoShoot.state="SHOOT" />
TaskAutoShoot.autoTask_INFO [93.420317871] <Event name="StateInfo" time="93.420065441" tag="^^^^^" TaskAutoShoot.state="SHOOT" />
FrcTeleOp.operatorControllerButtonEvent_INFO [93.427971328] ##### button=Y, pressed=false
FrcTeleOp.shoot_INFO [93.431019995] >>>>> Stop Auto Shoot.
TaskAutoShoot.cancel_INFO [93.435045242] Canceling auto task operation.
TaskAutoShoot.stopSubsystems_INFO [93.436275942] Stopping subsystems.
Shooter.LeftTransferMotor.cancel_INFO [93.437532219] Cancel: stopping motor.
Shooter.RightTransferMotor.cancel_INFO [93.439125847] Cancel: stopping motor.
Shooter.FeederMotor.cancel_INFO [93.441299386] Cancel: stopping motor.
Shooter.LeftShooter.disableGoalTracking_INFO [93.446993908] Disable Goal Tracking.
Shooter.LeftShooter.stopGoalTracking_INFO [93.447735958] Stop GoalTracking.
Shooter.LeftTiltMotor.cancel_INFO [93.448662372] Cancel: stopping motor.
Shooter.LeftPrimaryMotor.cancel_INFO [93.452245454] Cancel: stopping motor.
Shooter.RightShooter.disableGoalTracking_INFO [93.455231834] Disable Goal Tracking.
Shooter.RightShooter.stopGoalTracking_INFO [93.456544579] Stop GoalTracking.
Shooter.RightTiltMotor.cancel_INFO [93.458805257] Cancel: stopping motor.
Shooter.RightPrimaryMotor.cancel_INFO [93.460908037] Cancel: stopping motor.
Shooter.LeftShooter.cancel_INFO [93.466164305] owner=null
Shooter.LeftPrimaryMotor.cancel_INFO [93.4678108] Cancel: stopping motor.
Shooter.LeftTiltMotor.cancel_INFO [93.47096167] Cancel: stopping motor.
Shooter.RightShooter.cancel_INFO [93.475938234] owner=null
Shooter.RightPrimaryMotor.cancel_INFO [93.478982267] Cancel: stopping motor.
Shooter.RightTiltMotor.cancel_INFO [93.481724477] Cancel: stopping motor.
Shooter.LeftTransferMotor.cancel_INFO [93.485040257] Cancel: stopping motor.
Shooter.RightTransferMotor.cancel_INFO [93.488010913] Cancel: stopping motor.
Shooter.FeederMotor.cancel_INFO [93.489275346] Cancel: stopping motor.
FrcTeleOp.operatorControllerButtonEvent_INFO [93.598803885] ##### button=B, pressed=true
FrcTeleOp.operatorControllerButtonEvent_INFO [93.600353491] >>>>> Enable GoalTracking.
Shooter.setupGoalTrackingMode_INFO [93.601499632] GoalTracking(trackingMode=AllianceHub, goalPose=(x=-158.838583,y=469.110472,angle=180.000000), noPassback=false).
Shooter.LeftShooter.enableGoalTracking_INFO [93.602621465] Enable GoalTracking (trackingParams=(trackFlywheel=true,trackTiltPos=false,trackPanPos=true)).
Shooter.LeftPrimaryMotor.cancel_INFO [93.605086928] Cancel: stopping motor.
Shooter.LeftTiltMotor.cancel_INFO [93.606406794] Cancel: stopping motor.
Shooter.RightShooter.enableGoalTracking_INFO [93.607658906] Enable GoalTracking (trackingParams=(trackFlywheel=true,trackTiltPos=false,trackPanPos=true)).
Shooter.RightPrimaryMotor.cancel_INFO [93.614438962] Cancel: stopping motor.
Shooter.RightTiltMotor.cancel_INFO [93.615693146] Cancel: stopping motor.
FrcTeleOp.operatorControllerButtonEvent_INFO [93.738693227] ##### button=B, pressed=false
FrcTeleOp.driverControllerButtonEvent_INFO [94.450199506] ##### button=RightBumper, pressed=true
FrcTeleOp.driverControllerButtonEvent_INFO [94.458722808] >>>>> Slow Drive
FrcTeleOp.operatorControllerButtonEvent_INFO [94.731272257] ##### button=Y, pressed=true
FrcTeleOp.shoot_INFO [94.732799555] >>>>> Start Auto Shoot.
TaskAutoShoot.autoShoot_INFO [94.735816119] autoShoot(owner=null, event=null, taskParams=(autoStop=false, noPassback=false))
Shooter.setupGoalTrackingMode_INFO [94.737964613] GoalTracking(trackingMode=AllianceHub, goalPose=(x=-158.838583,y=469.110472,angle=180.000000), noPassback=false).
Shooter.LeftShooter.enableGoalTracking_INFO [94.739006615] Enable GoalTracking (trackingParams=(trackFlywheel=true,trackTiltPos=true,trackPanPos=true)).
Shooter.LeftPrimaryMotor.cancel_INFO [94.741915565] Cancel: stopping motor.
Shooter.LeftTiltMotor.cancel_INFO [94.743673967] Cancel: stopping motor.
Shooter.RightShooter.enableGoalTracking_INFO [94.74725698] Enable GoalTracking (trackingParams=(trackFlywheel=true,trackTiltPos=true,trackPanPos=true)).
Shooter.RightPrimaryMotor.cancel_INFO [94.748575699] Cancel: stopping motor.
Shooter.RightTiltMotor.cancel_INFO [94.749819049] Cancel: stopping motor.
Shooter.LeftShooter.goalTrackingTask_INFO [94.817369741] Shooter.LeftShooter is Ready: rpm1=5718.082933/5717.099631, rpm2=3516.796875/0.000000, tilt=30.427536/30.632185, pan=null/null
TaskAutoShoot.autoTask_INFO [94.853128235] <Event name="StateInfo" time="94.852586437" tag="vvvvv" TaskAutoShoot.state="START" />
TaskAutoShoot.runTaskState_INFO [94.856466256] ***** Wait for left Shooter ready.
TaskAutoShoot.runTaskState_INFO [94.856980253] ***** Wait for right Shooter ready.
TaskAutoShoot.runTaskState_INFO [94.857167326] ***** Wait for Turret ready.
TaskAutoShoot.autoTask_INFO [94.859032772] <Event name="StateInfo" time="94.857314726" tag="^^^^^" TaskAutoShoot.state="START" />
Shooter.TurretMotor.pidCtrlTask_INFO [94.905315961] controlMode: Position,onTarget=true(62.88882765918373/60.19148104934512), stalled=false, expired=false, event=(TaskAutoShoot.turretReady=SIGNALED)
TaskAutoShoot.autoTask_INFO [94.947825246] <Event name="StateInfo" time="94.946200786" tag="vvvvv" TaskAutoShoot.state="SHOOT" />
TaskAutoShoot.autoTask_INFO [94.948755016] <Event name="StateInfo" time="94.948274628" tag="^^^^^" TaskAutoShoot.state="SHOOT" />
Shooter.RightShooter.goalTrackingTask_INFO [95.046924973] Shooter.RightShooter is Ready: rpm1=5556.418269/5562.512538, rpm2=3447.304688/0.000000, tilt=29.162649/29.243137, pan=null/null
TaskAutoShoot.autoTask_INFO [95.047520055] <Event name="StateInfo" time="95.04736258" tag="vvvvv" TaskAutoShoot.state="SHOOT" />
TaskAutoShoot.runTaskState_INFO [95.053248571] ***** Start right shooter shooting (timedout=false, turretReady=true).
Shooter.shoot_INFO [95.053852554] shoot(owner=null, event=(TaskAutoShoot.rightShooterDone=CLEARED), shooter=rightShooter, autoStop=false)
Shooter.RightTransferMotor.cancel_INFO [95.054257337] Cancel: stopping motor.
TaskAutoShoot.autoTask_INFO [95.055726906] <Event name="StateInfo" time="95.055534373" tag="^^^^^" TaskAutoShoot.state="SHOOT" />
Shooter.LeftShooter.goalTrackingTask_INFO [95.125673426] Shooter.LeftShooter is Ready: rpm1=5593.143029/5537.949459, rpm2=3469.101563/0.000000, tilt=29.241700/29.030293, pan=null/null
TaskAutoShoot.autoTask_INFO [95.150757123] <Event name="StateInfo" time="95.150561643" tag="vvvvv" TaskAutoShoot.state="SHOOT" />
TaskAutoShoot.runTaskState_INFO [95.153580015] ***** Start left shooter shooting (timedout=false, turretReady=true).
Shooter.shoot_INFO [95.155991673] shoot(owner=null, event=(TaskAutoShoot.leftShooterDone=CLEARED), shooter=leftShooter, autoStop=false)
Shooter.LeftTransferMotor.cancel_INFO [95.157768709] Cancel: stopping motor.
TaskAutoShoot.autoTask_INFO [95.159079548] <Event name="StateInfo" time="95.158919177" tag="^^^^^" TaskAutoShoot.state="SHOOT" />
Climber.Motor.isMotorStalled_INFO [95.301605814] Stall detection triggered.
Climber.Motor.checkStallReset_INFO [95.302585623] Resetting stall.
FrcTeleOp.driverControllerButtonEvent_INFO [96.618653282] ##### button=RightBumper, pressed=false
FrcTeleOp.driverControllerButtonEvent_INFO [96.624535666] >>>>> Normal Drive
FrcTeleOp.driverControllerButtonEvent_INFO [97.15461021] ##### button=RightBumper, pressed=true
FrcTeleOp.driverControllerButtonEvent_INFO [97.15612874] >>>>> Slow Drive
Climber.Motor.isMotorStalled_INFO [98.173107676] Stall detection triggered.
Climber.Motor.checkStallReset_INFO [98.173967787] Resetting stall.
FrcTeleOp.driverControllerButtonEvent_INFO [100.891388067] ##### button=RightBumper, pressed=false
FrcTeleOp.driverControllerButtonEvent_INFO [100.89199392] >>>>> Normal Drive
FrcTeleOp.operatorControllerButtonEvent_INFO [101.543975527] ##### button=Y, pressed=false
FrcTeleOp.shoot_INFO [101.544876122] >>>>> Stop Auto Shoot.
TaskAutoShoot.cancel_INFO [101.555098059] Canceling auto task operation.
TaskAutoShoot.stopSubsystems_INFO [101.558002126] Stopping subsystems.
Shooter.LeftTransferMotor.cancel_INFO [101.559256285] Cancel: stopping motor.
Shooter.RightTransferMotor.cancel_INFO [101.561277616] Cancel: stopping motor.
Shooter.FeederMotor.cancel_INFO [101.561944788] Cancel: stopping motor.
Shooter.LeftShooter.disableGoalTracking_INFO [101.564171716] Disable Goal Tracking.
Shooter.LeftShooter.stopGoalTracking_INFO [101.567730067] Stop GoalTracking.
Shooter.LeftTiltMotor.cancel_INFO [101.568481295] Cancel: stopping motor.
Shooter.LeftPrimaryMotor.cancel_INFO [101.570432319] Cancel: stopping motor.
Shooter.RightShooter.disableGoalTracking_INFO [101.572402119] Disable Goal Tracking.
Shooter.RightShooter.stopGoalTracking_INFO [101.574894074] Stop GoalTracking.
Shooter.RightTiltMotor.cancel_INFO [101.576025111] Cancel: stopping motor.
Shooter.RightPrimaryMotor.cancel_INFO [101.578619015] Cancel: stopping motor.
Shooter.LeftShooter.cancel_INFO [101.581501768] owner=null
Shooter.LeftPrimaryMotor.cancel_INFO [101.584769345] Cancel: stopping motor.
Shooter.LeftTiltMotor.cancel_INFO [101.586701523] Cancel: stopping motor.
Shooter.RightShooter.cancel_INFO [101.588687486] owner=null
Shooter.RightPrimaryMotor.cancel_INFO [101.590860231] Cancel: stopping motor.
Shooter.RightTiltMotor.cancel_INFO [101.5936093] Cancel: stopping motor.
Shooter.LeftTransferMotor.cancel_INFO [101.595851763] Cancel: stopping motor.
Shooter.RightTransferMotor.cancel_INFO [101.597030744] Cancel: stopping motor.
Shooter.FeederMotor.cancel_INFO [101.5991791] Cancel: stopping motor.
FrcTeleOp.driverControllerButtonEvent_INFO [103.786352431] ##### button=A, pressed=true
FrcTeleOp.driverControllerButtonEvent_INFO [103.886765538] ##### button=A, pressed=false
FrcTeleOp.operatorControllerButtonEvent_INFO [104.648227098] ##### button=B, pressed=true
FrcTeleOp.operatorControllerButtonEvent_INFO [104.648717469] >>>>> Enable GoalTracking.
Shooter.setupGoalTrackingMode_INFO [104.649271795] GoalTracking(trackingMode=AllianceHub, goalPose=(x=-158.838583,y=469.110472,angle=180.000000), noPassback=false).
Shooter.LeftShooter.enableGoalTracking_INFO [104.649575026] Enable GoalTracking (trackingParams=(trackFlywheel=true,trackTiltPos=false,trackPanPos=true)).
Shooter.LeftPrimaryMotor.cancel_INFO [104.650118921] Cancel: stopping motor.
Shooter.LeftTiltMotor.cancel_INFO [104.650890048] Cancel: stopping motor.
Shooter.RightShooter.enableGoalTracking_INFO [104.651403154] Enable GoalTracking (trackingParams=(trackFlywheel=true,trackTiltPos=false,trackPanPos=true)).
Shooter.RightPrimaryMotor.cancel_INFO [104.651725908] Cancel: stopping motor.
Shooter.RightTiltMotor.cancel_INFO [104.653843546] Cancel: stopping motor.
FrcTeleOp.operatorControllerButtonEvent_INFO [104.734702859] ##### button=B, pressed=false
FrcTeleOp.operatorControllerButtonEvent_INFO [105.847820361] ##### button=Y, pressed=true
FrcTeleOp.shoot_INFO [105.849097302] >>>>> Start Auto Shoot.
TaskAutoShoot.autoShoot_INFO [105.850081362] autoShoot(owner=null, event=null, taskParams=(autoStop=false, noPassback=false))
Shooter.setupGoalTrackingMode_INFO [105.850826869] GoalTracking(trackingMode=AllianceHub, goalPose=(x=-158.838583,y=469.110472,angle=180.000000), noPassback=false).
Shooter.LeftShooter.enableGoalTracking_INFO [105.851795149] Enable GoalTracking (trackingParams=(trackFlywheel=true,trackTiltPos=true,trackPanPos=true)).
Shooter.LeftPrimaryMotor.cancel_INFO [105.853245866] Cancel: stopping motor.
Shooter.LeftTiltMotor.cancel_INFO [105.854014561] Cancel: stopping motor.
Shooter.RightShooter.enableGoalTracking_INFO [105.854797632] Enable GoalTracking (trackingParams=(trackFlywheel=true,trackTiltPos=true,trackPanPos=true)).
Shooter.RightPrimaryMotor.cancel_INFO [105.856032656] Cancel: stopping motor.
Shooter.RightTiltMotor.cancel_INFO [105.858512186] Cancel: stopping motor.
TaskAutoShoot.autoTask_INFO [105.961905607] <Event name="StateInfo" time="105.961557695" tag="vvvvv" TaskAutoShoot.state="START" />
TaskAutoShoot.runTaskState_INFO [105.962540776] ***** Wait for left Shooter ready.
TaskAutoShoot.runTaskState_INFO [105.9677569] ***** Wait for right Shooter ready.
TaskAutoShoot.runTaskState_INFO [105.968381952] ***** Wait for Turret ready.
TaskAutoShoot.autoTask_INFO [105.971681954] <Event name="StateInfo" time="105.971243287" tag="^^^^^" TaskAutoShoot.state="START" />
TaskAutoShoot.autoTask_INFO [106.160434656] <Event name="StateInfo" time="106.159171245" tag="vvvvv" TaskAutoShoot.state="SHOOT" />
TaskAutoShoot.autoTask_INFO [106.163863305] <Event name="StateInfo" time="106.163564854" tag="^^^^^" TaskAutoShoot.state="SHOOT" />
TaskAutoShoot.autoTask_INFO [106.257580831] <Event name="StateInfo" time="106.257338869" tag="vvvvv" TaskAutoShoot.state="SHOOT" />
TaskAutoShoot.autoTask_INFO [106.258197439] <Event name="StateInfo" time="106.258032809" tag="^^^^^" TaskAutoShoot.state="SHOOT" />
TaskAutoShoot.autoTask_INFO [106.359463761] <Event name="StateInfo" time="106.359292332" tag="vvvvv" TaskAutoShoot.state="SHOOT" />
TaskAutoShoot.autoTask_INFO [106.365764357] <Event name="StateInfo" time="106.364450527" tag="^^^^^" TaskAutoShoot.state="SHOOT" />
TaskAutoShoot.autoTask_INFO [106.456402264] <Event name="StateInfo" time="106.45606914" tag="vvvvv" TaskAutoShoot.state="SHOOT" />
TaskAutoShoot.autoTask_INFO [106.457187459] <Event name="StateInfo" time="106.456926427" tag="^^^^^" TaskAutoShoot.state="SHOOT" />
TaskAutoShoot.autoTask_INFO [106.562831402] <Event name="StateInfo" time="106.562643745" tag="vvvvv" TaskAutoShoot.state="SHOOT" />
TaskAutoShoot.autoTask_INFO [106.566621837] <Event name="StateInfo" time="106.566437879" tag="^^^^^" TaskAutoShoot.state="SHOOT" />
TaskAutoShoot.autoTask_INFO [106.666264799] <Event name="StateInfo" time="106.665992842" tag="vvvvv" TaskAutoShoot.state="SHOOT" />
TaskAutoShoot.autoTask_INFO [106.66790399] <Event name="StateInfo" time="106.667637811" tag="^^^^^" TaskAutoShoot.state="SHOOT" />
Shooter.LeftShooter.goalTrackingTask_INFO [106.742414465] Shooter.LeftShooter is Ready: rpm1=5330.390625/5383.723565, rpm2=3283.359375/0.000000, tilt=27.225779/27.737232, pan=null/null
TaskAutoShoot.autoTask_INFO [106.77766966] <Event name="StateInfo" time="106.777485389" tag="vvvvv" TaskAutoShoot.state="SHOOT" />
TaskAutoShoot.autoTask_INFO [106.779788814] <Event name="StateInfo" time="106.779601928" tag="^^^^^" TaskAutoShoot.state="SHOOT" />
TaskAutoShoot.autoTask_INFO [106.872181496] <Event name="StateInfo" time="106.871989685" tag="vvvvv" TaskAutoShoot.state="SHOOT" />
TaskAutoShoot.autoTask_INFO [106.873557083] <Event name="StateInfo" time="106.873362033" tag="^^^^^" TaskAutoShoot.state="SHOOT" />
TaskAutoShoot.autoTask_INFO [106.958328242] <Event name="StateInfo" time="106.95659627" tag="vvvvv" TaskAutoShoot.state="SHOOT" />
TaskAutoShoot.autoTask_INFO [106.96499586] <Event name="StateInfo" time="106.963970695" tag="^^^^^" TaskAutoShoot.state="SHOOT" />
TaskAutoShoot.autoTask_INFO [107.059305964] <Event name="StateInfo" time="107.059120471" tag="vvvvv" TaskAutoShoot.state="SHOOT" />
TaskAutoShoot.runTaskState_INFO [107.061560817] ***** Start left shooter shooting (timedout=true, turretReady=false).
Shooter.shoot_INFO [107.061934358] shoot(owner=null, event=(TaskAutoShoot.leftShooterDone=CLEARED), shooter=leftShooter, autoStop=false)
Shooter.LeftTransferMotor.cancel_INFO [107.062877886] Cancel: stopping motor.
TaskAutoShoot.runTaskState_INFO [107.067251256] ***** Start right shooter shooting (timedout=true, turretReady=false).
Shooter.shoot_INFO [107.067897664] shoot(owner=null, event=(TaskAutoShoot.rightShooterDone=CLEARED), shooter=rightShooter, autoStop=false)
Shooter.RightTransferMotor.cancel_INFO [107.068532321] Cancel: stopping motor.
TaskAutoShoot.autoTask_INFO [107.073415502] <Event name="StateInfo" time="107.069101732" tag="^^^^^" TaskAutoShoot.state="SHOOT" />
FrcTeleOp.operatorControllerButtonEvent_INFO [107.282602678] ##### button=Y, pressed=false
FrcTeleOp.shoot_INFO [107.284222593] >>>>> Stop Auto Shoot.
TaskAutoShoot.cancel_INFO [107.287137437] Canceling auto task operation.
TaskAutoShoot.stopSubsystems_INFO [107.29190395] Stopping subsystems.
Shooter.LeftTransferMotor.cancel_INFO [107.292555472] Cancel: stopping motor.
Shooter.RightTransferMotor.cancel_INFO [107.293636049] Cancel: stopping motor.
Shooter.FeederMotor.cancel_INFO [107.294277765] Cancel: stopping motor.
Shooter.LeftShooter.disableGoalTracking_INFO [107.294965933] Disable Goal Tracking.
Shooter.LeftShooter.stopGoalTracking_INFO [107.295748586] Stop GoalTracking.
Shooter.LeftTiltMotor.cancel_INFO [107.296339471] Cancel: stopping motor.
Shooter.LeftPrimaryMotor.cancel_INFO [107.297247006] Cancel: stopping motor.
Shooter.RightShooter.disableGoalTracking_INFO [107.298015756] Disable Goal Tracking.
Shooter.RightShooter.stopGoalTracking_INFO [107.29922207] Stop GoalTracking.
Shooter.RightTiltMotor.cancel_INFO [107.302523323] Cancel: stopping motor.
Shooter.RightPrimaryMotor.cancel_INFO [107.303515393] Cancel: stopping motor.
Shooter.LeftShooter.cancel_INFO [107.304264922] owner=null
Shooter.LeftPrimaryMotor.cancel_INFO [107.306428716] Cancel: stopping motor.
Shooter.LeftTiltMotor.cancel_INFO [107.308825524] Cancel: stopping motor.
Shooter.RightShooter.cancel_INFO [107.30940229] owner=null
Shooter.RightPrimaryMotor.cancel_INFO [107.310167524] Cancel: stopping motor.
Shooter.RightTiltMotor.cancel_INFO [107.314051547] Cancel: stopping motor.
Shooter.LeftTransferMotor.cancel_INFO [107.314857539] Cancel: stopping motor.
Shooter.RightTransferMotor.cancel_INFO [107.315494612] Cancel: stopping motor.
Shooter.FeederMotor.cancel_INFO [107.316215028] Cancel: stopping motor.
FrcTeleOp.driverControllerButtonEvent_INFO [108.149276776] ##### button=A, pressed=true
FrcTeleOp.driverControllerButtonEvent_INFO [108.25083951] ##### button=A, pressed=false
FrcTeleOp.operatorControllerButtonEvent_INFO [108.302105011] ##### button=Y, pressed=true
FrcTeleOp.shoot_INFO [108.30260191] >>>>> Start Auto Shoot.
TaskAutoShoot.autoShoot_INFO [108.303677444] autoShoot(owner=null, event=null, taskParams=(autoStop=false, noPassback=false))
Shooter.setupGoalTrackingMode_INFO [108.304900076] GoalTracking(trackingMode=AllianceHub, goalPose=(x=-158.838583,y=469.110472,angle=180.000000), noPassback=false).
Shooter.LeftShooter.enableGoalTracking_INFO [108.305652261] Enable GoalTracking (trackingParams=(trackFlywheel=true,trackTiltPos=true,trackPanPos=true)).
Shooter.LeftPrimaryMotor.cancel_INFO [108.306123478] Cancel: stopping motor.
Shooter.LeftTiltMotor.cancel_INFO [108.306707281] Cancel: stopping motor.
Shooter.RightShooter.enableGoalTracking_INFO [108.307159122] Enable GoalTracking (trackingParams=(trackFlywheel=true,trackTiltPos=true,trackPanPos=true)).
Shooter.RightPrimaryMotor.cancel_INFO [108.307507367] Cancel: stopping motor.
Shooter.RightTiltMotor.cancel_INFO [108.30819484] Cancel: stopping motor.
TaskAutoShoot.autoTask_INFO [108.399520355] <Event name="StateInfo" time="108.398650163" tag="vvvvv" TaskAutoShoot.state="START" />
TaskAutoShoot.runTaskState_INFO [108.400940635] ***** Wait for left Shooter ready.
TaskAutoShoot.runTaskState_INFO [108.402154955] ***** Wait for right Shooter ready.
TaskAutoShoot.runTaskState_INFO [108.403557757] ***** Wait for Turret ready.
TaskAutoShoot.autoTask_INFO [108.404898235] <Event name="StateInfo" time="108.404671784" tag="^^^^^" TaskAutoShoot.state="START" />
TaskAutoShoot.autoTask_INFO [108.614310299] <Event name="StateInfo" time="108.613725583" tag="vvvvv" TaskAutoShoot.state="SHOOT" />
TaskAutoShoot.autoTask_INFO [108.615778972] <Event name="StateInfo" time="108.615575951" tag="^^^^^" TaskAutoShoot.state="SHOOT" />
TaskAutoShoot.autoTask_INFO [108.727939425] <Event name="StateInfo" time="108.727653241" tag="vvvvv" TaskAutoShoot.state="SHOOT" />
TaskAutoShoot.autoTask_INFO [108.729276264] <Event name="StateInfo" time="108.72903977" tag="^^^^^" TaskAutoShoot.state="SHOOT" />
TaskAutoShoot.autoTask_INFO [108.814692884] <Event name="StateInfo" time="108.814522814" tag="vvvvv" TaskAutoShoot.state="SHOOT" />
TaskAutoShoot.autoTask_INFO [108.816474942] <Event name="StateInfo" time="108.816295759" tag="^^^^^" TaskAutoShoot.state="SHOOT" />
TaskAutoShoot.autoTask_INFO [108.909819159] <Event name="StateInfo" time="108.909633445" tag="vvvvv" TaskAutoShoot.state="SHOOT" />
TaskAutoShoot.autoTask_INFO [108.91022931] <Event name="StateInfo" time="108.910078742" tag="^^^^^" TaskAutoShoot.state="SHOOT" />
TaskAutoShoot.autoTask_INFO [109.012396372] <Event name="StateInfo" time="109.01193824" tag="vvvvv" TaskAutoShoot.state="SHOOT" />
TaskAutoShoot.autoTask_INFO [109.012982436] <Event name="StateInfo" time="109.012812477" tag="^^^^^" TaskAutoShoot.state="SHOOT" />
TaskAutoShoot.autoTask_INFO [109.119574007] <Event name="StateInfo" time="109.118705108" tag="vvvvv" TaskAutoShoot.state="SHOOT" />
TaskAutoShoot.autoTask_INFO [109.121978166] <Event name="StateInfo" time="109.121781248" tag="^^^^^" TaskAutoShoot.state="SHOOT" />
TaskAutoShoot.autoTask_INFO [109.215557765] <Event name="StateInfo" time="109.215370981" tag="vvvvv" TaskAutoShoot.state="SHOOT" />
TaskAutoShoot.autoTask_INFO [109.21729819] <Event name="StateInfo" time="109.217029524" tag="^^^^^" TaskAutoShoot.state="SHOOT" />
TaskAutoShoot.autoTask_INFO [109.326195852] <Event name="StateInfo" time="109.325824673" tag="vvvvv" TaskAutoShoot.state="SHOOT" />
TaskAutoShoot.autoTask_INFO [109.327024129] <Event name="StateInfo" time="109.326836897" tag="^^^^^" TaskAutoShoot.state="SHOOT" />
FrcTeleOp.operatorControllerButtonEvent_INFO [109.329425954] ##### button=Y, pressed=false
FrcTeleOp.shoot_INFO [109.330699346] >>>>> Stop Auto Shoot.
TaskAutoShoot.cancel_INFO [109.331847222] Canceling auto task operation.
TaskAutoShoot.stopSubsystems_INFO [109.33285245] Stopping subsystems.
Shooter.LeftTransferMotor.cancel_INFO [109.333936078] Cancel: stopping motor.
Shooter.RightTransferMotor.cancel_INFO [109.334850409] Cancel: stopping motor.
Shooter.FeederMotor.cancel_INFO [109.335697655] Cancel: stopping motor.
Shooter.LeftShooter.disableGoalTracking_INFO [109.336823735] Disable Goal Tracking.
Shooter.LeftShooter.stopGoalTracking_INFO [109.33740094] Stop GoalTracking.
Shooter.LeftTiltMotor.cancel_INFO [109.33792801] Cancel: stopping motor.
Shooter.LeftPrimaryMotor.cancel_INFO [109.338753128] Cancel: stopping motor.
Shooter.RightShooter.disableGoalTracking_INFO [109.339748558] Disable Goal Tracking.
Shooter.RightShooter.stopGoalTracking_INFO [109.340406206] Stop GoalTracking.
Shooter.RightTiltMotor.cancel_INFO [109.341163298] Cancel: stopping motor.
Shooter.RightPrimaryMotor.cancel_INFO [109.342951279] Cancel: stopping motor.
Shooter.LeftShooter.cancel_INFO [109.344429951] owner=null
Shooter.LeftPrimaryMotor.cancel_INFO [109.345173557] Cancel: stopping motor.
Shooter.LeftTiltMotor.cancel_INFO [109.345973535] Cancel: stopping motor.
Shooter.RightShooter.cancel_INFO [109.348289998] owner=null
Shooter.RightPrimaryMotor.cancel_INFO [109.349225018] Cancel: stopping motor.
Shooter.RightTiltMotor.cancel_INFO [109.350224059] Cancel: stopping motor.
Shooter.LeftTransferMotor.cancel_INFO [109.351325562] Cancel: stopping motor.
Shooter.RightTransferMotor.cancel_INFO [109.352181612] Cancel: stopping motor.
Shooter.FeederMotor.cancel_INFO [109.353563597] Cancel: stopping motor.
FrcTeleOp.operatorControllerButtonEvent_INFO [109.462556248] ##### button=Y, pressed=true
FrcTeleOp.shoot_INFO [109.466554863] >>>>> Start Auto Shoot.
TaskAutoShoot.autoShoot_INFO [109.468806065] autoShoot(owner=null, event=null, taskParams=(autoStop=false, noPassback=false))
Shooter.setupGoalTrackingMode_INFO [109.486659139] GoalTracking(trackingMode=AllianceHub, goalPose=(x=-158.838583,y=469.110472,angle=180.000000), noPassback=false).
Shooter.LeftShooter.enableGoalTracking_INFO [109.487889682] Enable GoalTracking (trackingParams=(trackFlywheel=true,trackTiltPos=true,trackPanPos=true)).
Shooter.LeftPrimaryMotor.cancel_INFO [109.489730366] Cancel: stopping motor.
Shooter.LeftTiltMotor.cancel_INFO [109.492346482] Cancel: stopping motor.
Shooter.RightShooter.enableGoalTracking_INFO [109.494482692] Enable GoalTracking (trackingParams=(trackFlywheel=true,trackTiltPos=true,trackPanPos=true)).
Shooter.RightPrimaryMotor.cancel_INFO [109.495867012] Cancel: stopping motor.
Shooter.RightTiltMotor.cancel_INFO [109.49779817] Cancel: stopping motor.
TaskAutoShoot.autoTask_INFO [109.600176587] <Event name="StateInfo" time="109.599616263" tag="vvvvv" TaskAutoShoot.state="START" />
TaskAutoShoot.runTaskState_INFO [109.60184236] ***** Wait for left Shooter ready.
TaskAutoShoot.runTaskState_INFO [109.605021958] ***** Wait for right Shooter ready.
TaskAutoShoot.runTaskState_INFO [109.606601888] ***** Wait for Turret ready.
TaskAutoShoot.autoTask_INFO [109.608385157] <Event name="StateInfo" time="109.607985645" tag="^^^^^" TaskAutoShoot.state="START" />
Shooter.LeftShooter.goalTrackingTask_INFO [109.769260201] Shooter.LeftShooter is Ready: rpm1=5719.029447/5635.817308, rpm2=3549.960938/0.000000, tilt=29.716034/29.890738, pan=null/null
TaskAutoShoot.autoTask_INFO [109.812837651] <Event name="StateInfo" time="109.812647545" tag="vvvvv" TaskAutoShoot.state="SHOOT" />
TaskAutoShoot.autoTask_INFO [109.814088408] <Event name="StateInfo" time="109.813564703" tag="^^^^^" TaskAutoShoot.state="SHOOT" />
TaskAutoShoot.autoTask_INFO [109.917183364] <Event name="StateInfo" time="109.916993976" tag="vvvvv" TaskAutoShoot.state="SHOOT" />
TaskAutoShoot.autoTask_INFO [109.91751227] <Event name="StateInfo" time="109.917374681" tag="^^^^^" TaskAutoShoot.state="SHOOT" />
FrcTeleOp.driverControllerButtonEvent_INFO [109.927387931] ##### button=RightBumper, pressed=true
FrcTeleOp.driverControllerButtonEvent_INFO [109.929008997] >>>>> Slow Drive
TaskAutoShoot.autoTask_INFO [110.038488094] <Event name="StateInfo" time="110.038314858" tag="vvvvv" TaskAutoShoot.state="SHOOT" />
TaskAutoShoot.autoTask_INFO [110.042596206] <Event name="StateInfo" time="110.041694448" tag="^^^^^" TaskAutoShoot.state="SHOOT" />
Shooter.RightShooter.goalTrackingTask_INFO [110.143735347] Shooter.RightShooter is Ready: rpm1=5898.299279/5919.043875, rpm2=3652.031250/0.000000, tilt=32.838742/32.599102, pan=null/null
TaskAutoShoot.autoTask_INFO [110.144681916] <Event name="StateInfo" time="110.144497524" tag="vvvvv" TaskAutoShoot.state="SHOOT" />
TaskAutoShoot.autoTask_INFO [110.147108355] <Event name="StateInfo" time="110.146782405" tag="^^^^^" TaskAutoShoot.state="SHOOT" />
TaskAutoShoot.autoTask_INFO [110.250414165] <Event name="StateInfo" time="110.250222915" tag="vvvvv" TaskAutoShoot.state="SHOOT" />
TaskAutoShoot.autoTask_INFO [110.25241018] <Event name="StateInfo" time="110.251909065" tag="^^^^^" TaskAutoShoot.state="SHOOT" />
TaskAutoShoot.autoTask_INFO [110.34203745] <Event name="StateInfo" time="110.341853022" tag="vvvvv" TaskAutoShoot.state="SHOOT" />
TaskAutoShoot.autoTask_INFO [110.345022819] <Event name="StateInfo" time="110.342805838" tag="^^^^^" TaskAutoShoot.state="SHOOT" />
TaskAutoShoot.autoTask_INFO [110.432640777] <Event name="StateInfo" time="110.432477872" tag="vvvvv" TaskAutoShoot.state="SHOOT" />
TaskAutoShoot.autoTask_INFO [110.434417283] <Event name="StateInfo" time="110.434232499" tag="^^^^^" TaskAutoShoot.state="SHOOT" />
TaskAutoShoot.autoTask_INFO [110.522699936] <Event name="StateInfo" time="110.522401734" tag="vvvvv" TaskAutoShoot.state="SHOOT" />
TaskAutoShoot.autoTask_INFO [110.528498103] <Event name="StateInfo" time="110.52825838" tag="^^^^^" TaskAutoShoot.state="SHOOT" />
TaskAutoShoot.autoTask_INFO [110.638273923] <Event name="StateInfo" time="110.637473103" tag="vvvvv" TaskAutoShoot.state="SHOOT" />
TaskAutoShoot.runTaskState_INFO [110.639595668] ***** Start left shooter shooting (timedout=true, turretReady=false).
Shooter.shoot_INFO [110.641295685] shoot(owner=null, event=(TaskAutoShoot.leftShooterDone=CLEARED), shooter=leftShooter, autoStop=false)
Shooter.LeftTransferMotor.cancel_INFO [110.644520733] Cancel: stopping motor.
TaskAutoShoot.runTaskState_INFO [110.646291153] ***** Start right shooter shooting (timedout=true, turretReady=false).
Shooter.shoot_INFO [110.647816649] shoot(owner=null, event=(TaskAutoShoot.rightShooterDone=CLEARED), shooter=rightShooter, autoStop=false)
Shooter.RightTransferMotor.cancel_INFO [110.649432924] Cancel: stopping motor.
TaskAutoShoot.autoTask_INFO [110.651468168] <Event name="StateInfo" time="110.65114726" tag="^^^^^" TaskAutoShoot.state="SHOOT" />
FrcTeleOp.operatorControllerButtonEvent_INFO [110.65433302] ##### button=Y, pressed=false
FrcTeleOp.shoot_INFO [110.656533996] >>>>> Stop Auto Shoot.
TaskAutoShoot.cancel_INFO [110.658194586] Canceling auto task operation.
TaskAutoShoot.stopSubsystems_INFO [110.659484817] Stopping subsystems.
Shooter.LeftTransferMotor.cancel_INFO [110.66087882] Cancel: stopping motor.
Shooter.RightTransferMotor.cancel_INFO [110.662212153] Cancel: stopping motor.
Shooter.FeederMotor.cancel_INFO [110.664978668] Cancel: stopping motor.
Shooter.LeftShooter.disableGoalTracking_INFO [110.666754555] Disable Goal Tracking.
Shooter.LeftShooter.stopGoalTracking_INFO [110.667956201] Stop GoalTracking.
Shooter.LeftTiltMotor.cancel_INFO [110.669979447] Cancel: stopping motor.
Shooter.LeftPrimaryMotor.cancel_INFO [110.671970577] Cancel: stopping motor.
Shooter.RightShooter.disableGoalTracking_INFO [110.674137641] Disable Goal Tracking.
Shooter.RightShooter.stopGoalTracking_INFO [110.675392774] Stop GoalTracking.
Shooter.RightTiltMotor.cancel_INFO [110.677775715] Cancel: stopping motor.
Shooter.RightPrimaryMotor.cancel_INFO [110.679433843] Cancel: stopping motor.
Shooter.LeftShooter.cancel_INFO [110.681162408] owner=null
Shooter.LeftPrimaryMotor.cancel_INFO [110.683328955] Cancel: stopping motor.
Shooter.LeftTiltMotor.cancel_INFO [110.685507604] Cancel: stopping motor.
Shooter.RightShooter.cancel_INFO [110.687498032] owner=null
Shooter.RightPrimaryMotor.cancel_INFO [110.68979582] Cancel: stopping motor.
Shooter.RightTiltMotor.cancel_INFO [110.693775736] Cancel: stopping motor.
Shooter.LeftTransferMotor.cancel_INFO [110.696723923] Cancel: stopping motor.
Shooter.RightTransferMotor.cancel_INFO [110.700368526] Cancel: stopping motor.
Shooter.FeederMotor.cancel_INFO [110.702584297] Cancel: stopping motor.
FrcTeleOp.operatorControllerButtonEvent_INFO [110.854971286] ##### button=Y, pressed=true
FrcTeleOp.shoot_INFO [110.856908506] >>>>> Start Auto Shoot.
TaskAutoShoot.autoShoot_INFO [110.861061189] autoShoot(owner=null, event=null, taskParams=(autoStop=false, noPassback=false))
Shooter.setupGoalTrackingMode_INFO [110.863544213] GoalTracking(trackingMode=AllianceHub, goalPose=(x=-158.838583,y=469.110472,angle=180.000000), noPassback=false).
Shooter.LeftShooter.enableGoalTracking_INFO [110.869178917] Enable GoalTracking (trackingParams=(trackFlywheel=true,trackTiltPos=true,trackPanPos=true)).
Shooter.LeftPrimaryMotor.cancel_INFO [110.87227963] Cancel: stopping motor.
Shooter.LeftTiltMotor.cancel_INFO [110.878908317] Cancel: stopping motor.
Shooter.RightShooter.enableGoalTracking_INFO [110.882238224] Enable GoalTracking (trackingParams=(trackFlywheel=true,trackTiltPos=true,trackPanPos=true)).
Shooter.RightPrimaryMotor.cancel_INFO [110.886645271] Cancel: stopping motor.
Shooter.RightTiltMotor.cancel_INFO [110.906353157] Cancel: stopping motor.
TaskAutoShoot.autoTask_INFO [111.021396541] <Event name="StateInfo" time="111.021202217" tag="vvvvv" TaskAutoShoot.state="START" />
TaskAutoShoot.runTaskState_INFO [111.022331839] ***** Wait for left Shooter ready.
TaskAutoShoot.runTaskState_INFO [111.022606189] ***** Wait for right Shooter ready.
TaskAutoShoot.runTaskState_INFO [111.028451867] ***** Wait for Turret ready.
TaskAutoShoot.autoTask_INFO [111.028794864] <Event name="StateInfo" time="111.028645065" tag="^^^^^" TaskAutoShoot.state="START" />
Shooter.TurretMotor.pidCtrlTask_INFO [111.075684849] controlMode: Position,onTarget=true(-57.95073805533771/-59.14240329716071), stalled=false, expired=false, event=(TaskAutoShoot.turretReady=SIGNALED)
TaskAutoShoot.autoTask_INFO [111.131669493] <Event name="StateInfo" time="111.131470445" tag="vvvvv" TaskAutoShoot.state="SHOOT" />
TaskAutoShoot.autoTask_INFO [111.137970245] <Event name="StateInfo" time="111.137754252" tag="^^^^^" TaskAutoShoot.state="SHOOT" />
Shooter.LeftShooter.goalTrackingTask_INFO [111.204751022] Shooter.LeftShooter is Ready: rpm1=5595.982572/5542.332193, rpm2=3427.031250/0.000000, tilt=29.083588/29.068123, pan=null/null
Shooter.RightShooter.goalTrackingTask_INFO [111.243804173] Shooter.RightShooter is Ready: rpm1=5493.569712/5542.332193, rpm2=3428.437500/0.000000, tilt=29.083593/29.068123, pan=null/null
TaskAutoShoot.autoTask_INFO [111.244161157] <Event name="StateInfo" time="111.244016728" tag="vvvvv" TaskAutoShoot.state="SHOOT" />
TaskAutoShoot.runTaskState_INFO [111.247456269] ***** Start left shooter shooting (timedout=false, turretReady=true).
Shooter.shoot_INFO [111.247787239] shoot(owner=null, event=(TaskAutoShoot.leftShooterDone=CLEARED), shooter=leftShooter, autoStop=false)
Shooter.LeftTransferMotor.cancel_INFO [111.251768368] Cancel: stopping motor.
TaskAutoShoot.runTaskState_INFO [111.252413105] ***** Start right shooter shooting (timedout=false, turretReady=true).
Shooter.shoot_INFO [111.254403884] shoot(owner=null, event=(TaskAutoShoot.rightShooterDone=CLEARED), shooter=rightShooter, autoStop=false)
Shooter.RightTransferMotor.cancel_INFO [111.254764196] Cancel: stopping motor.
TaskAutoShoot.autoTask_INFO [111.257565367] <Event name="StateInfo" time="111.257387354" tag="^^^^^" TaskAutoShoot.state="SHOOT" />
Shooter.RightTiltMotor.isMotorStalled_INFO [112.198402545] Stall detection triggered.
Shooter.RightTiltMotor.checkStallReset_INFO [112.202346114] Resetting stall.
FrcTeleOp.driverControllerButtonEvent_INFO [114.204414411] ##### button=RightBumper, pressed=false
FrcTeleOp.driverControllerButtonEvent_INFO [114.205654786] >>>>> Normal Drive
FrcTeleOp.operatorControllerButtonEvent_INFO [115.951822905] ##### button=Y, pressed=false
FrcTeleOp.shoot_INFO [115.953357721] >>>>> Stop Auto Shoot.
TaskAutoShoot.cancel_INFO [115.95409609] Canceling auto task operation.
TaskAutoShoot.stopSubsystems_INFO [115.954626029] Stopping subsystems.
Shooter.LeftTransferMotor.cancel_INFO [115.954896234] Cancel: stopping motor.
Shooter.RightTransferMotor.cancel_INFO [115.955955735] Cancel: stopping motor.
Shooter.FeederMotor.cancel_INFO [115.956815166] Cancel: stopping motor.
Shooter.LeftShooter.disableGoalTracking_INFO [115.957548345] Disable Goal Tracking.
Shooter.LeftShooter.stopGoalTracking_INFO [115.957870806] Stop GoalTracking.
Shooter.LeftTiltMotor.cancel_INFO [115.958134584] Cancel: stopping motor.
Shooter.LeftPrimaryMotor.cancel_INFO [115.959105553] Cancel: stopping motor.
Shooter.RightShooter.disableGoalTracking_INFO [115.976850262] Disable Goal Tracking.
Shooter.RightShooter.stopGoalTracking_INFO [115.978762668] Stop GoalTracking.
Shooter.RightTiltMotor.cancel_INFO [115.980075909] Cancel: stopping motor.
Shooter.RightPrimaryMotor.cancel_INFO [115.981513102] Cancel: stopping motor.
Shooter.LeftShooter.cancel_INFO [115.985319233] owner=null
Shooter.LeftPrimaryMotor.cancel_INFO [115.986648378] Cancel: stopping motor.
Shooter.LeftTiltMotor.cancel_INFO [115.988797266] Cancel: stopping motor.
Shooter.RightShooter.cancel_INFO [115.99145057] owner=null
Shooter.RightPrimaryMotor.cancel_INFO [115.993416417] Cancel: stopping motor.
Shooter.RightTiltMotor.cancel_INFO [115.995313158] Cancel: stopping motor.
Shooter.LeftTransferMotor.cancel_INFO [115.996774553] Cancel: stopping motor.
Shooter.RightTransferMotor.cancel_INFO [115.998459376] Cancel: stopping motor.
Shooter.FeederMotor.cancel_INFO [116.000633944] Cancel: stopping motor.
FrcTeleOp.driverControllerButtonEvent_INFO [116.140437196] ##### button=RightBumper, pressed=true
FrcTeleOp.driverControllerButtonEvent_INFO [116.140968081] >>>>> Slow Drive
FrcTeleOp.operatorControllerButtonEvent_INFO [116.190664517] ##### button=Y, pressed=true
FrcTeleOp.shoot_INFO [116.19115702] >>>>> Start Auto Shoot.
TaskAutoShoot.autoShoot_INFO [116.191775964] autoShoot(owner=null, event=null, taskParams=(autoStop=false, noPassback=false))
Shooter.setupGoalTrackingMode_INFO [116.199432084] GoalTracking(trackingMode=AllianceHub, goalPose=(x=-158.838583,y=469.110472,angle=180.000000), noPassback=false).
Shooter.LeftShooter.enableGoalTracking_INFO [116.199818246] Enable GoalTracking (trackingParams=(trackFlywheel=true,trackTiltPos=true,trackPanPos=true)).
Shooter.LeftPrimaryMotor.cancel_INFO [116.203961807] Cancel: stopping motor.
Shooter.LeftTiltMotor.cancel_INFO [116.205832716] Cancel: stopping motor.
Shooter.RightShooter.enableGoalTracking_INFO [116.206582245] Enable GoalTracking (trackingParams=(trackFlywheel=true,trackTiltPos=true,trackPanPos=true)).
Shooter.RightPrimaryMotor.cancel_INFO [116.206936831] Cancel: stopping motor.
Shooter.RightTiltMotor.cancel_INFO [116.210125432] Cancel: stopping motor.
TaskAutoShoot.autoTask_INFO [116.311007364] <Event name="StateInfo" time="116.310761608" tag="vvvvv" TaskAutoShoot.state="START" />
TaskAutoShoot.runTaskState_INFO [116.312938771] ***** Wait for left Shooter ready.
TaskAutoShoot.runTaskState_INFO [116.314665806] ***** Wait for right Shooter ready.
TaskAutoShoot.runTaskState_INFO [116.315340799] ***** Wait for Turret ready.
TaskAutoShoot.autoTask_INFO [116.315913698] <Event name="StateInfo" time="116.31570712" tag="^^^^^" TaskAutoShoot.state="START" />
Shooter.TurretMotor.pidCtrlTask_INFO [116.364651302] controlMode: Position,onTarget=true(-55.802993619000475/-53.68351573757878), stalled=false, expired=false, event=(TaskAutoShoot.turretReady=SIGNALED)
Shooter.LeftShooter.goalTrackingTask_INFO [116.401312382] Shooter.LeftShooter is Ready: rpm1=4932.286659/4933.563488, rpm2=3070.429688/0.000000, tilt=23.431141/24.311163, pan=null/null
TaskAutoShoot.autoTask_INFO [116.429335357] <Event name="StateInfo" time="116.429149256" tag="vvvvv" TaskAutoShoot.state="SHOOT" />
TaskAutoShoot.runTaskState_INFO [116.433118637] ***** Start left shooter shooting (timedout=false, turretReady=true).
Shooter.shoot_INFO [116.435929212] shoot(owner=null, event=(TaskAutoShoot.leftShooterDone=CLEARED), shooter=leftShooter, autoStop=false)
Shooter.LeftTransferMotor.cancel_INFO [116.437265364] Cancel: stopping motor.
TaskAutoShoot.autoTask_INFO [116.440477828] <Event name="StateInfo" time="116.440289934" tag="^^^^^" TaskAutoShoot.state="SHOOT" />
FrcTeleOp.driverControllerButtonEvent_INFO [116.447189484] ##### button=RightBumper, pressed=false
FrcTeleOp.driverControllerButtonEvent_INFO [116.450278418] >>>>> Normal Drive
TaskAutoShoot.autoTask_INFO [116.539257596] <Event name="StateInfo" time="116.539068912" tag="vvvvv" TaskAutoShoot.state="SHOOT" />
TaskAutoShoot.autoTask_INFO [116.543764526] <Event name="StateInfo" time="116.542481522" tag="^^^^^" TaskAutoShoot.state="SHOOT" />
TaskAutoShoot.autoTask_INFO [116.660259512] <Event name="StateInfo" time="116.660085046" tag="vvvvv" TaskAutoShoot.state="SHOOT" />
TaskAutoShoot.autoTask_INFO [116.661123314] <Event name="StateInfo" time="116.660713911" tag="^^^^^" TaskAutoShoot.state="SHOOT" />
FrcTeleOp.operatorControllerButtonEvent_INFO [116.663207732] ##### button=Y, pressed=false
FrcTeleOp.shoot_INFO [116.663884539] >>>>> Stop Auto Shoot.
TaskAutoShoot.cancel_INFO [116.664713926] Canceling auto task operation.
TaskAutoShoot.stopSubsystems_INFO [116.665257838] Stopping subsystems.
Shooter.LeftTransferMotor.cancel_INFO [116.665767374] Cancel: stopping motor.
Shooter.RightTransferMotor.cancel_INFO [116.667609854] Cancel: stopping motor.
Shooter.FeederMotor.cancel_INFO [116.668371623] Cancel: stopping motor.
Shooter.LeftShooter.disableGoalTracking_INFO [116.669014731] Disable Goal Tracking.
Shooter.LeftShooter.stopGoalTracking_INFO [116.669958951] Stop GoalTracking.
Shooter.LeftTiltMotor.cancel_INFO [116.670890204] Cancel: stopping motor.
Shooter.LeftPrimaryMotor.cancel_INFO [116.67154275] Cancel: stopping motor.
Shooter.RightShooter.disableGoalTracking_INFO [116.672517688] Disable Goal Tracking.
Shooter.RightShooter.stopGoalTracking_INFO [116.673150003] Stop GoalTracking.
Shooter.RightTiltMotor.cancel_INFO [116.673730789] Cancel: stopping motor.
Shooter.RightPrimaryMotor.cancel_INFO [116.6743659] Cancel: stopping motor.
Shooter.LeftShooter.cancel_INFO [116.675069211] owner=null
Shooter.LeftPrimaryMotor.cancel_INFO [116.675869101] Cancel: stopping motor.
Shooter.LeftTiltMotor.cancel_INFO [116.676528303] Cancel: stopping motor.
Shooter.RightShooter.cancel_INFO [116.677178356] owner=null
Shooter.RightPrimaryMotor.cancel_INFO [116.677800383] Cancel: stopping motor.
Shooter.RightTiltMotor.cancel_INFO [116.680010158] Cancel: stopping motor.
Shooter.LeftTransferMotor.cancel_INFO [116.681655148] Cancel: stopping motor.
Shooter.RightTransferMotor.cancel_INFO [116.682396822] Cancel: stopping motor.
Shooter.FeederMotor.cancel_INFO [116.683059208] Cancel: stopping motor.
Climber.Motor.isMotorStalled_INFO [116.74187795] Stall detection triggered.
Climber.Motor.checkStallReset_INFO [116.742520963] Resetting stall.
FrcTeleOp.operatorControllerButtonEvent_INFO [117.02442923] ##### button=X, pressed=true
Shooter.LeftTransferMotor.cancel_INFO [117.02682359] Cancel: stopping motor.
Shooter.RightTransferMotor.cancel_INFO [117.028878609] Cancel: stopping motor.
FrcTeleOp.driverControllerButtonEvent_INFO [117.637698082] ##### button=A, pressed=true
FrcTeleOp.driverControllerButtonEvent_INFO [117.740103008] ##### button=A, pressed=false
FrcTeleOp.operatorControllerButtonEvent_INFO [118.151110448] ##### button=X, pressed=false
Shooter.LeftShooter.cancel_INFO [118.151753512] owner=null
Shooter.LeftPrimaryMotor.cancel_INFO [118.152159297] Cancel: stopping motor.
Shooter.LeftTiltMotor.cancel_INFO [118.152881801] Cancel: stopping motor.
Shooter.LeftTransferMotor.cancel_INFO [118.153970263] Cancel: stopping motor.
Shooter.RightShooter.cancel_INFO [118.154297367] owner=null
Shooter.RightPrimaryMotor.cancel_INFO [118.154898943] Cancel: stopping motor.
Shooter.RightTiltMotor.cancel_INFO [118.155261401] Cancel: stopping motor.
Shooter.RightTransferMotor.cancel_INFO [118.155537664] Cancel: stopping motor.
Shooter.FeederMotor.cancel_INFO [118.155784781] Cancel: stopping motor.
FrcTeleOp.operatorControllerButtonEvent_INFO [118.303928536] ##### button=Y, pressed=true
FrcTeleOp.shoot_INFO [118.304446712] >>>>> Start Auto Shoot.
TaskAutoShoot.autoShoot_INFO [118.305832075] autoShoot(owner=null, event=null, taskParams=(autoStop=false, noPassback=false))
Shooter.setupGoalTrackingMode_INFO [118.308205816] GoalTracking(trackingMode=AllianceHub, goalPose=(x=-158.838583,y=469.110472,angle=180.000000), noPassback=false).
Shooter.LeftShooter.enableGoalTracking_INFO [118.309235531] Enable GoalTracking (trackingParams=(trackFlywheel=true,trackTiltPos=true,trackPanPos=true)).
Shooter.LeftPrimaryMotor.cancel_INFO [118.310685203] Cancel: stopping motor.
Shooter.LeftTiltMotor.cancel_INFO [118.311333925] Cancel: stopping motor.
Shooter.RightShooter.enableGoalTracking_INFO [118.311832532] Enable GoalTracking (trackingParams=(trackFlywheel=true,trackTiltPos=true,trackPanPos=true)).
Shooter.RightPrimaryMotor.cancel_INFO [118.315862298] Cancel: stopping motor.
Shooter.RightTiltMotor.cancel_INFO [118.316306197] Cancel: stopping motor.
TaskAutoShoot.autoTask_INFO [118.415170536] <Event name="StateInfo" time="118.41491312" tag="vvvvv" TaskAutoShoot.state="START" />
TaskAutoShoot.runTaskState_INFO [118.415461603] ***** Wait for left Shooter ready.
TaskAutoShoot.runTaskState_INFO [118.415671483] ***** Wait for right Shooter ready.
TaskAutoShoot.runTaskState_INFO [118.415985318] ***** Wait for Turret ready.
TaskAutoShoot.autoTask_INFO [118.416283079] <Event name="StateInfo" time="118.416115746" tag="^^^^^" TaskAutoShoot.state="START" />
Shooter.TurretMotor.pidCtrlTask_INFO [118.528577276] controlMode: Position,onTarget=true(-84.54363709364071/-81.73733711498959), stalled=false, expired=false, event=(TaskAutoShoot.turretReady=SIGNALED)
TaskAutoShoot.autoTask_INFO [118.529491928] <Event name="StateInfo" time="118.52930935" tag="vvvvv" TaskAutoShoot.state="SHOOT" />
TaskAutoShoot.autoTask_INFO [118.535654277] <Event name="StateInfo" time="118.535449086" tag="^^^^^" TaskAutoShoot.state="SHOOT" />
TaskAutoShoot.autoTask_INFO [118.643291733] <Event name="StateInfo" time="118.642377195" tag="vvvvv" TaskAutoShoot.state="SHOOT" />
TaskAutoShoot.autoTask_INFO [118.645001309] <Event name="StateInfo" time="118.644766519" tag="^^^^^" TaskAutoShoot.state="SHOOT" />
TaskAutoShoot.autoTask_INFO [118.737530119] <Event name="StateInfo" time="118.737356673" tag="vvvvv" TaskAutoShoot.state="SHOOT" />
TaskAutoShoot.autoTask_INFO [118.745859847] <Event name="StateInfo" time="118.745676831" tag="^^^^^" TaskAutoShoot.state="SHOOT" />
TaskAutoShoot.autoTask_INFO [118.833464647] <Event name="StateInfo" time="118.833267401" tag="vvvvv" TaskAutoShoot.state="SHOOT" />
TaskAutoShoot.autoTask_INFO [118.835693287] <Event name="StateInfo" time="118.834487573" tag="^^^^^" TaskAutoShoot.state="SHOOT" />
TaskAutoShoot.autoTask_INFO [118.931256449] <Event name="StateInfo" time="118.929551607" tag="vvvvv" TaskAutoShoot.state="SHOOT" />
TaskAutoShoot.autoTask_INFO [118.932670058] <Event name="StateInfo" time="118.932489253" tag="^^^^^" TaskAutoShoot.state="SHOOT" />
TaskAutoShoot.autoTask_INFO [119.029246635] <Event name="StateInfo" time="119.02815319" tag="vvvvv" TaskAutoShoot.state="SHOOT" />
TaskAutoShoot.autoTask_INFO [119.030278353] <Event name="StateInfo" time="119.029808802" tag="^^^^^" TaskAutoShoot.state="SHOOT" />
Shooter.setupGoalTrackingMode_INFO [119.041421881] GoalTracking(trackingMode=AllianceHub, goalPose=(x=-158.838583,y=469.110472,angle=180.000000), noPassback=false).
TaskAutoShoot.autoTask_INFO [119.132216389] <Event name="StateInfo" time="119.132032766" tag="vvvvv" TaskAutoShoot.state="SHOOT" />
TaskAutoShoot.autoTask_INFO [119.13339718] <Event name="StateInfo" time="119.133217828" tag="^^^^^" TaskAutoShoot.state="SHOOT" />
TaskAutoShoot.autoTask_INFO [119.215299978] <Event name="StateInfo" time="119.21510804" tag="vvvvv" TaskAutoShoot.state="SHOOT" />
TaskAutoShoot.autoTask_INFO [119.218537786] <Event name="StateInfo" time="119.21834528" tag="^^^^^" TaskAutoShoot.state="SHOOT" />
TaskAutoShoot.autoTask_INFO [119.327618498] <Event name="StateInfo" time="119.326489887" tag="vvvvv" TaskAutoShoot.state="SHOOT" />
TaskAutoShoot.autoTask_INFO [119.328003828] <Event name="StateInfo" time="119.327814156" tag="^^^^^" TaskAutoShoot.state="SHOOT" />
TaskAutoShoot.autoTask_INFO [119.416002716] <Event name="StateInfo" time="119.415813215" tag="vvvvv" TaskAutoShoot.state="SHOOT" />
TaskAutoShoot.runTaskState_INFO [119.428100103] ***** Start left shooter shooting (timedout=true, turretReady=true).
Shooter.shoot_INFO [119.430638807] shoot(owner=null, event=(TaskAutoShoot.leftShooterDone=CLEARED), shooter=leftShooter, autoStop=false)
Shooter.LeftTransferMotor.cancel_INFO [119.433930479] Cancel: stopping motor.
TaskAutoShoot.runTaskState_INFO [119.43884318] ***** Start right shooter shooting (timedout=true, turretReady=true).
Shooter.shoot_INFO [119.439667554] shoot(owner=null, event=(TaskAutoShoot.rightShooterDone=CLEARED), shooter=rightShooter, autoStop=false)
Shooter.RightTransferMotor.cancel_INFO [119.441240286] Cancel: stopping motor.
TaskAutoShoot.autoTask_INFO [119.442272683] <Event name="StateInfo" time="119.441894884" tag="^^^^^" TaskAutoShoot.state="SHOOT" />
FrcTeleOp.operatorControllerButtonEvent_INFO [119.446774471] ##### button=Y, pressed=false
FrcTeleOp.shoot_INFO [119.449597162] >>>>> Stop Auto Shoot.
TaskAutoShoot.cancel_INFO [119.452028002] Canceling auto task operation.
TaskAutoShoot.stopSubsystems_INFO [119.454715331] Stopping subsystems.
Shooter.LeftTransferMotor.cancel_INFO [119.456067825] Cancel: stopping motor.
Shooter.RightTransferMotor.cancel_INFO [119.457476425] Cancel: stopping motor.
Shooter.FeederMotor.cancel_INFO [119.458786218] Cancel: stopping motor.
Shooter.LeftShooter.disableGoalTracking_INFO [119.460825512] Disable Goal Tracking.
Shooter.LeftShooter.stopGoalTracking_INFO [119.462449132] Stop GoalTracking.
Shooter.LeftTiltMotor.cancel_INFO [119.464319946] Cancel: stopping motor.
Shooter.LeftPrimaryMotor.cancel_INFO [119.467010362] Cancel: stopping motor.
Shooter.RightShooter.disableGoalTracking_INFO [119.469140949] Disable Goal Tracking.
Shooter.RightShooter.stopGoalTracking_INFO [119.471046793] Stop GoalTracking.
Shooter.RightTiltMotor.cancel_INFO [119.472178481] Cancel: stopping motor.
Shooter.RightPrimaryMotor.cancel_INFO [119.486616196] Cancel: stopping motor.
Shooter.LeftShooter.cancel_INFO [119.487181615] owner=null
Shooter.LeftPrimaryMotor.cancel_INFO [119.491808993] Cancel: stopping motor.
Shooter.LeftTiltMotor.cancel_INFO [119.493013624] Cancel: stopping motor.
Shooter.RightShooter.cancel_INFO [119.494895827] owner=null
Shooter.RightPrimaryMotor.cancel_INFO [119.495519843] Cancel: stopping motor.
Shooter.RightTiltMotor.cancel_INFO [119.496815511] Cancel: stopping motor.
Shooter.LeftTransferMotor.cancel_INFO [119.497563494] Cancel: stopping motor.
Shooter.RightTransferMotor.cancel_INFO [119.498141257] Cancel: stopping motor.
Shooter.FeederMotor.cancel_INFO [119.498663808] Cancel: stopping motor.
FrcTeleOp.operatorControllerButtonEvent_INFO [119.627902322] ##### button=Y, pressed=true
FrcTeleOp.shoot_INFO [119.630874378] >>>>> Start Auto Shoot.
TaskAutoShoot.autoShoot_INFO [119.634101809] autoShoot(owner=null, event=null, taskParams=(autoStop=false, noPassback=false))
Shooter.setupGoalTrackingMode_INFO [119.637902818] GoalTracking(trackingMode=AllianceHub, goalPose=(x=-158.838583,y=469.110472,angle=180.000000), noPassback=false).
Shooter.LeftShooter.enableGoalTracking_INFO [119.639560865] Enable GoalTracking (trackingParams=(trackFlywheel=true,trackTiltPos=true,trackPanPos=true)).
Shooter.LeftPrimaryMotor.cancel_INFO [119.643245797] Cancel: stopping motor.
Shooter.LeftTiltMotor.cancel_INFO [119.64672642] Cancel: stopping motor.
Shooter.RightShooter.enableGoalTracking_INFO [119.652868043] Enable GoalTracking (trackingParams=(trackFlywheel=true,trackTiltPos=true,trackPanPos=true)).
Shooter.RightPrimaryMotor.cancel_INFO [119.655990534] Cancel: stopping motor.
Shooter.RightTiltMotor.cancel_INFO [119.660077422] Cancel: stopping motor.
TaskAutoShoot.autoTask_INFO [119.762631762] <Event name="StateInfo" time="119.762361699" tag="vvvvv" TaskAutoShoot.state="START" />
TaskAutoShoot.runTaskState_INFO [119.764749619] ***** Wait for left Shooter ready.
TaskAutoShoot.runTaskState_INFO [119.76712071] ***** Wait for right Shooter ready.
TaskAutoShoot.runTaskState_INFO [119.768960428] ***** Wait for Turret ready.
TaskAutoShoot.autoTask_INFO [119.770663055] <Event name="StateInfo" time="119.770427806" tag="^^^^^" TaskAutoShoot.state="START" />
FrcTeleOp.driverControllerButtonEvent_INFO [119.776740409] ##### button=RightBumper, pressed=true
FrcTeleOp.driverControllerButtonEvent_INFO [119.78136955] >>>>> Slow Drive
TaskAutoShoot.autoTask_INFO [119.953698638] <Event name="StateInfo" time="119.953478244" tag="vvvvv" TaskAutoShoot.state="SHOOT" />
TaskAutoShoot.autoTask_INFO [119.954963833] <Event name="StateInfo" time="119.954535089" tag="^^^^^" TaskAutoShoot.state="SHOOT" />
TaskAutoShoot.autoTask_INFO [120.03919299] <Event name="StateInfo" time="120.039005294" tag="vvvvv" TaskAutoShoot.state="SHOOT" />
TaskAutoShoot.autoTask_INFO [120.041482443] <Event name="StateInfo" time="120.041228807" tag="^^^^^" TaskAutoShoot.state="SHOOT" />
TaskAutoShoot.autoTask_INFO [120.132971037] <Event name="StateInfo" time="120.132786801" tag="vvvvv" TaskAutoShoot.state="SHOOT" />
TaskAutoShoot.autoTask_INFO [120.135795796] <Event name="StateInfo" time="120.135495108" tag="^^^^^" TaskAutoShoot.state="SHOOT" />
TaskAutoShoot.autoTask_INFO [120.261268742] <Event name="StateInfo" time="120.260923857" tag="vvvvv" TaskAutoShoot.state="SHOOT" />
TaskAutoShoot.autoTask_INFO [120.262236422] <Event name="StateInfo" time="120.261932882" tag="^^^^^" TaskAutoShoot.state="SHOOT" />
TaskAutoShoot.autoTask_INFO [120.355220644] <Event name="StateInfo" time="120.355036808" tag="vvvvv" TaskAutoShoot.state="SHOOT" />
TaskAutoShoot.autoTask_INFO [120.35553602] <Event name="StateInfo" time="120.355399208" tag="^^^^^" TaskAutoShoot.state="SHOOT" />
Shooter.LeftShooter.goalTrackingTask_INFO [120.423584763] Shooter.LeftShooter is Ready: rpm1=4949.134615/4901.324653, rpm2=3007.148438/0.000000, tilt=23.747359/24.082162, pan=null/null
TaskAutoShoot.autoTask_INFO [120.455594842] <Event name="StateInfo" time="120.455428801" tag="vvvvv" TaskAutoShoot.state="SHOOT" />
TaskAutoShoot.autoTask_INFO [120.456389472] <Event name="StateInfo" time="120.456220374" tag="^^^^^" TaskAutoShoot.state="SHOOT" />
Shooter.RightShooter.goalTrackingTask_INFO [120.567513008] Shooter.RightShooter is Ready: rpm1=4723.296274/4821.655193, rpm2=2875.429688/0.000000, tilt=24.103105/23.524258, pan=null/null
TaskAutoShoot.autoTask_INFO [120.568580936] <Event name="StateInfo" time="120.568341605" tag="vvvvv" TaskAutoShoot.state="SHOOT" />
TaskAutoShoot.autoTask_INFO [120.569214197] <Event name="StateInfo" time="120.568930011" tag="^^^^^" TaskAutoShoot.state="SHOOT" />
TaskAutoShoot.autoTask_INFO [120.655824046] <Event name="StateInfo" time="120.654206534" tag="vvvvv" TaskAutoShoot.state="SHOOT" />
TaskAutoShoot.autoTask_INFO [120.657508267] <Event name="StateInfo" time="120.657317195" tag="^^^^^" TaskAutoShoot.state="SHOOT" />
TaskAutoShoot.autoTask_INFO [120.753443037] <Event name="StateInfo" time="120.752834381" tag="vvvvv" TaskAutoShoot.state="SHOOT" />
TaskAutoShoot.autoTask_INFO [120.76332303] <Event name="StateInfo" time="120.762224402" tag="^^^^^" TaskAutoShoot.state="SHOOT" />
TaskAutoShoot.autoTask_INFO [120.87114788] <Event name="StateInfo" time="120.870981043" tag="vvvvv" TaskAutoShoot.state="SHOOT" />
TaskAutoShoot.runTaskState_INFO [120.873602418] ***** Start left shooter shooting (timedout=true, turretReady=false).
Shooter.shoot_INFO [120.8745119] shoot(owner=null, event=(TaskAutoShoot.leftShooterDone=CLEARED), shooter=leftShooter, autoStop=false)
Shooter.LeftTransferMotor.cancel_INFO [120.875836693] Cancel: stopping motor.
TaskAutoShoot.runTaskState_INFO [120.878979048] ***** Start right shooter shooting (timedout=true, turretReady=false).
Shooter.shoot_INFO [120.880161932] shoot(owner=null, event=(TaskAutoShoot.rightShooterDone=CLEARED), shooter=rightShooter, autoStop=false)
Shooter.RightTransferMotor.cancel_INFO [120.881405655] Cancel: stopping motor.
TaskAutoShoot.autoTask_INFO [120.885508712] <Event name="StateInfo" time="120.882269337" tag="^^^^^" TaskAutoShoot.state="SHOOT" />
FrcTeleOp.operatorControllerButtonEvent_INFO [121.006747234] ##### button=Y, pressed=false
FrcTeleOp.shoot_INFO [121.018892413] >>>>> Stop Auto Shoot.
TaskAutoShoot.cancel_INFO [121.025292662] Canceling auto task operation.
TaskAutoShoot.stopSubsystems_INFO [121.026200053] Stopping subsystems.
Shooter.LeftTransferMotor.cancel_INFO [121.028804974] Cancel: stopping motor.
Shooter.RightTransferMotor.cancel_INFO [121.031174979] Cancel: stopping motor.
Shooter.FeederMotor.cancel_INFO [121.031685558] Cancel: stopping motor.
Shooter.LeftShooter.disableGoalTracking_INFO [121.032026047] Disable Goal Tracking.
Shooter.LeftShooter.stopGoalTracking_INFO [121.032240249] Stop GoalTracking.
Shooter.LeftTiltMotor.cancel_INFO [121.034041001] Cancel: stopping motor.
Shooter.LeftPrimaryMotor.cancel_INFO [121.034539881] Cancel: stopping motor.
Shooter.RightShooter.disableGoalTracking_INFO [121.036832631] Disable Goal Tracking.
Shooter.RightShooter.stopGoalTracking_INFO [121.037087356] Stop GoalTracking.
Shooter.RightTiltMotor.cancel_INFO [121.038985754] Cancel: stopping motor.
Shooter.RightPrimaryMotor.cancel_INFO [121.03940019] Cancel: stopping motor.
Shooter.LeftShooter.cancel_INFO [121.041661608] owner=null
Shooter.LeftPrimaryMotor.cancel_INFO [121.043648042] Cancel: stopping motor.
Shooter.LeftTiltMotor.cancel_INFO [121.044138902] Cancel: stopping motor.
Shooter.RightShooter.cancel_INFO [121.048188198] owner=null
Shooter.RightPrimaryMotor.cancel_INFO [121.049985713] Cancel: stopping motor.
Shooter.RightTiltMotor.cancel_INFO [121.052165363] Cancel: stopping motor.
Shooter.LeftTransferMotor.cancel_INFO [121.053947365] Cancel: stopping motor.
Shooter.RightTransferMotor.cancel_INFO [121.054393435] Cancel: stopping motor.
Shooter.FeederMotor.cancel_INFO [121.056584562] Cancel: stopping motor.
Climber.Motor.isMotorStalled_INFO [121.108567806] Stall detection triggered.
Climber.Motor.checkStallReset_INFO [121.11010753] Resetting stall.
FrcTeleOp.operatorControllerButtonEvent_INFO [121.214280116] ##### button=Y, pressed=true
FrcTeleOp.shoot_INFO [121.215033118] >>>>> Start Auto Shoot.
TaskAutoShoot.autoShoot_INFO [121.215646727] autoShoot(owner=null, event=null, taskParams=(autoStop=false, noPassback=false))
Shooter.setupGoalTrackingMode_INFO [121.216890395] GoalTracking(trackingMode=AllianceHub, goalPose=(x=-158.838583,y=469.110472,angle=180.000000), noPassback=false).
Shooter.LeftShooter.enableGoalTracking_INFO [121.217292068] Enable GoalTracking (trackingParams=(trackFlywheel=true,trackTiltPos=true,trackPanPos=true)).
Shooter.LeftPrimaryMotor.cancel_INFO [121.226504904] Cancel: stopping motor.
Shooter.LeftTiltMotor.cancel_INFO [121.227437195] Cancel: stopping motor.
Shooter.RightShooter.enableGoalTracking_INFO [121.229685691] Enable GoalTracking (trackingParams=(trackFlywheel=true,trackTiltPos=true,trackPanPos=true)).
Shooter.RightPrimaryMotor.cancel_INFO [121.231058498] Cancel: stopping motor.
Shooter.RightTiltMotor.cancel_INFO [121.23319942] Cancel: stopping motor.
TaskAutoShoot.autoTask_INFO [121.327480122] <Event name="StateInfo" time="121.327211758" tag="vvvvv" TaskAutoShoot.state="START" />
TaskAutoShoot.runTaskState_INFO [121.329268697] ***** Wait for left Shooter ready.
TaskAutoShoot.runTaskState_INFO [121.329625334] ***** Wait for right Shooter ready.
TaskAutoShoot.runTaskState_INFO [121.329888621] ***** Wait for Turret ready.
TaskAutoShoot.autoTask_INFO [121.330236351] <Event name="StateInfo" time="121.330048353" tag="^^^^^" TaskAutoShoot.state="START" />
Shooter.TurretMotor.pidCtrlTask_INFO [121.400116564] controlMode: Position,onTarget=true(10.249724955675873/8.151272823336543), stalled=false, expired=false, event=(TaskAutoShoot.turretReady=SIGNALED)
Shooter.LeftShooter.goalTrackingTask_INFO [121.411535882] Shooter.LeftShooter is Ready: rpm1=4604.981971/4582.488518, rpm2=2807.578125/0.000000, tilt=21.770994/21.912344, pan=null/null
Shooter.RightShooter.goalTrackingTask_INFO [121.448555084] Shooter.RightShooter is Ready: rpm1=4485.721154/4582.488518, rpm2=2791.757813/0.000000, tilt=22.126739/21.912344, pan=null/null
TaskAutoShoot.autoTask_INFO [121.449396289] <Event name="StateInfo" time="121.449230428" tag="vvvvv" TaskAutoShoot.state="SHOOT" />
TaskAutoShoot.runTaskState_INFO [121.450303214] ***** Start left shooter shooting (timedout=false, turretReady=true).
Shooter.shoot_INFO [121.451136379] shoot(owner=null, event=(TaskAutoShoot.leftShooterDone=CLEARED), shooter=leftShooter, autoStop=false)
Shooter.LeftTransferMotor.cancel_INFO [121.452753974] Cancel: stopping motor.
TaskAutoShoot.runTaskState_INFO [121.454429396] ***** Start right shooter shooting (timedout=false, turretReady=true).
Shooter.shoot_INFO [121.455706667] shoot(owner=null, event=(TaskAutoShoot.rightShooterDone=CLEARED), shooter=rightShooter, autoStop=false)
Shooter.RightTransferMotor.cancel_INFO [121.459175915] Cancel: stopping motor.
TaskAutoShoot.autoTask_INFO [121.460384613] <Event name="StateInfo" time="121.460196222" tag="^^^^^" TaskAutoShoot.state="SHOOT" />
FrcTeleOp.driverControllerButtonEvent_INFO [123.005753666] ##### button=RightBumper, pressed=false
FrcTeleOp.driverControllerButtonEvent_INFO [123.007029649] >>>>> Normal Drive
FrcTeleOp.operatorControllerButtonEvent_INFO [123.630187055] ##### button=Y, pressed=false
FrcTeleOp.shoot_INFO [123.631884023] >>>>> Stop Auto Shoot.
TaskAutoShoot.cancel_INFO [123.635607826] Canceling auto task operation.
TaskAutoShoot.stopSubsystems_INFO [123.637427049] Stopping subsystems.
Shooter.LeftTransferMotor.cancel_INFO [123.638797708] Cancel: stopping motor.
Shooter.RightTransferMotor.cancel_INFO [123.640684415] Cancel: stopping motor.
Shooter.FeederMotor.cancel_INFO [123.642267979] Cancel: stopping motor.
Shooter.LeftShooter.disableGoalTracking_INFO [123.655876166] Disable Goal Tracking.
Shooter.LeftShooter.stopGoalTracking_INFO [123.660482013] Stop GoalTracking.
Shooter.LeftTiltMotor.cancel_INFO [123.662001065] Cancel: stopping motor.
Shooter.LeftPrimaryMotor.cancel_INFO [123.664576141] Cancel: stopping motor.
Shooter.RightShooter.disableGoalTracking_INFO [123.668897371] Disable Goal Tracking.
Shooter.RightShooter.stopGoalTracking_INFO [123.669975171] Stop GoalTracking.
Shooter.RightTiltMotor.cancel_INFO [123.671427843] Cancel: stopping motor.
Shooter.RightPrimaryMotor.cancel_INFO [123.673411865] Cancel: stopping motor.
Shooter.LeftShooter.cancel_INFO [123.675244173] owner=null
Shooter.LeftPrimaryMotor.cancel_INFO [123.676334779] Cancel: stopping motor.
Shooter.LeftTiltMotor.cancel_INFO [123.681912548] Cancel: stopping motor.
Shooter.RightShooter.cancel_INFO [123.683363634] owner=null
Shooter.RightPrimaryMotor.cancel_INFO [123.68541262] Cancel: stopping motor.
Shooter.RightTiltMotor.cancel_INFO [123.686504969] Cancel: stopping motor.
Shooter.LeftTransferMotor.cancel_INFO [123.68886179] Cancel: stopping motor.
Shooter.RightTransferMotor.cancel_INFO [123.690144112] Cancel: stopping motor.
Shooter.FeederMotor.cancel_INFO [123.691636753] Cancel: stopping motor.
FrcTeleOp.operatorControllerButtonEvent_INFO [123.801841695] ##### button=DpadUp, pressed=true
FrcTeleOp.operatorControllerButtonEvent_INFO [123.829357933] >>>>> Extend climber.
FrcTeleOp.operatorControllerButtonEvent_INFO [123.9018921] ##### button=DpadUp, pressed=false
FrcTeleOp.driverControllerButtonEvent_INFO [125.494490897] ##### button=RightBumper, pressed=true
FrcTeleOp.driverControllerButtonEvent_INFO [125.495653713] >>>>> Slow Drive
FrcTeleOp.driverControllerButtonEvent_INFO [126.258960322] ##### button=RightBumper, pressed=false
FrcTeleOp.driverControllerButtonEvent_INFO [126.260123994] >>>>> Normal Drive
FrcTeleOp.driverControllerButtonEvent_INFO [126.620174045] ##### button=RightBumper, pressed=true
FrcTeleOp.driverControllerButtonEvent_INFO [126.62076271] >>>>> Slow Drive
FrcTeleOp.driverControllerButtonEvent_INFO [128.167485813] ##### button=RightBumper, pressed=false
FrcTeleOp.driverControllerButtonEvent_INFO [128.16871294] >>>>> Normal Drive
FrcTeleOp.driverControllerButtonEvent_INFO [131.497806674] ##### button=RightBumper, pressed=true
FrcTeleOp.driverControllerButtonEvent_INFO [131.498826067] >>>>> Slow Drive
FrcTeleOp.operatorControllerButtonEvent_INFO [133.353363388] ##### button=DpadDown, pressed=true
FrcTeleOp.operatorControllerButtonEvent_INFO [133.38131516] >>>>> Retract climber.
FrcTeleOp.operatorControllerButtonEvent_INFO [133.609463648] ##### button=DpadDown, pressed=false
FrcTeleOp.driverControllerButtonEvent_INFO [133.867452102] ##### button=RightBumper, pressed=false
FrcTeleOp.driverControllerButtonEvent_INFO [133.868286065] >>>>> Normal Drive
FrcRobot.startCompetition_INFO [139.908249711] *** Transitioning from TELEOP_MODE to DISABLED_MODE ***
Robot.cancelAll_INFO [139.912267604] Cancel all operations.
Shooter.LeftShooter.cancel_INFO [139.915139269] owner=null
Shooter.LeftPrimaryMotor.cancel_INFO [139.91865706] Cancel: stopping motor.
Shooter.LeftTiltMotor.cancel_INFO [139.919898734] Cancel: stopping motor.
Shooter.RightShooter.cancel_INFO [139.920855363] owner=null
Shooter.RightPrimaryMotor.cancel_INFO [139.926051575] Cancel: stopping motor.
Shooter.RightTiltMotor.cancel_INFO [139.929302082] Cancel: stopping motor.
Shooter.LeftTransferMotor.cancel_INFO [139.931759463] Cancel: stopping motor.
Shooter.RightTransferMotor.cancel_INFO [139.932091648] Cancel: stopping motor.
Shooter.FeederMotor.cancel_INFO [139.934964045] Cancel: stopping motor.
Intake.IntakeMotor.cancel_INFO [140.012331934] Cancel: stopping motor.
Climber.Motor.cancel_INFO [140.013004894] Cancel: stopping motor.
TaskAutoShoot.cancel_INFO [140.013531233] Canceling auto task operation.
TaskAutoClimb.cancel_INFO [140.013726067] Canceling auto task operation.
FrcRobot.printPerformanceMetrics_INFO [140.026723253] [FrcRobot] Loop Performance Metrics:
Average Loop Interval = 0.001708s (freq=585.466Hz, min=0.000767s, max=0.816588s)
[03]                StartTask=0.000000s
[04]          PrePeriodicTask=0.000157s
[07]               UpdateTask=0.000880s
[02]                StartMode=0.000000s
[06]         PostPeriodicTask=0.000339s
[08]                 StopTask=0.000000s
[09]                 StopMode=0.000000s
[00]                RobotInit=17.662791s
[01]           RobotStartMode=0.000003s
[05]                 Periodic=0.000268s
[10]            RobotStopMode=0.000002s

TrcTaskMgr.printTaskPerformanceMetrics_INFO [140.027164971] FrcDashboard.task: STANDALONE_TASK=4.6370248350671505E-4/0.010571438409509165
TrcTaskMgr.printTaskPerformanceMetrics_INFO [140.028842811] TrcWatchdogMgr: STANDALONE_TASK=2.275166068181818E-4/0.998113089515909
TrcTaskMgr.printTaskPerformanceMetrics_INFO [140.029120387] DriverController.buttonEventTask: PRE_PERIODIC_TASK=1.2488645210011508E-5/0.0033513792420166856
TrcTaskMgr.printTaskPerformanceMetrics_INFO [140.029411032] OperatorController.buttonEventTask: PRE_PERIODIC_TASK=1.742661682009973E-4/0.0033513751809790947
TrcTaskMgr.printTaskPerformanceMetrics_INFO [140.031054243] flDriveMotor.pidCtrlTask: OUTPUT_TASK=5.1893350229127085E-5/0.012294830624930144
TrcTaskMgr.printTaskPerformanceMetrics_INFO [140.031400117] flDriveMotor.odometryCleanupTask: STOP_TASK=3.392525E-5/41.10380916975
TrcTaskMgr.printTaskPerformanceMetrics_INFO [140.032669392] frDriveMotor.pidCtrlTask: OUTPUT_TASK=3.0709080669498154E-5/0.012294824892114675
TrcTaskMgr.printTaskPerformanceMetrics_INFO [140.034209345] blDriveMotor.pidCtrlTask: OUTPUT_TASK=2.7617544735665585E-5/0.012294824597295181
TrcTaskMgr.printTaskPerformanceMetrics_INFO [140.034555626] brDriveMotor.pidCtrlTask: OUTPUT_TASK=2.6800024253939868E-5/0.012294824348915838
TrcTaskMgr.printTaskPerformanceMetrics_INFO [140.034818188] flSteerMotor.pidCtrlTask: OUTPUT_TASK=3.135913267016877E-5/0.01229482077797027
TrcTaskMgr.printTaskPerformanceMetrics_INFO [140.035095819] frSteerMotor.pidCtrlTask: OUTPUT_TASK=2.802194269028725E-5/0.01229482379875936
TrcTaskMgr.printTaskPerformanceMetrics_INFO [140.036884207] blSteerMotor.pidCtrlTask: OUTPUT_TASK=2.666686447971387E-5/0.012294824601626243
TrcTaskMgr.printTaskPerformanceMetrics_INFO [140.03714952] brSteerMotor.pidCtrlTask: OUTPUT_TASK=2.7004516318318992E-5/0.012294825241673187
TrcTaskMgr.printTaskPerformanceMetrics_INFO [140.037403849] FrcSwerveDrive.odometryTask: INPUT_TASK=0.0018053148033163999/0.01572411940755296
TrcTaskMgr.printTaskPerformanceMetrics_INFO [140.039120306] FrcSwerveDrive.stopTask: STOP_TASK=0.002237574/41.1037889675
TrcTaskMgr.printTaskPerformanceMetrics_INFO [140.039474539] purePursuitDrive.driveTask: POST_PERIODIC_TASK=0.007488544257575758/0.06128972653030303
TrcTaskMgr.printTaskPerformanceMetrics_INFO [140.039736367] LED: OUTPUT_TASK=5.18212969151671E-5/0.012294826826114899
TrcTaskMgr.printTaskPerformanceMetrics_INFO [140.041772269] Shooter.LeftPrimaryMotor.pidCtrlTask: OUTPUT_TASK=2.608827017436012E-5/0.012294797354308707
TrcTaskMgr.printTaskPerformanceMetrics_INFO [140.042059228] Shooter.LeftFollowerMotor.pidCtrlTask: OUTPUT_TASK=4.823555381692187E-6/0.012294796822063261
TrcTaskMgr.printTaskPerformanceMetrics_INFO [140.045012474] Shooter.LeftTiltMotor.pidCtrlTask: OUTPUT_TASK=5.465268108583883E-4/0.012294796564462949
TrcTaskMgr.printTaskPerformanceMetrics_INFO [140.046649064] Shooter.LeftShooter.goalTracking: POST_PERIODIC_TASK=0.0531497884639738/0.16093188690283844
TrcTaskMgr.printTaskPerformanceMetrics_INFO [140.047968116] Shooter.LeftTransferMotor.pidCtrlTask: OUTPUT_TASK=7.131117162177267E-6/0.012294724450095003
TrcTaskMgr.printTaskPerformanceMetrics_INFO [140.048539064] Shooter.RightPrimaryMotor.pidCtrlTask: OUTPUT_TASK=2.5595710657203533E-5/0.012294723659243322
TrcTaskMgr.printTaskPerformanceMetrics_INFO [140.04879316] Shooter.RightFollowerMotor.pidCtrlTask: OUTPUT_TASK=5.675506622331508E-6/0.012294725554543423
TrcTaskMgr.printTaskPerformanceMetrics_INFO [140.049033541] Shooter.RightTiltMotor.pidCtrlTask: OUTPUT_TASK=5.585135521124399E-4/0.01229472533106069
TrcTaskMgr.printTaskPerformanceMetrics_INFO [140.051098745] Shooter.RightShooter.goalTracking: POST_PERIODIC_TASK=0.019290485961790393/0.1608154286091703
TrcTaskMgr.printTaskPerformanceMetrics_INFO [140.05141294] Shooter.RightTransferMotor.pidCtrlTask: OUTPUT_TASK=6.132576645803062E-6/0.012294720863864983
TrcTaskMgr.printTaskPerformanceMetrics_INFO [140.053911954] Shooter.TurretMotor.pidCtrlTask: OUTPUT_TASK=7.258052952665698E-4/0.012294720535263216
TrcTaskMgr.printTaskPerformanceMetrics_INFO [140.054248124] Shooter.TurretMotor.converterTask: INPUT_TASK=9.016865983011066E-5/0.012294840991812897
TrcTaskMgr.printTaskPerformanceMetrics_INFO [140.054501834] Shooter.FeederMotor.pidCtrlTask: OUTPUT_TASK=7.155595506873812E-6/0.012294717014585895
TrcTaskMgr.printTaskPerformanceMetrics_INFO [140.054774311] ShooterfieldLengthTrigger.triggerTask: PRE_PERIODIC_TASK=3.4298247002360835E-5/0.0017071365174266898
TrcTaskMgr.printTaskPerformanceMetrics_INFO [140.055057356] ShooterfieldWidthTrigger.triggerTask: PRE_PERIODIC_TASK=6.861288643141153E-6/0.0017071361985508823
TrcTaskMgr.printTaskPerformanceMetrics_INFO [140.058842652] Intake.IntakeMotor.pidCtrlTask: OUTPUT_TASK=6.926863781155694E-6/0.012294716618726949
TrcTaskMgr.printTaskPerformanceMetrics_INFO [140.060169372] Climber.Motor.pidCtrlTask: OUTPUT_TASK=7.619328917514251E-5/0.012294716419274617
TrcTaskMgr.printTaskPerformanceMetrics_INFO [140.060471936] TaskAutoShoot: POST_PERIODIC_TASK=0.0024506562342342343/0.20916803596846845
